N,causal,q_tile,k_tile,num_warps,num_stages,status,ms,tflops,regs,spills,smem,compile_s
512,False,16,16,1,1,ok,0.0850,25.27,119,0,4096,0.39
512,False,16,16,1,2,ok,0.0758,28.34,97,0,6144,0.42
512,False,16,16,1,3,ok,0.0705,30.45,96,0,10240,0.25
512,False,16,16,1,4,ok,0.0696,30.84,96,0,14336,0.17
512,False,16,16,1,5,ok,0.0673,31.90,96,0,18432,0.18
512,False,16,16,2,1,ok,0.0922,23.30,72,0,4608,0.13
512,False,16,16,2,2,ok,0.0829,25.89,80,0,6656,0.14
512,False,16,16,2,3,ok,0.0778,27.59,72,0,10752,0.14
512,False,16,16,2,4,ok,0.0847,25.36,72,0,14848,0.15
512,False,16,16,2,5,ok,0.0840,25.58,72,0,18944,0.15
512,False,16,16,4,1,ok,0.1270,16.91,64,0,4608,0.12
512,False,16,16,4,2,ok,0.1159,18.53,56,0,6656,0.13
512,False,16,16,4,3,ok,0.1075,19.97,56,0,10752,0.00
512,False,16,16,4,4,ok,0.1116,19.24,56,0,14848,0.14
512,False,16,16,4,5,ok,0.1120,19.17,56,0,18944,0.14
512,False,16,16,8,1,ok,0.2130,10.08,64,0,4608,0.12
512,False,16,16,8,2,ok,0.2067,10.39,59,0,6656,0.13
512,False,16,16,8,3,ok,0.2007,10.70,59,0,10752,0.13
512,False,16,16,8,4,ok,0.2028,10.59,59,0,14848,0.13
512,False,16,16,8,5,ok,0.2048,10.49,59,0,18944,0.13
512,False,16,16,16,1,ok,0.6799,3.16,79,0,4608,0.12
512,False,16,16,16,2,ok,0.4342,4.95,64,0,6656,0.12
512,False,16,16,16,3,ok,0.4159,5.16,64,0,10752,0.14
512,False,16,16,16,4,ok,0.4178,5.14,64,0,14848,0.14
512,False,16,16,16,5,ok,0.4198,5.12,64,0,18944,0.14
512,False,16,32,1,1,ok,0.0687,31.27,124,0,6144,0.19
512,False,16,32,1,2,ok,0.0717,29.96,157,0,10240,0.19
512,False,16,32,1,3,ok,0.0655,32.77,163,0,18432,0.21
512,False,16,32,1,4,ok,0.0778,27.59,163,0,26624,0.24
512,False,16,32,1,5,ok,0.1075,19.98,163,0,34816,0.24
512,False,16,32,2,1,ok,0.0698,30.76,96,0,7168,0.17
512,False,16,32,2,2,ok,0.0735,29.23,114,0,11264,0.16
512,False,16,32,2,3,ok,0.0670,32.05,97,0,19456,0.17
512,False,16,32,2,4,ok,0.0819,26.21,97,0,27648,0.18
512,False,16,32,2,5,ok,0.1065,20.16,97,0,35840,0.20
512,False,16,32,4,1,ok,0.0860,24.97,72,0,7168,0.13
512,False,16,32,4,2,ok,0.0768,27.96,71,0,11264,0.14
512,False,16,32,4,3,ok,0.0727,29.54,64,0,19456,0.16
512,False,16,32,4,4,ok,0.0860,24.97,64,0,27648,0.15
512,False,16,32,4,5,ok,0.1075,19.97,66,0,35840,0.16
512,False,16,32,8,1,ok,0.1280,16.78,60,0,7168,0.15
512,False,16,32,8,2,ok,0.1178,18.24,59,0,11264,0.15
512,False,16,32,8,3,ok,0.1126,19.07,59,0,19456,0.15
512,False,16,32,8,4,ok,0.1188,18.08,59,0,27648,0.15
512,False,16,32,8,5,ok,0.1341,16.01,59,0,35840,0.21
512,False,16,32,16,1,ok,0.3881,5.53,82,0,7168,0.18
512,False,16,32,16,2,ok,0.2447,8.77,64,0,11264,0.18
512,False,16,32,16,3,ok,0.2348,9.15,64,0,19456,0.14
512,False,16,32,16,4,ok,0.2376,9.04,64,0,27648,0.15
512,False,16,32,16,5,ok,0.2396,8.96,64,0,35840,0.14
512,False,16,64,1,1,ok,0.0717,29.96,214,0,10240,0.26
512,False,16,64,1,2,ok,0.0686,31.30,168,0,18432,0.24
512,False,16,64,1,3,ok,0.1033,20.78,163,0,34816,0.28
512,False,16,64,1,4,ok,0.1905,11.27,163,0,51200,0.32
512,False,16,64,1,5,ok,0.1946,11.04,163,0,67584,0.38
512,False,16,64,2,1,ok,0.0686,31.30,122,0,12288,0.19
512,False,16,64,2,2,ok,0.0737,29.13,96,0,20480,0.21
512,False,16,64,2,3,ok,0.0829,25.89,96,0,36864,0.23
512,False,16,64,2,4,ok,0.1457,14.74,96,0,53248,0.22
512,False,16,64,2,5,ok,0.1464,14.67,96,0,69632,0.23
512,False,16,64,4,1,ok,0.0740,29.01,93,0,12288,0.16
512,False,16,64,4,2,ok,0.0717,29.96,80,0,20480,0.15
512,False,16,64,4,3,ok,0.0809,26.55,80,0,36864,0.17
512,False,16,64,4,4,ok,0.1249,17.19,80,0,53248,0.17
512,False,16,64,4,5,ok,0.1260,17.05,80,0,69632,0.19
512,False,16,64,8,1,ok,0.0850,25.27,64,0,12288,0.13
512,False,16,64,8,2,ok,0.0788,27.24,64,0,20480,0.14
512,False,16,64,8,3,ok,0.0881,24.39,59,0,36864,0.14
512,False,16,64,8,4,ok,0.1300,16.51,62,0,53248,0.15
512,False,16,64,8,5,ok,0.1311,16.38,62,0,69632,0.16
512,False,16,64,16,1,ok,0.1475,14.56,63,0,12288,0.12
512,False,16,64,16,2,ok,0.1454,14.77,63,0,20480,0.13
512,False,16,64,16,3,ok,0.1393,15.42,64,0,36864,0.14
512,False,16,64,16,4,ok,0.1812,11.85,64,0,53248,0.15
512,False,16,64,16,5,ok,0.1832,11.72,64,0,69632,0.15
512,False,16,128,1,1,ok,0.0911,23.56,255,56,18432,0.40
512,False,16,128,1,2,ok,0.1495,14.36,255,78,34816,0.45
512,False,16,128,1,3,ok,0.2591,8.29,255,40,67584,0.50
512,False,16,128,1,4,ok,0.2632,8.16,255,40,100352,0.58
512,False,16,128,1,5,out_of_smem,,,,,,0.65
512,False,16,128,2,1,ok,0.0758,28.34,209,0,22528,0.25
512,False,16,128,2,2,ok,0.0922,23.30,248,0,38912,0.27
512,False,16,128,2,3,ok,0.1382,15.53,252,0,71680,0.34
512,False,16,128,2,4,out_of_smem,,,,,,0.33
512,False,16,128,2,5,out_of_smem,,,,,,0.38
512,False,16,128,4,1,ok,0.0696,30.84,119,0,22528,0.19
512,False,16,128,4,2,ok,0.0814,26.38,104,0,38912,0.20
512,False,16,128,4,3,ok,0.1034,20.76,104,0,71680,0.21
512,False,16,128,4,4,out_of_smem,,,,,,0.23
512,False,16,128,4,5,out_of_smem,,,,,,0.25
512,False,16,128,8,1,ok,0.0909,23.63,111,0,22528,0.17
512,False,16,128,8,2,ok,0.0829,25.89,93,0,38912,0.16
512,False,16,128,8,3,ok,0.1055,20.36,80,0,71680,0.17
512,False,16,128,8,4,out_of_smem,,,,,,0.19
512,False,16,128,8,5,out_of_smem,,,,,,0.20
512,False,16,128,16,1,ok,0.1577,13.62,90,0,22528,0.14
512,False,16,128,16,2,ok,0.1495,14.36,83,0,38912,0.15
512,False,16,128,16,3,ok,0.1300,16.51,84,0,71680,0.15
512,False,16,128,16,4,out_of_smem,,,,,,0.17
512,False,16,128,16,5,out_of_smem,,,,,,0.16
512,False,16,256,1,1,ok,0.3523,6.10,255,590,34816,1.00
512,False,16,256,1,2,ok,0.4577,4.69,255,394,67584,0.97
512,False,16,256,1,3,out_of_smem,,,,,,1.18
512,False,16,256,1,4,out_of_smem,,,,,,1.36
512,False,16,256,1,5,out_of_smem,,,,,,1.68
512,False,16,256,2,1,ok,0.1157,18.56,255,40,43008,0.42
512,False,16,256,2,2,ok,0.1577,13.62,255,2,75776,0.47
512,False,16,256,2,3,out_of_smem,,,,,,0.57
512,False,16,256,2,4,out_of_smem,,,,,,0.77
512,False,16,256,2,5,out_of_smem,,,,,,0.81
512,False,16,256,4,1,ok,0.0870,24.67,192,0,43008,0.30
512,False,16,256,4,2,ok,0.1116,19.24,183,0,75776,0.31
512,False,16,256,4,3,out_of_smem,,,,,,0.38
512,False,16,256,4,4,out_of_smem,,,,,,0.38
512,False,16,256,4,5,out_of_smem,,,,,,0.47
512,False,16,256,8,1,ok,0.0830,25.87,123,0,43008,0.21
512,False,16,256,8,2,ok,0.1102,19.48,128,0,75776,0.23
512,False,16,256,8,3,out_of_smem,,,,,,0.24
512,False,16,256,8,4,out_of_smem,,,,,,0.28
512,False,16,256,8,5,out_of_smem,,,,,,0.29
512,False,16,256,16,1,ok,0.1339,16.04,99,0,43008,0.20
512,False,16,256,16,2,ok,0.1290,16.64,83,0,75776,0.19
512,False,16,256,16,3,out_of_smem,,,,,,0.21
512,False,16,256,16,4,out_of_smem,,,,,,0.21
512,False,16,256,16,5,out_of_smem,,,,,,0.22
512,False,32,16,1,1,ok,0.0649,33.09,165,0,6144,0.28
512,False,32,16,1,2,ok,0.0604,35.54,165,0,8192,0.30
512,False,32,16,1,3,ok,0.0625,34.38,168,0,12288,0.31
512,False,32,16,1,4,ok,0.0666,32.26,167,0,16384,0.30
512,False,32,16,1,5,ok,0.0707,30.39,167,0,20480,0.30
512,False,32,16,2,1,ok,0.0983,21.85,117,0,7168,0.21
512,False,32,16,2,2,ok,0.0829,25.89,122,0,9216,0.26
512,False,32,16,2,3,ok,0.0676,31.78,114,0,13312,0.26
512,False,32,16,2,4,ok,0.0676,31.78,114,0,17408,0.22
512,False,32,16,2,5,ok,0.0799,26.89,114,0,21504,0.25
512,False,32,16,4,1,ok,0.1036,20.72,96,0,7168,0.18
512,False,32,16,4,2,ok,0.1016,21.14,80,0,9216,0.17
512,False,32,16,4,3,ok,0.0911,23.56,80,0,13312,0.17
512,False,32,16,4,4,ok,0.0932,23.05,80,0,17408,0.19
512,False,32,16,4,5,ok,0.1004,21.40,80,0,21504,0.19
512,False,32,16,8,1,ok,0.2349,9.14,100,0,7168,0.17
512,False,32,16,8,2,ok,0.2058,10.43,99,0,9216,0.18
512,False,32,16,8,3,ok,0.1802,11.92,100,0,13312,0.17
512,False,32,16,8,4,ok,0.1823,11.78,100,0,17408,0.17
512,False,32,16,8,5,ok,0.1823,11.78,100,0,21504,0.18
512,False,32,16,16,1,ok,0.5028,4.27,103,0,7168,0.15
512,False,32,16,16,2,ok,0.4830,4.45,99,0,9216,0.15
512,False,32,16,16,3,ok,0.4065,5.28,96,0,13312,0.17
512,False,32,16,16,4,ok,0.4114,5.22,96,0,17408,0.17
512,False,32,16,16,5,ok,0.4127,5.20,96,0,21504,0.17
512,False,32,32,1,1,ok,0.0788,27.24,206,0,8192,0.27
512,False,32,32,1,2,ok,0.0718,29.91,226,0,12288,0.28
512,False,32,32,1,3,ok,0.0635,33.83,236,0,20480,0.29
512,False,32,32,1,4,ok,0.0756,28.39,236,0,28672,0.31
512,False,32,32,1,5,ok,0.0942,22.80,236,0,36864,0.32
512,False,32,32,2,1,ok,0.0737,29.13,138,0,10240,0.20
512,False,32,32,2,2,ok,0.0687,31.27,138,0,14336,0.22
512,False,32,32,2,3,ok,0.0614,34.95,128,0,22528,0.23
512,False,32,32,2,4,ok,0.0729,29.47,128,0,30720,0.22
512,False,32,32,2,5,ok,0.0829,25.89,128,0,38912,0.24
512,False,32,32,4,1,ok,0.0870,24.67,100,0,10240,0.18
512,False,32,32,4,2,ok,0.0655,32.77,96,0,14336,0.18
512,False,32,32,4,3,ok,0.0614,34.95,95,0,22528,0.17
512,False,32,32,4,4,ok,0.0666,32.26,95,0,30720,0.18
512,False,32,32,4,5,ok,0.0748,28.73,95,0,38912,0.18
512,False,32,32,8,1,ok,0.1352,15.89,100,0,10240,0.16
512,False,32,32,8,2,ok,0.1186,18.11,100,0,14336,0.15
512,False,32,32,8,3,ok,0.1044,20.56,97,0,22528,0.17
512,False,32,32,8,4,ok,0.0973,22.07,80,0,30720,0.17
512,False,32,32,8,5,ok,0.1065,20.16,80,0,38912,0.17
512,False,32,32,16,1,ok,0.2792,7.69,101,0,10240,0.15
512,False,32,32,16,2,ok,0.2744,7.83,97,0,14336,0.15
512,False,32,32,16,3,ok,0.2365,9.08,103,0,22528,0.15
512,False,32,32,16,4,ok,0.2355,9.12,103,0,30720,0.15
512,False,32,32,16,5,ok,0.2359,9.11,103,0,38912,0.17
512,False,32,64,1,1,ok,0.0737,29.13,244,0,12288,0.37
512,False,32,64,1,2,ok,0.0696,30.84,250,0,20480,0.36
512,False,32,64,1,3,ok,0.0860,24.97,252,0,36864,0.54
512,False,32,64,1,4,ok,0.1608,13.36,252,0,53248,0.45
512,False,32,64,1,5,ok,0.1628,13.19,252,0,69632,0.65
512,False,32,64,2,1,ok,0.0645,33.29,163,0,16384,0.29
512,False,32,64,2,2,ok,0.0666,32.26,135,0,24576,0.35
512,False,32,64,2,3,ok,0.0695,30.88,135,0,40960,0.32
512,False,32,64,2,4,ok,0.1230,17.46,135,0,57344,0.35
512,False,32,64,2,5,ok,0.1239,17.33,135,0,73728,0.30
512,False,32,64,4,1,ok,0.0710,30.26,130,0,16384,0.20
512,False,32,64,4,2,ok,0.0614,34.95,121,0,24576,0.23
512,False,32,64,4,3,ok,0.0614,34.95,121,0,40960,0.22
512,False,32,64,4,4,ok,0.0911,23.56,121,0,57344,0.22
512,False,32,64,4,5,ok,0.0922,23.30,121,0,73728,0.25
512,False,32,64,8,1,ok,0.0899,23.90,100,0,16384,0.25
512,False,32,64,8,2,ok,0.0800,26.85,96,0,24576,0.21
512,False,32,64,8,3,ok,0.0696,30.84,101,0,40960,0.22
512,False,32,64,8,4,ok,0.0983,21.85,100,0,57344,0.23
512,False,32,64,8,5,ok,0.0983,21.85,100,0,73728,0.23
512,False,32,64,16,1,ok,0.1731,12.41,95,0,16384,0.21
512,False,32,64,16,2,ok,0.1628,13.19,86,0,24576,0.18
512,False,32,64,16,3,ok,0.1464,14.67,98,0,40960,0.21
512,False,32,64,16,4,ok,0.1464,14.67,98,0,57344,0.18
512,False,32,64,16,5,ok,0.1475,14.56,98,0,73728,0.22
512,False,32,128,1,1,ok,0.1022,21.01,255,106,20480,0.72
512,False,32,128,1,2,ok,0.2202,9.75,255,256,36864,0.78
512,False,32,128,1,3,ok,0.3113,6.90,255,206,69632,0.90
512,False,32,128,1,4,out_of_smem,,,,,,0.94
512,False,32,128,1,5,out_of_smem,,,,,,1.03
512,False,32,128,2,1,ok,0.0717,29.96,240,0,28672,0.37
512,False,32,128,2,2,ok,0.0758,28.34,255,8,45056,0.41
512,False,32,128,2,3,ok,0.1208,17.77,255,4,77824,0.48
512,False,32,128,2,4,out_of_smem,,,,,,0.48
512,False,32,128,2,5,out_of_smem,,,,,,0.58
512,False,32,128,4,1,ok,0.0604,35.54,128,0,28672,0.26
512,False,32,128,4,2,ok,0.0686,31.30,168,0,45056,0.28
512,False,32,128,4,3,ok,0.0758,28.34,176,0,77824,0.33
512,False,32,128,4,4,out_of_smem,,,,,,0.37
512,False,32,128,4,5,out_of_smem,,,,,,0.37
512,False,32,128,8,1,ok,0.0717,29.96,126,0,28672,0.22
512,False,32,128,8,2,ok,0.0648,33.16,123,0,45056,0.24
512,False,32,128,8,3,ok,0.0795,27.01,128,0,77824,0.25
512,False,32,128,8,4,out_of_smem,,,,,,0.24
512,False,32,128,8,5,out_of_smem,,,,,,0.26
512,False,32,128,16,1,ok,0.1219,17.62,83,0,28672,0.21
512,False,32,128,16,2,ok,0.1157,18.56,88,0,45056,0.23
512,False,32,128,16,3,ok,0.1046,20.54,86,0,77824,0.22
512,False,32,128,16,4,out_of_smem,,,,,,0.23
512,False,32,128,16,5,out_of_smem,,,,,,0.23
512,False,32,256,1,1,ok,0.3953,5.43,255,950,36864,1.70
512,False,32,256,1,2,ok,0.6339,3.39,168,1190,69632,1.75
512,False,32,256,1,3,out_of_smem,,,,,,1.94
512,False,32,256,1,4,out_of_smem,,,,,,2.10
512,False,32,256,1,5,out_of_smem,,,,,,2.37
512,False,32,256,2,1,ok,0.1556,13.80,255,68,53248,0.65
512,False,32,256,2,2,ok,0.1649,13.03,255,182,86016,0.75
512,False,32,256,2,3,out_of_smem,,,,,,0.76
512,False,32,256,2,4,out_of_smem,,,,,,0.88
512,False,32,256,2,5,out_of_smem,,,,,,0.96
512,False,32,256,4,1,ok,0.0963,22.31,210,0,53248,0.40
512,False,32,256,4,2,ok,0.0829,25.89,255,0,86016,0.42
512,False,32,256,4,3,out_of_smem,,,,,,0.45
512,False,32,256,4,4,out_of_smem,,,,,,0.50
512,False,32,256,4,5,out_of_smem,,,,,,0.53
512,False,32,256,8,1,ok,0.0911,23.56,128,0,53248,0.29
512,False,32,256,8,2,ok,0.0809,26.55,171,0,86016,0.29
512,False,32,256,8,3,out_of_smem,,,,,,0.32
512,False,32,256,8,4,out_of_smem,,,,,,0.34
512,False,32,256,8,5,out_of_smem,,,,,,0.36
512,False,32,256,16,1,ok,0.1044,20.56,109,0,53248,0.24
512,False,32,256,16,2,ok,0.1024,20.97,118,0,86016,0.25
512,False,32,256,16,3,out_of_smem,,,,,,0.25
512,False,32,256,16,4,out_of_smem,,,,,,0.26
512,False,32,256,16,5,out_of_smem,,,,,,0.27
512,False,64,16,1,1,ok,0.0881,24.39,255,10,10240,0.43
512,False,64,16,1,2,ok,0.0768,27.96,255,0,12288,0.41
512,False,64,16,1,3,ok,0.0727,29.54,255,0,16384,0.44
512,False,64,16,1,4,ok,0.0870,24.67,255,0,20480,0.46
512,False,64,16,1,5,ok,0.0860,24.97,255,0,24576,0.44
512,False,64,16,2,1,ok,0.0645,33.29,156,0,10240,0.24
512,False,64,16,2,2,ok,0.0595,36.08,163,0,12288,0.25
512,False,64,16,2,3,ok,0.0553,38.84,168,0,16384,0.26
512,False,64,16,2,4,ok,0.0594,36.16,168,0,20480,0.27
512,False,64,16,2,5,ok,0.0594,36.16,168,0,24576,0.28
512,False,64,16,4,1,ok,0.0840,25.58,100,0,10240,0.19
512,False,64,16,4,2,ok,0.0532,40.33,93,0,12288,0.20
512,False,64,16,4,3,ok,0.0481,44.62,95,0,16384,0.21
512,False,64,16,4,4,ok,0.0481,44.62,95,0,20480,0.21
512,False,64,16,4,5,ok,0.0481,44.62,95,0,24576,0.21
512,False,64,16,8,1,ok,0.1270,16.91,115,0,10240,0.19
512,False,64,16,8,2,ok,0.1065,20.16,96,0,12288,0.17
512,False,64,16,8,3,ok,0.0850,25.27,96,0,16384,0.19
512,False,64,16,8,4,ok,0.0840,25.58,96,0,20480,0.20
512,False,64,16,8,5,ok,0.0840,25.58,100,0,24576,0.20
512,False,64,16,16,1,ok,0.2570,8.36,110,0,10240,0.18
512,False,64,16,16,2,ok,0.2284,9.40,93,0,12288,0.19
512,False,64,16,16,3,ok,0.1810,11.87,95,0,16384,0.19
512,False,64,16,16,4,ok,0.1884,11.40,95,0,20480,0.18
512,False,64,16,16,5,ok,0.1884,11.40,95,0,24576,0.19
512,False,64,32,1,1,ok,0.0888,24.19,255,28,12288,0.49
512,False,64,32,1,2,ok,0.0829,25.89,255,50,16384,0.50
512,False,64,32,1,3,ok,0.0993,21.62,255,54,24576,0.52
512,False,64,32,1,4,ok,0.0937,22.92,255,54,32768,0.54
512,False,64,32,1,5,ok,0.1270,16.91,255,54,40960,0.57
512,False,64,32,2,1,ok,0.0840,25.58,218,0,12288,0.28
512,False,64,32,2,2,ok,0.0717,29.96,209,0,16384,0.28
512,False,64,32,2,3,ok,0.0553,38.84,217,0,24576,0.30
512,False,64,32,2,4,ok,0.0540,39.80,217,0,32768,0.32
512,False,64,32,2,5,ok,0.0604,35.54,217,0,40960,0.32
512,False,64,32,4,1,ok,0.0696,30.84,138,0,12288,0.20
512,False,64,32,4,2,ok,0.0614,34.95,137,0,16384,0.20
512,False,64,32,4,3,ok,0.0461,46.60,127,0,24576,0.20
512,False,64,32,4,4,ok,0.0455,47.19,127,0,32768,0.22
512,False,64,32,4,5,ok,0.0502,42.80,127,0,40960,0.21
512,False,64,32,8,1,ok,0.0952,22.55,128,0,12288,0.19
512,False,64,32,8,2,ok,0.1137,18.89,137,0,16384,0.19
512,False,64,32,8,3,ok,0.0778,27.59,128,0,24576,0.21
512,False,64,32,8,4,ok,0.0891,24.11,143,0,32768,0.20
512,False,64,32,8,5,ok,0.0901,23.84,143,0,40960,0.21
512,False,64,32,16,1,ok,0.2117,10.14,127,0,12288,0.19
512,False,64,32,16,2,ok,0.1802,11.92,121,0,16384,0.19
512,False,64,32,16,3,ok,0.1587,13.53,121,0,24576,0.21
512,False,64,32,16,4,ok,0.1589,13.51,121,0,32768,0.20
512,False,64,32,16,5,ok,0.1587,13.53,121,0,40960,0.21
512,False,64,64,1,1,ok,0.1038,20.69,255,178,16384,0.71
512,False,64,64,1,2,ok,0.1628,13.19,255,232,24576,0.73
512,False,64,64,1,3,ok,0.1976,10.87,255,210,40960,0.76
512,False,64,64,1,4,ok,0.2847,7.54,255,210,57344,0.76
512,False,64,64,1,5,ok,0.2847,7.54,255,210,73728,0.79
512,False,64,64,2,1,ok,0.0677,31.71,247,0,16384,0.35
512,False,64,64,2,2,ok,0.0707,30.39,255,8,24576,0.36
512,False,64,64,2,3,ok,0.0800,26.84,255,6,40960,0.39
512,False,64,64,2,4,ok,0.1260,17.05,255,6,57344,0.42
512,False,64,64,2,5,ok,0.1229,17.48,255,2,73728,0.44
512,False,64,64,4,1,ok,0.0696,30.84,184,0,16384,0.23
512,False,64,64,4,2,ok,0.0635,33.83,179,0,24576,0.25
512,False,64,64,4,3,ok,0.0484,44.35,155,0,40960,0.00
512,False,64,64,4,4,ok,0.0604,35.54,155,0,57344,0.28
512,False,64,64,4,5,ok,0.0606,35.41,155,0,73728,0.27
512,False,64,64,8,1,ok,0.1150,18.67,178,0,16384,0.22
512,False,64,64,8,2,ok,0.1034,20.76,159,0,24576,0.21
512,False,64,64,8,3,ok,0.0880,24.41,146,0,40960,0.00
512,False,64,64,8,4,ok,0.0881,24.39,146,0,57344,0.23
512,False,64,64,8,5,ok,0.0891,24.11,146,0,73728,0.23
512,False,64,64,16,1,ok,0.1875,11.45,128,14,16384,0.21
512,False,64,64,16,2,ok,0.1669,12.87,128,4,24576,0.23
512,False,64,64,16,3,ok,0.1597,13.44,128,10,40960,0.22
512,False,64,64,16,4,ok,0.1638,13.11,128,12,57344,0.22
512,False,64,64,16,5,ok,0.1658,12.96,128,12,73728,0.22
512,False,64,128,1,1,ok,0.2212,9.71,255,604,24576,1.54
512,False,64,128,1,2,ok,0.3031,7.08,255,660,40960,1.41
512,False,64,128,1,3,ok,0.4014,5.35,255,666,73728,1.65
512,False,64,128,1,4,out_of_smem,,,,,,1.58
512,False,64,128,1,5,out_of_smem,,,,,,1.67
512,False,64,128,2,1,ok,0.0799,26.89,255,52,24576,0.64
512,False,64,128,2,2,ok,0.1413,15.20,255,186,40960,0.63
512,False,64,128,2,3,ok,0.1636,13.13,255,140,73728,0.80
512,False,64,128,2,4,out_of_smem,,,,,,0.79
512,False,64,128,2,5,out_of_smem,,,,,,0.73
512,False,64,128,4,1,ok,0.0625,34.38,255,4,24576,0.35
512,False,64,128,4,2,ok,0.0573,37.45,255,2,40960,0.36
512,False,64,128,4,3,ok,0.0617,34.79,255,2,73728,0.39
512,False,64,128,4,4,out_of_smem,,,,,,0.43
512,False,64,128,4,5,out_of_smem,,,,,,0.52
512,False,64,128,8,1,ok,0.1106,19.42,255,10,24576,0.32
512,False,64,128,8,2,ok,0.0901,23.83,239,0,40960,0.32
512,False,64,128,8,3,ok,0.0847,25.34,199,0,73728,0.35
512,False,64,128,8,4,out_of_smem,,,,,,0.33
512,False,64,128,8,5,out_of_smem,,,,,,0.35
512,False,64,128,16,1,ok,0.2455,8.75,128,108,24576,0.30
512,False,64,128,16,2,ok,0.2140,10.03,128,80,40960,0.32
512,False,64,128,16,3,ok,0.1751,12.26,128,26,73728,0.33
512,False,64,128,16,4,out_of_smem,,,,,,0.31
512,False,64,128,16,5,out_of_smem,,,,,,0.33
512,False,64,256,1,1,skipped_regs,,,,,,0.00
512,False,64,256,1,2,skipped_regs,,,,,,0.00
512,False,64,256,1,3,skipped_regs,,,,,,0.00
512,False,64,256,1,4,skipped_regs,,,,,,0.00
512,False,64,256,1,5,skipped_regs,,,,,,0.00
512,False,64,256,2,1,ok,1.1044,1.94,40,1840,40960,1.33
512,False,64,256,2,2,ok,0.9815,2.19,40,2590,73728,1.54
512,False,64,256,2,3,out_of_smem,,,,,,1.61
512,False,64,256,2,4,out_of_smem,,,,,,1.67
512,False,64,256,2,5,out_of_smem,,,,,,1.87
512,False,64,256,4,1,ok,0.1085,19.78,255,190,40960,0.61
512,False,64,256,4,2,ok,0.1069,20.09,255,152,73728,0.65
512,False,64,256,4,3,out_of_smem,,,,,,0.62
512,False,64,256,4,4,out_of_smem,,,,,,0.67
512,False,64,256,4,5,out_of_smem,,,,,,0.74
512,False,64,256,8,1,ok,0.1300,16.51,255,122,40960,0.52
512,False,64,256,8,2,ok,0.1290,16.64,255,96,73728,0.53
512,False,64,256,8,3,out_of_smem,,,,,,0.58
512,False,64,256,8,4,out_of_smem,,,,,,0.57
512,False,64,256,8,5,out_of_smem,,,,,,0.59
512,False,64,256,16,1,ok,3.7827,0.57,64,880,40960,0.53
512,False,64,256,16,2,ok,3.0945,0.69,64,876,73728,0.58
512,False,64,256,16,3,out_of_smem,,,,,,0.59
512,False,64,256,16,4,out_of_smem,,,,,,0.56
512,False,64,256,16,5,out_of_smem,,,,,,0.52
512,False,128,16,1,1,ok,0.2372,9.05,255,296,18432,0.87
512,False,128,16,1,2,ok,0.2187,9.82,255,262,20480,0.89
512,False,128,16,1,3,ok,0.2099,10.23,255,240,24576,0.90
512,False,128,16,1,4,ok,0.2109,10.18,255,240,28672,0.89
512,False,128,16,1,5,ok,0.2120,10.13,255,240,32768,0.92
512,False,128,16,2,1,ok,0.0891,24.11,255,2,18432,0.44
512,False,128,16,2,2,ok,0.0799,26.89,255,0,20480,0.40
512,False,128,16,2,3,ok,0.0809,26.55,255,0,24576,0.44
512,False,128,16,2,4,ok,0.0809,26.55,255,0,28672,0.44
512,False,128,16,2,5,ok,0.0815,26.36,255,0,32768,0.45
512,False,128,16,4,1,ok,0.0717,29.96,164,0,18432,0.27
512,False,128,16,4,2,ok,0.0836,25.68,172,0,20480,0.27
512,False,128,16,4,3,ok,0.0696,30.84,176,0,24576,0.27
512,False,128,16,4,4,ok,0.0693,31.00,176,0,28672,0.27
512,False,128,16,4,5,ok,0.0696,30.88,176,0,32768,0.28
512,False,128,16,8,1,ok,0.0922,23.30,117,0,18432,0.20
512,False,128,16,8,2,ok,0.0778,27.59,93,0,20480,0.21
512,False,128,16,8,3,ok,0.0594,36.16,96,0,24576,0.21
512,False,128,16,8,4,ok,0.0572,37.56,98,0,28672,0.21
512,False,128,16,8,5,ok,0.0573,37.45,98,0,32768,0.22
512,False,128,16,16,1,ok,0.1619,13.26,111,0,18432,0.20
512,False,128,16,16,2,ok,0.1352,15.89,95,0,20480,0.17
512,False,128,16,16,3,ok,0.1110,19.34,96,0,24576,0.21
512,False,128,16,16,4,ok,0.1116,19.24,96,0,28672,0.21
512,False,128,16,16,5,ok,0.1126,19.07,94,0,32768,0.21
512,False,128,32,1,1,ok,0.2724,7.88,168,640,20480,1.12
512,False,128,32,1,2,ok,0.2693,7.97,168,656,24576,1.15
512,False,128,32,1,3,ok,0.2703,7.94,168,644,32768,1.19
512,False,128,32,1,4,ok,0.4444,4.83,168,644,40960,1.21
512,False,128,32,1,5,ok,0.4485,4.79,168,644,49152,1.26
512,False,128,32,2,1,ok,0.1004,21.40,255,56,20480,0.50
512,False,128,32,2,2,ok,0.0881,24.39,255,38,24576,0.51
512,False,128,32,2,3,ok,0.0901,23.83,255,54,32768,0.51
512,False,128,32,2,4,ok,0.1205,17.82,255,54,40960,0.53
512,False,128,32,2,5,ok,0.1220,17.60,255,54,49152,0.54
512,False,128,32,4,1,ok,0.0860,24.97,223,0,20480,0.29
512,False,128,32,4,2,ok,0.0645,33.29,247,0,24576,0.30
512,False,128,32,4,3,ok,0.0645,33.29,244,0,32768,0.30
512,False,128,32,4,4,ok,0.0645,33.29,252,0,40960,0.31
512,False,128,32,4,5,ok,0.0645,33.29,252,0,49152,0.32
512,False,128,32,8,1,ok,0.0727,29.54,128,0,20480,0.21
512,False,128,32,8,2,ok,0.0768,27.96,141,0,24576,0.21
512,False,128,32,8,3,ok,0.0604,35.54,143,0,32768,0.22
512,False,128,32,8,4,ok,0.0594,36.16,143,0,40960,0.23
512,False,128,32,8,5,ok,0.0594,36.16,143,0,49152,0.23
512,False,128,32,16,1,ok,0.1331,16.13,127,0,20480,0.22
512,False,128,32,16,2,ok,0.1159,18.53,121,0,24576,0.22
512,False,128,32,16,3,ok,0.0993,21.62,122,0,32768,0.21
512,False,128,32,16,4,ok,0.1014,21.18,122,0,40960,0.23
512,False,128,32,16,5,ok,0.1014,21.18,122,0,49152,0.23
512,False,128,64,1,1,ok,0.4935,4.35,80,1542,24576,1.75
512,False,128,64,1,2,ok,0.5018,4.28,80,1790,32768,1.90
512,False,128,64,1,3,ok,0.7557,2.84,80,1774,49152,1.91
512,False,128,64,1,4,ok,0.9400,2.28,80,1774,65536,1.92
512,False,128,64,1,5,ok,0.9615,2.23,80,1774,81920,2.08
512,False,128,64,2,1,ok,0.1263,17.00,255,244,24576,0.71
512,False,128,64,2,2,ok,0.1260,17.05,255,280,32768,0.70
512,False,128,64,2,3,ok,0.1676,12.82,255,254,49152,0.71
512,False,128,64,2,4,ok,0.2089,10.28,255,254,65536,0.72
512,False,128,64,2,5,ok,0.2113,10.16,255,254,81920,0.75
512,False,128,64,4,1,ok,0.0768,27.96,255,2,24576,0.37
512,False,128,64,4,2,ok,0.0645,33.29,255,8,32768,0.37
512,False,128,64,4,3,ok,0.0655,32.77,255,8,49152,0.00
512,False,128,64,4,4,ok,0.0765,28.08,255,8,65536,0.41
512,False,128,64,4,5,ok,0.0768,27.96,255,8,81920,0.41
512,False,128,64,8,1,ok,0.0778,27.59,176,0,24576,0.25
512,False,128,64,8,2,ok,0.0696,30.84,158,0,32768,0.24
512,False,128,64,8,3,ok,0.0573,37.45,146,0,49152,0.00
512,False,128,64,8,4,ok,0.0573,37.45,146,0,65536,0.27
512,False,128,64,8,5,ok,0.0573,37.45,146,0,81920,0.28
512,False,128,64,16,1,ok,0.1199,17.91,128,14,24576,0.23
512,False,128,64,16,2,ok,0.1087,19.76,128,4,32768,0.25
512,False,128,64,16,3,ok,0.1013,21.20,128,10,49152,0.25
512,False,128,64,16,4,ok,0.1044,20.56,128,12,65536,0.26
512,False,128,64,16,5,ok,0.1064,20.18,128,12,81920,0.26
512,False,128,128,1,1,skipped_regs,,,,,,0.00
512,False,128,128,1,2,skipped_regs,,,,,,0.00
512,False,128,128,1,3,skipped_regs,,,,,,0.00
512,False,128,128,1,4,skipped_regs,,,,,,0.00
512,False,128,128,1,5,skipped_regs,,,,,,0.00
512,False,128,128,2,1,ok,0.9830,2.18,40,2424,32768,1.30
512,False,128,128,2,2,ok,1.0906,1.97,40,2332,49152,1.41
512,False,128,128,2,3,ok,0.8750,2.45,40,2408,81920,1.44
512,False,128,128,2,4,out_of_smem,,,,,,1.49
512,False,128,128,2,5,out_of_smem,,,,,,1.55
512,False,128,128,4,1,ok,0.0860,24.96,255,70,32768,0.53
512,False,128,128,4,2,ok,0.1014,21.18,255,130,49152,0.62
512,False,128,128,4,3,ok,0.1026,20.93,255,92,81920,0.60
512,False,128,128,4,4,out_of_smem,,,,,,0.63
512,False,128,128,4,5,out_of_smem,,,,,,0.64
512,False,128,128,8,1,ok,0.0762,28.17,255,10,32768,0.33
512,False,128,128,8,2,ok,0.0666,32.26,255,2,49152,0.00
512,False,128,128,8,3,ok,0.0594,36.16,207,0,81920,0.34
512,False,128,128,8,4,out_of_smem,,,,,,0.34
512,False,128,128,8,5,out_of_smem,,,,,,0.37
512,False,128,128,16,1,ok,0.1659,12.95,128,108,32768,0.31
512,False,128,128,16,2,ok,0.1393,15.42,128,74,49152,0.31
512,False,128,128,16,3,ok,0.1085,19.78,128,26,81920,0.32
512,False,128,128,16,4,out_of_smem,,,,,,0.41
512,False,128,128,16,5,out_of_smem,,,,,,0.33
512,False,128,256,1,1,skipped_regs,,,,,,0.00
512,False,128,256,1,2,skipped_regs,,,,,,0.00
512,False,128,256,1,3,skipped_regs,,,,,,0.00
512,False,128,256,1,4,skipped_regs,,,,,,0.00
512,False,128,256,1,5,skipped_regs,,,,,,0.00
512,False,128,256,2,1,skipped_regs,,,,,,0.00
512,False,128,256,2,2,skipped_regs,,,,,,0.00
512,False,128,256,2,3,skipped_regs,,,,,,0.00
512,False,128,256,2,4,skipped_regs,,,,,,0.00
512,False,128,256,2,5,skipped_regs,,,,,,0.00
512,False,128,256,4,1,ok,0.1546,13.89,255,350,49152,1.27
512,False,128,256,4,2,ok,0.2161,9.94,168,760,81920,1.24
512,False,128,256,4,3,out_of_smem,,,,,,1.20
512,False,128,256,4,4,out_of_smem,,,,,,1.22
512,False,128,256,4,5,out_of_smem,,,,,,1.37
512,False,128,256,8,1,ok,0.0948,22.65,255,122,49152,0.52
512,False,128,256,8,2,ok,0.0929,23.13,255,92,81920,0.53
512,False,128,256,8,3,out_of_smem,,,,,,0.56
512,False,128,256,8,4,out_of_smem,,,,,,0.71
512,False,128,256,8,5,out_of_smem,,,,,,0.63
512,False,128,256,16,1,ok,2.0265,1.06,64,878,49152,0.53
512,False,128,256,16,2,ok,1.5212,1.41,64,912,81920,0.53
512,False,128,256,16,3,out_of_smem,,,,,,0.51
512,False,128,256,16,4,out_of_smem,,,,,,0.53
512,False,128,256,16,5,out_of_smem,,,,,,0.54
512,False,256,16,1,1,skipped_regs,,,,,,0.00
512,False,256,16,1,2,skipped_regs,,,,,,0.00
512,False,256,16,1,3,skipped_regs,,,,,,0.00
512,False,256,16,1,4,skipped_regs,,,,,,0.00
512,False,256,16,1,5,skipped_regs,,,,,,0.00
512,False,256,16,2,1,ok,0.2396,8.96,255,304,34816,0.88
512,False,256,16,2,2,ok,0.2294,9.36,255,288,36864,0.90
512,False,256,16,2,3,ok,0.2232,9.62,255,258,40960,0.89
512,False,256,16,2,4,ok,0.2191,9.80,255,238,45056,0.87
512,False,256,16,2,5,ok,0.2191,9.80,255,236,49152,0.94
512,False,256,16,4,1,ok,0.0931,23.06,255,2,34816,0.41
512,False,256,16,4,2,ok,0.0829,25.89,255,2,36864,0.46
512,False,256,16,4,3,ok,0.0819,26.21,255,2,40960,0.53
512,False,256,16,4,4,ok,0.0840,25.58,255,4,45056,0.43
512,False,256,16,4,5,ok,0.0799,26.89,255,2,49152,0.43
512,False,256,16,8,1,ok,0.1239,17.33,190,0,34816,0.26
512,False,256,16,8,2,ok,0.1004,21.40,169,0,36864,0.25
512,False,256,16,8,3,ok,0.0891,24.11,174,0,40960,0.26
512,False,256,16,8,4,ok,0.0871,24.66,174,0,45056,0.26
512,False,256,16,8,5,ok,0.0891,24.11,176,0,49152,0.29
512,False,256,16,16,1,ok,0.1137,18.89,116,0,34816,0.28
512,False,256,16,16,2,ok,0.1030,20.85,94,0,36864,0.18
512,False,256,16,16,3,ok,0.0819,26.21,100,0,40960,0.21
512,False,256,16,16,4,ok,0.0758,28.34,102,0,45056,0.22
512,False,256,16,16,5,ok,0.0758,28.34,102,0,49152,0.20
512,False,256,32,1,1,skipped_regs,,,,,,0.00
512,False,256,32,1,2,skipped_regs,,,,,,0.00
512,False,256,32,1,3,skipped_regs,,,,,,0.00
512,False,256,32,1,4,skipped_regs,,,,,,0.00
512,False,256,32,1,5,skipped_regs,,,,,,0.00
512,False,256,32,2,1,ok,0.8458,2.54,40,1676,36864,1.18
512,False,256,32,2,2,ok,0.8120,2.64,40,1590,40960,1.18
512,False,256,32,2,3,ok,0.8447,2.54,40,1726,49152,1.19
512,False,256,32,2,4,ok,1.2841,1.67,40,1724,57344,1.24
512,False,256,32,2,5,ok,1.2946,1.66,40,1722,65536,1.24
512,False,256,32,4,1,ok,0.1004,21.40,255,50,36864,0.51
512,False,256,32,4,2,ok,0.0860,24.97,255,36,40960,0.50
512,False,256,32,4,3,ok,0.0932,23.05,255,44,49152,0.51
512,False,256,32,4,4,ok,0.1198,17.93,255,44,57344,0.55
512,False,256,32,4,5,ok,0.1198,17.92,255,42,65536,0.54
512,False,256,32,8,1,ok,0.1005,21.37,224,0,36864,0.26
512,False,256,32,8,2,ok,0.0842,25.50,192,0,40960,0.28
512,False,256,32,8,3,ok,0.0870,24.67,245,0,49152,0.29
512,False,256,32,8,4,ok,0.0881,24.39,245,0,57344,0.31
512,False,256,32,8,5,ok,0.0881,24.39,245,0,65536,0.29
512,False,256,32,16,1,ok,0.0963,22.31,128,0,36864,0.22
512,False,256,32,16,2,ok,0.0816,26.30,122,0,40960,0.20
512,False,256,32,16,3,ok,0.0719,29.87,123,0,49152,0.23
512,False,256,32,16,4,ok,0.0717,29.96,123,0,57344,0.22
512,False,256,32,16,5,ok,0.0717,29.96,123,0,65536,0.21
512,False,256,64,1,1,skipped_regs,,,,,,0.00
512,False,256,64,1,2,skipped_regs,,,,,,0.00
512,False,256,64,1,3,skipped_regs,,,,,,0.00
512,False,256,64,1,4,skipped_regs,,,,,,0.00
512,False,256,64,1,5,skipped_regs,,,,,,0.00
512,False,256,64,2,1,ok,1.1018,1.95,40,2932,40960,1.93
512,False,256,64,2,2,ok,1.1346,1.89,40,2986,49152,1.96
512,False,256,64,2,3,ok,1.4008,1.53,40,2812,65536,1.88
512,False,256,64,2,4,ok,1.4095,1.52,40,2808,81920,1.97
512,False,256,64,2,5,ok,1.3988,1.54,40,2808,98304,1.98
512,False,256,64,4,1,ok,0.1311,16.38,255,246,40960,0.68
512,False,256,64,4,2,ok,0.9841,2.18,40,1488,49152,0.78
512,False,256,64,4,3,ok,0.1679,12.79,255,252,65536,0.74
512,False,256,64,4,4,ok,0.1700,12.63,255,250,81920,0.75
512,False,256,64,4,5,ok,0.1720,12.48,255,250,98304,0.75
512,False,256,64,8,1,ok,0.0963,22.31,255,4,40960,0.35
512,False,256,64,8,2,ok,0.0788,27.24,255,2,49152,0.35
512,False,256,64,8,3,ok,0.0778,27.59,255,2,65536,0.36
512,False,256,64,8,4,ok,0.0788,27.24,255,0,81920,0.38
512,False,256,64,8,5,ok,0.0788,27.24,255,0,98304,0.37
512,False,256,64,16,1,ok,0.0932,23.05,128,18,40960,0.22
512,False,256,64,16,2,ok,0.0791,27.14,128,2,49152,0.26
512,False,256,64,16,3,ok,0.0715,30.05,128,4,65536,0.26
512,False,256,64,16,4,ok,0.0696,30.84,128,4,81920,0.26
512,False,256,64,16,5,ok,0.0707,30.39,128,4,98304,0.27
512,False,256,128,1,1,skipped_regs,,,,,,0.00
512,False,256,128,1,2,skipped_regs,,,,,,0.00
512,False,256,128,1,3,skipped_regs,,,,,,0.00
512,False,256,128,1,4,skipped_regs,,,,,,0.00
512,False,256,128,1,5,skipped_regs,,,,,,0.00
512,False,256,128,2,1,skipped_regs,,,,,,0.00
512,False,256,128,2,2,skipped_regs,,,,,,0.00
512,False,256,128,2,3,skipped_regs,,,,,,0.00
512,False,256,128,2,4,skipped_regs,,,,,,0.00
512,False,256,128,2,5,skipped_regs,,,,,,0.00
512,False,256,128,4,1,ok,1.0322,2.08,40,2434,49152,1.28
512,False,256,128,4,2,ok,1.1090,1.94,40,2324,65536,1.30
512,False,256,128,4,3,ok,0.2236,9.61,255,680,98304,1.26
512,False,256,128,4,4,out_of_smem,,,,,,1.28
512,False,256,128,4,5,out_of_smem,,,,,,1.28
512,False,256,128,8,1,ok,0.1055,20.36,255,80,49152,0.53
512,False,256,128,8,2,ok,0.1065,20.16,255,84,65536,0.55
512,False,256,128,8,3,ok,0.1002,21.43,255,58,98304,0.67
512,False,256,128,8,4,out_of_smem,,,,,,0.71
512,False,256,128,8,5,out_of_smem,,,,,,0.73
512,False,256,128,16,1,ok,0.1290,16.64,128,106,49152,0.32
512,False,256,128,16,2,ok,0.1087,19.76,128,78,65536,0.35
512,False,256,128,16,3,ok,0.0829,25.89,128,26,98304,0.36
512,False,256,128,16,4,out_of_smem,,,,,,0.36
512,False,256,128,16,5,out_of_smem,,,,,,0.36
512,False,256,256,1,1,skipped_regs,,,,,,0.00
512,False,256,256,1,2,skipped_regs,,,,,,0.00
512,False,256,256,1,3,skipped_regs,,,,,,0.00
512,False,256,256,1,4,skipped_regs,,,,,,0.00
512,False,256,256,1,5,skipped_regs,,,,,,0.00
512,False,256,256,2,1,skipped_regs,,,,,,0.00
512,False,256,256,2,2,skipped_regs,,,,,,0.00
512,False,256,256,2,3,skipped_regs,,,,,,0.00
512,False,256,256,2,4,skipped_regs,,,,,,0.00
512,False,256,256,2,5,skipped_regs,,,,,,0.00
512,False,256,256,4,1,skipped_regs,,,,,,0.00
512,False,256,256,4,2,skipped_regs,,,,,,0.00
512,False,256,256,4,3,skipped_regs,,,,,,0.00
512,False,256,256,4,4,skipped_regs,,,,,,0.00
512,False,256,256,4,5,skipped_regs,,,,,,0.00
512,False,256,256,8,1,ok,0.1782,12.05,255,350,65536,1.54
512,False,256,256,8,2,ok,0.3318,6.47,128,772,98304,1.11
512,False,256,256,8,3,out_of_smem,,,,,,1.16
512,False,256,256,8,4,out_of_smem,,,,,,1.15
512,False,256,256,8,5,out_of_smem,,,,,,1.18
512,False,256,256,16,1,ok,0.7804,2.75,64,786,65536,0.58
512,False,256,256,16,2,ok,1.2626,1.70,40,1262,98304,0.57
512,False,256,256,16,3,out_of_smem,,,,,,0.53
512,False,256,256,16,4,out_of_smem,,,,,,0.55
512,False,256,256,16,5,out_of_smem,,,,,,0.54
1024,False,16,16,1,1,ok,0.2212,38.84,119,0,4096,0.39
1024,False,16,16,1,2,ok,0.2427,35.39,97,0,6144,0.42
1024,False,16,16,1,3,ok,0.2324,36.95,96,0,10240,0.25
1024,False,16,16,1,4,ok,0.2294,37.45,96,0,14336,0.17
1024,False,16,16,1,5,ok,0.2324,36.95,96,0,18432,0.18
1024,False,16,16,2,1,ok,0.2724,31.54,72,0,4608,0.13
1024,False,16,16,2,2,ok,0.2734,31.42,80,0,6656,0.14
1024,False,16,16,2,3,ok,0.2601,33.03,72,0,10752,0.14
1024,False,16,16,2,4,ok,0.2868,29.95,72,0,14848,0.15
1024,False,16,16,2,5,ok,0.3011,28.53,72,0,18944,0.15
1024,False,16,16,4,1,ok,0.4073,21.09,64,0,4608,0.12
1024,False,16,16,4,2,ok,0.4008,21.43,56,0,6656,0.13
1024,False,16,16,4,3,ok,0.3912,21.96,56,0,10752,0.00
1024,False,16,16,4,4,ok,0.3994,21.51,56,0,14848,0.14
1024,False,16,16,4,5,ok,0.4096,20.97,56,0,18944,0.14
1024,False,16,16,8,1,ok,0.7593,11.31,64,0,4608,0.12
1024,False,16,16,8,2,ok,0.7711,11.14,59,0,6656,0.13
1024,False,16,16,8,3,ok,0.7567,11.35,59,0,10752,0.13
1024,False,16,16,8,4,ok,0.7640,11.24,59,0,14848,0.13
1024,False,16,16,8,5,ok,0.7700,11.16,59,0,18944,0.13
1024,False,16,16,16,1,ok,2.7791,3.09,79,0,4608,0.12
1024,False,16,16,16,2,ok,1.7402,4.94,64,0,6656,0.12
1024,False,16,16,16,3,ok,1.5860,5.42,64,0,10752,0.14
1024,False,16,16,16,4,ok,1.6885,5.09,64,0,14848,0.14
1024,False,16,16,16,5,ok,1.5923,5.39,64,0,18944,0.14
1024,False,16,32,1,1,ok,0.1956,43.92,124,0,6144,0.19
1024,False,16,32,1,2,ok,0.2365,36.31,157,0,10240,0.19
1024,False,16,32,1,3,ok,0.2276,37.74,163,0,18432,0.21
1024,False,16,32,1,4,ok,0.2592,33.14,163,0,26624,0.24
1024,False,16,32,1,5,ok,0.3758,22.86,163,0,34816,0.24
1024,False,16,32,2,1,ok,0.2243,38.30,96,0,7168,0.17
1024,False,16,32,2,2,ok,0.2458,34.95,114,0,11264,0.16
1024,False,16,32,2,3,ok,0.2373,36.19,97,0,19456,0.17
1024,False,16,32,2,4,ok,0.2794,30.74,97,0,27648,0.18
1024,False,16,32,2,5,ok,0.3748,22.92,97,0,35840,0.20
1024,False,16,32,4,1,ok,0.2693,31.90,72,0,7168,0.13
1024,False,16,32,4,2,ok,0.2621,32.77,71,0,11264,0.14
1024,False,16,32,4,3,ok,0.2570,33.42,64,0,19456,0.16
1024,False,16,32,4,4,ok,0.3000,28.63,64,0,27648,0.15
1024,False,16,32,4,5,ok,0.3823,22.47,66,0,35840,0.16
1024,False,16,32,8,1,ok,0.4263,20.15,60,0,7168,0.15
1024,False,16,32,8,2,ok,0.4248,20.22,59,0,11264,0.15
1024,False,16,32,8,3,ok,0.4137,20.76,59,0,19456,0.15
1024,False,16,32,8,4,ok,0.4311,19.93,59,0,27648,0.15
1024,False,16,32,8,5,ok,0.4874,17.62,59,0,35840,0.21
1024,False,16,32,16,1,ok,1.4192,6.05,82,0,7168,0.18
1024,False,16,32,16,2,ok,0.9147,9.39,64,0,11264,0.18
1024,False,16,32,16,3,ok,0.8837,9.72,64,0,19456,0.14
1024,False,16,32,16,4,ok,0.8872,9.68,64,0,27648,0.15
1024,False,16,32,16,5,ok,0.8929,9.62,64,0,35840,0.14
1024,False,16,64,1,1,ok,0.1978,43.44,214,0,10240,0.26
1024,False,16,64,1,2,ok,0.2304,37.28,168,0,18432,0.24
1024,False,16,64,1,3,ok,0.3534,24.30,163,0,34816,0.28
1024,False,16,64,1,4,ok,0.6861,12.52,163,0,51200,0.32
1024,False,16,64,1,5,ok,0.6932,12.39,163,0,67584,0.38
1024,False,16,64,2,1,ok,0.2171,39.57,122,0,12288,0.19
1024,False,16,64,2,2,ok,0.2386,36.00,96,0,20480,0.21
1024,False,16,64,2,3,ok,0.2755,31.18,96,0,36864,0.23
1024,False,16,64,2,4,ok,0.5154,16.67,96,0,53248,0.22
1024,False,16,64,2,5,ok,0.5181,16.58,96,0,69632,0.23
1024,False,16,64,4,1,ok,0.2324,36.95,93,0,12288,0.16
1024,False,16,64,4,2,ok,0.2355,36.47,80,0,20480,0.15
1024,False,16,64,4,3,ok,0.2703,31.78,80,0,36864,0.17
1024,False,16,64,4,4,ok,0.4332,19.83,80,0,53248,0.17
1024,False,16,64,4,5,ok,0.4362,19.69,80,0,69632,0.19
1024,False,16,64,8,1,ok,0.2836,30.28,64,0,12288,0.13
1024,False,16,64,8,2,ok,0.2703,31.78,64,0,20480,0.14
1024,False,16,64,8,3,ok,0.3031,28.34,59,0,36864,0.14
1024,False,16,64,8,4,ok,0.4557,18.85,62,0,53248,0.15
1024,False,16,64,8,5,ok,0.4577,18.77,62,0,69632,0.16
1024,False,16,64,16,1,ok,0.5192,16.55,63,0,12288,0.12
1024,False,16,64,16,2,ok,0.5214,16.48,63,0,20480,0.13
1024,False,16,64,16,3,ok,0.5018,17.12,64,0,36864,0.14
1024,False,16,64,16,4,ok,0.6482,13.25,64,0,53248,0.15
1024,False,16,64,16,5,ok,0.6523,13.17,64,0,69632,0.15
1024,False,16,128,1,1,ok,0.2847,30.17,255,56,18432,0.40
1024,False,16,128,1,2,ok,0.5018,17.12,255,78,34816,0.45
1024,False,16,128,1,3,ok,0.9349,9.19,255,40,67584,0.50
1024,False,16,128,1,4,ok,0.9349,9.19,255,40,100352,0.58
1024,False,16,128,1,5,out_of_smem,,,,,,0.65
1024,False,16,128,2,1,ok,0.2345,36.63,209,0,22528,0.25
1024,False,16,128,2,2,ok,0.3179,27.02,248,0,38912,0.27
1024,False,16,128,2,3,ok,0.4762,18.04,252,0,71680,0.34
1024,False,16,128,2,4,out_of_smem,,,,,,0.33
1024,False,16,128,2,5,out_of_smem,,,,,,0.38
1024,False,16,128,4,1,ok,0.2304,37.28,119,0,22528,0.19
1024,False,16,128,4,2,ok,0.2724,31.54,104,0,38912,0.20
1024,False,16,128,4,3,ok,0.3338,25.73,104,0,71680,0.21
1024,False,16,128,4,4,out_of_smem,,,,,,0.23
1024,False,16,128,4,5,out_of_smem,,,,,,0.25
1024,False,16,128,8,1,ok,0.3011,28.53,111,0,22528,0.17
1024,False,16,128,8,2,ok,0.2765,31.07,93,0,38912,0.16
1024,False,16,128,8,3,ok,0.3430,25.04,80,0,71680,0.17
1024,False,16,128,8,4,out_of_smem,,,,,,0.19
1024,False,16,128,8,5,out_of_smem,,,,,,0.20
1024,False,16,128,16,1,ok,0.5509,15.59,90,0,22528,0.14
1024,False,16,128,16,2,ok,0.5202,16.51,83,0,38912,0.15
1024,False,16,128,16,3,ok,0.4424,19.42,84,0,71680,0.15
1024,False,16,128,16,4,out_of_smem,,,,,,0.17
1024,False,16,128,16,5,out_of_smem,,,,,,0.16
1024,False,16,256,1,1,ok,1.1491,7.48,255,590,34816,1.00
1024,False,16,256,1,2,ok,1.6588,5.18,255,394,67584,0.97
1024,False,16,256,1,3,out_of_smem,,,,,,1.18
1024,False,16,256,1,4,out_of_smem,,,,,,1.36
1024,False,16,256,1,5,out_of_smem,,,,,,1.68
1024,False,16,256,2,1,ok,0.3809,22.55,255,40,43008,0.42
1024,False,16,256,2,2,ok,0.5388,15.94,255,2,75776,0.47
1024,False,16,256,2,3,out_of_smem,,,,,,0.57
1024,False,16,256,2,4,out_of_smem,,,,,,0.77
1024,False,16,256,2,5,out_of_smem,,,,,,0.81
1024,False,16,256,4,1,ok,0.2888,29.75,192,0,43008,0.30
1024,False,16,256,4,2,ok,0.3758,22.86,183,0,75776,0.31
1024,False,16,256,4,3,out_of_smem,,,,,,0.38
1024,False,16,256,4,4,out_of_smem,,,,,,0.38
1024,False,16,256,4,5,out_of_smem,,,,,,0.47
1024,False,16,256,8,1,ok,0.2847,30.17,123,0,43008,0.21
1024,False,16,256,8,2,ok,0.3645,23.56,128,0,75776,0.23
1024,False,16,256,8,3,out_of_smem,,,,,,0.24
1024,False,16,256,8,4,out_of_smem,,,,,,0.28
1024,False,16,256,8,5,out_of_smem,,,,,,0.29
1024,False,16,256,16,1,ok,0.4547,18.89,99,0,43008,0.20
1024,False,16,256,16,2,ok,0.4393,19.55,83,0,75776,0.19
1024,False,16,256,16,3,out_of_smem,,,,,,0.21
1024,False,16,256,16,4,out_of_smem,,,,,,0.21
1024,False,16,256,16,5,out_of_smem,,,,,,0.22
1024,False,32,16,1,1,ok,0.1835,46.81,165,0,6144,0.28
1024,False,32,16,1,2,ok,0.1731,49.64,165,0,8192,0.30
1024,False,32,16,1,3,ok,0.1833,46.86,168,0,12288,0.31
1024,False,32,16,1,4,ok,0.2048,41.94,167,0,16384,0.30
1024,False,32,16,1,5,ok,0.2109,40.72,167,0,20480,0.30
1024,False,32,16,2,1,ok,0.2652,32.39,117,0,7168,0.21
1024,False,32,16,2,2,ok,0.2304,37.28,122,0,9216,0.26
1024,False,32,16,2,3,ok,0.2068,41.53,114,0,13312,0.26
1024,False,32,16,2,4,ok,0.2232,38.48,114,0,17408,0.22
1024,False,32,16,2,5,ok,0.2499,34.38,114,0,21504,0.25
1024,False,32,16,4,1,ok,0.3555,24.16,96,0,7168,0.18
1024,False,32,16,4,2,ok,0.3359,25.58,80,0,9216,0.17
1024,False,32,16,4,3,ok,0.3211,26.76,80,0,13312,0.17
1024,False,32,16,4,4,ok,0.3267,26.30,80,0,17408,0.19
1024,False,32,16,4,5,ok,0.3430,25.04,80,0,21504,0.19
1024,False,32,16,8,1,ok,0.8049,10.67,100,0,7168,0.17
1024,False,32,16,8,2,ok,0.7424,11.57,99,0,9216,0.18
1024,False,32,16,8,3,ok,0.6625,12.97,100,0,13312,0.17
1024,False,32,16,8,4,ok,0.6666,12.89,100,0,17408,0.17
1024,False,32,16,8,5,ok,0.6676,12.87,100,0,21504,0.18
1024,False,32,16,16,1,ok,1.8120,4.74,103,0,7168,0.15
1024,False,32,16,16,2,ok,1.7708,4.85,99,0,9216,0.15
1024,False,32,16,16,3,ok,1.5152,5.67,96,0,13312,0.17
1024,False,32,16,16,4,ok,1.5309,5.61,96,0,17408,0.17
1024,False,32,16,16,5,ok,1.5340,5.60,96,0,21504,0.17
1024,False,32,32,1,1,ok,0.1976,43.46,206,0,8192,0.27
1024,False,32,32,1,2,ok,0.1792,47.93,226,0,12288,0.28
1024,False,32,32,1,3,ok,0.1802,47.66,236,0,20480,0.29
1024,False,32,32,1,4,ok,0.2396,35.85,236,0,28672,0.31
1024,False,32,32,1,5,ok,0.3399,25.27,236,0,36864,0.32
1024,False,32,32,2,1,ok,0.2109,40.72,138,0,10240,0.20
1024,False,32,32,2,2,ok,0.1996,43.03,138,0,14336,0.22
1024,False,32,32,2,3,ok,0.1966,43.69,128,0,22528,0.23
1024,False,32,32,2,4,ok,0.2365,36.31,128,0,30720,0.22
1024,False,32,32,2,5,ok,0.2959,29.03,128,0,38912,0.24
1024,False,32,32,4,1,ok,0.2559,33.57,100,0,10240,0.18
1024,False,32,32,4,2,ok,0.2079,41.32,96,0,14336,0.18
1024,False,32,32,4,3,ok,0.2048,41.94,95,0,22528,0.17
1024,False,32,32,4,4,ok,0.2216,38.77,95,0,30720,0.18
1024,False,32,32,4,5,ok,0.2601,33.03,95,0,38912,0.18
1024,False,32,32,8,1,ok,0.4434,19.37,100,0,10240,0.16
1024,False,32,32,8,2,ok,0.4096,20.97,100,0,14336,0.15
1024,False,32,32,8,3,ok,0.3697,23.24,97,0,22528,0.17
1024,False,32,32,8,4,ok,0.3410,25.19,80,0,30720,0.17
1024,False,32,32,8,5,ok,0.3768,22.80,80,0,38912,0.17
1024,False,32,32,16,1,ok,0.9841,8.73,101,0,10240,0.15
1024,False,32,32,16,2,ok,0.9892,8.68,97,0,14336,0.15
1024,False,32,32,16,3,ok,0.8653,9.93,103,0,22528,0.15
1024,False,32,32,16,4,ok,0.8612,9.97,103,0,30720,0.15
1024,False,32,32,16,5,ok,0.8622,9.96,103,0,38912,0.17
1024,False,32,64,1,1,ok,0.1853,46.35,244,0,12288,0.37
1024,False,32,64,1,2,ok,0.1977,43.45,250,0,20480,0.36
1024,False,32,64,1,3,ok,0.3041,28.24,252,0,36864,0.54
1024,False,32,64,1,4,ok,0.5738,14.97,252,0,53248,0.45
1024,False,32,64,1,5,ok,0.5765,14.90,252,0,69632,0.65
1024,False,32,64,2,1,ok,0.1843,46.60,163,0,16384,0.29
1024,False,32,64,2,2,ok,0.1853,46.35,135,0,24576,0.35
1024,False,32,64,2,3,ok,0.2339,36.72,135,0,40960,0.32
1024,False,32,64,2,4,ok,0.4342,19.78,135,0,57344,0.35
1024,False,32,64,2,5,ok,0.4362,19.69,135,0,73728,0.30
1024,False,32,64,4,1,ok,0.2079,41.32,130,0,16384,0.20
1024,False,32,64,4,2,ok,0.1761,48.77,121,0,24576,0.23
1024,False,32,64,4,3,ok,0.1935,44.38,121,0,40960,0.22
1024,False,32,64,4,4,ok,0.3113,27.59,121,0,57344,0.22
1024,False,32,64,4,5,ok,0.3154,27.24,121,0,73728,0.25
1024,False,32,64,8,1,ok,0.2765,31.07,100,0,16384,0.25
1024,False,32,64,8,2,ok,0.2529,33.96,96,0,24576,0.21
1024,False,32,64,8,3,ok,0.2355,36.47,101,0,40960,0.22
1024,False,32,64,8,4,ok,0.3389,25.34,100,0,57344,0.23
1024,False,32,64,8,5,ok,0.3400,25.27,100,0,73728,0.23
1024,False,32,64,16,1,ok,0.5971,14.39,95,0,16384,0.21
1024,False,32,64,16,2,ok,0.5622,15.28,86,0,24576,0.18
1024,False,32,64,16,3,ok,0.5233,16.42,98,0,40960,0.21
1024,False,32,64,16,4,ok,0.5212,16.48,98,0,57344,0.18
1024,False,32,64,16,5,ok,0.5233,16.42,98,0,73728,0.22
1024,False,32,128,1,1,ok,0.2734,31.42,255,106,20480,0.72
1024,False,32,128,1,2,ok,0.7229,11.88,255,256,36864,0.78
1024,False,32,128,1,3,ok,1.1069,7.76,255,206,69632,0.90
1024,False,32,128,1,4,out_of_smem,,,,,,0.94
1024,False,32,128,1,5,out_of_smem,,,,,,1.03
1024,False,32,128,2,1,ok,0.2171,39.57,240,0,28672,0.37
1024,False,32,128,2,2,ok,0.2462,34.89,255,8,45056,0.41
1024,False,32,128,2,3,ok,0.4188,20.51,255,4,77824,0.48
1024,False,32,128,2,4,out_of_smem,,,,,,0.48
1024,False,32,128,2,5,out_of_smem,,,,,,0.58
1024,False,32,128,4,1,ok,0.1814,47.35,128,0,28672,0.26
1024,False,32,128,4,2,ok,0.2150,39.95,168,0,45056,0.28
1024,False,32,128,4,3,ok,0.2458,34.95,176,0,77824,0.33
1024,False,32,128,4,4,out_of_smem,,,,,,0.37
1024,False,32,128,4,5,out_of_smem,,,,,,0.37
1024,False,32,128,8,1,ok,0.2191,39.20,126,0,28672,0.22
1024,False,32,128,8,2,ok,0.2048,41.94,123,0,45056,0.24
1024,False,32,128,8,3,ok,0.2601,33.03,128,0,77824,0.25
1024,False,32,128,8,4,out_of_smem,,,,,,0.24
1024,False,32,128,8,5,out_of_smem,,,,,,0.26
1024,False,32,128,16,1,ok,0.4086,21.02,83,0,28672,0.21
1024,False,32,128,16,2,ok,0.3922,21.90,88,0,45056,0.23
1024,False,32,128,16,3,ok,0.3564,24.11,86,0,77824,0.22
1024,False,32,128,16,4,out_of_smem,,,,,,0.23
1024,False,32,128,16,5,out_of_smem,,,,,,0.23
1024,False,32,256,1,1,ok,1.1945,7.19,255,950,36864,1.70
1024,False,32,256,1,2,ok,2.2841,3.76,168,1190,69632,1.75
1024,False,32,256,1,3,out_of_smem,,,,,,1.94
1024,False,32,256,1,4,out_of_smem,,,,,,2.10
1024,False,32,256,1,5,out_of_smem,,,,,,2.37
1024,False,32,256,2,1,ok,0.5315,16.16,255,68,53248,0.65
1024,False,32,256,2,2,ok,0.5456,15.74,255,182,86016,0.75
1024,False,32,256,2,3,out_of_smem,,,,,,0.76
1024,False,32,256,2,4,out_of_smem,,,,,,0.88
1024,False,32,256,2,5,out_of_smem,,,,,,0.96
1024,False,32,256,4,1,ok,0.3154,27.24,210,0,53248,0.40
1024,False,32,256,4,2,ok,0.2714,31.66,255,0,86016,0.42
1024,False,32,256,4,3,out_of_smem,,,,,,0.45
1024,False,32,256,4,4,out_of_smem,,,,,,0.50
1024,False,32,256,4,5,out_of_smem,,,,,,0.53
1024,False,32,256,8,1,ok,0.2970,28.93,128,0,53248,0.29
1024,False,32,256,8,2,ok,0.2632,32.64,171,0,86016,0.29
1024,False,32,256,8,3,out_of_smem,,,,,,0.32
1024,False,32,256,8,4,out_of_smem,,,,,,0.34
1024,False,32,256,8,5,out_of_smem,,,,,,0.36
1024,False,32,256,16,1,ok,0.3502,24.53,109,0,53248,0.24
1024,False,32,256,16,2,ok,0.3452,24.89,118,0,86016,0.25
1024,False,32,256,16,3,out_of_smem,,,,,,0.25
1024,False,32,256,16,4,out_of_smem,,,,,,0.26
1024,False,32,256,16,5,out_of_smem,,,,,,0.27
1024,False,64,16,1,1,ok,0.2662,32.26,255,10,10240,0.43
1024,False,64,16,1,2,ok,0.2223,38.64,255,0,12288,0.41
1024,False,64,16,1,3,ok,0.2297,37.40,255,0,16384,0.44
1024,False,64,16,1,4,ok,0.2386,36.00,255,0,20480,0.46
1024,False,64,16,1,5,ok,0.2376,36.16,255,0,24576,0.44
1024,False,64,16,2,1,ok,0.1793,47.91,156,0,10240,0.24
1024,False,64,16,2,2,ok,0.1669,51.46,163,0,12288,0.25
1024,False,64,16,2,3,ok,0.1669,51.46,168,0,16384,0.26
1024,False,64,16,2,4,ok,0.1679,51.15,168,0,20480,0.27
1024,False,64,16,2,5,ok,0.1679,51.15,168,0,24576,0.28
1024,False,64,16,4,1,ok,0.2099,40.92,100,0,10240,0.19
1024,False,64,16,4,2,ok,0.1608,53.43,93,0,12288,0.20
1024,False,64,16,4,3,ok,0.1546,55.55,95,0,16384,0.21
1024,False,64,16,4,4,ok,0.1567,54.83,95,0,20480,0.21
1024,False,64,16,4,5,ok,0.1559,55.09,95,0,24576,0.21
1024,False,64,16,8,1,ok,0.3852,22.30,115,0,10240,0.19
1024,False,64,16,8,2,ok,0.3226,26.63,96,0,12288,0.17
1024,False,64,16,8,3,ok,0.3092,27.78,96,0,16384,0.19
1024,False,64,16,8,4,ok,0.3071,27.97,96,0,20480,0.20
1024,False,64,16,8,5,ok,0.3044,28.21,100,0,24576,0.20
1024,False,64,16,16,1,ok,0.9175,9.36,110,0,10240,0.18
1024,False,64,16,16,2,ok,0.8079,10.63,93,0,12288,0.19
1024,False,64,16,16,3,ok,0.6912,12.43,95,0,16384,0.19
1024,False,64,16,16,4,ok,0.7229,11.88,95,0,20480,0.18
1024,False,64,16,16,5,ok,0.7196,11.94,95,0,24576,0.19
1024,False,64,32,1,1,ok,0.2559,33.57,255,28,12288,0.49
1024,False,64,32,1,2,ok,0.2540,33.83,255,50,16384,0.50
1024,False,64,32,1,3,ok,0.2570,33.42,255,54,24576,0.52
1024,False,64,32,1,4,ok,0.3123,27.50,255,54,32768,0.54
1024,False,64,32,1,5,ok,0.3901,22.02,255,54,40960,0.57
1024,False,64,32,2,1,ok,0.2012,42.69,218,0,12288,0.28
1024,False,64,32,2,2,ok,0.1669,51.46,209,0,16384,0.28
1024,False,64,32,2,3,ok,0.1567,54.83,217,0,24576,0.30
1024,False,64,32,2,4,ok,0.1690,50.84,217,0,32768,0.32
1024,False,64,32,2,5,ok,0.1731,49.64,217,0,40960,0.32
1024,False,64,32,4,1,ok,0.1783,48.18,138,0,12288,0.20
1024,False,64,32,4,2,ok,0.1580,54.38,137,0,16384,0.20
1024,False,64,32,4,3,ok,0.1516,56.68,127,0,24576,0.20
1024,False,64,32,4,4,ok,0.1516,56.66,127,0,32768,0.22
1024,False,64,32,4,5,ok,0.1546,55.55,127,0,40960,0.21
1024,False,64,32,8,1,ok,0.3195,26.89,128,0,12288,0.19
1024,False,64,32,8,2,ok,0.3717,23.11,137,0,16384,0.19
1024,False,64,32,8,3,ok,0.2796,30.73,128,0,24576,0.21
1024,False,64,32,8,4,ok,0.3173,27.07,143,0,32768,0.20
1024,False,64,32,8,5,ok,0.3195,26.89,143,0,40960,0.21
1024,False,64,32,16,1,ok,0.7671,11.20,127,0,12288,0.19
1024,False,64,32,16,2,ok,0.6410,13.40,121,0,16384,0.19
1024,False,64,32,16,3,ok,0.6001,14.32,121,0,24576,0.21
1024,False,64,32,16,4,ok,0.6011,14.29,121,0,32768,0.20
1024,False,64,32,16,5,ok,0.5980,14.36,121,0,40960,0.21
1024,False,64,64,1,1,ok,0.3113,27.59,255,178,16384,0.71
1024,False,64,64,1,2,ok,0.4260,20.16,255,232,24576,0.73
1024,False,64,64,1,3,ok,0.6011,14.29,255,210,40960,0.76
1024,False,64,64,1,4,ok,1.0455,8.22,255,210,57344,0.76
1024,False,64,64,1,5,ok,1.0466,8.21,255,210,73728,0.79
1024,False,64,64,2,1,ok,0.1741,49.34,247,0,16384,0.35
1024,False,64,64,2,2,ok,0.1812,47.39,255,8,24576,0.36
1024,False,64,64,2,3,ok,0.2386,36.00,255,6,40960,0.39
1024,False,64,64,2,4,ok,0.4598,18.68,255,6,57344,0.42
1024,False,64,64,2,5,ok,0.4465,19.24,255,2,73728,0.44
1024,False,64,64,4,1,ok,0.1861,46.16,184,0,16384,0.23
1024,False,64,64,4,2,ok,0.1709,50.25,179,0,24576,0.25
1024,False,64,64,4,3,ok,0.1556,55.19,155,0,40960,0.00
1024,False,64,64,4,4,ok,0.1976,43.46,155,0,57344,0.28
1024,False,64,64,4,5,ok,0.1987,43.24,155,0,73728,0.27
1024,False,64,64,8,1,ok,0.3779,22.73,178,0,16384,0.22
1024,False,64,64,8,2,ok,0.3471,24.75,159,0,24576,0.21
1024,False,64,64,8,3,ok,0.3114,27.58,146,0,40960,0.00
1024,False,64,64,8,4,ok,0.3115,27.58,146,0,57344,0.23
1024,False,64,64,8,5,ok,0.3133,27.41,146,0,73728,0.23
1024,False,64,64,16,1,ok,0.6834,12.57,128,14,16384,0.21
1024,False,64,64,16,2,ok,0.6031,14.24,128,4,24576,0.23
1024,False,64,64,16,3,ok,0.5990,14.34,128,10,40960,0.22
1024,False,64,64,16,4,ok,0.6011,14.29,128,12,57344,0.22
1024,False,64,64,16,5,ok,0.6021,14.27,128,12,73728,0.22
1024,False,64,128,1,1,ok,0.5624,15.27,255,604,24576,1.54
1024,False,64,128,1,2,ok,0.8673,9.90,255,660,40960,1.41
1024,False,64,128,1,3,ok,1.5309,5.61,255,666,73728,1.65
1024,False,64,128,1,4,out_of_smem,,,,,,1.58
1024,False,64,128,1,5,out_of_smem,,,,,,1.67
1024,False,64,128,2,1,ok,0.1946,44.15,255,52,24576,0.64
1024,False,64,128,2,2,ok,0.3891,22.08,255,186,40960,0.63
1024,False,64,128,2,3,ok,0.5481,15.67,255,140,73728,0.80
1024,False,64,128,2,4,out_of_smem,,,,,,0.79
1024,False,64,128,2,5,out_of_smem,,,,,,0.73
1024,False,64,128,4,1,ok,0.1712,50.17,255,4,24576,0.35
1024,False,64,128,4,2,ok,0.1597,53.77,255,2,40960,0.36
1024,False,64,128,4,3,ok,0.2007,42.80,255,2,73728,0.39
1024,False,64,128,4,4,out_of_smem,,,,,,0.43
1024,False,64,128,4,5,out_of_smem,,,,,,0.52
1024,False,64,128,8,1,ok,0.3710,23.15,255,10,24576,0.32
1024,False,64,128,8,2,ok,0.3062,28.06,239,0,40960,0.32
1024,False,64,128,8,3,ok,0.2918,29.43,199,0,73728,0.35
1024,False,64,128,8,4,out_of_smem,,,,,,0.33
1024,False,64,128,8,5,out_of_smem,,,,,,0.35
1024,False,64,128,16,1,ok,0.8376,10.26,128,108,24576,0.30
1024,False,64,128,16,2,ok,0.7240,11.86,128,80,40960,0.32
1024,False,64,128,16,3,ok,0.6339,13.55,128,26,73728,0.33
1024,False,64,128,16,4,out_of_smem,,,,,,0.31
1024,False,64,128,16,5,out_of_smem,,,,,,0.33
1024,False,64,256,1,1,skipped_regs,,,,,,0.00
1024,False,64,256,1,2,skipped_regs,,,,,,0.00
1024,False,64,256,1,3,skipped_regs,,,,,,0.00
1024,False,64,256,1,4,skipped_regs,,,,,,0.00
1024,False,64,256,1,5,skipped_regs,,,,,,0.00
1024,False,64,256,2,1,ok,4.3827,1.96,40,1840,40960,1.33
1024,False,64,256,2,2,ok,3.4990,2.45,40,2590,73728,1.54
1024,False,64,256,2,3,out_of_smem,,,,,,1.61
1024,False,64,256,2,4,out_of_smem,,,,,,1.67
1024,False,64,256,2,5,out_of_smem,,,,,,1.87
1024,False,64,256,4,1,ok,0.2662,32.26,255,190,40960,0.61
1024,False,64,256,4,2,ok,0.3195,26.89,255,152,73728,0.65
1024,False,64,256,4,3,out_of_smem,,,,,,0.62
1024,False,64,256,4,4,out_of_smem,,,,,,0.67
1024,False,64,256,4,5,out_of_smem,,,,,,0.74
1024,False,64,256,8,1,ok,0.4035,21.29,255,122,40960,0.52
1024,False,64,256,8,2,ok,0.4024,21.35,255,96,73728,0.53
1024,False,64,256,8,3,out_of_smem,,,,,,0.58
1024,False,64,256,8,4,out_of_smem,,,,,,0.57
1024,False,64,256,8,5,out_of_smem,,,,,,0.59
1024,False,64,256,16,1,ok,15.7921,0.54,64,880,40960,0.53
1024,False,64,256,16,2,ok,12.8174,0.67,64,876,73728,0.58
1024,False,64,256,16,3,out_of_smem,,,,,,0.59
1024,False,64,256,16,4,out_of_smem,,,,,,0.56
1024,False,64,256,16,5,out_of_smem,,,,,,0.52
1024,False,128,16,1,1,ok,0.5571,15.42,255,296,18432,0.87
1024,False,128,16,1,2,ok,0.8069,10.65,255,262,20480,0.89
1024,False,128,16,1,3,ok,0.7772,11.05,255,240,24576,0.90
1024,False,128,16,1,4,ok,0.7506,11.44,255,240,28672,0.89
1024,False,128,16,1,5,ok,0.7506,11.44,255,240,32768,0.92
1024,False,128,16,2,1,ok,0.2929,29.33,255,2,18432,0.44
1024,False,128,16,2,2,ok,0.2365,36.31,255,0,20480,0.40
1024,False,128,16,2,3,ok,0.2437,35.25,255,0,24576,0.44
1024,False,128,16,2,4,ok,0.2412,35.62,255,0,28672,0.44
1024,False,128,16,2,5,ok,0.2408,35.67,255,0,32768,0.45
1024,False,128,16,4,1,ok,0.2232,38.48,164,0,18432,0.27
1024,False,128,16,4,2,ok,0.2173,39.54,172,0,20480,0.27
1024,False,128,16,4,3,ok,0.1905,45.10,176,0,24576,0.27
1024,False,128,16,4,4,ok,0.1914,44.87,176,0,28672,0.27
1024,False,128,16,4,5,ok,0.1905,45.10,176,0,32768,0.28
1024,False,128,16,8,1,ok,0.2376,36.16,117,0,18432,0.20
1024,False,128,16,8,2,ok,0.1976,43.46,93,0,20480,0.21
1024,False,128,16,8,3,ok,0.1649,52.10,96,0,24576,0.21
1024,False,128,16,8,4,ok,0.1638,52.43,98,0,28672,0.21
1024,False,128,16,8,5,ok,0.1637,52.46,98,0,32768,0.22
1024,False,128,16,16,1,ok,0.4997,17.19,111,0,18432,0.20
1024,False,128,16,16,2,ok,0.4147,20.71,95,0,20480,0.17
1024,False,128,16,16,3,ok,0.3464,24.80,96,0,24576,0.21
1024,False,128,16,16,4,ok,0.3482,24.67,96,0,28672,0.21
1024,False,128,16,16,5,ok,0.3531,24.33,94,0,32768,0.21
1024,False,128,32,1,1,ok,1.0496,8.18,168,640,20480,1.12
1024,False,128,32,1,2,ok,1.0424,8.24,168,656,24576,1.15
1024,False,128,32,1,3,ok,0.9492,9.05,168,644,32768,1.19
1024,False,128,32,1,4,ok,1.2298,6.98,168,644,40960,1.21
1024,False,128,32,1,5,ok,1.2339,6.96,168,644,49152,1.26
1024,False,128,32,2,1,ok,0.3021,28.44,255,56,20480,0.50
1024,False,128,32,2,2,ok,0.2591,33.16,255,38,24576,0.51
1024,False,128,32,2,3,ok,0.2478,34.66,255,54,32768,0.51
1024,False,128,32,2,4,ok,0.3205,26.80,255,54,40960,0.53
1024,False,128,32,2,5,ok,0.3226,26.63,255,54,49152,0.54
1024,False,128,32,4,1,ok,0.2273,37.79,223,0,20480,0.29
1024,False,128,32,4,2,ok,0.1792,47.93,247,0,24576,0.30
1024,False,128,32,4,3,ok,0.1792,47.93,244,0,32768,0.30
1024,False,128,32,4,4,ok,0.1792,47.93,252,0,40960,0.31
1024,False,128,32,4,5,ok,0.1802,47.66,252,0,49152,0.32
1024,False,128,32,8,1,ok,0.1807,47.54,128,0,20480,0.21
1024,False,128,32,8,2,ok,0.2150,39.95,141,0,24576,0.21
1024,False,128,32,8,3,ok,0.1690,50.84,143,0,32768,0.22
1024,False,128,32,8,4,ok,0.1710,50.23,143,0,40960,0.23
1024,False,128,32,8,5,ok,0.1690,50.83,143,0,49152,0.23
1024,False,128,32,16,1,ok,0.4106,20.92,127,0,20480,0.22
1024,False,128,32,16,2,ok,0.3553,24.17,121,0,24576,0.22
1024,False,128,32,16,3,ok,0.3067,28.01,122,0,32768,0.21
1024,False,128,32,16,4,ok,0.3123,27.50,122,0,40960,0.23
1024,False,128,32,16,5,ok,0.3123,27.50,122,0,49152,0.23
1024,False,128,64,1,1,ok,2.7003,3.18,80,1542,24576,1.75
1024,False,128,64,1,2,ok,2.1833,3.93,80,1790,32768,1.90
1024,False,128,64,1,3,ok,2.1084,4.07,80,1774,49152,1.91
1024,False,128,64,1,4,ok,3.0210,2.84,80,1774,65536,1.92
1024,False,128,64,1,5,ok,3.0556,2.81,80,1774,81920,2.08
1024,False,128,64,2,1,ok,0.4326,19.86,255,244,24576,0.71
1024,False,128,64,2,2,ok,0.3776,22.75,255,280,32768,0.70
1024,False,128,64,2,3,ok,0.4311,19.93,255,254,49152,0.71
1024,False,128,64,2,4,ok,0.6287,13.66,255,254,65536,0.72
1024,False,128,64,2,5,ok,0.6316,13.60,255,254,81920,0.75
1024,False,128,64,4,1,ok,0.1905,45.10,255,2,24576,0.37
1024,False,128,64,4,2,ok,0.1708,50.29,255,8,32768,0.37
1024,False,128,64,4,3,ok,0.1710,50.23,255,8,49152,0.00
1024,False,128,64,4,4,ok,0.2246,38.24,255,8,65536,0.41
1024,False,128,64,4,5,ok,0.2244,38.27,255,8,81920,0.41
1024,False,128,64,8,1,ok,0.2174,39.52,176,0,24576,0.25
1024,False,128,64,8,2,ok,0.1915,44.86,158,0,32768,0.24
1024,False,128,64,8,3,ok,0.1608,53.43,146,0,49152,0.00
1024,False,128,64,8,4,ok,0.1597,53.77,146,0,65536,0.27
1024,False,128,64,8,5,ok,0.1599,53.72,146,0,81920,0.28
1024,False,128,64,16,1,ok,0.3604,23.83,128,14,24576,0.23
1024,False,128,64,16,2,ok,0.3225,26.64,128,4,32768,0.25
1024,False,128,64,16,3,ok,0.3062,28.06,128,10,49152,0.25
1024,False,128,64,16,4,ok,0.3072,27.96,128,12,65536,0.26
1024,False,128,64,16,5,ok,0.3107,27.65,128,12,81920,0.26
1024,False,128,128,1,1,skipped_regs,,,,,,0.00
1024,False,128,128,1,2,skipped_regs,,,,,,0.00
1024,False,128,128,1,3,skipped_regs,,,,,,0.00
1024,False,128,128,1,4,skipped_regs,,,,,,0.00
1024,False,128,128,1,5,skipped_regs,,,,,,0.00
1024,False,128,128,2,1,ok,4.1091,2.09,40,2424,32768,1.30
1024,False,128,128,2,2,ok,4.0499,2.12,40,2332,49152,1.41
1024,False,128,128,2,3,ok,2.9000,2.96,40,2408,81920,1.44
1024,False,128,128,2,4,out_of_smem,,,,,,1.49
1024,False,128,128,2,5,out_of_smem,,,,,,1.55
1024,False,128,128,4,1,ok,0.2058,41.73,255,70,32768,0.53
1024,False,128,128,4,2,ok,0.2345,36.63,255,130,49152,0.62
1024,False,128,128,4,3,ok,0.2836,30.28,255,92,81920,0.60
1024,False,128,128,4,4,out_of_smem,,,,,,0.63
1024,False,128,128,4,5,out_of_smem,,,,,,0.64
1024,False,128,128,8,1,ok,0.2089,41.12,255,10,32768,0.33
1024,False,128,128,8,2,ok,0.1843,46.60,255,2,49152,0.00
1024,False,128,128,8,3,ok,0.1649,52.10,207,0,81920,0.34
1024,False,128,128,8,4,out_of_smem,,,,,,0.34
1024,False,128,128,8,5,out_of_smem,,,,,,0.37
1024,False,128,128,16,1,ok,0.4547,18.89,128,108,32768,0.31
1024,False,128,128,16,2,ok,0.3820,22.49,128,74,49152,0.31
1024,False,128,128,16,3,ok,0.3112,27.60,128,26,81920,0.32
1024,False,128,128,16,4,out_of_smem,,,,,,0.41
1024,False,128,128,16,5,out_of_smem,,,,,,0.33
1024,False,128,256,1,1,skipped_regs,,,,,,0.00
1024,False,128,256,1,2,skipped_regs,,,,,,0.00
1024,False,128,256,1,3,skipped_regs,,,,,,0.00
1024,False,128,256,1,4,skipped_regs,,,,,,0.00
1024,False,128,256,1,5,skipped_regs,,,,,,0.00
1024,False,128,256,2,1,skipped_regs,,,,,,0.00
1024,False,128,256,2,2,skipped_regs,,,,,,0.00
1024,False,128,256,2,3,skipped_regs,,,,,,0.00
1024,False,128,256,2,4,skipped_regs,,,,,,0.00
1024,False,128,256,2,5,skipped_regs,,,,,,0.00
1024,False,128,256,4,1,ok,0.3809,22.55,255,350,49152,1.27
1024,False,128,256,4,2,ok,0.5396,15.92,168,760,81920,1.24
1024,False,128,256,4,3,out_of_smem,,,,,,1.20
1024,False,128,256,4,4,out_of_smem,,,,,,1.22
1024,False,128,256,4,5,out_of_smem,,,,,,1.37
1024,False,128,256,8,1,ok,0.2288,37.55,255,122,49152,0.52
1024,False,128,256,8,2,ok,0.2269,37.85,255,92,81920,0.53
1024,False,128,256,8,3,out_of_smem,,,,,,0.56
1024,False,128,256,8,4,out_of_smem,,,,,,0.71
1024,False,128,256,8,5,out_of_smem,,,,,,0.63
1024,False,128,256,16,1,ok,8.2529,1.04,64,878,49152,0.53
1024,False,128,256,16,2,ok,6.3495,1.35,64,912,81920,0.53
1024,False,128,256,16,3,out_of_smem,,,,,,0.51
1024,False,128,256,16,4,out_of_smem,,,,,,0.53
1024,False,128,256,16,5,out_of_smem,,,,,,0.54
1024,False,256,16,1,1,skipped_regs,,,,,,0.00
1024,False,256,16,1,2,skipped_regs,,,,,,0.00
1024,False,256,16,1,3,skipped_regs,,,,,,0.00
1024,False,256,16,1,4,skipped_regs,,,,,,0.00
1024,False,256,16,1,5,skipped_regs,,,,,,0.00
1024,False,256,16,2,1,ok,0.8663,9.92,255,304,34816,0.88
1024,False,256,16,2,2,ok,0.8325,10.32,255,288,36864,0.90
1024,False,256,16,2,3,ok,0.8038,10.69,255,258,40960,0.89
1024,False,256,16,2,4,ok,0.7943,10.81,255,238,45056,0.87
1024,False,256,16,2,5,ok,0.7936,10.82,255,236,49152,0.94
1024,False,256,16,4,1,ok,0.2971,28.91,255,2,34816,0.41
1024,False,256,16,4,2,ok,0.2420,35.50,255,2,36864,0.46
1024,False,256,16,4,3,ok,0.2396,35.85,255,2,40960,0.53
1024,False,256,16,4,4,ok,0.2390,35.94,255,4,45056,0.43
1024,False,256,16,4,5,ok,0.2356,36.46,255,2,49152,0.43
1024,False,256,16,8,1,ok,0.3369,25.50,190,0,34816,0.26
1024,False,256,16,8,2,ok,0.2652,32.39,169,0,36864,0.25
1024,False,256,16,8,3,ok,0.2447,35.10,174,0,40960,0.26
1024,False,256,16,8,4,ok,0.2396,35.85,174,0,45056,0.26
1024,False,256,16,8,5,ok,0.2427,35.39,176,0,49152,0.29
1024,False,256,16,16,1,ok,0.3065,28.02,116,0,34816,0.28
1024,False,256,16,16,2,ok,0.2785,30.84,94,0,36864,0.18
1024,False,256,16,16,3,ok,0.2232,38.48,100,0,40960,0.21
1024,False,256,16,16,4,ok,0.2048,41.94,102,0,45056,0.22
1024,False,256,16,16,5,ok,0.2048,41.94,102,0,49152,0.20
1024,False,256,32,1,1,skipped_regs,,,,,,0.00
1024,False,256,32,1,2,skipped_regs,,,,,,0.00
1024,False,256,32,1,3,skipped_regs,,,,,,0.00
1024,False,256,32,1,4,skipped_regs,,,,,,0.00
1024,False,256,32,1,5,skipped_regs,,,,,,0.00
1024,False,256,32,2,1,ok,5.1241,1.68,40,1676,36864,1.18
1024,False,256,32,2,2,ok,4.5588,1.88,40,1590,40960,1.18
1024,False,256,32,2,3,ok,5.0610,1.70,40,1726,49152,1.19
1024,False,256,32,2,4,ok,3.7212,2.31,40,1724,57344,1.24
1024,False,256,32,2,5,ok,4.0540,2.12,40,1722,65536,1.24
1024,False,256,32,4,1,ok,0.2970,28.93,255,50,36864,0.51
1024,False,256,32,4,2,ok,0.2488,34.52,255,36,40960,0.50
1024,False,256,32,4,3,ok,0.2580,33.29,255,44,49152,0.51
1024,False,256,32,4,4,ok,0.3185,26.97,255,44,57344,0.55
1024,False,256,32,4,5,ok,0.3185,26.97,255,42,65536,0.54
1024,False,256,32,8,1,ok,0.2703,31.78,224,0,36864,0.26
1024,False,256,32,8,2,ok,0.2294,37.45,192,0,40960,0.28
1024,False,256,32,8,3,ok,0.2376,36.16,245,0,49152,0.29
1024,False,256,32,8,4,ok,0.2406,35.70,245,0,57344,0.31
1024,False,256,32,8,5,ok,0.2406,35.70,245,0,65536,0.29
1024,False,256,32,16,1,ok,0.2611,32.90,128,0,36864,0.22
1024,False,256,32,16,2,ok,0.2140,40.14,122,0,40960,0.20
1024,False,256,32,16,3,ok,0.1935,44.38,123,0,49152,0.23
1024,False,256,32,16,4,ok,0.1915,44.86,123,0,57344,0.22
1024,False,256,32,16,5,ok,0.1906,45.06,123,0,65536,0.21
1024,False,256,64,1,1,skipped_regs,,,,,,0.00
1024,False,256,64,1,2,skipped_regs,,,,,,0.00
1024,False,256,64,1,3,skipped_regs,,,,,,0.00
1024,False,256,64,1,4,skipped_regs,,,,,,0.00
1024,False,256,64,1,5,skipped_regs,,,,,,0.00
1024,False,256,64,2,1,ok,5.6668,1.52,40,2932,40960,1.93
1024,False,256,64,2,2,ok,5.6177,1.53,40,2986,49152,1.96
1024,False,256,64,2,3,ok,4.0489,2.12,40,2812,65536,1.88
1024,False,256,64,2,4,ok,4.0310,2.13,40,2808,81920,1.97
1024,False,256,64,2,5,ok,3.9875,2.15,40,2808,98304,1.98
1024,False,256,64,4,1,ok,0.4106,20.92,255,246,40960,0.68
1024,False,256,64,4,2,ok,4.7475,1.81,40,1488,49152,0.78
1024,False,256,64,4,3,ok,0.4321,19.88,255,252,65536,0.74
1024,False,256,64,4,4,ok,0.4342,19.78,255,250,81920,0.75
1024,False,256,64,4,5,ok,0.4342,19.78,255,250,98304,0.75
1024,False,256,64,8,1,ok,0.2570,33.42,255,4,40960,0.35
1024,False,256,64,8,2,ok,0.2069,41.52,255,2,49152,0.35
1024,False,256,64,8,3,ok,0.2089,41.12,255,2,65536,0.36
1024,False,256,64,8,4,ok,0.2120,40.52,255,0,81920,0.38
1024,False,256,64,8,5,ok,0.2117,40.57,255,0,98304,0.37
1024,False,256,64,16,1,ok,0.2355,36.47,128,18,40960,0.22
1024,False,256,64,16,2,ok,0.2046,41.98,128,2,49152,0.26
1024,False,256,64,16,3,ok,0.1853,46.35,128,4,65536,0.26
1024,False,256,64,16,4,ok,0.1823,47.13,128,4,81920,0.26
1024,False,256,64,16,5,ok,0.1827,47.02,128,4,98304,0.27
1024,False,256,128,1,1,skipped_regs,,,,,,0.00
1024,False,256,128,1,2,skipped_regs,,,,,,0.00
1024,False,256,128,1,3,skipped_regs,,,,,,0.00
1024,False,256,128,1,4,skipped_regs,,,,,,0.00
1024,False,256,128,1,5,skipped_regs,,,,,,0.00
1024,False,256,128,2,1,skipped_regs,,,,,,0.00
1024,False,256,128,2,2,skipped_regs,,,,,,0.00
1024,False,256,128,2,3,skipped_regs,,,,,,0.00
1024,False,256,128,2,4,skipped_regs,,,,,,0.00
1024,False,256,128,2,5,skipped_regs,,,,,,0.00
1024,False,256,128,4,1,ok,4.7421,1.81,40,2434,49152,1.28
1024,False,256,128,4,2,ok,3.8144,2.25,40,2324,65536,1.30
1024,False,256,128,4,3,ok,0.5325,16.13,255,680,98304,1.26
1024,False,256,128,4,4,out_of_smem,,,,,,1.28
1024,False,256,128,4,5,out_of_smem,,,,,,1.28
1024,False,256,128,8,1,ok,0.2632,32.64,255,80,49152,0.53
1024,False,256,128,8,2,ok,0.2580,33.29,255,84,65536,0.55
1024,False,256,128,8,3,ok,0.2447,35.10,255,58,98304,0.67
1024,False,256,128,8,4,out_of_smem,,,,,,0.71
1024,False,256,128,8,5,out_of_smem,,,,,,0.73
1024,False,256,128,16,1,ok,0.2897,29.65,128,106,49152,0.32
1024,False,256,128,16,2,ok,0.2509,34.24,128,78,65536,0.35
1024,False,256,128,16,3,ok,0.2007,42.81,128,26,98304,0.36
1024,False,256,128,16,4,out_of_smem,,,,,,0.36
1024,False,256,128,16,5,out_of_smem,,,,,,0.36
1024,False,256,256,1,1,skipped_regs,,,,,,0.00
1024,False,256,256,1,2,skipped_regs,,,,,,0.00
1024,False,256,256,1,3,skipped_regs,,,,,,0.00
1024,False,256,256,1,4,skipped_regs,,,,,,0.00
1024,False,256,256,1,5,skipped_regs,,,,,,0.00
1024,False,256,256,2,1,skipped_regs,,,,,,0.00
1024,False,256,256,2,2,skipped_regs,,,,,,0.00
1024,False,256,256,2,3,skipped_regs,,,,,,0.00
1024,False,256,256,2,4,skipped_regs,,,,,,0.00
1024,False,256,256,2,5,skipped_regs,,,,,,0.00
1024,False,256,256,4,1,skipped_regs,,,,,,0.00
1024,False,256,256,4,2,skipped_regs,,,,,,0.00
1024,False,256,256,4,3,skipped_regs,,,,,,0.00
1024,False,256,256,4,4,skipped_regs,,,,,,0.00
1024,False,256,256,4,5,skipped_regs,,,,,,0.00
1024,False,256,256,8,1,ok,0.4004,21.45,255,350,65536,1.54
1024,False,256,256,8,2,ok,1.0394,8.26,128,772,98304,1.11
1024,False,256,256,8,3,out_of_smem,,,,,,1.16
1024,False,256,256,8,4,out_of_smem,,,,,,1.15
1024,False,256,256,8,5,out_of_smem,,,,,,1.18
1024,False,256,256,16,1,ok,2.7256,3.15,64,786,65536,0.58
1024,False,256,256,16,2,ok,4.5320,1.90,40,1262,98304,0.57
1024,False,256,256,16,3,out_of_smem,,,,,,0.53
1024,False,256,256,16,4,out_of_smem,,,,,,0.55
1024,False,256,256,16,5,out_of_smem,,,,,,0.54
2048,False,16,16,1,1,ok,0.7353,46.73,119,0,4096,0.39
2048,False,16,16,1,2,ok,0.9083,37.83,97,0,6144,0.42
2048,False,16,16,1,3,ok,0.8581,40.04,96,0,10240,0.25
2048,False,16,16,1,4,ok,0.8694,39.52,96,0,14336,0.17
2048,False,16,16,1,5,ok,0.8786,39.11,96,0,18432,0.18
2048,False,16,16,2,1,ok,1.0117,33.96,72,0,4608,0.13
2048,False,16,16,2,2,ok,1.0158,33.83,80,0,6656,0.14
2048,False,16,16,2,3,ok,1.0189,33.72,72,0,10752,0.14
2048,False,16,16,2,4,ok,1.0962,31.34,72,0,14848,0.15
2048,False,16,16,2,5,ok,1.1546,29.76,72,0,18944,0.15
2048,False,16,16,4,1,ok,1.5647,21.96,64,0,4608,0.12
2048,False,16,16,4,2,ok,1.5483,22.19,56,0,6656,0.13
2048,False,16,16,4,3,ok,1.5606,22.02,56,0,10752,0.00
2048,False,16,16,4,4,ok,1.6050,21.41,56,0,14848,0.14
2048,False,16,16,4,5,ok,1.6333,21.04,56,0,18944,0.14
2048,False,16,16,8,1,ok,2.9878,11.50,64,0,4608,0.12
2048,False,16,16,8,2,ok,3.0679,11.20,59,0,6656,0.13
2048,False,16,16,8,3,ok,3.0607,11.23,59,0,10752,0.13
2048,False,16,16,8,4,ok,3.0505,11.26,59,0,14848,0.13
2048,False,16,16,8,5,ok,3.0925,11.11,59,0,18944,0.13
2048,False,16,16,16,1,ok,9.1023,3.77,79,0,4608,0.12
2048,False,16,16,16,2,ok,6.4579,5.32,64,0,6656,0.12
2048,False,16,16,16,3,ok,6.4988,5.29,64,0,10752,0.14
2048,False,16,16,16,4,ok,6.4891,5.30,64,0,14848,0.14
2048,False,16,16,16,5,ok,6.5106,5.28,64,0,18944,0.14
2048,False,16,32,1,1,ok,0.7846,43.79,124,0,6144,0.19
2048,False,16,32,1,2,ok,0.8847,38.84,157,0,10240,0.19
2048,False,16,32,1,3,ok,0.8755,39.24,163,0,18432,0.21
2048,False,16,32,1,4,ok,0.9681,35.49,163,0,26624,0.24
2048,False,16,32,1,5,ok,1.4152,24.28,163,0,34816,0.24
2048,False,16,32,2,1,ok,0.8315,41.32,96,0,7168,0.17
2048,False,16,32,2,2,ok,0.9215,37.29,114,0,11264,0.16
2048,False,16,32,2,3,ok,0.9001,38.17,97,0,19456,0.17
2048,False,16,32,2,4,ok,1.0644,32.28,97,0,27648,0.18
2048,False,16,32,2,5,ok,1.4131,24.31,97,0,35840,0.20
2048,False,16,32,4,1,ok,0.9974,34.45,72,0,7168,0.13
2048,False,16,32,4,2,ok,0.9728,35.32,71,0,11264,0.14
2048,False,16,32,4,3,ok,0.9882,34.77,64,0,19456,0.16
2048,False,16,32,4,4,ok,1.1569,29.70,64,0,27648,0.15
2048,False,16,32,4,5,ok,1.4623,23.50,66,0,35840,0.16
2048,False,16,32,8,1,ok,1.6594,20.71,60,0,7168,0.15
2048,False,16,32,8,2,ok,1.6865,20.37,59,0,11264,0.15
2048,False,16,32,8,3,ok,1.6651,20.63,59,0,19456,0.15
2048,False,16,32,8,4,ok,1.7220,19.95,59,0,27648,0.15
2048,False,16,32,8,5,ok,1.9118,17.97,59,0,35840,0.21
2048,False,16,32,16,1,ok,5.0094,6.86,82,0,7168,0.18
2048,False,16,32,16,2,ok,3.5983,9.55,64,0,11264,0.18
2048,False,16,32,16,3,ok,3.5159,9.77,64,0,19456,0.14
2048,False,16,32,16,4,ok,3.6091,9.52,64,0,27648,0.15
2048,False,16,32,16,5,ok,3.5519,9.67,64,0,35840,0.14
2048,False,16,64,1,1,ok,0.7255,47.36,214,0,10240,0.26
2048,False,16,64,1,2,ok,0.8796,39.06,168,0,18432,0.24
2048,False,16,64,1,3,ok,1.3261,25.91,163,0,34816,0.28
2048,False,16,64,1,4,ok,2.6327,13.05,163,0,51200,0.32
2048,False,16,64,1,5,ok,2.6468,12.98,163,0,67584,0.38
2048,False,16,64,2,1,ok,0.8305,41.37,122,0,12288,0.19
2048,False,16,64,2,2,ok,0.8827,38.93,96,0,20480,0.21
2048,False,16,64,2,3,ok,1.0271,33.45,96,0,36864,0.23
2048,False,16,64,2,4,ok,1.9651,17.49,96,0,53248,0.22
2048,False,16,64,2,5,ok,1.9732,17.41,96,0,69632,0.23
2048,False,16,64,4,1,ok,0.8973,38.29,93,0,12288,0.16
2048,False,16,64,4,2,ok,0.8954,38.37,80,0,20480,0.15
2048,False,16,64,4,3,ok,1.0175,33.77,80,0,36864,0.17
2048,False,16,64,4,4,ok,1.6466,20.87,80,0,53248,0.17
2048,False,16,64,4,5,ok,1.6445,20.89,80,0,69632,0.19
2048,False,16,64,8,1,ok,1.0952,31.37,64,0,12288,0.13
2048,False,16,64,8,2,ok,1.0486,32.77,64,0,20480,0.14
2048,False,16,64,8,3,ok,1.1612,29.59,59,0,36864,0.14
2048,False,16,64,8,4,ok,1.7254,19.91,62,0,53248,0.15
2048,False,16,64,8,5,ok,1.7295,19.87,62,0,69632,0.16
2048,False,16,64,16,1,ok,2.0298,16.93,63,0,12288,0.12
2048,False,16,64,16,2,ok,2.0480,16.78,63,0,20480,0.13
2048,False,16,64,16,3,ok,1.9814,17.34,64,0,36864,0.14
2048,False,16,64,16,4,ok,2.4904,13.80,64,0,53248,0.15
2048,False,16,64,16,5,ok,2.4986,13.75,64,0,69632,0.15
2048,False,16,128,1,1,ok,1.0772,31.90,255,56,18432,0.40
2048,False,16,128,1,2,ok,1.8703,18.37,255,78,34816,0.45
2048,False,16,128,1,3,ok,3.5891,9.57,255,40,67584,0.50
2048,False,16,128,1,4,ok,3.7658,9.12,255,40,100352,0.58
2048,False,16,128,1,5,out_of_smem,,,,,,0.65
2048,False,16,128,2,1,ok,0.8591,39.99,209,0,22528,0.25
2048,False,16,128,2,2,ok,1.2434,27.63,248,0,38912,0.27
2048,False,16,128,2,3,ok,1.7920,19.17,252,0,71680,0.34
2048,False,16,128,2,4,out_of_smem,,,,,,0.33
2048,False,16,128,2,5,out_of_smem,,,,,,0.38
2048,False,16,128,4,1,ok,0.8980,38.26,119,0,22528,0.19
2048,False,16,128,4,2,ok,1.0404,33.03,104,0,38912,0.20
2048,False,16,128,4,3,ok,1.2227,28.10,104,0,71680,0.21
2048,False,16,128,4,4,out_of_smem,,,,,,0.23
2048,False,16,128,4,5,out_of_smem,,,,,,0.25
2048,False,16,128,8,1,ok,1.1517,29.83,111,0,22528,0.17
2048,False,16,128,8,2,ok,1.0424,32.96,93,0,38912,0.16
2048,False,16,128,8,3,ok,1.2450,27.60,80,0,71680,0.17
2048,False,16,128,8,4,out_of_smem,,,,,,0.19
2048,False,16,128,8,5,out_of_smem,,,,,,0.20
2048,False,16,128,16,1,ok,2.0491,16.77,90,0,22528,0.14
2048,False,16,128,16,2,ok,1.9543,17.58,83,0,38912,0.15
2048,False,16,128,16,3,ok,1.6620,20.67,84,0,71680,0.15
2048,False,16,128,16,4,out_of_smem,,,,,,0.17
2048,False,16,128,16,5,out_of_smem,,,,,,0.16
2048,False,16,256,1,1,ok,4.1277,8.32,255,590,34816,1.00
2048,False,16,256,1,2,ok,6.1421,5.59,255,394,67584,0.97
2048,False,16,256,1,3,out_of_smem,,,,,,1.18
2048,False,16,256,1,4,out_of_smem,,,,,,1.36
2048,False,16,256,1,5,out_of_smem,,,,,,1.68
2048,False,16,256,2,1,ok,1.4202,24.19,255,40,43008,0.42
2048,False,16,256,2,2,ok,1.9927,17.24,255,2,75776,0.47
2048,False,16,256,2,3,out_of_smem,,,,,,0.57
2048,False,16,256,2,4,out_of_smem,,,,,,0.77
2048,False,16,256,2,5,out_of_smem,,,,,,0.81
2048,False,16,256,4,1,ok,1.0988,31.27,192,0,43008,0.30
2048,False,16,256,4,2,ok,1.3865,24.78,183,0,75776,0.31
2048,False,16,256,4,3,out_of_smem,,,,,,0.38
2048,False,16,256,4,4,out_of_smem,,,,,,0.38
2048,False,16,256,4,5,out_of_smem,,,,,,0.47
2048,False,16,256,8,1,ok,1.1080,31.01,123,0,43008,0.21
2048,False,16,256,8,2,ok,1.3486,25.48,128,0,75776,0.23
2048,False,16,256,8,3,out_of_smem,,,,,,0.24
2048,False,16,256,8,4,out_of_smem,,,,,,0.28
2048,False,16,256,8,5,out_of_smem,,,,,,0.29
2048,False,16,256,16,1,ok,1.7019,20.19,99,0,43008,0.20
2048,False,16,256,16,2,ok,1.6312,21.06,83,0,75776,0.19
2048,False,16,256,16,3,out_of_smem,,,,,,0.21
2048,False,16,256,16,4,out_of_smem,,,,,,0.21
2048,False,16,256,16,5,out_of_smem,,,,,,0.22
2048,False,32,16,1,1,ok,0.6585,52.18,165,0,6144,0.28
2048,False,32,16,1,2,ok,0.6318,54.38,165,0,8192,0.30
2048,False,32,16,1,3,ok,0.6565,52.34,168,0,12288,0.31
2048,False,32,16,1,4,ok,0.7281,47.19,167,0,16384,0.30
2048,False,32,16,1,5,ok,0.7854,43.75,167,0,20480,0.30
2048,False,32,16,2,1,ok,0.8774,39.16,117,0,7168,0.21
2048,False,32,16,2,2,ok,0.7823,43.92,122,0,9216,0.26
2048,False,32,16,2,3,ok,0.7660,44.86,114,0,13312,0.26
2048,False,32,16,2,4,ok,0.8489,40.48,114,0,17408,0.22
2048,False,32,16,2,5,ok,0.9674,35.52,114,0,21504,0.25
2048,False,32,16,4,1,ok,1.3117,26.19,96,0,7168,0.18
2048,False,32,16,4,2,ok,1.2636,27.19,80,0,9216,0.17
2048,False,32,16,4,3,ok,1.2206,28.15,80,0,13312,0.17
2048,False,32,16,4,4,ok,1.2646,27.17,80,0,17408,0.19
2048,False,32,16,4,5,ok,1.3189,26.05,80,0,21504,0.19
2048,False,32,16,8,1,ok,3.0300,11.34,100,0,7168,0.17
2048,False,32,16,8,2,ok,2.8078,12.24,99,0,9216,0.18
2048,False,32,16,8,3,ok,2.5989,13.22,100,0,13312,0.17
2048,False,32,16,8,4,ok,2.5938,13.25,100,0,17408,0.17
2048,False,32,16,8,5,ok,2.5970,13.23,100,0,21504,0.18
2048,False,32,16,16,1,ok,7.0605,4.87,103,0,7168,0.15
2048,False,32,16,16,2,ok,6.7822,5.07,99,0,9216,0.15
2048,False,32,16,16,3,ok,5.8583,5.87,96,0,13312,0.17
2048,False,32,16,16,4,ok,5.9259,5.80,96,0,17408,0.17
2048,False,32,16,16,5,ok,5.9259,5.80,96,0,21504,0.17
2048,False,32,32,1,1,ok,0.6584,52.18,206,0,8192,0.27
2048,False,32,32,1,2,ok,0.6236,55.10,226,0,12288,0.28
2048,False,32,32,1,3,ok,0.6673,51.49,236,0,20480,0.29
2048,False,32,32,1,4,ok,0.8612,39.90,236,0,28672,0.31
2048,False,32,32,1,5,ok,1.2534,27.41,236,0,36864,0.32
2048,False,32,32,2,1,ok,0.7127,48.21,138,0,10240,0.20
2048,False,32,32,2,2,ok,0.6963,49.34,138,0,14336,0.22
2048,False,32,32,2,3,ok,0.7211,47.65,128,0,22528,0.23
2048,False,32,32,2,4,ok,0.8900,38.61,128,0,30720,0.22
2048,False,32,32,2,5,ok,1.0885,31.56,128,0,38912,0.24
2048,False,32,32,4,1,ok,0.9011,38.13,100,0,10240,0.18
2048,False,32,32,4,2,ok,0.7629,45.04,96,0,14336,0.18
2048,False,32,32,4,3,ok,0.7656,44.88,95,0,22528,0.17
2048,False,32,32,4,4,ok,0.8305,41.37,95,0,30720,0.18
2048,False,32,32,4,5,ok,0.9713,35.38,95,0,38912,0.18
2048,False,32,32,8,1,ok,1.6568,20.74,100,0,10240,0.16
2048,False,32,32,8,2,ok,1.5201,22.60,100,0,14336,0.15
2048,False,32,32,8,3,ok,1.4254,24.11,97,0,22528,0.17
2048,False,32,32,8,4,ok,1.3317,25.80,80,0,30720,0.17
2048,False,32,32,8,5,ok,1.4517,23.67,80,0,38912,0.17
2048,False,32,32,16,1,ok,3.7788,9.09,101,0,10240,0.15
2048,False,32,32,16,2,ok,3.7456,9.17,97,0,14336,0.15
2048,False,32,32,16,3,ok,3.3147,10.37,103,0,22528,0.15
2048,False,32,32,16,4,ok,3.2982,10.42,103,0,30720,0.15
2048,False,32,32,16,5,ok,3.2963,10.42,103,0,38912,0.17
2048,False,32,64,1,1,ok,0.6408,53.62,244,0,12288,0.37
2048,False,32,64,1,2,ok,0.7363,46.67,250,0,20480,0.36
2048,False,32,64,1,3,ok,1.1162,30.78,252,0,36864,0.54
2048,False,32,64,1,4,ok,2.1652,15.87,252,0,53248,0.45
2048,False,32,64,1,5,ok,2.1750,15.80,252,0,69632,0.65
2048,False,32,64,2,1,ok,0.6615,51.94,163,0,16384,0.29
2048,False,32,64,2,2,ok,0.6707,51.23,135,0,24576,0.35
2048,False,32,64,2,3,ok,0.8530,40.28,135,0,40960,0.32
2048,False,32,64,2,4,ok,1.6404,20.95,135,0,57344,0.35
2048,False,32,64,2,5,ok,1.6437,20.90,135,0,73728,0.30
2048,False,32,64,4,1,ok,0.7366,46.65,130,0,16384,0.20
2048,False,32,64,4,2,ok,0.6554,52.43,121,0,24576,0.23
2048,False,32,64,4,3,ok,0.7107,48.35,121,0,40960,0.22
2048,False,32,64,4,4,ok,1.1592,29.64,121,0,57344,0.22
2048,False,32,64,4,5,ok,1.1694,29.38,121,0,73728,0.25
2048,False,32,64,8,1,ok,1.0172,33.78,100,0,16384,0.25
2048,False,32,64,8,2,ok,0.9315,36.89,96,0,24576,0.21
2048,False,32,64,8,3,ok,0.8847,38.84,101,0,40960,0.22
2048,False,32,64,8,4,ok,1.2780,26.89,100,0,57344,0.23
2048,False,32,64,8,5,ok,1.2759,26.93,100,0,73728,0.23
2048,False,32,64,16,1,ok,2.2784,15.08,95,0,16384,0.21
2048,False,32,64,16,2,ok,2.1105,16.28,86,0,24576,0.18
2048,False,32,64,16,3,ok,1.9825,17.33,98,0,40960,0.21
2048,False,32,64,16,4,ok,1.9743,17.40,98,0,57344,0.18
2048,False,32,64,16,5,ok,1.9784,17.37,98,0,73728,0.22
2048,False,32,128,1,1,ok,0.9687,35.47,255,106,20480,0.72
2048,False,32,128,1,2,ok,2.6030,13.20,255,256,36864,0.78
2048,False,32,128,1,3,ok,4.1841,8.21,255,206,69632,0.90
2048,False,32,128,1,4,out_of_smem,,,,,,0.94
2048,False,32,128,1,5,out_of_smem,,,,,,1.03
2048,False,32,128,2,1,ok,0.7762,44.27,240,0,28672,0.37
2048,False,32,128,2,2,ok,0.8837,38.88,255,8,45056,0.41
2048,False,32,128,2,3,ok,1.5729,21.85,255,4,77824,0.48
2048,False,32,128,2,4,out_of_smem,,,,,,0.48
2048,False,32,128,2,5,out_of_smem,,,,,,0.58
2048,False,32,128,4,1,ok,0.6717,51.15,128,0,28672,0.26
2048,False,32,128,4,2,ok,0.7956,43.18,168,0,45056,0.28
2048,False,32,128,4,3,ok,0.9032,38.04,176,0,77824,0.33
2048,False,32,128,4,4,out_of_smem,,,,,,0.37
2048,False,32,128,4,5,out_of_smem,,,,,,0.37
2048,False,32,128,8,1,ok,0.7985,43.03,126,0,28672,0.22
2048,False,32,128,8,2,ok,0.7444,46.15,123,0,45056,0.24
2048,False,32,128,8,3,ok,0.9577,35.88,128,0,77824,0.25
2048,False,32,128,8,4,out_of_smem,,,,,,0.24
2048,False,32,128,8,5,out_of_smem,,,,,,0.26
2048,False,32,128,16,1,ok,1.5268,22.50,83,0,28672,0.21
2048,False,32,128,16,2,ok,1.4561,23.60,88,0,45056,0.23
2048,False,32,128,16,3,ok,1.3261,25.91,86,0,77824,0.22
2048,False,32,128,16,4,out_of_smem,,,,,,0.23
2048,False,32,128,16,5,out_of_smem,,,,,,0.23
2048,False,32,256,1,1,ok,4.4109,7.79,255,950,36864,1.70
2048,False,32,256,1,2,ok,7.7980,4.41,168,1190,69632,1.75
2048,False,32,256,1,3,out_of_smem,,,,,,1.94
2048,False,32,256,1,4,out_of_smem,,,,,,2.10
2048,False,32,256,1,5,out_of_smem,,,,,,2.37
2048,False,32,256,2,1,ok,1.9855,17.31,255,68,53248,0.65
2048,False,32,256,2,2,ok,2.0204,17.01,255,182,86016,0.75
2048,False,32,256,2,3,out_of_smem,,,,,,0.76
2048,False,32,256,2,4,out_of_smem,,,,,,0.88
2048,False,32,256,2,5,out_of_smem,,,,,,0.96
2048,False,32,256,4,1,ok,1.1551,29.75,210,0,53248,0.40
2048,False,32,256,4,2,ok,0.9854,34.87,255,0,86016,0.42
2048,False,32,256,4,3,out_of_smem,,,,,,0.45
2048,False,32,256,4,4,out_of_smem,,,,,,0.50
2048,False,32,256,4,5,out_of_smem,,,,,,0.53
2048,False,32,256,8,1,ok,1.0856,31.65,128,0,53248,0.29
2048,False,32,256,8,2,ok,0.9605,35.77,171,0,86016,0.29
2048,False,32,256,8,3,out_of_smem,,,,,,0.32
2048,False,32,256,8,4,out_of_smem,,,,,,0.34
2048,False,32,256,8,5,out_of_smem,,,,,,0.36
2048,False,32,256,16,1,ok,1.2904,26.63,109,0,53248,0.24
2048,False,32,256,16,2,ok,1.2667,27.13,118,0,86016,0.25
2048,False,32,256,16,3,out_of_smem,,,,,,0.25
2048,False,32,256,16,4,out_of_smem,,,,,,0.26
2048,False,32,256,16,5,out_of_smem,,,,,,0.27
2048,False,64,16,1,1,ok,0.8335,41.22,255,10,10240,0.43
2048,False,64,16,1,2,ok,0.7025,48.91,255,0,12288,0.41
2048,False,64,16,1,3,ok,0.7547,45.53,255,0,16384,0.44
2048,False,64,16,1,4,ok,0.7608,45.16,255,0,20480,0.46
2048,False,64,16,1,5,ok,0.7557,45.47,255,0,24576,0.44
2048,False,64,16,2,1,ok,0.6277,54.74,156,0,10240,0.24
2048,False,64,16,2,2,ok,0.5946,57.79,163,0,12288,0.25
2048,False,64,16,2,3,ok,0.5919,58.05,168,0,16384,0.26
2048,False,64,16,2,4,ok,0.6185,55.55,168,0,20480,0.27
2048,False,64,16,2,5,ok,0.6195,55.46,168,0,24576,0.28
2048,False,64,16,4,1,ok,0.6605,52.02,100,0,10240,0.19
2048,False,64,16,4,2,ok,0.5632,61.01,93,0,12288,0.20
2048,False,64,16,4,3,ok,0.5509,62.37,95,0,16384,0.21
2048,False,64,16,4,4,ok,0.5601,61.34,95,0,20480,0.21
2048,False,64,16,4,5,ok,0.5581,61.57,95,0,24576,0.21
2048,False,64,16,8,1,ok,1.3733,25.02,115,0,10240,0.19
2048,False,64,16,8,2,ok,1.2012,28.61,96,0,12288,0.17
2048,False,64,16,8,3,ok,1.1665,29.46,96,0,16384,0.19
2048,False,64,16,8,4,ok,1.1451,30.01,96,0,20480,0.20
2048,False,64,16,8,5,ok,1.1479,29.93,100,0,24576,0.20
2048,False,64,16,16,1,ok,3.3997,10.11,110,0,10240,0.18
2048,False,64,16,16,2,ok,2.9440,11.67,93,0,12288,0.19
2048,False,64,16,16,3,ok,2.6102,13.16,95,0,16384,0.19
2048,False,64,16,16,4,ok,2.7331,12.57,95,0,20480,0.18
2048,False,64,16,16,5,ok,2.7173,12.64,95,0,24576,0.19
2048,False,64,32,1,1,ok,0.8018,42.85,255,28,12288,0.49
2048,False,64,32,1,2,ok,0.8253,41.63,255,50,16384,0.50
2048,False,64,32,1,3,ok,0.8138,42.22,255,54,24576,0.52
2048,False,64,32,1,4,ok,1.0598,32.42,255,54,32768,0.54
2048,False,64,32,1,5,ok,1.5124,22.72,255,54,40960,0.57
2048,False,64,32,2,1,ok,0.6717,51.15,218,0,12288,0.28
2048,False,64,32,2,2,ok,0.5980,57.46,209,0,16384,0.28
2048,False,64,32,2,3,ok,0.5806,59.18,217,0,24576,0.30
2048,False,64,32,2,4,ok,0.5945,57.80,217,0,32768,0.32
2048,False,64,32,2,5,ok,0.6451,53.26,217,0,40960,0.32
2048,False,64,32,4,1,ok,0.6113,56.21,138,0,12288,0.20
2048,False,64,32,4,2,ok,0.5591,61.46,137,0,16384,0.20
2048,False,64,32,4,3,ok,0.5427,63.31,127,0,24576,0.20
2048,False,64,32,4,4,ok,0.5468,62.84,127,0,32768,0.22
2048,False,64,32,4,5,ok,0.5632,61.01,127,0,40960,0.21
2048,False,64,32,8,1,ok,1.1837,29.03,128,0,12288,0.19
2048,False,64,32,8,2,ok,1.3486,25.48,137,0,16384,0.19
2048,False,64,32,8,3,ok,1.0458,32.85,128,0,24576,0.21
2048,False,64,32,8,4,ok,1.1704,29.36,143,0,32768,0.20
2048,False,64,32,8,5,ok,1.2091,28.42,143,0,40960,0.21
2048,False,64,32,16,1,ok,2.8662,11.99,127,0,12288,0.19
2048,False,64,32,16,2,ok,2.3491,14.63,121,0,16384,0.19
2048,False,64,32,16,3,ok,2.2641,15.18,121,0,24576,0.21
2048,False,64,32,16,4,ok,2.2682,15.15,121,0,32768,0.20
2048,False,64,32,16,5,ok,2.2580,15.22,121,0,40960,0.21
2048,False,64,64,1,1,ok,1.0373,33.12,255,178,16384,0.71
2048,False,64,64,1,2,ok,1.3658,25.16,255,232,24576,0.73
2048,False,64,64,1,3,ok,2.2487,15.28,255,210,40960,0.76
2048,False,64,64,1,4,ok,3.9076,8.79,255,210,57344,0.76
2048,False,64,64,1,5,ok,3.9059,8.80,255,210,73728,0.79
2048,False,64,64,2,1,ok,0.6226,55.19,247,0,16384,0.35
2048,False,64,64,2,2,ok,0.6482,53.01,255,8,24576,0.36
2048,False,64,64,2,3,ok,0.9062,37.91,255,6,40960,0.39
2048,False,64,64,2,4,ok,1.7087,20.11,255,6,57344,0.42
2048,False,64,64,2,5,ok,1.6599,20.70,255,2,73728,0.44
2048,False,64,64,4,1,ok,0.6410,53.60,184,0,16384,0.23
2048,False,64,64,4,2,ok,0.5898,58.25,179,0,24576,0.25
2048,False,64,64,4,3,ok,0.5581,61.57,155,0,40960,0.00
2048,False,64,64,4,4,ok,0.7188,47.80,155,0,57344,0.28
2048,False,64,64,4,5,ok,0.7199,47.73,155,0,73728,0.27
2048,False,64,64,8,1,ok,1.3711,25.06,178,0,16384,0.22
2048,False,64,64,8,2,ok,1.2616,27.24,159,0,24576,0.21
2048,False,64,64,8,3,ok,1.1500,29.88,146,0,40960,0.00
2048,False,64,64,8,4,ok,1.1522,29.82,146,0,57344,0.23
2048,False,64,64,8,5,ok,1.1561,29.72,146,0,73728,0.23
2048,False,64,64,16,1,ok,2.5518,13.46,128,14,16384,0.21
2048,False,64,64,16,2,ok,2.2436,15.31,128,4,24576,0.23
2048,False,64,64,16,3,ok,2.2528,15.25,128,10,40960,0.22
2048,False,64,64,16,4,ok,2.2538,15.25,128,12,57344,0.22
2048,False,64,64,16,5,ok,2.2559,15.23,128,12,73728,0.22
2048,False,64,128,1,1,ok,1.7889,19.21,255,604,24576,1.54
2048,False,64,128,1,2,ok,3.0738,11.18,255,660,40960,1.41
2048,False,64,128,1,3,ok,4.9901,6.89,255,666,73728,1.65
2048,False,64,128,1,4,out_of_smem,,,,,,1.58
2048,False,64,128,1,5,out_of_smem,,,,,,1.67
2048,False,64,128,2,1,ok,0.6605,52.02,255,52,24576,0.64
2048,False,64,128,2,2,ok,1.3537,25.38,255,186,40960,0.63
2048,False,64,128,2,3,ok,1.9907,17.26,255,140,73728,0.80
2048,False,64,128,2,4,out_of_smem,,,,,,0.79
2048,False,64,128,2,5,out_of_smem,,,,,,0.73
2048,False,64,128,4,1,ok,0.6001,57.26,255,4,24576,0.35
2048,False,64,128,4,2,ok,0.5642,60.90,255,2,40960,0.36
2048,False,64,128,4,3,ok,0.7240,47.46,255,2,73728,0.39
2048,False,64,128,4,4,out_of_smem,,,,,,0.43
2048,False,64,128,4,5,out_of_smem,,,,,,0.52
2048,False,64,128,8,1,ok,1.3466,25.52,255,10,24576,0.32
2048,False,64,128,8,2,ok,1.1203,30.67,239,0,40960,0.32
2048,False,64,128,8,3,ok,1.0742,31.99,199,0,73728,0.35
2048,False,64,128,8,4,out_of_smem,,,,,,0.33
2048,False,64,128,8,5,out_of_smem,,,,,,0.35
2048,False,64,128,16,1,ok,3.2143,10.69,128,108,24576,0.30
2048,False,64,128,16,2,ok,2.7305,12.58,128,80,40960,0.32
2048,False,64,128,16,3,ok,2.4156,14.22,128,26,73728,0.33
2048,False,64,128,16,4,out_of_smem,,,,,,0.31
2048,False,64,128,16,5,out_of_smem,,,,,,0.33
2048,False,64,256,1,1,skipped_regs,,,,,,0.00
2048,False,64,256,1,2,skipped_regs,,,,,,0.00
2048,False,64,256,1,3,skipped_regs,,,,,,0.00
2048,False,64,256,1,4,skipped_regs,,,,,,0.00
2048,False,64,256,1,5,skipped_regs,,,,,,0.00
2048,False,64,256,2,1,ok,15.9322,2.16,40,1840,40960,1.33
2048,False,64,256,2,2,ok,12.1508,2.83,40,2590,73728,1.54
2048,False,64,256,2,3,out_of_smem,,,,,,1.61
2048,False,64,256,2,4,out_of_smem,,,,,,1.67
2048,False,64,256,2,5,out_of_smem,,,,,,1.87
2048,False,64,256,4,1,ok,0.8575,40.07,255,190,40960,0.61
2048,False,64,256,4,2,ok,1.1028,31.16,255,152,73728,0.65
2048,False,64,256,4,3,out_of_smem,,,,,,0.62
2048,False,64,256,4,4,out_of_smem,,,,,,0.67
2048,False,64,256,4,5,out_of_smem,,,,,,0.74
2048,False,64,256,8,1,ok,1.4627,23.49,255,122,40960,0.52
2048,False,64,256,8,2,ok,1.4469,23.75,255,96,73728,0.53
2048,False,64,256,8,3,out_of_smem,,,,,,0.58
2048,False,64,256,8,4,out_of_smem,,,,,,0.57
2048,False,64,256,8,5,out_of_smem,,,,,,0.59
2048,False,64,256,16,1,ok,57.0918,0.60,64,880,40960,0.53
2048,False,64,256,16,2,ok,47.9496,0.72,64,876,73728,0.58
2048,False,64,256,16,3,out_of_smem,,,,,,0.59
2048,False,64,256,16,4,out_of_smem,,,,,,0.56
2048,False,64,256,16,5,out_of_smem,,,,,,0.52
2048,False,128,16,1,1,ok,2.0523,16.74,255,296,18432,0.87
2048,False,128,16,1,2,ok,2.3863,14.40,255,262,20480,0.89
2048,False,128,16,1,3,ok,2.2784,15.08,255,240,24576,0.90
2048,False,128,16,1,4,ok,2.8012,12.27,255,240,28672,0.89
2048,False,128,16,1,5,ok,2.8037,12.26,255,240,32768,0.92
2048,False,128,16,2,1,ok,0.8521,40.32,255,2,18432,0.44
2048,False,128,16,2,2,ok,0.7096,48.42,255,0,20480,0.40
2048,False,128,16,2,3,ok,0.7281,47.19,255,0,24576,0.44
2048,False,128,16,2,4,ok,0.8817,38.97,255,0,28672,0.44
2048,False,128,16,2,5,ok,0.8806,39.02,255,0,32768,0.45
2048,False,128,16,4,1,ok,0.7311,47.00,164,0,18432,0.27
2048,False,128,16,4,2,ok,0.6799,50.54,172,0,20480,0.27
2048,False,128,16,4,3,ok,0.6625,51.86,176,0,24576,0.27
2048,False,128,16,4,4,ok,0.6676,51.46,176,0,28672,0.27
2048,False,128,16,4,5,ok,0.6656,51.62,176,0,32768,0.28
2048,False,128,16,8,1,ok,0.7660,44.86,117,0,18432,0.20
2048,False,128,16,8,2,ok,0.6492,52.92,93,0,20480,0.21
2048,False,128,16,8,3,ok,0.6093,56.39,96,0,24576,0.21
2048,False,128,16,8,4,ok,0.6085,56.47,98,0,28672,0.21
2048,False,128,16,8,5,ok,0.6113,56.21,98,0,32768,0.22
2048,False,128,16,16,1,ok,1.8489,18.58,111,0,18432,0.20
2048,False,128,16,16,2,ok,1.4776,23.25,95,0,20480,0.17
2048,False,128,16,16,3,ok,1.5205,22.60,96,0,24576,0.21
2048,False,128,16,16,4,ok,1.5104,22.75,96,0,28672,0.21
2048,False,128,16,16,5,ok,1.4505,23.69,94,0,32768,0.21
2048,False,128,32,1,1,ok,3.4899,9.85,168,640,20480,1.12
2048,False,128,32,1,2,ok,3.4048,10.09,168,656,24576,1.15
2048,False,128,32,1,3,ok,3.8218,8.99,168,644,32768,1.19
2048,False,128,32,1,4,ok,4.4493,7.72,168,644,40960,1.21
2048,False,128,32,1,5,ok,4.4303,7.76,168,644,49152,1.26
2048,False,128,32,2,1,ok,0.8513,40.36,255,56,20480,0.50
2048,False,128,32,2,2,ok,0.7455,46.09,255,38,24576,0.51
2048,False,128,32,2,3,ok,0.8827,38.93,255,54,32768,0.51
2048,False,128,32,2,4,ok,1.0197,33.70,255,54,40960,0.53
2048,False,128,32,2,5,ok,1.0199,33.69,255,54,49152,0.54
2048,False,128,32,4,1,ok,0.7085,48.49,223,0,20480,0.29
2048,False,128,32,4,2,ok,0.6547,52.48,247,0,24576,0.30
2048,False,128,32,4,3,ok,0.6542,52.52,244,0,32768,0.30
2048,False,128,32,4,4,ok,0.6554,52.43,252,0,40960,0.31
2048,False,128,32,4,5,ok,0.6574,52.27,252,0,49152,0.32
2048,False,128,32,8,1,ok,0.6246,55.01,128,0,20480,0.21
2048,False,128,32,8,2,ok,0.7281,47.19,141,0,24576,0.21
2048,False,128,32,8,3,ok,0.6246,55.01,143,0,32768,0.22
2048,False,128,32,8,4,ok,0.6304,54.50,143,0,40960,0.23
2048,False,128,32,8,5,ok,0.6277,54.74,143,0,49152,0.23
2048,False,128,32,16,1,ok,1.5462,22.22,127,0,20480,0.22
2048,False,128,32,16,2,ok,1.2964,26.50,121,0,24576,0.22
2048,False,128,32,16,3,ok,1.1735,29.28,122,0,32768,0.21
2048,False,128,32,16,4,ok,1.2037,28.54,122,0,40960,0.23
2048,False,128,32,16,5,ok,1.2042,28.53,122,0,49152,0.23
2048,False,128,64,1,1,ok,10.1702,3.38,80,1542,24576,1.75
2048,False,128,64,1,2,ok,9.5062,3.61,80,1790,32768,1.90
2048,False,128,64,1,3,ok,7.2479,4.74,80,1774,49152,1.91
2048,False,128,64,1,4,ok,12.0812,2.84,80,1774,65536,1.92
2048,False,128,64,1,5,ok,12.1098,2.84,80,1774,81920,2.08
2048,False,128,64,2,1,ok,1.2319,27.89,255,244,24576,0.71
2048,False,128,64,2,2,ok,1.2247,28.06,255,280,32768,0.70
2048,False,128,64,2,3,ok,1.3551,25.36,255,254,49152,0.71
2048,False,128,64,2,4,ok,2.5590,13.43,255,254,65536,0.72
2048,False,128,64,2,5,ok,2.5631,13.41,255,254,81920,0.75
2048,False,128,64,4,1,ok,0.6124,56.11,255,2,24576,0.37
2048,False,128,64,4,2,ok,0.6175,55.65,255,8,32768,0.37
2048,False,128,64,4,3,ok,0.6175,55.65,255,8,49152,0.00
2048,False,128,64,4,4,ok,0.8387,40.97,255,8,65536,0.41
2048,False,128,64,4,5,ok,0.8390,40.95,255,8,81920,0.41
2048,False,128,64,8,1,ok,0.7652,44.90,176,0,24576,0.25
2048,False,128,64,8,2,ok,0.6652,51.65,158,0,32768,0.24
2048,False,128,64,8,3,ok,0.5888,58.36,146,0,49152,0.00
2048,False,128,64,8,4,ok,0.5879,58.44,146,0,65536,0.27
2048,False,128,64,8,5,ok,0.5898,58.25,146,0,81920,0.28
2048,False,128,64,16,1,ok,1.3545,25.37,128,14,24576,0.23
2048,False,128,64,16,2,ok,1.2063,28.48,128,4,32768,0.25
2048,False,128,64,16,3,ok,1.1817,29.08,128,10,49152,0.25
2048,False,128,64,16,4,ok,1.1745,29.25,128,12,65536,0.26
2048,False,128,64,16,5,ok,1.1860,28.97,128,12,81920,0.26
2048,False,128,128,1,1,skipped_regs,,,,,,0.00
2048,False,128,128,1,2,skipped_regs,,,,,,0.00
2048,False,128,128,1,3,skipped_regs,,,,,,0.00
2048,False,128,128,1,4,skipped_regs,,,,,,0.00
2048,False,128,128,1,5,skipped_regs,,,,,,0.00
2048,False,128,128,2,1,ok,17.0578,2.01,40,2424,32768,1.30
2048,False,128,128,2,2,ok,14.9658,2.30,40,2332,49152,1.41
2048,False,128,128,2,3,ok,10.8165,3.18,40,2408,81920,1.44
2048,False,128,128,2,4,out_of_smem,,,,,,1.49
2048,False,128,128,2,5,out_of_smem,,,,,,1.55
2048,False,128,128,4,1,ok,0.6922,49.64,255,70,32768,0.53
2048,False,128,128,4,2,ok,0.7588,45.28,255,130,49152,0.62
2048,False,128,128,4,3,ok,1.0445,32.90,255,92,81920,0.60
2048,False,128,128,4,4,out_of_smem,,,,,,0.63
2048,False,128,128,4,5,out_of_smem,,,,,,0.64
2048,False,128,128,8,1,ok,0.7444,46.15,255,10,32768,0.33
2048,False,128,128,8,2,ok,0.6517,52.72,255,2,49152,0.00
2048,False,128,128,8,3,ok,0.6083,56.49,207,0,81920,0.34
2048,False,128,128,8,4,out_of_smem,,,,,,0.34
2048,False,128,128,8,5,out_of_smem,,,,,,0.37
2048,False,128,128,16,1,ok,1.7012,20.20,128,108,32768,0.31
2048,False,128,128,16,2,ok,1.4234,24.14,128,74,49152,0.31
2048,False,128,128,16,3,ok,1.1756,29.23,128,26,81920,0.32
2048,False,128,128,16,4,out_of_smem,,,,,,0.41
2048,False,128,128,16,5,out_of_smem,,,,,,0.33
2048,False,128,256,1,1,skipped_regs,,,,,,0.00
2048,False,128,256,1,2,skipped_regs,,,,,,0.00
2048,False,128,256,1,3,skipped_regs,,,,,,0.00
2048,False,128,256,1,4,skipped_regs,,,,,,0.00
2048,False,128,256,1,5,skipped_regs,,,,,,0.00
2048,False,128,256,2,1,skipped_regs,,,,,,0.00
2048,False,128,256,2,2,skipped_regs,,,,,,0.00
2048,False,128,256,2,3,skipped_regs,,,,,,0.00
2048,False,128,256,2,4,skipped_regs,,,,,,0.00
2048,False,128,256,2,5,skipped_regs,,,,,,0.00
2048,False,128,256,4,1,ok,1.0417,32.98,255,350,49152,1.27
2048,False,128,256,4,2,ok,1.8257,18.82,168,760,81920,1.24
2048,False,128,256,4,3,out_of_smem,,,,,,1.20
2048,False,128,256,4,4,out_of_smem,,,,,,1.22
2048,False,128,256,4,5,out_of_smem,,,,,,1.37
2048,False,128,256,8,1,ok,0.7864,43.69,255,122,49152,0.52
2048,False,128,256,8,2,ok,0.7909,43.44,255,92,81920,0.53
2048,False,128,256,8,3,out_of_smem,,,,,,0.56
2048,False,128,256,8,4,out_of_smem,,,,,,0.71
2048,False,128,256,8,5,out_of_smem,,,,,,0.63
2048,False,128,256,16,1,ok,29.0632,1.18,64,878,49152,0.53
2048,False,128,256,16,2,ok,25.7577,1.33,64,912,81920,0.53
2048,False,128,256,16,3,out_of_smem,,,,,,0.51
2048,False,128,256,16,4,out_of_smem,,,,,,0.53
2048,False,128,256,16,5,out_of_smem,,,,,,0.54
2048,False,256,16,1,1,skipped_regs,,,,,,0.00
2048,False,256,16,1,2,skipped_regs,,,,,,0.00
2048,False,256,16,1,3,skipped_regs,,,,,,0.00
2048,False,256,16,1,4,skipped_regs,,,,,,0.00
2048,False,256,16,1,5,skipped_regs,,,,,,0.00
2048,False,256,16,2,1,ok,2.7859,12.33,255,304,34816,0.88
2048,False,256,16,2,2,ok,2.6529,12.95,255,288,36864,0.90
2048,False,256,16,2,3,ok,2.5713,13.36,255,258,40960,0.89
2048,False,256,16,2,4,ok,2.5375,13.54,255,238,45056,0.87
2048,False,256,16,2,5,ok,2.5763,13.34,255,236,49152,0.94
2048,False,256,16,4,1,ok,0.8888,38.66,255,2,34816,0.41
2048,False,256,16,4,2,ok,0.7256,47.35,255,2,36864,0.46
2048,False,256,16,4,3,ok,0.7209,47.66,255,2,40960,0.53
2048,False,256,16,4,4,ok,0.7168,47.93,255,4,45056,0.43
2048,False,256,16,4,5,ok,0.7075,48.57,255,2,49152,0.43
2048,False,256,16,8,1,ok,1.0865,31.63,190,0,34816,0.26
2048,False,256,16,8,2,ok,0.8372,41.04,169,0,36864,0.25
2048,False,256,16,8,3,ok,0.7849,43.78,174,0,40960,0.26
2048,False,256,16,8,4,ok,0.7639,44.98,174,0,45056,0.26
2048,False,256,16,8,5,ok,0.7803,44.03,176,0,49152,0.29
2048,False,256,16,16,1,ok,0.9800,35.06,116,0,34816,0.28
2048,False,256,16,16,2,ok,0.8817,38.97,94,0,36864,0.18
2048,False,256,16,16,3,ok,0.7100,48.39,100,0,40960,0.21
2048,False,256,16,16,4,ok,0.6482,53.01,102,0,45056,0.22
2048,False,256,16,16,5,ok,0.6502,52.84,102,0,49152,0.20
2048,False,256,32,1,1,skipped_regs,,,,,,0.00
2048,False,256,32,1,2,skipped_regs,,,,,,0.00
2048,False,256,32,1,3,skipped_regs,,,,,,0.00
2048,False,256,32,1,4,skipped_regs,,,,,,0.00
2048,False,256,32,1,5,skipped_regs,,,,,,0.00
2048,False,256,32,2,1,ok,16.9851,2.02,40,1676,36864,1.18
2048,False,256,32,2,2,ok,15.5007,2.22,40,1590,40960,1.18
2048,False,256,32,2,3,ok,18.7935,1.83,40,1726,49152,1.19
2048,False,256,32,2,4,ok,13.5188,2.54,40,1724,57344,1.24
2048,False,256,32,2,5,ok,13.4594,2.55,40,1722,65536,1.24
2048,False,256,32,4,1,ok,0.8571,40.09,255,50,36864,0.51
2048,False,256,32,4,2,ok,0.7055,48.70,255,36,40960,0.50
2048,False,256,32,4,3,ok,0.7526,45.65,255,44,49152,0.51
2048,False,256,32,4,4,ok,1.0086,34.07,255,44,57344,0.55
2048,False,256,32,4,5,ok,1.0097,34.03,255,42,65536,0.54
2048,False,256,32,8,1,ok,0.8632,39.80,224,0,36864,0.26
2048,False,256,32,8,2,ok,0.7267,47.28,192,0,40960,0.28
2048,False,256,32,8,3,ok,0.7526,45.65,245,0,49152,0.29
2048,False,256,32,8,4,ok,0.7628,45.04,245,0,57344,0.31
2048,False,256,32,8,5,ok,0.7619,45.10,245,0,65536,0.29
2048,False,256,32,16,1,ok,0.8346,41.17,128,0,36864,0.22
2048,False,256,32,16,2,ok,0.6717,51.15,122,0,40960,0.20
2048,False,256,32,16,3,ok,0.6072,56.58,123,0,49152,0.23
2048,False,256,32,16,4,ok,0.5987,57.39,123,0,57344,0.22
2048,False,256,32,16,5,ok,0.6001,57.26,123,0,65536,0.21
2048,False,256,64,1,1,skipped_regs,,,,,,0.00
2048,False,256,64,1,2,skipped_regs,,,,,,0.00
2048,False,256,64,1,3,skipped_regs,,,,,,0.00
2048,False,256,64,1,4,skipped_regs,,,,,,0.00
2048,False,256,64,1,5,skipped_regs,,,,,,0.00
2048,False,256,64,2,1,ok,21.0565,1.63,40,2932,40960,1.93
2048,False,256,64,2,2,ok,20.0381,1.71,40,2986,49152,1.96
2048,False,256,64,2,3,ok,13.6115,2.52,40,2812,65536,1.88
2048,False,256,64,2,4,ok,14.9043,2.31,40,2808,81920,1.97
2048,False,256,64,2,5,ok,14.6487,2.35,40,2808,98304,1.98
2048,False,256,64,4,1,ok,1.2453,27.59,255,246,40960,0.68
2048,False,256,64,4,2,ok,19.6910,1.74,40,1488,49152,0.78
2048,False,256,64,4,3,ok,1.3582,25.30,255,252,65536,0.74
2048,False,256,64,4,4,ok,1.3626,25.22,255,250,81920,0.75
2048,False,256,64,4,5,ok,1.3650,25.17,255,250,98304,0.75
2048,False,256,64,8,1,ok,0.8141,42.21,255,4,40960,0.35
2048,False,256,64,8,2,ok,0.6525,52.66,255,2,49152,0.35
2048,False,256,64,8,3,ok,0.6554,52.43,255,2,65536,0.36
2048,False,256,64,8,4,ok,0.6687,51.39,255,0,81920,0.38
2048,False,256,64,8,5,ok,0.6697,51.31,255,0,98304,0.37
2048,False,256,64,16,1,ok,0.7345,46.78,128,18,40960,0.22
2048,False,256,64,16,2,ok,0.6441,53.35,128,2,49152,0.26
2048,False,256,64,16,3,ok,0.5867,58.57,128,4,65536,0.26
2048,False,256,64,16,4,ok,0.5775,59.49,128,4,81920,0.26
2048,False,256,64,16,5,ok,0.5789,59.36,128,4,98304,0.27
2048,False,256,128,1,1,skipped_regs,,,,,,0.00
2048,False,256,128,1,2,skipped_regs,,,,,,0.00
2048,False,256,128,1,3,skipped_regs,,,,,,0.00
2048,False,256,128,1,4,skipped_regs,,,,,,0.00
2048,False,256,128,1,5,skipped_regs,,,,,,0.00
2048,False,256,128,2,1,skipped_regs,,,,,,0.00
2048,False,256,128,2,2,skipped_regs,,,,,,0.00
2048,False,256,128,2,3,skipped_regs,,,,,,0.00
2048,False,256,128,2,4,skipped_regs,,,,,,0.00
2048,False,256,128,2,5,skipped_regs,,,,,,0.00
2048,False,256,128,4,1,ok,18.1484,1.89,40,2434,49152,1.28
2048,False,256,128,4,2,ok,14.9089,2.30,40,2324,65536,1.30
2048,False,256,128,4,3,ok,1.5770,21.79,255,680,98304,1.26
2048,False,256,128,4,4,out_of_smem,,,,,,1.28
2048,False,256,128,4,5,out_of_smem,,,,,,1.28
2048,False,256,128,8,1,ok,0.8079,42.53,255,80,49152,0.53
2048,False,256,128,8,2,ok,0.7885,43.58,255,84,65536,0.55
2048,False,256,128,8,3,ok,0.7627,45.05,255,58,98304,0.67
2048,False,256,128,8,4,out_of_smem,,,,,,0.71
2048,False,256,128,8,5,out_of_smem,,,,,,0.73
2048,False,256,128,16,1,ok,0.8453,40.65,128,106,49152,0.32
2048,False,256,128,16,2,ok,0.7444,46.15,128,78,65536,0.35
2048,False,256,128,16,3,ok,0.6175,55.65,128,26,98304,0.36
2048,False,256,128,16,4,out_of_smem,,,,,,0.36
2048,False,256,128,16,5,out_of_smem,,,,,,0.36
2048,False,256,256,1,1,skipped_regs,,,,,,0.00
2048,False,256,256,1,2,skipped_regs,,,,,,0.00
2048,False,256,256,1,3,skipped_regs,,,,,,0.00
2048,False,256,256,1,4,skipped_regs,,,,,,0.00
2048,False,256,256,1,5,skipped_regs,,,,,,0.00
2048,False,256,256,2,1,skipped_regs,,,,,,0.00
2048,False,256,256,2,2,skipped_regs,,,,,,0.00
2048,False,256,256,2,3,skipped_regs,,,,,,0.00
2048,False,256,256,2,4,skipped_regs,,,,,,0.00
2048,False,256,256,2,5,skipped_regs,,,,,,0.00
2048,False,256,256,4,1,skipped_regs,,,,,,0.00
2048,False,256,256,4,2,skipped_regs,,,,,,0.00
2048,False,256,256,4,3,skipped_regs,,,,,,0.00
2048,False,256,256,4,4,skipped_regs,,,,,,0.00
2048,False,256,256,4,5,skipped_regs,,,,,,0.00
2048,False,256,256,8,1,ok,1.1090,30.98,255,350,65536,1.54
2048,False,256,256,8,2,ok,4.1364,8.31,128,772,98304,1.11
2048,False,256,256,8,3,out_of_smem,,,,,,1.16
2048,False,256,256,8,4,out_of_smem,,,,,,1.15
2048,False,256,256,8,5,out_of_smem,,,,,,1.18
2048,False,256,256,16,1,ok,11.7064,2.94,64,786,65536,0.58
2048,False,256,256,16,2,ok,19.9624,1.72,40,1262,98304,0.57
2048,False,256,256,16,3,out_of_smem,,,,,,0.53
2048,False,256,256,16,4,out_of_smem,,,,,,0.55
2048,False,256,256,16,5,out_of_smem,,,,,,0.54
4096,False,16,16,1,1,ok,2.8923,47.52,119,0,4096,0.39
4096,False,16,16,1,2,ok,3.5391,38.83,97,0,6144,0.42
4096,False,16,16,1,3,ok,3.6505,37.65,96,0,10240,0.25
4096,False,16,16,1,4,ok,3.6219,37.95,96,0,14336,0.17
4096,False,16,16,1,5,ok,4.2347,32.46,96,0,18432,0.18
4096,False,16,16,2,1,ok,5.0903,27.00,72,0,4608,0.13
4096,False,16,16,2,2,ok,4.1416,33.19,80,0,6656,0.14
4096,False,16,16,2,3,ok,4.0255,34.14,72,0,10752,0.14
4096,False,16,16,2,4,ok,4.3228,31.79,72,0,14848,0.15
4096,False,16,16,2,5,ok,4.6264,29.71,72,0,18944,0.15
4096,False,16,16,4,1,ok,6.0667,22.65,64,0,4608,0.12
4096,False,16,16,4,2,ok,6.3775,21.55,56,0,6656,0.13
4096,False,16,16,4,3,ok,6.3079,21.79,56,0,10752,0.00
4096,False,16,16,4,4,ok,6.4870,21.19,56,0,14848,0.14
4096,False,16,16,4,5,ok,6.5910,20.85,56,0,18944,0.14
4096,False,16,16,8,1,ok,11.7955,11.65,64,0,4608,0.12
4096,False,16,16,8,2,ok,12.1887,11.28,59,0,6656,0.13
4096,False,16,16,8,3,ok,12.2153,11.25,59,0,10752,0.13
4096,False,16,16,8,4,ok,12.3300,11.15,59,0,14848,0.13
4096,False,16,16,8,5,ok,12.5460,10.95,59,0,18944,0.13
4096,False,16,16,16,1,ok,35.8072,3.84,79,0,4608,0.12
4096,False,16,16,16,2,ok,27.9542,4.92,64,0,6656,0.12
4096,False,16,16,16,3,ok,24.9979,5.50,64,0,10752,0.14
4096,False,16,16,16,4,ok,25.2039,5.45,64,0,14848,0.14
4096,False,16,16,16,5,ok,25.2805,5.44,64,0,18944,0.14
4096,False,16,32,1,1,ok,3.3096,41.53,124,0,6144,0.19
4096,False,16,32,1,2,ok,3.5052,39.21,157,0,10240,0.19
4096,False,16,32,1,3,ok,3.4734,39.57,163,0,18432,0.21
4096,False,16,32,1,4,ok,3.8521,35.68,163,0,26624,0.24
4096,False,16,32,1,5,ok,5.5429,24.80,163,0,34816,0.24
4096,False,16,32,2,1,ok,3.4205,40.18,96,0,7168,0.17
4096,False,16,32,2,2,ok,3.6252,37.91,114,0,11264,0.16
4096,False,16,32,2,3,ok,3.6122,38.05,97,0,19456,0.17
4096,False,16,32,2,4,ok,4.2650,32.23,97,0,27648,0.18
4096,False,16,32,2,5,ok,5.5399,24.81,97,0,35840,0.20
4096,False,16,32,4,1,ok,4.1523,33.10,72,0,7168,0.13
4096,False,16,32,4,2,ok,3.9439,34.85,71,0,11264,0.14
4096,False,16,32,4,3,ok,4.0540,33.90,64,0,19456,0.16
4096,False,16,32,4,4,ok,4.6620,29.48,64,0,27648,0.15
4096,False,16,32,4,5,ok,5.7907,23.73,66,0,35840,0.16
4096,False,16,32,8,1,ok,6.6714,20.60,60,0,7168,0.15
4096,False,16,32,8,2,ok,6.6836,20.56,59,0,11264,0.15
4096,False,16,32,8,3,ok,6.6058,20.81,59,0,19456,0.15
4096,False,16,32,8,4,ok,6.8649,20.02,59,0,27648,0.15
4096,False,16,32,8,5,ok,7.6247,18.03,59,0,35840,0.21
4096,False,16,32,16,1,ok,19.5879,7.02,82,0,7168,0.18
4096,False,16,32,16,2,ok,14.1793,9.69,64,0,11264,0.18
4096,False,16,32,16,3,ok,14.0421,9.79,64,0,19456,0.14
4096,False,16,32,16,4,ok,13.9663,9.84,64,0,27648,0.15
4096,False,16,32,16,5,ok,14.2471,9.65,64,0,35840,0.14
4096,False,16,64,1,1,ok,3.1032,44.29,214,0,10240,0.26
4096,False,16,64,1,2,ok,3.5318,38.91,168,0,18432,0.24
4096,False,16,64,1,3,ok,5.1886,26.49,163,0,34816,0.28
4096,False,16,64,1,4,ok,10.2666,13.39,163,0,51200,0.32
4096,False,16,64,1,5,ok,10.2830,13.37,163,0,67584,0.38
4096,False,16,64,2,1,ok,3.5072,39.19,122,0,12288,0.19
4096,False,16,64,2,2,ok,3.5738,38.46,96,0,20480,0.21
4096,False,16,64,2,3,ok,4.0694,33.77,96,0,36864,0.23
4096,False,16,64,2,4,ok,7.6831,17.89,96,0,53248,0.22
4096,False,16,64,2,5,ok,7.6995,17.85,96,0,69632,0.23
4096,False,16,64,4,1,ok,3.6808,37.34,93,0,12288,0.16
4096,False,16,64,4,2,ok,3.6045,38.13,80,0,20480,0.15
4096,False,16,64,4,3,ok,4.0694,33.77,80,0,36864,0.17
4096,False,16,64,4,4,ok,6.3830,21.53,80,0,53248,0.17
4096,False,16,64,4,5,ok,6.3928,21.50,80,0,69632,0.19
4096,False,16,64,8,1,ok,4.4516,30.87,64,0,12288,0.13
4096,False,16,64,8,2,ok,4.2281,32.51,64,0,20480,0.14
4096,False,16,64,8,3,ok,4.7101,29.18,59,0,36864,0.14
4096,False,16,64,8,4,ok,6.7236,20.44,62,0,53248,0.15
4096,False,16,64,8,5,ok,6.7308,20.42,62,0,69632,0.16
4096,False,16,64,16,1,ok,8.1756,16.81,63,0,12288,0.12
4096,False,16,64,16,2,ok,8.1080,16.95,63,0,20480,0.13
4096,False,16,64,16,3,ok,7.9718,17.24,64,0,36864,0.14
4096,False,16,64,16,4,ok,9.7236,14.13,64,0,53248,0.15
4096,False,16,64,16,5,ok,9.7699,14.07,64,0,69632,0.15
4096,False,16,128,1,1,ok,4.3801,31.38,255,56,18432,0.40
4096,False,16,128,1,2,ok,7.1564,19.21,255,78,34816,0.45
4096,False,16,128,1,3,ok,14.3053,9.61,255,40,67584,0.50
4096,False,16,128,1,4,ok,13.8598,9.92,255,40,100352,0.58
4096,False,16,128,1,5,out_of_smem,,,,,,0.65
4096,False,16,128,2,1,ok,3.4499,39.84,209,0,22528,0.25
4096,False,16,128,2,2,ok,4.8829,28.15,248,0,38912,0.27
4096,False,16,128,2,3,ok,6.9509,19.77,252,0,71680,0.34
4096,False,16,128,2,4,out_of_smem,,,,,,0.33
4096,False,16,128,2,5,out_of_smem,,,,,,0.38
4096,False,16,128,4,1,ok,3.6905,37.24,119,0,22528,0.19
4096,False,16,128,4,2,ok,4.0891,33.61,104,0,38912,0.20
4096,False,16,128,4,3,ok,4.7388,29.00,104,0,71680,0.21
4096,False,16,128,4,4,out_of_smem,,,,,,0.23
4096,False,16,128,4,5,out_of_smem,,,,,,0.25
4096,False,16,128,8,1,ok,4.3750,31.41,111,0,22528,0.17
4096,False,16,128,8,2,ok,4.0404,34.02,93,0,38912,0.16
4096,False,16,128,8,3,ok,4.9409,27.82,80,0,71680,0.17
4096,False,16,128,8,4,out_of_smem,,,,,,0.19
4096,False,16,128,8,5,out_of_smem,,,,,,0.20
4096,False,16,128,16,1,ok,7.9852,17.21,90,0,22528,0.14
4096,False,16,128,16,2,ok,7.6120,18.06,83,0,38912,0.15
4096,False,16,128,16,3,ok,6.5526,20.97,84,0,71680,0.15
4096,False,16,128,16,4,out_of_smem,,,,,,0.17
4096,False,16,128,16,5,out_of_smem,,,,,,0.16
4096,False,16,256,1,1,ok,14.9304,9.21,255,590,34816,1.00
4096,False,16,256,1,2,ok,23.0034,5.97,255,394,67584,0.97
4096,False,16,256,1,3,out_of_smem,,,,,,1.18
4096,False,16,256,1,4,out_of_smem,,,,,,1.36
4096,False,16,256,1,5,out_of_smem,,,,,,1.68
4096,False,16,256,2,1,ok,5.5537,24.75,255,40,43008,0.42
4096,False,16,256,2,2,ok,7.7061,17.84,255,2,75776,0.47
4096,False,16,256,2,3,out_of_smem,,,,,,0.57
4096,False,16,256,2,4,out_of_smem,,,,,,0.77
4096,False,16,256,2,5,out_of_smem,,,,,,0.81
4096,False,16,256,4,1,ok,4.4288,31.03,192,0,43008,0.30
4096,False,16,256,4,2,ok,5.3151,25.86,183,0,75776,0.31
4096,False,16,256,4,3,out_of_smem,,,,,,0.38
4096,False,16,256,4,4,out_of_smem,,,,,,0.38
4096,False,16,256,4,5,out_of_smem,,,,,,0.47
4096,False,16,256,8,1,ok,4.4132,31.14,123,0,43008,0.21
4096,False,16,256,8,2,ok,5.6745,24.22,128,0,75776,0.23
4096,False,16,256,8,3,out_of_smem,,,,,,0.24
4096,False,16,256,8,4,out_of_smem,,,,,,0.28
4096,False,16,256,8,5,out_of_smem,,,,,,0.29
4096,False,16,256,16,1,ok,7.3495,18.70,99,0,43008,0.20
4096,False,16,256,16,2,ok,6.6806,20.57,83,0,75776,0.19
4096,False,16,256,16,3,out_of_smem,,,,,,0.21
4096,False,16,256,16,4,out_of_smem,,,,,,0.21
4096,False,16,256,16,5,out_of_smem,,,,,,0.22
4096,False,32,16,1,1,ok,2.4996,54.98,165,0,6144,0.28
4096,False,32,16,1,2,ok,2.4852,55.30,165,0,8192,0.30
4096,False,32,16,1,3,ok,2.6419,52.02,168,0,12288,0.31
4096,False,32,16,1,4,ok,2.8621,48.02,167,0,16384,0.30
4096,False,32,16,1,5,ok,3.0291,45.37,167,0,20480,0.30
4096,False,32,16,2,1,ok,3.3531,40.99,117,0,7168,0.21
4096,False,32,16,2,2,ok,3.1355,43.83,122,0,9216,0.26
4096,False,32,16,2,3,ok,3.1150,44.12,114,0,13312,0.26
4096,False,32,16,2,4,ok,3.3843,40.61,114,0,17408,0.22
4096,False,32,16,2,5,ok,3.7617,36.54,114,0,21504,0.25
4096,False,32,16,4,1,ok,5.0514,27.21,96,0,7168,0.18
4096,False,32,16,4,2,ok,5.0115,27.42,80,0,9216,0.17
4096,False,32,16,4,3,ok,4.9582,27.72,80,0,13312,0.17
4096,False,32,16,4,4,ok,5.1098,26.90,80,0,17408,0.19
4096,False,32,16,4,5,ok,5.3023,25.92,80,0,21504,0.19
4096,False,32,16,8,1,ok,11.7734,11.67,100,0,7168,0.17
4096,False,32,16,8,2,ok,10.9706,12.53,99,0,9216,0.18
4096,False,32,16,8,3,ok,10.4005,13.21,100,0,13312,0.17
4096,False,32,16,8,4,ok,10.3997,13.22,100,0,17408,0.17
4096,False,32,16,8,5,ok,10.5836,12.99,100,0,21504,0.18
4096,False,32,16,16,1,ok,26.8452,5.12,103,0,7168,0.15
4096,False,32,16,16,2,ok,26.4837,5.19,99,0,9216,0.15
4096,False,32,16,16,3,ok,26.5636,5.17,96,0,13312,0.17
4096,False,32,16,16,4,ok,23.6104,5.82,96,0,17408,0.17
4096,False,32,16,16,5,ok,25.4833,5.39,96,0,21504,0.17
4096,False,32,32,1,1,ok,2.6747,51.39,206,0,8192,0.27
4096,False,32,32,1,2,ok,2.4320,56.51,226,0,12288,0.28
4096,False,32,32,1,3,ok,2.5713,53.45,236,0,20480,0.29
4096,False,32,32,1,4,ok,3.4847,39.44,236,0,28672,0.31
4096,False,32,32,1,5,ok,4.8364,28.42,236,0,36864,0.32
4096,False,32,32,2,1,ok,2.8150,48.82,138,0,10240,0.20
4096,False,32,32,2,2,ok,2.7320,50.31,138,0,14336,0.22
4096,False,32,32,2,3,ok,2.8646,47.98,128,0,22528,0.23
4096,False,32,32,2,4,ok,3.5003,39.26,128,0,30720,0.22
4096,False,32,32,2,5,ok,4.2065,32.67,128,0,38912,0.24
4096,False,32,32,4,1,ok,3.4898,39.38,100,0,10240,0.18
4096,False,32,32,4,2,ok,3.0997,44.34,96,0,14336,0.18
4096,False,32,32,4,3,ok,3.1416,43.75,95,0,22528,0.17
4096,False,32,32,4,4,ok,3.3608,40.90,95,0,30720,0.18
4096,False,32,32,4,5,ok,3.8528,35.67,95,0,38912,0.18
4096,False,32,32,8,1,ok,6.4481,21.31,100,0,10240,0.16
4096,False,32,32,8,2,ok,5.9320,23.17,100,0,14336,0.15
4096,False,32,32,8,3,ok,5.7254,24.01,97,0,22528,0.17
4096,False,32,32,8,4,ok,5.3857,25.52,80,0,30720,0.17
4096,False,32,32,8,5,ok,5.8399,23.53,80,0,38912,0.17
4096,False,32,32,16,1,ok,14.3823,9.56,101,0,10240,0.15
4096,False,32,32,16,2,ok,14.5792,9.43,97,0,14336,0.15
4096,False,32,32,16,3,ok,13.1564,10.45,103,0,22528,0.15
4096,False,32,32,16,4,ok,13.1341,10.46,103,0,30720,0.15
4096,False,32,32,16,5,ok,14.6647,9.37,103,0,38912,0.17
4096,False,32,64,1,1,ok,2.5457,53.99,244,0,12288,0.37
4096,False,32,64,1,2,ok,2.9414,46.73,250,0,20480,0.36
4096,False,32,64,1,3,ok,4.3039,31.93,252,0,36864,0.54
4096,False,32,64,1,4,ok,8.5376,16.10,252,0,53248,0.45
4096,False,32,64,1,5,ok,8.5617,16.05,252,0,69632,0.65
4096,False,32,64,2,1,ok,2.6296,52.27,163,0,16384,0.29
4096,False,32,64,2,2,ok,2.6419,52.02,135,0,24576,0.35
4096,False,32,64,2,3,ok,3.3260,41.32,135,0,40960,0.32
4096,False,32,64,2,4,ok,7.0697,19.44,135,0,57344,0.35
4096,False,32,64,2,5,ok,6.6621,20.63,135,0,73728,0.30
4096,False,32,64,4,1,ok,3.0216,45.49,130,0,16384,0.20
4096,False,32,64,4,2,ok,2.8160,48.81,121,0,24576,0.23
4096,False,32,64,4,3,ok,2.9804,46.12,121,0,40960,0.22
4096,False,32,64,4,4,ok,4.5210,30.40,121,0,57344,0.22
4096,False,32,64,4,5,ok,4.7411,28.99,121,0,73728,0.25
4096,False,32,64,8,1,ok,3.9567,34.74,100,0,16384,0.25
4096,False,32,64,8,2,ok,4.0724,33.75,96,0,24576,0.21
4096,False,32,64,8,3,ok,3.7632,36.52,101,0,40960,0.22
4096,False,32,64,8,4,ok,5.2192,26.33,100,0,57344,0.23
4096,False,32,64,8,5,ok,4.9869,27.56,100,0,73728,0.23
4096,False,32,64,16,1,ok,8.7511,15.71,95,0,16384,0.21
4096,False,32,64,16,2,ok,8.1777,16.81,86,0,24576,0.18
4096,False,32,64,16,3,ok,8.4388,16.29,98,0,40960,0.21
4096,False,32,64,16,4,ok,7.7814,17.66,98,0,57344,0.18
4096,False,32,64,16,5,ok,7.8039,17.61,98,0,73728,0.22
4096,False,32,128,1,1,ok,3.6604,37.55,255,106,20480,0.72
4096,False,32,128,1,2,ok,10.1571,13.53,255,256,36864,0.78
4096,False,32,128,1,3,ok,16.1792,8.49,255,206,69632,0.90
4096,False,32,128,1,4,out_of_smem,,,,,,0.94
4096,False,32,128,1,5,out_of_smem,,,,,,1.03
4096,False,32,128,2,1,ok,3.2041,42.89,240,0,28672,0.37
4096,False,32,128,2,2,ok,3.7130,37.02,255,8,45056,0.41
4096,False,32,128,2,3,ok,6.5065,21.12,255,4,77824,0.48
4096,False,32,128,2,4,out_of_smem,,,,,,0.48
4096,False,32,128,2,5,out_of_smem,,,,,,0.58
4096,False,32,128,4,1,ok,2.7095,50.72,128,0,28672,0.26
4096,False,32,128,4,2,ok,3.1293,43.92,168,0,45056,0.28
4096,False,32,128,4,3,ok,3.4877,39.41,176,0,77824,0.33
4096,False,32,128,4,4,out_of_smem,,,,,,0.37
4096,False,32,128,4,5,out_of_smem,,,,,,0.37
4096,False,32,128,8,1,ok,3.4007,40.41,126,0,28672,0.22
4096,False,32,128,8,2,ok,3.2614,42.14,123,0,45056,0.24
4096,False,32,128,8,3,ok,3.7376,36.77,128,0,77824,0.25
4096,False,32,128,8,4,out_of_smem,,,,,,0.24
4096,False,32,128,8,5,out_of_smem,,,,,,0.26
4096,False,32,128,16,1,ok,5.8958,23.31,83,0,28672,0.21
4096,False,32,128,16,2,ok,5.8633,23.44,88,0,45056,0.23
4096,False,32,128,16,3,ok,5.2934,25.96,86,0,77824,0.22
4096,False,32,128,16,4,out_of_smem,,,,,,0.23
4096,False,32,128,16,5,out_of_smem,,,,,,0.23
4096,False,32,256,1,1,ok,15.8300,8.68,255,950,36864,1.70
4096,False,32,256,1,2,ok,31.3548,4.38,168,1190,69632,1.75
4096,False,32,256,1,3,out_of_smem,,,,,,1.94
4096,False,32,256,1,4,out_of_smem,,,,,,2.10
4096,False,32,256,1,5,out_of_smem,,,,,,2.37
4096,False,32,256,2,1,ok,7.7076,17.83,255,68,53248,0.65
4096,False,32,256,2,2,ok,7.8653,17.47,255,182,86016,0.75
4096,False,32,256,2,3,out_of_smem,,,,,,0.76
4096,False,32,256,2,4,out_of_smem,,,,,,0.88
4096,False,32,256,2,5,out_of_smem,,,,,,0.96
4096,False,32,256,4,1,ok,4.4184,31.11,210,0,53248,0.40
4096,False,32,256,4,2,ok,3.7622,36.53,255,0,86016,0.42
4096,False,32,256,4,3,out_of_smem,,,,,,0.45
4096,False,32,256,4,4,out_of_smem,,,,,,0.50
4096,False,32,256,4,5,out_of_smem,,,,,,0.53
4096,False,32,256,8,1,ok,4.3510,31.59,128,0,53248,0.29
4096,False,32,256,8,2,ok,3.6649,37.50,171,0,86016,0.29
4096,False,32,256,8,3,out_of_smem,,,,,,0.32
4096,False,32,256,8,4,out_of_smem,,,,,,0.34
4096,False,32,256,8,5,out_of_smem,,,,,,0.36
4096,False,32,256,16,1,ok,4.9935,27.52,109,0,53248,0.24
4096,False,32,256,16,2,ok,4.9183,27.94,118,0,86016,0.25
4096,False,32,256,16,3,out_of_smem,,,,,,0.25
4096,False,32,256,16,4,out_of_smem,,,,,,0.26
4096,False,32,256,16,5,out_of_smem,,,,,,0.27
4096,False,64,16,1,1,ok,2.7832,49.38,255,10,10240,0.43
4096,False,64,16,1,2,ok,2.5641,53.60,255,0,12288,0.41
4096,False,64,16,1,3,ok,2.7986,49.11,255,0,16384,0.44
4096,False,64,16,1,4,ok,2.9788,46.14,255,0,20480,0.46
4096,False,64,16,1,5,ok,2.9554,46.50,255,0,24576,0.44
4096,False,64,16,2,1,ok,2.3450,58.61,156,0,10240,0.24
4096,False,64,16,2,2,ok,2.2732,60.46,163,0,12288,0.25
4096,False,64,16,2,3,ok,2.2825,60.21,168,0,16384,0.26
4096,False,64,16,2,4,ok,2.3697,58.00,168,0,20480,0.27
4096,False,64,16,2,5,ok,2.4161,56.88,168,0,24576,0.28
4096,False,64,16,4,1,ok,2.4504,56.09,100,0,10240,0.19
4096,False,64,16,4,2,ok,2.2139,62.08,93,0,12288,0.20
4096,False,64,16,4,3,ok,2.1832,62.95,95,0,16384,0.21
4096,False,64,16,4,4,ok,2.4018,57.22,95,0,20480,0.21
4096,False,64,16,4,5,ok,2.3777,57.80,95,0,24576,0.21
4096,False,64,16,8,1,ok,5.4089,25.41,115,0,10240,0.19
4096,False,64,16,8,2,ok,4.7270,29.08,96,0,12288,0.17
4096,False,64,16,8,3,ok,4.6223,29.73,96,0,16384,0.19
4096,False,64,16,8,4,ok,4.5983,29.89,96,0,20480,0.20
4096,False,64,16,8,5,ok,4.5740,30.05,100,0,24576,0.20
4096,False,64,16,16,1,ok,13.0888,10.50,110,0,10240,0.18
4096,False,64,16,16,2,ok,11.4033,12.05,93,0,12288,0.19
4096,False,64,16,16,3,ok,10.4965,13.09,95,0,16384,0.19
4096,False,64,16,16,4,ok,10.6338,12.92,95,0,20480,0.18
4096,False,64,16,16,5,ok,10.6358,12.92,95,0,24576,0.19
4096,False,64,32,1,1,ok,2.9501,46.59,255,28,12288,0.49
4096,False,64,32,1,2,ok,3.0198,45.51,255,50,16384,0.50
4096,False,64,32,1,3,ok,3.1724,43.32,255,54,24576,0.52
4096,False,64,32,1,4,ok,3.9025,35.22,255,54,32768,0.54
4096,False,64,32,1,5,ok,5.7088,24.07,255,54,40960,0.57
4096,False,64,32,2,1,ok,2.5032,54.91,218,0,12288,0.28
4096,False,64,32,2,2,ok,2.2492,61.10,209,0,16384,0.28
4096,False,64,32,2,3,ok,2.2313,61.60,217,0,24576,0.30
4096,False,64,32,2,4,ok,2.2968,59.84,217,0,32768,0.32
4096,False,64,32,2,5,ok,2.4330,56.49,217,0,40960,0.32
4096,False,64,32,4,1,ok,2.3747,57.88,138,0,12288,0.20
4096,False,64,32,4,2,ok,2.2272,61.71,137,0,16384,0.20
4096,False,64,32,4,3,ok,2.1658,63.46,127,0,24576,0.20
4096,False,64,32,4,4,ok,2.1883,62.81,127,0,32768,0.22
4096,False,64,32,4,5,ok,2.2205,61.89,127,0,40960,0.21
4096,False,64,32,8,1,ok,4.6705,29.43,128,0,12288,0.19
4096,False,64,32,8,2,ok,5.0744,27.08,137,0,16384,0.19
4096,False,64,32,8,3,ok,4.2194,32.57,128,0,24576,0.21
4096,False,64,32,8,4,ok,4.8036,28.61,143,0,32768,0.20
4096,False,64,32,8,5,ok,4.7326,29.04,143,0,40960,0.21
4096,False,64,32,16,1,ok,11.0879,12.40,127,0,12288,0.19
4096,False,64,32,16,2,ok,9.0957,15.11,121,0,16384,0.19
4096,False,64,32,16,3,ok,9.2831,14.81,121,0,24576,0.21
4096,False,64,32,16,4,ok,8.8879,15.46,121,0,32768,0.20
4096,False,64,32,16,5,ok,9.5043,14.46,121,0,40960,0.21
4096,False,64,64,1,1,ok,4.1093,33.45,255,178,16384,0.71
4096,False,64,64,1,2,ok,5.1630,26.62,255,232,24576,0.73
4096,False,64,64,1,3,ok,8.4347,16.29,255,210,40960,0.76
4096,False,64,64,1,4,ok,15.6471,8.78,255,210,57344,0.76
4096,False,64,64,1,5,ok,15.1593,9.07,255,210,73728,0.79
4096,False,64,64,2,1,ok,2.3224,59.18,247,0,16384,0.35
4096,False,64,64,2,2,ok,2.4033,57.19,255,8,24576,0.36
4096,False,64,64,2,3,ok,3.3946,40.49,255,6,40960,0.39
4096,False,64,64,2,4,ok,6.5782,20.89,255,6,57344,0.42
4096,False,64,64,2,5,ok,6.3775,21.55,255,2,73728,0.44
4096,False,64,64,4,1,ok,2.4218,56.75,184,0,16384,0.23
4096,False,64,64,4,2,ok,2.2835,60.19,179,0,24576,0.25
4096,False,64,64,4,3,ok,2.1976,62.54,155,0,40960,0.00
4096,False,64,64,4,4,ok,2.7525,49.93,155,0,57344,0.28
4096,False,64,64,4,5,ok,2.7525,49.93,155,0,73728,0.27
4096,False,64,64,8,1,ok,5.2332,26.26,178,0,16384,0.22
4096,False,64,64,8,2,ok,4.8404,28.39,159,0,24576,0.21
4096,False,64,64,8,3,ok,4.4723,30.73,146,0,40960,0.00
4096,False,64,64,8,4,ok,4.4660,30.77,146,0,57344,0.23
4096,False,64,64,8,5,ok,4.4626,30.80,146,0,73728,0.23
4096,False,64,64,16,1,ok,10.8104,12.71,128,14,16384,0.21
4096,False,64,64,16,2,ok,8.6860,15.82,128,4,24576,0.23
4096,False,64,64,16,3,ok,8.8033,15.61,128,10,40960,0.22
4096,False,64,64,16,4,ok,8.7885,15.64,128,12,57344,0.22
4096,False,64,64,16,5,ok,8.9160,15.41,128,12,73728,0.22
4096,False,64,128,1,1,ok,7.0180,19.58,255,604,24576,1.54
4096,False,64,128,1,2,ok,11.4163,12.04,255,660,40960,1.41
4096,False,64,128,1,3,ok,19.7304,6.97,255,666,73728,1.65
4096,False,64,128,1,4,out_of_smem,,,,,,1.58
4096,False,64,128,1,5,out_of_smem,,,,,,1.67
4096,False,64,128,2,1,ok,2.4873,55.26,255,52,24576,0.64
4096,False,64,128,2,2,ok,4.9101,27.99,255,186,40960,0.63
4096,False,64,128,2,3,ok,7.6718,17.91,255,140,73728,0.80
4096,False,64,128,2,4,out_of_smem,,,,,,0.79
4096,False,64,128,2,5,out_of_smem,,,,,,0.73
4096,False,64,128,4,1,ok,2.3244,59.13,255,4,24576,0.35
4096,False,64,128,4,2,ok,2.2067,62.28,255,2,40960,0.36
4096,False,64,128,4,3,ok,2.7671,49.67,255,2,73728,0.39
4096,False,64,128,4,4,out_of_smem,,,,,,0.43
4096,False,64,128,4,5,out_of_smem,,,,,,0.52
4096,False,64,128,8,1,ok,5.3596,25.64,255,10,24576,0.32
4096,False,64,128,8,2,ok,4.4099,31.17,239,0,40960,0.32
4096,False,64,128,8,3,ok,4.1697,32.96,199,0,73728,0.35
4096,False,64,128,8,4,out_of_smem,,,,,,0.33
4096,False,64,128,8,5,out_of_smem,,,,,,0.35
4096,False,64,128,16,1,ok,12.5104,10.99,128,108,24576,0.30
4096,False,64,128,16,2,ok,11.3106,12.15,128,80,40960,0.32
4096,False,64,128,16,3,ok,9.3030,14.77,128,26,73728,0.33
4096,False,64,128,16,4,out_of_smem,,,,,,0.31
4096,False,64,128,16,5,out_of_smem,,,,,,0.33
4096,False,64,256,1,1,skipped_regs,,,,,,0.00
4096,False,64,256,1,2,skipped_regs,,,,,,0.00
4096,False,64,256,1,3,skipped_regs,,,,,,0.00
4096,False,64,256,1,4,skipped_regs,,,,,,0.00
4096,False,64,256,1,5,skipped_regs,,,,,,0.00
4096,False,64,256,2,1,ok,61.7544,2.23,40,1840,40960,1.33
4096,False,64,256,2,2,ok,46.3370,2.97,40,2590,73728,1.54
4096,False,64,256,2,3,out_of_smem,,,,,,1.61
4096,False,64,256,2,4,out_of_smem,,,,,,1.67
4096,False,64,256,2,5,out_of_smem,,,,,,1.87
4096,False,64,256,4,1,ok,3.3485,41.05,255,190,40960,0.61
4096,False,64,256,4,2,ok,4.1160,33.39,255,152,73728,0.65
4096,False,64,256,4,3,out_of_smem,,,,,,0.62
4096,False,64,256,4,4,out_of_smem,,,,,,0.67
4096,False,64,256,4,5,out_of_smem,,,,,,0.74
4096,False,64,256,8,1,ok,5.6883,24.16,255,122,40960,0.52
4096,False,64,256,8,2,ok,5.5501,24.76,255,96,73728,0.53
4096,False,64,256,8,3,out_of_smem,,,,,,0.58
4096,False,64,256,8,4,out_of_smem,,,,,,0.57
4096,False,64,256,8,5,out_of_smem,,,,,,0.59
4096,False,64,256,16,1,ok,239.4478,0.57,64,880,40960,0.53
4096,False,64,256,16,2,ok,191.8566,0.72,64,876,73728,0.58
4096,False,64,256,16,3,out_of_smem,,,,,,0.59
4096,False,64,256,16,4,out_of_smem,,,,,,0.56
4096,False,64,256,16,5,out_of_smem,,,,,,0.52
4096,False,128,16,1,1,ok,8.4716,16.22,255,296,18432,0.87
4096,False,128,16,1,2,ok,8.0575,17.06,255,262,20480,0.89
4096,False,128,16,1,3,ok,7.7608,17.71,255,240,24576,0.90
4096,False,128,16,1,4,ok,9.8150,14.00,255,240,28672,0.89
4096,False,128,16,1,5,ok,10.5171,13.07,255,240,32768,0.92
4096,False,128,16,2,1,ok,2.8232,48.68,255,2,18432,0.44
4096,False,128,16,2,2,ok,2.6511,51.84,255,0,20480,0.40
4096,False,128,16,2,3,ok,2.6922,51.05,255,0,24576,0.44
4096,False,128,16,2,4,ok,3.3341,41.22,255,0,28672,0.44
4096,False,128,16,2,5,ok,3.1437,43.72,255,0,32768,0.45
4096,False,128,16,4,1,ok,2.5498,53.90,164,0,18432,0.27
4096,False,128,16,4,2,ok,2.5303,54.32,172,0,20480,0.27
4096,False,128,16,4,3,ok,2.5115,54.72,176,0,24576,0.27
4096,False,128,16,4,4,ok,2.5180,54.58,176,0,28672,0.27
4096,False,128,16,4,5,ok,2.5262,54.41,176,0,32768,0.28
4096,False,128,16,8,1,ok,2.7191,50.55,117,0,18432,0.20
4096,False,128,16,8,2,ok,2.5242,54.45,93,0,20480,0.21
4096,False,128,16,8,3,ok,2.3542,58.38,96,0,24576,0.21
4096,False,128,16,8,4,ok,2.3675,58.05,98,0,28672,0.21
4096,False,128,16,8,5,ok,2.3487,58.52,98,0,32768,0.22
4096,False,128,16,16,1,ok,6.9622,19.74,111,0,18432,0.20
4096,False,128,16,16,2,ok,5.3801,25.55,95,0,20480,0.17
4096,False,128,16,16,3,ok,5.1528,26.67,96,0,24576,0.21
4096,False,128,16,16,4,ok,5.1814,26.53,96,0,28672,0.21
4096,False,128,16,16,5,ok,5.4344,25.29,94,0,32768,0.21
4096,False,128,32,1,1,ok,11.5170,11.93,168,640,20480,1.12
4096,False,128,32,1,2,ok,11.2644,12.20,168,656,24576,1.15
4096,False,128,32,1,3,ok,12.2214,11.25,168,644,32768,1.19
4096,False,128,32,1,4,ok,15.5946,8.81,168,644,40960,1.21
4096,False,128,32,1,5,ok,15.3854,8.93,168,644,49152,1.26
4096,False,128,32,2,1,ok,3.0740,44.71,255,56,20480,0.50
4096,False,128,32,2,2,ok,2.6583,51.70,255,38,24576,0.51
4096,False,128,32,2,3,ok,3.1647,43.43,255,54,32768,0.51
4096,False,128,32,2,4,ok,3.9752,34.57,255,54,40960,0.53
4096,False,128,32,2,5,ok,3.9732,34.59,255,54,49152,0.54
4096,False,128,32,4,1,ok,2.5672,53.54,223,0,20480,0.29
4096,False,128,32,4,2,ok,2.4218,56.75,247,0,24576,0.30
4096,False,128,32,4,3,ok,2.4152,56.91,244,0,32768,0.30
4096,False,128,32,4,4,ok,2.4207,56.78,252,0,40960,0.31
4096,False,128,32,4,5,ok,2.4259,56.66,252,0,49152,0.32
4096,False,128,32,8,1,ok,2.3194,59.26,128,0,20480,0.21
4096,False,128,32,8,2,ok,2.6364,52.13,141,0,24576,0.21
4096,False,128,32,8,3,ok,2.3542,58.38,143,0,32768,0.22
4096,False,128,32,8,4,ok,2.3547,58.37,143,0,40960,0.23
4096,False,128,32,8,5,ok,2.3552,58.36,143,0,49152,0.23
4096,False,128,32,16,1,ok,5.7633,23.85,127,0,20480,0.22
4096,False,128,32,16,2,ok,4.7534,28.91,121,0,24576,0.22
4096,False,128,32,16,3,ok,4.8900,28.11,122,0,32768,0.21
4096,False,128,32,16,4,ok,4.5919,29.93,122,0,40960,0.23
4096,False,128,32,16,5,ok,4.5904,29.94,122,0,49152,0.23
4096,False,128,64,1,1,ok,37.5158,3.66,80,1542,24576,1.75
4096,False,128,64,1,2,ok,33.9329,4.05,80,1790,32768,1.90
4096,False,128,64,1,3,ok,26.0598,5.27,80,1774,49152,1.91
4096,False,128,64,1,4,ok,43.9208,3.13,80,1774,65536,1.92
4096,False,128,64,1,5,ok,43.9332,3.13,80,1774,81920,2.08
4096,False,128,64,2,1,ok,4.1841,32.85,255,244,24576,0.71
4096,False,128,64,2,2,ok,4.8005,28.63,255,280,32768,0.70
4096,False,128,64,2,3,ok,5.1825,26.52,255,254,49152,0.71
4096,False,128,64,2,4,ok,9.3502,14.70,255,254,65536,0.72
4096,False,128,64,2,5,ok,8.9851,15.30,255,254,81920,0.75
4096,False,128,64,4,1,ok,2.2938,59.92,255,2,24576,0.37
4096,False,128,64,4,2,ok,2.2886,60.05,255,8,32768,0.37
4096,False,128,64,4,3,ok,2.2979,59.81,255,8,49152,0.00
4096,False,128,64,4,4,ok,3.1523,43.60,255,8,65536,0.41
4096,False,128,64,4,5,ok,3.1542,43.57,255,8,81920,0.41
4096,False,128,64,8,1,ok,2.7980,49.12,176,0,24576,0.25
4096,False,128,64,8,2,ok,2.4310,56.54,158,0,32768,0.24
4096,False,128,64,8,3,ok,2.2323,61.57,146,0,49152,0.00
4096,False,128,64,8,4,ok,2.2200,61.91,146,0,65536,0.27
4096,False,128,64,8,5,ok,2.2241,61.79,146,0,81920,0.28
4096,False,128,64,16,1,ok,5.0582,27.17,128,14,24576,0.23
4096,False,128,64,16,2,ok,4.5220,30.39,128,4,32768,0.25
4096,False,128,64,16,3,ok,4.4780,30.69,128,10,49152,0.25
4096,False,128,64,16,4,ok,4.4739,30.72,128,12,65536,0.26
4096,False,128,64,16,5,ok,4.4872,30.63,128,12,81920,0.26
4096,False,128,128,1,1,skipped_regs,,,,,,0.00
4096,False,128,128,1,2,skipped_regs,,,,,,0.00
4096,False,128,128,1,3,skipped_regs,,,,,,0.00
4096,False,128,128,1,4,skipped_regs,,,,,,0.00
4096,False,128,128,1,5,skipped_regs,,,,,,0.00
4096,False,128,128,2,1,ok,65.9272,2.08,40,2424,32768,1.30
4096,False,128,128,2,2,ok,59.3203,2.32,40,2332,49152,1.41
4096,False,128,128,2,3,ok,37.5316,3.66,40,2408,81920,1.44
4096,False,128,128,2,4,out_of_smem,,,,,,1.49
4096,False,128,128,2,5,out_of_smem,,,,,,1.55
4096,False,128,128,4,1,ok,2.5738,53.40,255,70,32768,0.53
4096,False,128,128,4,2,ok,2.8467,48.28,255,130,49152,0.62
4096,False,128,128,4,3,ok,3.8892,35.34,255,92,81920,0.60
4096,False,128,128,4,4,out_of_smem,,,,,,0.63
4096,False,128,128,4,5,out_of_smem,,,,,,0.64
4096,False,128,128,8,1,ok,2.7312,50.32,255,10,32768,0.33
4096,False,128,128,8,2,ok,2.4115,56.99,255,2,49152,0.00
4096,False,128,128,8,3,ok,2.2716,60.50,207,0,81920,0.34
4096,False,128,128,8,4,out_of_smem,,,,,,0.34
4096,False,128,128,8,5,out_of_smem,,,,,,0.37
4096,False,128,128,16,1,ok,6.5290,21.05,128,108,32768,0.31
4096,False,128,128,16,2,ok,5.4497,25.22,128,74,49152,0.31
4096,False,128,128,16,3,ok,4.7067,29.20,128,26,81920,0.32
4096,False,128,128,16,4,out_of_smem,,,,,,0.41
4096,False,128,128,16,5,out_of_smem,,,,,,0.33
4096,False,128,256,1,1,skipped_regs,,,,,,0.00
4096,False,128,256,1,2,skipped_regs,,,,,,0.00
4096,False,128,256,1,3,skipped_regs,,,,,,0.00
4096,False,128,256,1,4,skipped_regs,,,,,,0.00
4096,False,128,256,1,5,skipped_regs,,,,,,0.00
4096,False,128,256,2,1,skipped_regs,,,,,,0.00
4096,False,128,256,2,2,skipped_regs,,,,,,0.00
4096,False,128,256,2,3,skipped_regs,,,,,,0.00
4096,False,128,256,2,4,skipped_regs,,,,,,0.00
4096,False,128,256,2,5,skipped_regs,,,,,,0.00
4096,False,128,256,4,1,ok,3.8743,35.47,255,350,49152,1.27
4096,False,128,256,4,2,ok,6.7062,20.49,168,760,81920,1.24
4096,False,128,256,4,3,out_of_smem,,,,,,1.20
4096,False,128,256,4,4,out_of_smem,,,,,,1.22
4096,False,128,256,4,5,out_of_smem,,,,,,1.37
4096,False,128,256,8,1,ok,2.9327,46.86,255,122,49152,0.52
4096,False,128,256,8,2,ok,2.9208,47.06,255,92,81920,0.53
4096,False,128,256,8,3,out_of_smem,,,,,,0.56
4096,False,128,256,8,4,out_of_smem,,,,,,0.71
4096,False,128,256,8,5,out_of_smem,,,,,,0.63
4096,False,128,256,16,1,ok,120.1183,1.14,64,878,49152,0.53
4096,False,128,256,16,2,ok,101.0852,1.36,64,912,81920,0.53
4096,False,128,256,16,3,out_of_smem,,,,,,0.51
4096,False,128,256,16,4,out_of_smem,,,,,,0.53
4096,False,128,256,16,5,out_of_smem,,,,,,0.54
4096,False,256,16,1,1,skipped_regs,,,,,,0.00
4096,False,256,16,1,2,skipped_regs,,,,,,0.00
4096,False,256,16,1,3,skipped_regs,,,,,,0.00
4096,False,256,16,1,4,skipped_regs,,,,,,0.00
4096,False,256,16,1,5,skipped_regs,,,,,,0.00
4096,False,256,16,2,1,ok,8.7839,15.65,255,304,34816,0.88
4096,False,256,16,2,2,ok,8.3181,16.52,255,288,36864,0.90
4096,False,256,16,2,3,ok,7.8971,17.40,255,258,40960,0.89
4096,False,256,16,2,4,ok,7.9636,17.26,255,238,45056,0.87
4096,False,256,16,2,5,ok,7.7937,17.63,255,236,49152,0.94
4096,False,256,16,4,1,ok,2.8590,48.07,255,2,34816,0.41
4096,False,256,16,4,2,ok,2.7064,50.78,255,2,36864,0.46
4096,False,256,16,4,3,ok,2.6890,51.11,255,2,40960,0.53
4096,False,256,16,4,4,ok,2.6849,51.19,255,4,45056,0.43
4096,False,256,16,4,5,ok,2.6327,52.20,255,2,49152,0.43
4096,False,256,16,8,1,ok,3.8697,35.52,190,0,34816,0.26
4096,False,256,16,8,2,ok,3.0914,44.46,169,0,36864,0.25
4096,False,256,16,8,3,ok,3.0675,44.80,174,0,40960,0.26
4096,False,256,16,8,4,ok,2.9829,46.08,174,0,45056,0.26
4096,False,256,16,8,5,ok,3.0474,45.10,176,0,49152,0.29
4096,False,256,16,16,1,ok,3.6276,37.89,116,0,34816,0.28
4096,False,256,16,16,2,ok,3.1990,42.96,94,0,36864,0.18
4096,False,256,16,16,3,ok,2.7822,49.40,100,0,40960,0.21
4096,False,256,16,16,4,ok,2.5672,53.54,102,0,45056,0.22
4096,False,256,16,16,5,ok,2.5752,53.37,102,0,49152,0.20
4096,False,256,32,1,1,skipped_regs,,,,,,0.00
4096,False,256,32,1,2,skipped_regs,,,,,,0.00
4096,False,256,32,1,3,skipped_regs,,,,,,0.00
4096,False,256,32,1,4,skipped_regs,,,,,,0.00
4096,False,256,32,1,5,skipped_regs,,,,,,0.00
4096,False,256,32,2,1,ok,68.8449,2.00,40,1676,36864,1.18
4096,False,256,32,2,2,ok,57.5621,2.39,40,1590,40960,1.18
4096,False,256,32,2,3,ok,66.4532,2.07,40,1726,49152,1.19
4096,False,256,32,2,4,ok,48.5059,2.83,40,1724,57344,1.24
4096,False,256,32,2,5,ok,49.1433,2.80,40,1722,65536,1.24
4096,False,256,32,4,1,ok,2.9020,47.36,255,50,36864,0.51
4096,False,256,32,4,2,ok,2.5292,54.34,255,36,40960,0.50
4096,False,256,32,4,3,ok,2.8093,48.92,255,44,49152,0.51
4096,False,256,32,4,4,ok,3.9526,34.77,255,44,57344,0.55
4096,False,256,32,4,5,ok,3.9478,34.81,255,42,65536,0.54
4096,False,256,32,8,1,ok,3.2041,42.89,224,0,36864,0.26
4096,False,256,32,8,2,ok,2.8436,48.33,192,0,40960,0.28
4096,False,256,32,8,3,ok,2.9532,46.54,245,0,49152,0.29
4096,False,256,32,8,4,ok,2.9802,46.12,245,0,57344,0.31
4096,False,256,32,8,5,ok,2.9809,46.11,245,0,65536,0.29
4096,False,256,32,16,1,ok,3.1536,43.58,128,0,36864,0.22
4096,False,256,32,16,2,ok,2.4986,55.01,122,0,40960,0.20
4096,False,256,32,16,3,ok,2.3665,58.08,123,0,49152,0.23
4096,False,256,32,16,4,ok,2.3450,58.61,123,0,57344,0.22
4096,False,256,32,16,5,ok,2.3295,59.00,123,0,65536,0.21
4096,False,256,64,1,1,skipped_regs,,,,,,0.00
4096,False,256,64,1,2,skipped_regs,,,,,,0.00
4096,False,256,64,1,3,skipped_regs,,,,,,0.00
4096,False,256,64,1,4,skipped_regs,,,,,,0.00
4096,False,256,64,1,5,skipped_regs,,,,,,0.00
4096,False,256,64,2,1,ok,76.0822,1.81,40,2932,40960,1.93
4096,False,256,64,2,2,ok,78.1609,1.76,40,2986,49152,1.96
4096,False,256,64,2,3,ok,52.3295,2.63,40,2812,65536,1.88
4096,False,256,64,2,4,ok,55.8500,2.46,40,2808,81920,1.97
4096,False,256,64,2,5,ok,54.1819,2.54,40,2808,98304,1.98
4096,False,256,64,4,1,ok,4.2586,32.27,255,246,40960,0.68
4096,False,256,64,4,2,ok,77.8987,1.76,40,1488,49152,0.78
4096,False,256,64,4,3,ok,5.3878,25.51,255,252,65536,0.74
4096,False,256,64,4,4,ok,5.3838,25.53,255,250,81920,0.75
4096,False,256,64,4,5,ok,5.2163,26.35,255,250,98304,0.75
4096,False,256,64,8,1,ok,3.0853,44.55,255,4,40960,0.35
4096,False,256,64,8,2,ok,2.5395,54.12,255,2,49152,0.35
4096,False,256,64,8,3,ok,2.5457,53.99,255,2,65536,0.36
4096,False,256,64,8,4,ok,2.5846,53.18,255,0,81920,0.38
4096,False,256,64,8,5,ok,2.6563,51.74,255,0,98304,0.37
4096,False,256,64,16,1,ok,2.9901,45.96,128,18,40960,0.22
4096,False,256,64,16,2,ok,2.5862,53.14,128,2,49152,0.26
4096,False,256,64,16,3,ok,2.3334,58.90,128,4,65536,0.26
4096,False,256,64,16,4,ok,2.2476,61.15,128,4,81920,0.26
4096,False,256,64,16,5,ok,2.2412,61.32,128,4,98304,0.27
4096,False,256,128,1,1,skipped_regs,,,,,,0.00
4096,False,256,128,1,2,skipped_regs,,,,,,0.00
4096,False,256,128,1,3,skipped_regs,,,,,,0.00
4096,False,256,128,1,4,skipped_regs,,,,,,0.00
4096,False,256,128,1,5,skipped_regs,,,,,,0.00
4096,False,256,128,2,1,skipped_regs,,,,,,0.00
4096,False,256,128,2,2,skipped_regs,,,,,,0.00
4096,False,256,128,2,3,skipped_regs,,,,,,0.00
4096,False,256,128,2,4,skipped_regs,,,,,,0.00
4096,False,256,128,2,5,skipped_regs,,,,,,0.00
4096,False,256,128,4,1,ok,68.3254,2.01,40,2434,49152,1.28
4096,False,256,128,4,2,ok,58.0833,2.37,40,2324,65536,1.30
4096,False,256,128,4,3,ok,6.2484,22.00,255,680,98304,1.26
4096,False,256,128,4,4,out_of_smem,,,,,,1.28
4096,False,256,128,4,5,out_of_smem,,,,,,1.28
4096,False,256,128,8,1,ok,3.0884,44.50,255,80,49152,0.53
4096,False,256,128,8,2,ok,3.0377,45.24,255,84,65536,0.55
4096,False,256,128,8,3,ok,2.9266,46.96,255,58,98304,0.67
4096,False,256,128,8,4,out_of_smem,,,,,,0.71
4096,False,256,128,8,5,out_of_smem,,,,,,0.73
4096,False,256,128,16,1,ok,3.3036,41.60,128,106,49152,0.32
4096,False,256,128,16,2,ok,3.1273,43.95,128,78,65536,0.35
4096,False,256,128,16,3,ok,2.6260,52.34,128,26,98304,0.36
4096,False,256,128,16,4,out_of_smem,,,,,,0.36
4096,False,256,128,16,5,out_of_smem,,,,,,0.36
4096,False,256,256,1,1,skipped_regs,,,,,,0.00
4096,False,256,256,1,2,skipped_regs,,,,,,0.00
4096,False,256,256,1,3,skipped_regs,,,,,,0.00
4096,False,256,256,1,4,skipped_regs,,,,,,0.00
4096,False,256,256,1,5,skipped_regs,,,,,,0.00
4096,False,256,256,2,1,skipped_regs,,,,,,0.00
4096,False,256,256,2,2,skipped_regs,,,,,,0.00
4096,False,256,256,2,3,skipped_regs,,,,,,0.00
4096,False,256,256,2,4,skipped_regs,,,,,,0.00
4096,False,256,256,2,5,skipped_regs,,,,,,0.00
4096,False,256,256,4,1,skipped_regs,,,,,,0.00
4096,False,256,256,4,2,skipped_regs,,,,,,0.00
4096,False,256,256,4,3,skipped_regs,,,,,,0.00
4096,False,256,256,4,4,skipped_regs,,,,,,0.00
4096,False,256,256,4,5,skipped_regs,,,,,,0.00
4096,False,256,256,8,1,ok,4.1771,32.90,255,350,65536,1.54
4096,False,256,256,8,2,ok,14.8785,9.24,128,772,98304,1.11
4096,False,256,256,8,3,out_of_smem,,,,,,1.16
4096,False,256,256,8,4,out_of_smem,,,,,,1.15
4096,False,256,256,8,5,out_of_smem,,,,,,1.18
4096,False,256,256,16,1,ok,42.6419,3.22,64,786,65536,0.58
4096,False,256,256,16,2,ok,73.5143,1.87,40,1262,98304,0.57
4096,False,256,256,16,3,out_of_smem,,,,,,0.53
4096,False,256,256,16,4,out_of_smem,,,,,,0.55
4096,False,256,256,16,5,out_of_smem,,,,,,0.54
512,True,16,16,1,1,ok,0.0854,12.58,122,0,4096,0.42
512,True,16,16,1,2,ok,0.0759,14.15,96,0,6144,0.41
512,True,16,16,1,3,ok,0.0696,15.42,99,0,10240,0.43
512,True,16,16,1,4,ok,0.0696,15.42,99,0,14336,0.20
512,True,16,16,1,5,ok,0.0666,16.13,99,0,18432,0.18
512,True,16,16,2,1,ok,0.0922,11.65,96,0,4608,0.14
512,True,16,16,2,2,ok,0.0819,13.11,80,0,6656,0.14
512,True,16,16,2,3,ok,0.0778,13.80,80,0,10752,0.14
512,True,16,16,2,4,ok,0.0850,12.63,80,0,14848,0.15
512,True,16,16,2,5,ok,0.0840,12.79,80,0,18944,0.16
512,True,16,16,4,1,ok,0.1270,8.46,67,0,4608,0.13
512,True,16,16,4,2,ok,0.1147,9.36,63,0,6656,0.13
512,True,16,16,4,3,ok,0.1075,9.99,63,0,10752,0.14
512,True,16,16,4,4,ok,0.1106,9.71,63,0,14848,0.14
512,True,16,16,4,5,ok,0.1116,9.62,63,0,18944,0.15
512,True,16,16,8,1,ok,0.2427,4.42,73,0,4608,0.12
512,True,16,16,8,2,ok,0.2068,5.19,58,0,6656,0.13
512,True,16,16,8,3,ok,0.2028,5.30,58,0,10752,0.13
512,True,16,16,8,4,ok,0.2038,5.27,58,0,14848,0.13
512,True,16,16,8,5,ok,0.2058,5.22,58,0,18944,0.14
512,True,16,16,16,1,ok,0.6728,1.60,87,0,4608,0.13
512,True,16,16,16,2,ok,0.6369,1.69,79,0,6656,0.13
512,True,16,16,16,3,ok,0.5386,1.99,80,0,10752,0.13
512,True,16,16,16,4,ok,0.5396,1.99,80,0,14848,0.14
512,True,16,16,16,5,ok,0.5420,1.98,82,0,18944,0.14
512,True,16,32,1,1,ok,0.0696,15.42,126,0,6144,0.19
512,True,16,32,1,2,ok,0.0698,15.38,157,0,10240,0.19
512,True,16,32,1,3,ok,0.0656,16.36,166,0,18432,0.21
512,True,16,32,1,4,ok,0.0788,13.62,166,0,26624,0.23
512,True,16,32,1,5,ok,0.1116,9.62,166,0,34816,0.24
512,True,16,32,2,1,ok,0.0849,12.64,125,0,7168,0.17
512,True,16,32,2,2,ok,0.0737,14.56,96,0,11264,0.17
512,True,16,32,2,3,ok,0.0666,16.13,97,0,19456,0.18
512,True,16,32,2,4,ok,0.0829,12.95,97,0,27648,0.19
512,True,16,32,2,5,ok,0.1066,10.07,97,0,35840,0.19
512,True,16,32,4,1,ok,0.0901,11.92,79,0,7168,0.14
512,True,16,32,4,2,ok,0.0758,14.17,72,0,11264,0.14
512,True,16,32,4,3,ok,0.0727,14.77,71,0,19456,0.14
512,True,16,32,4,4,ok,0.0860,12.48,71,0,27648,0.16
512,True,16,32,4,5,ok,0.1065,10.08,71,0,35840,0.18
512,True,16,32,8,1,ok,0.1280,8.39,64,0,7168,0.13
512,True,16,32,8,2,ok,0.1184,9.07,64,0,11264,0.20
512,True,16,32,8,3,ok,0.1137,9.45,64,0,19456,0.14
512,True,16,32,8,4,ok,0.1198,8.96,64,0,27648,0.20
512,True,16,32,8,5,ok,0.1372,7.83,64,0,35840,0.22
512,True,16,32,16,1,ok,0.3953,2.72,90,0,7168,0.13
512,True,16,32,16,2,ok,0.2440,4.40,64,0,11264,0.14
512,True,16,32,16,3,ok,0.2406,4.46,64,0,19456,0.14
512,True,16,32,16,4,ok,0.2417,4.44,64,0,27648,0.15
512,True,16,32,16,5,ok,0.2437,4.41,64,0,35840,0.15
512,True,16,64,1,1,ok,0.0707,15.20,216,0,10240,0.26
512,True,16,64,1,2,ok,0.0707,15.20,222,0,18432,0.28
512,True,16,64,1,3,ok,0.1034,10.38,222,0,34816,0.34
512,True,16,64,1,4,ok,0.1925,5.58,222,0,51200,0.37
512,True,16,64,1,5,ok,0.1966,5.46,254,0,67584,0.40
512,True,16,64,2,1,ok,0.0696,15.42,126,0,12288,0.20
512,True,16,64,2,2,ok,0.0748,14.36,133,0,20480,0.20
512,True,16,64,2,3,ok,0.0881,12.19,128,0,36864,0.22
512,True,16,64,2,4,ok,0.1567,6.85,128,0,53248,0.23
512,True,16,64,2,5,ok,0.1587,6.77,128,0,69632,0.25
512,True,16,64,4,1,ok,0.0737,14.56,96,0,12288,0.16
512,True,16,64,4,2,ok,0.0717,14.98,84,0,20480,0.16
512,True,16,64,4,3,ok,0.0819,13.11,84,0,36864,0.19
512,True,16,64,4,4,ok,0.1270,8.46,84,0,53248,0.19
512,True,16,64,4,5,ok,0.1289,8.33,84,0,69632,0.19
512,True,16,64,8,1,ok,0.0860,12.48,64,0,12288,0.13
512,True,16,64,8,2,ok,0.0788,13.62,64,0,20480,0.14
512,True,16,64,8,3,ok,0.0881,12.19,64,0,36864,0.14
512,True,16,64,8,4,ok,0.1290,8.32,64,0,53248,0.16
512,True,16,64,8,5,ok,0.1300,8.26,64,0,69632,0.16
512,True,16,64,16,1,ok,0.2355,4.56,67,0,12288,0.15
512,True,16,64,16,2,ok,0.1460,7.35,64,0,20480,0.16
512,True,16,64,16,3,ok,0.1403,7.65,64,0,36864,0.15
512,True,16,64,16,4,ok,0.1875,5.73,64,0,53248,0.15
512,True,16,64,16,5,ok,0.1905,5.64,64,0,69632,0.15
512,True,16,128,1,1,ok,0.0922,11.65,255,56,18432,0.41
512,True,16,128,1,2,ok,0.1567,6.85,255,82,34816,0.47
512,True,16,128,1,3,ok,0.2605,4.12,255,36,67584,0.54
512,True,16,128,1,4,ok,0.2662,4.03,255,36,100352,0.62
512,True,16,128,1,5,out_of_smem,,,,,,0.69
512,True,16,128,2,1,ok,0.0768,13.98,213,0,22528,0.27
512,True,16,128,2,2,ok,0.0922,11.65,248,0,38912,0.29
512,True,16,128,2,3,ok,0.1413,7.60,250,0,71680,0.33
512,True,16,128,2,4,out_of_smem,,,,,,0.37
512,True,16,128,2,5,out_of_smem,,,,,,0.41
512,True,16,128,4,1,ok,0.0696,15.42,123,0,22528,0.20
512,True,16,128,4,2,ok,0.0809,13.27,136,0,38912,0.20
512,True,16,128,4,3,ok,0.1034,10.38,136,0,71680,0.23
512,True,16,128,4,4,out_of_smem,,,,,,0.24
512,True,16,128,4,5,out_of_smem,,,,,,0.25
512,True,16,128,8,1,ok,0.0922,11.65,114,0,22528,0.17
512,True,16,128,8,2,ok,0.0829,12.95,91,0,38912,0.17
512,True,16,128,8,3,ok,0.1055,10.18,80,0,71680,0.17
512,True,16,128,8,4,out_of_smem,,,,,,0.18
512,True,16,128,8,5,out_of_smem,,,,,,0.19
512,True,16,128,16,1,ok,0.1608,6.68,88,0,22528,0.15
512,True,16,128,16,2,ok,0.1495,7.18,84,0,38912,0.16
512,True,16,128,16,3,ok,0.1300,8.26,77,0,71680,0.16
512,True,16,128,16,4,out_of_smem,,,,,,0.17
512,True,16,128,16,5,out_of_smem,,,,,,0.17
512,True,16,256,1,1,ok,0.2806,3.83,255,488,34816,0.86
512,True,16,256,1,2,ok,0.2703,3.97,255,90,67584,0.81
512,True,16,256,1,3,out_of_smem,,,,,,0.96
512,True,16,256,1,4,out_of_smem,,,,,,1.21
512,True,16,256,1,5,out_of_smem,,,,,,1.39
512,True,16,256,2,1,ok,0.1178,9.12,255,44,43008,0.45
512,True,16,256,2,2,ok,0.1618,6.64,255,2,75776,0.49
512,True,16,256,2,3,out_of_smem,,,,,,0.66
512,True,16,256,2,4,out_of_smem,,,,,,0.76
512,True,16,256,2,5,out_of_smem,,,,,,0.85
512,True,16,256,4,1,ok,0.0870,12.34,196,0,43008,0.32
512,True,16,256,4,2,ok,0.1147,9.36,187,0,75776,0.32
512,True,16,256,4,3,out_of_smem,,,,,,0.39
512,True,16,256,4,4,out_of_smem,,,,,,0.41
512,True,16,256,4,5,out_of_smem,,,,,,0.47
512,True,16,256,8,1,ok,0.0840,12.79,127,0,43008,0.23
512,True,16,256,8,2,ok,0.1116,9.62,128,0,75776,0.22
512,True,16,256,8,3,out_of_smem,,,,,,0.29
512,True,16,256,8,4,out_of_smem,,,,,,0.27
512,True,16,256,8,5,out_of_smem,,,,,,0.31
512,True,16,256,16,1,ok,0.1352,7.94,102,0,43008,0.18
512,True,16,256,16,2,ok,0.1311,8.19,83,0,75776,0.19
512,True,16,256,16,3,out_of_smem,,,,,,0.22
512,True,16,256,16,4,out_of_smem,,,,,,0.21
512,True,16,256,16,5,out_of_smem,,,,,,0.23
512,True,32,16,1,1,ok,0.0983,10.92,170,0,6144,0.30
512,True,32,16,1,2,ok,0.0604,17.77,166,0,8192,0.31
512,True,32,16,1,3,ok,0.0707,15.20,168,0,12288,0.31
512,True,32,16,1,4,ok,0.0655,16.38,190,0,16384,0.30
512,True,32,16,1,5,ok,0.0658,16.32,190,0,20480,0.29
512,True,32,16,2,1,ok,0.0991,10.83,131,0,7168,0.20
512,True,32,16,2,2,ok,0.0829,12.95,126,0,9216,0.21
512,True,32,16,2,3,ok,0.0696,15.42,128,0,13312,0.22
512,True,32,16,2,4,ok,0.0695,15.45,128,0,17408,0.23
512,True,32,16,2,5,ok,0.0829,12.95,128,0,21504,0.22
512,True,32,16,4,1,ok,0.1065,10.08,96,0,7168,0.18
512,True,32,16,4,2,ok,0.0973,11.04,96,0,9216,0.20
512,True,32,16,4,3,ok,0.0911,11.78,96,0,13312,0.18
512,True,32,16,4,4,ok,0.0911,11.78,96,0,17408,0.21
512,True,32,16,4,5,ok,0.0942,11.40,96,0,21504,0.19
512,True,32,16,8,1,ok,0.2257,4.76,113,0,7168,0.15
512,True,32,16,8,2,ok,0.2017,5.32,99,0,9216,0.17
512,True,32,16,8,3,ok,0.1864,5.76,97,0,13312,0.18
512,True,32,16,8,4,ok,0.1853,5.79,99,0,17408,0.17
512,True,32,16,8,5,ok,0.1856,5.79,99,0,21504,0.17
512,True,32,16,16,1,ok,0.5048,2.13,111,0,7168,0.17
512,True,32,16,16,2,ok,0.4731,2.27,97,0,9216,0.16
512,True,32,16,16,3,ok,0.4250,2.53,97,0,13312,0.18
512,True,32,16,16,4,ok,0.4209,2.55,97,0,17408,0.17
512,True,32,16,16,5,ok,0.4219,2.55,97,0,21504,0.16
512,True,32,32,1,1,ok,0.0799,13.44,211,0,8192,0.28
512,True,32,32,1,2,ok,0.0746,14.40,229,0,12288,0.29
512,True,32,32,1,3,ok,0.0645,16.64,229,0,20480,0.31
512,True,32,32,1,4,ok,0.0768,13.98,229,0,28672,0.32
512,True,32,32,1,5,ok,0.0963,11.16,229,0,36864,0.34
512,True,32,32,2,1,ok,0.0742,14.48,156,0,10240,0.21
512,True,32,32,2,2,ok,0.0676,15.89,151,0,14336,0.22
512,True,32,32,2,3,ok,0.0627,17.12,152,0,22528,0.24
512,True,32,32,2,4,ok,0.0724,14.83,152,0,30720,0.23
512,True,32,32,2,5,ok,0.0850,12.63,152,0,38912,0.25
512,True,32,32,4,1,ok,0.0727,14.77,96,0,10240,0.19
512,True,32,32,4,2,ok,0.0768,13.98,103,0,14336,0.18
512,True,32,32,4,3,ok,0.0635,16.91,101,0,22528,0.18
512,True,32,32,4,4,ok,0.0707,15.20,101,0,30720,0.18
512,True,32,32,4,5,ok,0.0809,13.27,101,0,38912,0.20
512,True,32,32,8,1,ok,0.1352,7.94,115,0,10240,0.17
512,True,32,32,8,2,ok,0.1198,8.96,101,0,14336,0.18
512,True,32,32,8,3,ok,0.1055,10.18,98,0,22528,0.16
512,True,32,32,8,4,ok,0.1045,10.27,98,0,30720,0.18
512,True,32,32,8,5,ok,0.1055,10.18,98,0,38912,0.17
512,True,32,32,16,1,ok,0.2898,3.71,114,0,10240,0.16
512,True,32,32,16,2,ok,0.2797,3.84,97,0,14336,0.16
512,True,32,32,16,3,ok,0.2458,4.37,97,0,22528,0.16
512,True,32,32,16,4,ok,0.2447,4.39,97,0,30720,0.17
512,True,32,32,16,5,ok,0.2458,4.37,97,0,38912,0.18
512,True,32,64,1,1,ok,0.0727,14.77,244,0,12288,0.39
512,True,32,64,1,2,ok,0.0758,14.16,255,14,20480,0.41
512,True,32,64,1,3,ok,0.1055,10.18,255,22,36864,0.60
512,True,32,64,1,4,ok,0.2006,5.35,255,26,53248,0.50
512,True,32,64,1,5,ok,0.2035,5.28,255,26,69632,0.53
512,True,32,64,2,1,ok,0.0643,16.71,168,0,16384,0.31
512,True,32,64,2,2,ok,0.0683,15.72,209,0,24576,0.26
512,True,32,64,2,3,ok,0.0727,14.77,212,0,40960,0.29
512,True,32,64,2,4,ok,0.1331,8.07,212,0,57344,0.36
512,True,32,64,2,5,ok,0.1341,8.00,212,0,73728,0.39
512,True,32,64,4,1,ok,0.0724,14.83,139,0,16384,0.19
512,True,32,64,4,2,ok,0.0604,17.77,127,0,24576,0.29
512,True,32,64,4,3,ok,0.0625,17.19,128,0,40960,0.25
512,True,32,64,4,4,ok,0.0902,11.91,128,0,57344,0.28
512,True,32,64,4,5,ok,0.0922,11.65,128,0,73728,0.29
512,True,32,64,8,1,ok,0.0904,11.88,104,0,16384,0.20
512,True,32,64,8,2,ok,0.0829,12.95,104,0,24576,0.18
512,True,32,64,8,3,ok,0.0696,15.42,97,0,40960,0.20
512,True,32,64,8,4,ok,0.0963,11.16,97,0,57344,0.23
512,True,32,64,8,5,ok,0.0976,11.00,97,0,73728,0.24
512,True,32,64,16,1,ok,0.1700,6.32,100,0,16384,0.20
512,True,32,64,16,2,ok,0.1628,6.59,101,0,24576,0.19
512,True,32,64,16,3,ok,0.1495,7.18,93,0,40960,0.22
512,True,32,64,16,4,ok,0.1526,7.04,97,0,57344,0.21
512,True,32,64,16,5,ok,0.1536,6.99,97,0,73728,0.22
512,True,32,128,1,1,ok,0.1047,10.25,255,118,20480,0.79
512,True,32,128,1,2,ok,0.1372,7.83,255,108,36864,0.70
512,True,32,128,1,3,ok,0.2308,4.65,255,98,69632,0.82
512,True,32,128,1,4,out_of_smem,,,,,,0.85
512,True,32,128,1,5,out_of_smem,,,,,,0.97
512,True,32,128,2,1,ok,0.0717,14.98,247,0,28672,0.43
512,True,32,128,2,2,ok,0.0799,13.44,255,4,45056,0.46
512,True,32,128,2,3,ok,0.1249,8.59,255,8,77824,0.46
512,True,32,128,2,4,out_of_smem,,,,,,0.54
512,True,32,128,2,5,out_of_smem,,,,,,0.58
512,True,32,128,4,1,ok,0.0614,17.48,128,2,28672,0.28
512,True,32,128,4,2,ok,0.0625,17.19,176,0,45056,0.33
512,True,32,128,4,3,ok,0.0788,13.62,239,0,77824,0.37
512,True,32,128,4,4,out_of_smem,,,,,,0.39
512,True,32,128,4,5,out_of_smem,,,,,,0.36
512,True,32,128,8,1,ok,0.0717,14.98,128,0,28672,0.24
512,True,32,128,8,2,ok,0.0645,16.64,128,0,45056,0.23
512,True,32,128,8,3,ok,0.0799,13.44,127,0,77824,0.25
512,True,32,128,8,4,out_of_smem,,,,,,0.26
512,True,32,128,8,5,out_of_smem,,,,,,0.26
512,True,32,128,16,1,ok,0.1239,8.67,102,0,28672,0.21
512,True,32,128,16,2,ok,0.1176,9.13,102,0,45056,0.20
512,True,32,128,16,3,ok,0.1085,9.89,104,0,77824,0.22
512,True,32,128,16,4,out_of_smem,,,,,,0.21
512,True,32,128,16,5,out_of_smem,,,,,,0.23
512,True,32,256,1,1,ok,0.3144,3.42,255,776,36864,1.58
512,True,32,256,1,2,ok,0.4209,2.55,255,666,69632,1.48
512,True,32,256,1,3,out_of_smem,,,,,,1.72
512,True,32,256,1,4,out_of_smem,,,,,,1.88
512,True,32,256,1,5,out_of_smem,,,,,,2.09
512,True,32,256,2,1,ok,0.1587,6.77,255,74,53248,0.74
512,True,32,256,2,2,ok,0.1300,8.26,255,28,86016,0.69
512,True,32,256,2,3,out_of_smem,,,,,,0.78
512,True,32,256,2,4,out_of_smem,,,,,,0.85
512,True,32,256,2,5,out_of_smem,,,,,,0.96
512,True,32,256,4,1,ok,0.0958,11.21,209,0,53248,0.41
512,True,32,256,4,2,ok,0.0829,12.95,255,0,86016,0.45
512,True,32,256,4,3,out_of_smem,,,,,,0.48
512,True,32,256,4,4,out_of_smem,,,,,,0.54
512,True,32,256,4,5,out_of_smem,,,,,,0.57
512,True,32,256,8,1,ok,0.0901,11.92,160,0,53248,0.30
512,True,32,256,8,2,ok,0.0809,13.27,174,0,86016,0.31
512,True,32,256,8,3,out_of_smem,,,,,,0.32
512,True,32,256,8,4,out_of_smem,,,,,,0.38
512,True,32,256,8,5,out_of_smem,,,,,,0.38
512,True,32,256,16,1,ok,0.1055,10.18,126,0,53248,0.25
512,True,32,256,16,2,ok,0.1014,10.59,124,0,86016,0.25
512,True,32,256,16,3,out_of_smem,,,,,,0.25
512,True,32,256,16,4,out_of_smem,,,,,,0.27
512,True,32,256,16,5,out_of_smem,,,,,,0.29
512,True,64,16,1,1,ok,0.0870,12.34,255,0,10240,0.45
512,True,64,16,1,2,ok,0.0807,13.31,255,0,12288,0.44
512,True,64,16,1,3,ok,0.0748,14.36,255,0,16384,0.47
512,True,64,16,1,4,ok,0.0957,11.22,255,0,20480,0.45
512,True,64,16,1,5,ok,0.0963,11.16,255,0,24576,0.49
512,True,64,16,2,1,ok,0.0655,16.38,161,0,10240,0.25
512,True,64,16,2,2,ok,0.0625,17.19,167,0,12288,0.26
512,True,64,16,2,3,ok,0.0563,19.07,166,0,16384,0.26
512,True,64,16,2,4,ok,0.0594,18.08,166,0,20480,0.28
512,True,64,16,2,5,ok,0.0594,18.08,166,0,24576,0.28
512,True,64,16,4,1,ok,0.0850,12.63,117,0,10240,0.19
512,True,64,16,4,2,ok,0.0540,19.87,94,0,12288,0.18
512,True,64,16,4,3,ok,0.0481,22.31,96,0,16384,0.19
512,True,64,16,4,4,ok,0.0481,22.31,96,0,20480,0.20
512,True,64,16,4,5,ok,0.0481,22.31,96,0,24576,0.21
512,True,64,16,8,1,ok,0.1228,8.74,116,0,10240,0.19
512,True,64,16,8,2,ok,0.1096,9.80,93,0,12288,0.19
512,True,64,16,8,3,ok,0.0860,12.48,94,0,16384,0.20
512,True,64,16,8,4,ok,0.0862,12.46,94,0,20480,0.20
512,True,64,16,8,5,ok,0.0860,12.48,94,0,24576,0.20
512,True,64,16,16,1,ok,0.2476,4.34,114,0,10240,0.18
512,True,64,16,16,2,ok,0.2273,4.72,93,0,12288,0.17
512,True,64,16,16,3,ok,0.1816,5.91,93,0,16384,0.20
512,True,64,16,16,4,ok,0.1843,5.83,93,0,20480,0.20
512,True,64,16,16,5,ok,0.1853,5.79,93,0,24576,0.21
512,True,64,32,1,1,ok,0.0841,12.76,255,22,12288,0.50
512,True,64,32,1,2,ok,0.0829,12.95,255,48,16384,0.53
512,True,64,32,1,3,ok,0.0973,11.04,255,50,24576,0.55
512,True,64,32,1,4,ok,0.0901,11.92,255,50,32768,0.57
512,True,64,32,1,5,ok,0.1199,8.96,255,50,40960,0.59
512,True,64,32,2,1,ok,0.0850,12.63,225,0,12288,0.30
512,True,64,32,2,2,ok,0.0727,14.77,207,0,16384,0.30
512,True,64,32,2,3,ok,0.0563,19.07,207,0,24576,0.31
512,True,64,32,2,4,ok,0.0553,19.42,207,0,32768,0.32
512,True,64,32,2,5,ok,0.0614,17.48,207,0,40960,0.33
512,True,64,32,4,1,ok,0.0696,15.42,137,0,12288,0.21
512,True,64,32,4,2,ok,0.0614,17.48,126,0,16384,0.21
512,True,64,32,4,3,ok,0.0471,22.80,127,0,24576,0.21
512,True,64,32,4,4,ok,0.0461,23.30,127,0,32768,0.23
512,True,64,32,4,5,ok,0.0488,22.01,127,0,40960,0.23
512,True,64,32,8,1,ok,0.0983,10.92,128,0,12288,0.20
512,True,64,32,8,2,ok,0.0840,12.79,128,0,16384,0.20
512,True,64,32,8,3,ok,0.0781,13.74,128,0,24576,0.21
512,True,64,32,8,4,ok,0.0922,11.65,144,0,32768,0.22
512,True,64,32,8,5,ok,0.0922,11.65,144,0,40960,0.21
512,True,64,32,16,1,ok,0.2232,4.81,127,0,12288,0.20
512,True,64,32,16,2,ok,0.1864,5.76,121,0,16384,0.19
512,True,64,32,16,3,ok,0.1577,6.81,119,0,24576,0.21
512,True,64,32,16,4,ok,0.1567,6.85,120,0,32768,0.23
512,True,64,32,16,5,ok,0.1565,6.86,120,0,40960,0.24
512,True,64,64,1,1,ok,0.1085,9.89,255,194,16384,0.78
512,True,64,64,1,2,ok,0.1997,5.38,255,290,24576,0.80
512,True,64,64,1,3,ok,0.2550,4.21,255,294,40960,0.83
512,True,64,64,1,4,ok,0.3656,2.94,255,294,57344,0.84
512,True,64,64,1,5,ok,0.3644,2.95,255,294,73728,0.88
512,True,64,64,2,1,ok,0.0686,15.65,255,0,16384,0.37
512,True,64,64,2,2,ok,0.0666,16.13,255,6,24576,0.41
512,True,64,64,2,3,ok,0.0686,15.64,255,6,40960,0.40
512,True,64,64,2,4,ok,0.1065,10.08,255,6,57344,0.42
512,True,64,64,2,5,ok,0.1065,10.08,255,6,73728,0.46
512,True,64,64,4,1,ok,0.0691,15.55,186,0,16384,0.26
512,True,64,64,4,2,ok,0.0625,17.19,176,0,24576,0.28
512,True,64,64,4,3,ok,0.0490,21.92,149,0,40960,0.27
512,True,64,64,4,4,ok,0.0596,18.02,149,0,57344,0.27
512,True,64,64,4,5,ok,0.0604,17.77,148,0,73728,0.28
512,True,64,64,8,1,ok,0.1178,9.12,176,0,16384,0.23
512,True,64,64,8,2,ok,0.1059,10.14,155,0,24576,0.23
512,True,64,64,8,3,ok,0.0911,11.78,160,0,40960,0.25
512,True,64,64,8,4,ok,0.0922,11.65,160,0,57344,0.25
512,True,64,64,8,5,ok,0.0922,11.65,160,0,73728,0.26
512,True,64,64,16,1,ok,0.1919,5.60,128,12,16384,0.22
512,True,64,64,16,2,ok,0.1782,6.03,128,12,24576,0.23
512,True,64,64,16,3,ok,0.1516,7.08,128,6,40960,0.32
512,True,64,64,16,4,ok,0.1587,6.77,128,6,57344,0.33
512,True,64,64,16,5,ok,0.1597,6.72,128,6,73728,0.23
512,True,64,128,1,1,ok,0.2314,4.64,255,608,24576,1.35
512,True,64,128,1,2,ok,0.2775,3.87,255,650,40960,1.40
512,True,64,128,1,3,ok,0.3983,2.70,255,662,73728,1.65
512,True,64,128,1,4,out_of_smem,,,,,,1.74
512,True,64,128,1,5,out_of_smem,,,,,,1.67
512,True,64,128,2,1,ok,0.0840,12.79,255,60,24576,0.71
512,True,64,128,2,2,ok,0.1444,7.44,255,198,40960,0.68
512,True,64,128,2,3,ok,0.1701,6.31,255,170,73728,0.73
512,True,64,128,2,4,out_of_smem,,,,,,0.72
512,True,64,128,2,5,out_of_smem,,,,,,0.80
512,True,64,128,4,1,ok,0.0645,16.64,255,4,24576,0.40
512,True,64,128,4,2,ok,0.0553,19.42,255,2,40960,0.37
512,True,64,128,4,3,ok,0.0631,17.01,255,2,73728,0.43
512,True,64,128,4,4,out_of_smem,,,,,,0.42
512,True,64,128,4,5,out_of_smem,,,,,,0.55
512,True,64,128,8,1,ok,0.1157,9.28,255,20,24576,0.35
512,True,64,128,8,2,ok,0.0911,11.78,227,0,40960,0.33
512,True,64,128,8,3,ok,0.0901,11.92,204,0,73728,0.35
512,True,64,128,8,4,out_of_smem,,,,,,0.38
512,True,64,128,8,5,out_of_smem,,,,,,0.40
512,True,64,128,16,1,ok,0.2458,4.37,128,102,24576,0.35
512,True,64,128,16,2,ok,0.2243,4.79,128,92,40960,0.36
512,True,64,128,16,3,ok,0.1853,5.79,128,28,73728,0.34
512,True,64,128,16,4,out_of_smem,,,,,,0.33
512,True,64,128,16,5,out_of_smem,,,,,,0.35
512,True,64,256,1,1,skipped_regs,,,,,,0.00
512,True,64,256,1,2,skipped_regs,,,,,,0.00
512,True,64,256,1,3,skipped_regs,,,,,,0.00
512,True,64,256,1,4,skipped_regs,,,,,,0.00
512,True,64,256,1,5,skipped_regs,,,,,,0.00
512,True,64,256,2,1,ok,0.1782,6.03,255,514,40960,1.28
512,True,64,256,2,2,ok,0.2273,4.72,255,644,73728,1.36
512,True,64,256,2,3,out_of_smem,,,,,,1.45
512,True,64,256,2,4,out_of_smem,,,,,,1.48
512,True,64,256,2,5,out_of_smem,,,,,,1.58
512,True,64,256,4,1,ok,0.1014,10.59,255,170,40960,0.66
512,True,64,256,4,2,ok,0.1075,9.99,255,152,73728,0.65
512,True,64,256,4,3,out_of_smem,,,,,,0.72
512,True,64,256,4,4,out_of_smem,,,,,,0.73
512,True,64,256,4,5,out_of_smem,,,,,,0.82
512,True,64,256,8,1,ok,0.1321,8.13,255,120,40960,0.61
512,True,64,256,8,2,ok,0.1311,8.19,255,102,73728,0.61
512,True,64,256,8,3,out_of_smem,,,,,,0.62
512,True,64,256,8,4,out_of_smem,,,,,,0.66
512,True,64,256,8,5,out_of_smem,,,,,,0.63
512,True,64,256,16,1,ok,3.0904,0.35,64,734,40960,0.59
512,True,64,256,16,2,ok,2.5938,0.41,64,776,73728,0.64
512,True,64,256,16,3,out_of_smem,,,,,,0.63
512,True,64,256,16,4,out_of_smem,,,,,,0.62
512,True,64,256,16,5,out_of_smem,,,,,,0.60
512,True,128,16,1,1,ok,0.2314,4.64,255,300,18432,0.93
512,True,128,16,1,2,ok,0.2102,5.11,255,258,20480,0.93
512,True,128,16,1,3,ok,0.2099,5.12,255,250,24576,0.95
512,True,128,16,1,4,ok,0.2109,5.09,255,250,28672,0.93
512,True,128,16,1,5,ok,0.2109,5.09,255,250,32768,0.95
512,True,128,16,2,1,ok,0.0973,11.04,255,0,18432,0.45
512,True,128,16,2,2,ok,0.0849,12.65,255,0,20480,0.44
512,True,128,16,2,3,ok,0.0832,12.90,255,0,24576,0.44
512,True,128,16,2,4,ok,0.0840,12.79,255,0,28672,0.46
512,True,128,16,2,5,ok,0.0840,12.79,255,0,32768,0.47
512,True,128,16,4,1,ok,0.0748,14.36,168,2,18432,0.27
512,True,128,16,4,2,ok,0.0860,12.48,174,0,20480,0.28
512,True,128,16,4,3,ok,0.0717,14.98,176,0,24576,0.27
512,True,128,16,4,4,ok,0.0716,15.01,176,0,28672,0.29
512,True,128,16,4,5,ok,0.0707,15.20,176,0,32768,0.28
512,True,128,16,8,1,ok,0.0911,11.78,115,0,18432,0.22
512,True,128,16,8,2,ok,0.0778,13.80,95,0,20480,0.19
512,True,128,16,8,3,ok,0.0604,17.77,98,0,24576,0.23
512,True,128,16,8,4,ok,0.0584,18.40,100,0,28672,0.23
512,True,128,16,8,5,ok,0.0584,18.40,100,0,32768,0.22
512,True,128,16,16,1,ok,0.1546,6.94,115,0,18432,0.20
512,True,128,16,16,2,ok,0.1434,7.49,93,0,20480,0.20
512,True,128,16,16,3,ok,0.1147,9.36,94,0,24576,0.21
512,True,128,16,16,4,ok,0.1155,9.29,94,0,28672,0.21
512,True,128,16,16,5,ok,0.1147,9.36,94,0,32768,0.22
512,True,128,32,1,1,ok,0.2703,3.97,168,636,20480,1.21
512,True,128,32,1,2,ok,0.2776,3.87,168,688,24576,1.23
512,True,128,32,1,3,ok,0.2857,3.76,168,670,32768,1.25
512,True,128,32,1,4,ok,0.4790,2.24,168,670,40960,1.27
512,True,128,32,1,5,ok,0.4826,2.22,168,670,49152,1.34
512,True,128,32,2,1,ok,0.1034,10.38,255,60,20480,0.53
512,True,128,32,2,2,ok,0.0875,12.28,255,30,24576,0.52
512,True,128,32,2,3,ok,0.0973,11.04,255,40,32768,0.54
512,True,128,32,2,4,ok,0.1239,8.67,255,42,40960,0.56
512,True,128,32,2,5,ok,0.1239,8.67,255,42,49152,0.56
512,True,128,32,4,1,ok,0.0860,12.48,216,0,20480,0.30
512,True,128,32,4,2,ok,0.0707,15.20,192,0,24576,0.32
512,True,128,32,4,3,ok,0.0676,15.89,238,0,32768,0.33
512,True,128,32,4,4,ok,0.0676,15.89,242,0,40960,0.33
512,True,128,32,4,5,ok,0.0677,15.85,242,0,49152,0.34
512,True,128,32,8,1,ok,0.0727,14.77,128,0,20480,0.22
512,True,128,32,8,2,ok,0.0764,14.06,143,0,24576,0.22
512,True,128,32,8,3,ok,0.0625,17.19,148,0,32768,0.23
512,True,128,32,8,4,ok,0.0614,17.49,145,0,40960,0.25
512,True,128,32,8,5,ok,0.0614,17.48,145,0,49152,0.25
512,True,128,32,16,1,ok,0.1372,7.83,127,0,20480,0.23
512,True,128,32,16,2,ok,0.1156,9.29,124,0,24576,0.23
512,True,128,32,16,3,ok,0.0993,10.81,120,0,32768,0.23
512,True,128,32,16,4,ok,0.1004,10.70,120,0,40960,0.23
512,True,128,32,16,5,ok,0.1004,10.70,120,0,49152,0.24
512,True,128,64,1,1,ok,0.5600,1.92,80,1308,24576,1.93
512,True,128,64,1,2,ok,0.5356,2.00,80,1398,32768,1.96
512,True,128,64,1,3,ok,0.8386,1.28,80,1344,49152,1.93
512,True,128,64,1,4,ok,1.0820,0.99,80,1352,65536,2.11
512,True,128,64,1,5,ok,1.0947,0.98,80,1352,81920,2.12
512,True,128,64,2,1,ok,0.1229,8.74,255,210,24576,0.77
512,True,128,64,2,2,ok,1.0491,1.02,40,1556,32768,0.87
512,True,128,64,2,3,ok,1.1546,0.93,40,1514,49152,0.86
512,True,128,64,2,4,ok,0.9892,1.09,40,1514,65536,0.91
512,True,128,64,2,5,ok,0.9923,1.08,40,1514,81920,0.92
512,True,128,64,4,1,ok,0.0799,13.44,255,4,24576,0.40
512,True,128,64,4,2,ok,0.0676,15.89,255,10,32768,0.40
512,True,128,64,4,3,ok,0.0686,15.65,255,10,49152,0.41
512,True,128,64,4,4,ok,0.0819,13.11,255,10,65536,0.42
512,True,128,64,4,5,ok,0.0819,13.11,255,10,81920,0.44
512,True,128,64,8,1,ok,0.0809,13.27,174,0,24576,0.26
512,True,128,64,8,2,ok,0.0707,15.20,159,0,32768,0.26
512,True,128,64,8,3,ok,0.0594,18.08,146,0,49152,0.27
512,True,128,64,8,4,ok,0.0594,18.08,146,0,65536,0.28
512,True,128,64,8,5,ok,0.0604,17.77,146,0,81920,0.29
512,True,128,64,16,1,ok,0.1219,8.81,128,12,24576,0.25
512,True,128,64,16,2,ok,0.1116,9.62,128,12,32768,0.26
512,True,128,64,16,3,ok,0.0975,11.01,128,6,49152,0.26
512,True,128,64,16,4,ok,0.1004,10.70,128,6,65536,0.27
512,True,128,64,16,5,ok,0.1010,10.63,128,6,81920,0.28
512,True,128,128,1,1,skipped_regs,,,,,,0.00
512,True,128,128,1,2,skipped_regs,,,,,,0.00
512,True,128,128,1,3,skipped_regs,,,,,,0.00
512,True,128,128,1,4,skipped_regs,,,,,,0.00
512,True,128,128,1,5,skipped_regs,,,,,,0.00
512,True,128,128,2,1,ok,0.1495,7.18,255,402,32768,1.33
512,True,128,128,2,2,ok,1.3169,0.82,40,2588,49152,1.49
512,True,128,128,2,3,ok,0.2488,4.32,255,576,81920,1.38
512,True,128,128,2,4,out_of_smem,,,,,,1.42
512,True,128,128,2,5,out_of_smem,,,,,,1.48
512,True,128,128,4,1,ok,0.0840,12.79,255,44,32768,0.60
512,True,128,128,4,2,ok,0.1004,10.70,255,122,49152,0.61
512,True,128,128,4,3,ok,0.1044,10.28,255,82,81920,0.63
512,True,128,128,4,4,out_of_smem,,,,,,0.65
512,True,128,128,4,5,out_of_smem,,,,,,0.68
512,True,128,128,8,1,ok,0.0787,13.65,255,20,32768,0.36
512,True,128,128,8,2,ok,0.0686,15.65,255,2,49152,0.35
512,True,128,128,8,3,ok,0.0635,16.91,205,0,81920,0.36
512,True,128,128,8,4,out_of_smem,,,,,,0.37
512,True,128,128,8,5,out_of_smem,,,,,,0.38
512,True,128,128,16,1,ok,0.1690,6.36,128,108,32768,0.34
512,True,128,128,16,2,ok,0.1454,7.38,128,82,49152,0.35
512,True,128,128,16,3,ok,0.1167,9.20,128,28,81920,0.35
512,True,128,128,16,4,out_of_smem,,,,,,0.35
512,True,128,128,16,5,out_of_smem,,,,,,0.36
512,True,128,256,1,1,skipped_regs,,,,,,0.00
512,True,128,256,1,2,skipped_regs,,,,,,0.00
512,True,128,256,1,3,skipped_regs,,,,,,0.00
512,True,128,256,1,4,skipped_regs,,,,,,0.00
512,True,128,256,1,5,skipped_regs,,,,,,0.00
512,True,128,256,2,1,skipped_regs,,,,,,0.00
512,True,128,256,2,2,skipped_regs,,,,,,0.00
512,True,128,256,2,3,skipped_regs,,,,,,0.00
512,True,128,256,2,4,skipped_regs,,,,,,0.00
512,True,128,256,2,5,skipped_regs,,,,,,0.00
512,True,128,256,4,1,ok,0.1526,7.04,255,292,49152,1.11
512,True,128,256,4,2,ok,0.1414,7.59,255,386,81920,1.21
512,True,128,256,4,3,out_of_smem,,,,,,1.21
512,True,128,256,4,4,out_of_smem,,,,,,1.25
512,True,128,256,4,5,out_of_smem,,,,,,1.31
512,True,128,256,8,1,ok,0.0963,11.16,255,116,49152,0.59
512,True,128,256,8,2,ok,0.0983,10.92,255,110,81920,0.58
512,True,128,256,8,3,out_of_smem,,,,,,0.62
512,True,128,256,8,4,out_of_smem,,,,,,0.76
512,True,128,256,8,5,out_of_smem,,,,,,0.66
512,True,128,256,16,1,ok,0.5658,1.90,128,384,49152,0.58
512,True,128,256,16,2,ok,1.3220,0.81,64,778,81920,0.61
512,True,128,256,16,3,out_of_smem,,,,,,0.69
512,True,128,256,16,4,out_of_smem,,,,,,0.58
512,True,128,256,16,5,out_of_smem,,,,,,0.61
512,True,256,16,1,1,skipped_regs,,,,,,0.00
512,True,256,16,1,2,skipped_regs,,,,,,0.00
512,True,256,16,1,3,skipped_regs,,,,,,0.00
512,True,256,16,1,4,skipped_regs,,,,,,0.00
512,True,256,16,1,5,skipped_regs,,,,,,0.00
512,True,256,16,2,1,ok,0.2345,4.58,255,316,34816,0.93
512,True,256,16,2,2,ok,0.2253,4.77,255,288,36864,0.89
512,True,256,16,2,3,ok,0.2202,4.88,255,274,40960,0.89
512,True,256,16,2,4,ok,0.2204,4.87,255,278,45056,0.94
512,True,256,16,2,5,ok,0.2212,4.85,255,276,49152,0.95
512,True,256,16,4,1,ok,0.0993,10.81,255,6,34816,0.42
512,True,256,16,4,2,ok,0.0850,12.63,255,4,36864,0.45
512,True,256,16,4,3,ok,0.0840,12.79,255,4,40960,0.47
512,True,256,16,4,4,ok,0.0860,12.48,255,4,45056,0.45
512,True,256,16,4,5,ok,0.0829,12.95,255,4,49152,0.47
512,True,256,16,8,1,ok,0.1239,8.67,197,0,34816,0.28
512,True,256,16,8,2,ok,0.1044,10.28,172,0,36864,0.27
512,True,256,16,8,3,ok,0.0963,11.16,177,0,40960,0.26
512,True,256,16,8,4,ok,0.0983,10.92,182,0,45056,0.27
512,True,256,16,8,5,ok,0.0942,11.40,179,0,49152,0.30
512,True,256,16,16,1,ok,0.1106,9.71,115,0,34816,0.18
512,True,256,16,16,2,ok,0.1001,10.73,92,0,36864,0.20
512,True,256,16,16,3,ok,0.0829,12.95,96,0,40960,0.20
512,True,256,16,16,4,ok,0.0778,13.80,96,0,45056,0.23
512,True,256,16,16,5,ok,0.0773,13.89,96,0,49152,0.20
512,True,256,32,1,1,skipped_regs,,,,,,0.00
512,True,256,32,1,2,skipped_regs,,,,,,0.00
512,True,256,32,1,3,skipped_regs,,,,,,0.00
512,True,256,32,1,4,skipped_regs,,,,,,0.00
512,True,256,32,1,5,skipped_regs,,,,,,0.00
512,True,256,32,2,1,ok,0.9370,1.15,40,1776,36864,1.23
512,True,256,32,2,2,ok,0.9093,1.18,40,1618,40960,1.31
512,True,256,32,2,3,ok,0.9114,1.18,40,1694,49152,1.32
512,True,256,32,2,4,ok,1.4100,0.76,40,1692,57344,1.28
512,True,256,32,2,5,ok,1.4141,0.76,40,1690,65536,1.31
512,True,256,32,4,1,ok,0.0973,11.04,255,36,36864,0.54
512,True,256,32,4,2,ok,0.0840,12.79,255,20,40960,0.50
512,True,256,32,4,3,ok,0.0952,11.28,255,34,49152,0.55
512,True,256,32,4,4,ok,0.1198,8.96,255,34,57344,0.54
512,True,256,32,4,5,ok,0.1208,8.89,255,34,65536,0.56
512,True,256,32,8,1,ok,0.1014,10.59,217,0,36864,0.29
512,True,256,32,8,2,ok,0.0881,12.19,192,0,40960,0.30
512,True,256,32,8,3,ok,0.0870,12.34,236,0,49152,0.29
512,True,256,32,8,4,ok,0.0911,11.78,236,0,57344,0.30
512,True,256,32,8,5,ok,0.0911,11.78,236,0,65536,0.34
512,True,256,32,16,1,ok,0.0973,11.04,128,0,36864,0.24
512,True,256,32,16,2,ok,0.0805,13.34,122,0,40960,0.24
512,True,256,32,16,3,ok,0.0796,13.48,124,0,49152,0.24
512,True,256,32,16,4,ok,0.0794,13.52,124,0,57344,0.25
512,True,256,32,16,5,ok,0.0788,13.62,124,0,65536,0.22
512,True,256,64,1,1,skipped_regs,,,,,,0.00
512,True,256,64,1,2,skipped_regs,,,,,,0.00
512,True,256,64,1,3,skipped_regs,,,,,,0.00
512,True,256,64,1,4,skipped_regs,,,,,,0.00
512,True,256,64,1,5,skipped_regs,,,,,,0.00
512,True,256,64,2,1,ok,0.8623,1.25,40,1828,40960,1.92
512,True,256,64,2,2,ok,0.8713,1.23,40,1854,49152,1.94
512,True,256,64,2,3,ok,1.3117,0.82,40,1890,65536,1.97
512,True,256,64,2,4,ok,1.3230,0.81,40,1888,81920,2.00
512,True,256,64,2,5,ok,1.3158,0.82,40,1904,98304,1.96
512,True,256,64,4,1,ok,0.9769,1.10,40,1446,40960,0.87
512,True,256,64,4,2,ok,1.0076,1.07,40,1502,49152,0.81
512,True,256,64,4,3,ok,1.1530,0.93,40,1516,65536,0.83
512,True,256,64,4,4,ok,1.1546,0.93,40,1514,81920,0.88
512,True,256,64,4,5,ok,1.1510,0.93,40,1514,98304,0.85
512,True,256,64,8,1,ok,0.0963,11.15,255,0,40960,0.39
512,True,256,64,8,2,ok,0.0829,12.95,255,2,49152,0.41
512,True,256,64,8,3,ok,0.0850,12.63,255,2,65536,0.38
512,True,256,64,8,4,ok,0.0829,12.95,255,0,81920,0.40
512,True,256,64,8,5,ok,0.0819,13.11,255,0,98304,0.42
512,True,256,64,16,1,ok,0.0932,11.52,128,16,40960,0.26
512,True,256,64,16,2,ok,0.0788,13.62,128,6,49152,0.27
512,True,256,64,16,3,ok,0.0707,15.20,128,4,65536,0.25
512,True,256,64,16,4,ok,0.0778,13.80,128,10,81920,0.25
512,True,256,64,16,5,ok,0.0795,13.50,128,10,98304,0.28
512,True,256,128,1,1,skipped_regs,,,,,,0.00
512,True,256,128,1,2,skipped_regs,,,,,,0.00
512,True,256,128,1,3,skipped_regs,,,,,,0.00
512,True,256,128,1,4,skipped_regs,,,,,,0.00
512,True,256,128,1,5,skipped_regs,,,,,,0.00
512,True,256,128,2,1,skipped_regs,,,,,,0.00
512,True,256,128,2,2,skipped_regs,,,,,,0.00
512,True,256,128,2,3,skipped_regs,,,,,,0.00
512,True,256,128,2,4,skipped_regs,,,,,,0.00
512,True,256,128,2,5,skipped_regs,,,,,,0.00
512,True,256,128,4,1,ok,0.1500,7.16,255,426,49152,1.27
512,True,256,128,4,2,ok,1.2802,0.84,40,2534,65536,1.44
512,True,256,128,4,3,ok,1.0271,1.05,40,2122,98304,1.39
512,True,256,128,4,4,out_of_smem,,,,,,1.44
512,True,256,128,4,5,out_of_smem,,,,,,1.60
512,True,256,128,8,1,ok,0.1055,10.18,255,66,49152,0.59
512,True,256,128,8,2,ok,0.1034,10.38,255,84,65536,0.57
512,True,256,128,8,3,ok,0.1004,10.70,255,48,98304,0.70
512,True,256,128,8,4,out_of_smem,,,,,,0.71
512,True,256,128,8,5,out_of_smem,,,,,,0.74
512,True,256,128,16,1,ok,0.1331,8.07,128,116,49152,0.37
512,True,256,128,16,2,ok,0.1116,9.62,128,86,65536,0.37
512,True,256,128,16,3,ok,0.0878,12.23,128,28,98304,0.40
512,True,256,128,16,4,out_of_smem,,,,,,0.40
512,True,256,128,16,5,out_of_smem,,,,,,0.41
512,True,256,256,1,1,skipped_regs,,,,,,0.00
512,True,256,256,1,2,skipped_regs,,,,,,0.00
512,True,256,256,1,3,skipped_regs,,,,,,0.00
512,True,256,256,1,4,skipped_regs,,,,,,0.00
512,True,256,256,1,5,skipped_regs,,,,,,0.00
512,True,256,256,2,1,skipped_regs,,,,,,0.00
512,True,256,256,2,2,skipped_regs,,,,,,0.00
512,True,256,256,2,3,skipped_regs,,,,,,0.00
512,True,256,256,2,4,skipped_regs,,,,,,0.00
512,True,256,256,2,5,skipped_regs,,,,,,0.00
512,True,256,256,4,1,skipped_regs,,,,,,0.00
512,True,256,256,4,2,skipped_regs,,,,,,0.00
512,True,256,256,4,3,skipped_regs,,,,,,0.00
512,True,256,256,4,4,skipped_regs,,,,,,0.00
512,True,256,256,4,5,skipped_regs,,,,,,0.00
512,True,256,256,8,1,ok,1.0629,1.01,40,1474,65536,1.26
512,True,256,256,8,2,ok,0.1679,6.39,255,356,98304,1.24
512,True,256,256,8,3,out_of_smem,,,,,,1.27
512,True,256,256,8,4,out_of_smem,,,,,,1.21
512,True,256,256,8,5,out_of_smem,,,,,,1.31
512,True,256,256,16,1,ok,0.7168,1.50,64,736,65536,0.63
512,True,256,256,16,2,ok,0.7782,1.38,64,796,98304,0.61
512,True,256,256,16,3,out_of_smem,,,,,,0.59
512,True,256,256,16,4,out_of_smem,,,,,,0.60
512,True,256,256,16,5,out_of_smem,,,,,,0.58
1024,True,16,16,1,1,ok,0.2247,19.12,122,0,4096,0.42
1024,True,16,16,1,2,ok,0.2345,18.32,96,0,6144,0.41
1024,True,16,16,1,3,ok,0.2275,18.88,99,0,10240,0.43
1024,True,16,16,1,4,ok,0.2253,19.07,99,0,14336,0.20
1024,True,16,16,1,5,ok,0.2302,18.66,99,0,18432,0.18
1024,True,16,16,2,1,ok,0.3052,14.07,96,0,4608,0.14
1024,True,16,16,2,2,ok,0.2703,15.89,80,0,6656,0.14
1024,True,16,16,2,3,ok,0.2591,16.58,80,0,10752,0.14
1024,True,16,16,2,4,ok,0.2877,14.93,80,0,14848,0.15
1024,True,16,16,2,5,ok,0.3020,14.22,80,0,18944,0.16
1024,True,16,16,4,1,ok,0.4157,10.33,67,0,4608,0.13
1024,True,16,16,4,2,ok,0.3934,10.92,63,0,6656,0.13
1024,True,16,16,4,3,ok,0.3891,11.04,63,0,10752,0.14
1024,True,16,16,4,4,ok,0.3973,10.81,63,0,14848,0.14
1024,True,16,16,4,5,ok,0.4055,10.59,63,0,18944,0.15
1024,True,16,16,8,1,ok,0.8734,4.92,73,0,4608,0.12
1024,True,16,16,8,2,ok,0.7711,5.57,58,0,6656,0.13
1024,True,16,16,8,3,ok,0.7619,5.64,58,0,10752,0.13
1024,True,16,16,8,4,ok,0.7660,5.61,58,0,14848,0.13
1024,True,16,16,8,5,ok,0.7711,5.57,58,0,18944,0.14
1024,True,16,16,16,1,ok,2.5508,1.68,87,0,4608,0.13
1024,True,16,16,16,2,ok,2.3736,1.81,79,0,6656,0.13
1024,True,16,16,16,3,ok,2.0552,2.09,80,0,10752,0.13
1024,True,16,16,16,4,ok,2.0572,2.09,80,0,14848,0.14
1024,True,16,16,16,5,ok,2.0623,2.08,82,0,18944,0.14
1024,True,16,32,1,1,ok,0.1946,22.08,126,0,6144,0.19
1024,True,16,32,1,2,ok,0.2288,18.77,157,0,10240,0.19
1024,True,16,32,1,3,ok,0.2222,19.33,166,0,18432,0.21
1024,True,16,32,1,4,ok,0.2662,16.13,166,0,26624,0.23
1024,True,16,32,1,5,ok,0.3901,11.01,166,0,34816,0.24
1024,True,16,32,2,1,ok,0.2458,17.48,125,0,7168,0.17
1024,True,16,32,2,2,ok,0.2376,18.08,96,0,11264,0.17
1024,True,16,32,2,3,ok,0.2324,18.48,97,0,19456,0.18
1024,True,16,32,2,4,ok,0.2806,15.31,97,0,27648,0.19
1024,True,16,32,2,5,ok,0.3748,11.46,97,0,35840,0.19
1024,True,16,32,4,1,ok,0.2836,15.14,79,0,7168,0.14
1024,True,16,32,4,2,ok,0.2560,16.78,72,0,11264,0.14
1024,True,16,32,4,3,ok,0.2560,16.78,71,0,19456,0.14
1024,True,16,32,4,4,ok,0.3000,14.32,71,0,27648,0.16
1024,True,16,32,4,5,ok,0.3758,11.43,71,0,35840,0.18
1024,True,16,32,8,1,ok,0.4280,10.03,64,0,7168,0.13
1024,True,16,32,8,2,ok,0.4219,10.18,64,0,11264,0.20
1024,True,16,32,8,3,ok,0.4138,10.38,64,0,19456,0.14
1024,True,16,32,8,4,ok,0.4352,9.87,64,0,27648,0.20
1024,True,16,32,8,5,ok,0.4987,8.61,64,0,35840,0.22
1024,True,16,32,16,1,ok,1.4305,3.00,90,0,7168,0.13
1024,True,16,32,16,2,ok,0.9090,4.72,64,0,11264,0.14
1024,True,16,32,16,3,ok,0.9021,4.76,64,0,19456,0.14
1024,True,16,32,16,4,ok,0.9052,4.74,64,0,27648,0.15
1024,True,16,32,16,5,ok,0.9103,4.72,64,0,35840,0.15
1024,True,16,64,1,1,ok,0.1990,21.58,216,0,10240,0.26
1024,True,16,64,1,2,ok,0.2365,18.16,222,0,18432,0.28
1024,True,16,64,1,3,ok,0.3574,12.02,222,0,34816,0.34
1024,True,16,64,1,4,ok,0.6945,6.18,222,0,51200,0.37
1024,True,16,64,1,5,ok,0.7014,6.12,254,0,67584,0.40
1024,True,16,64,2,1,ok,0.2228,19.28,126,0,12288,0.20
1024,True,16,64,2,2,ok,0.2458,17.48,133,0,20480,0.20
1024,True,16,64,2,3,ok,0.2986,14.38,128,0,36864,0.22
1024,True,16,64,2,4,ok,0.5608,7.66,128,0,53248,0.23
1024,True,16,64,2,5,ok,0.5632,7.63,128,0,69632,0.25
1024,True,16,64,4,1,ok,0.2345,18.32,96,0,12288,0.16
1024,True,16,64,4,2,ok,0.2365,18.16,84,0,20480,0.16
1024,True,16,64,4,3,ok,0.2734,15.71,84,0,36864,0.19
1024,True,16,64,4,4,ok,0.4444,9.66,84,0,53248,0.19
1024,True,16,64,4,5,ok,0.4478,9.59,84,0,69632,0.19
1024,True,16,64,8,1,ok,0.2836,15.14,64,0,12288,0.13
1024,True,16,64,8,2,ok,0.2705,15.88,64,0,20480,0.14
1024,True,16,64,8,3,ok,0.3028,14.18,64,0,36864,0.14
1024,True,16,64,8,4,ok,0.4489,9.57,64,0,53248,0.16
1024,True,16,64,8,5,ok,0.4526,9.49,64,0,69632,0.16
1024,True,16,64,16,1,ok,0.8428,5.10,67,0,12288,0.15
1024,True,16,64,16,2,ok,0.5212,8.24,64,0,20480,0.16
1024,True,16,64,16,3,ok,0.5050,8.50,64,0,36864,0.15
1024,True,16,64,16,4,ok,0.6758,6.36,64,0,53248,0.15
1024,True,16,64,16,5,ok,0.6830,6.29,64,0,69632,0.15
1024,True,16,128,1,1,ok,0.2888,14.87,255,56,18432,0.41
1024,True,16,128,1,2,ok,0.5253,8.18,255,82,34816,0.47
1024,True,16,128,1,3,ok,0.9400,4.57,255,36,67584,0.54
1024,True,16,128,1,4,ok,0.9492,4.52,255,36,100352,0.62
1024,True,16,128,1,5,out_of_smem,,,,,,0.69
1024,True,16,128,2,1,ok,0.2355,18.24,213,0,22528,0.27
1024,True,16,128,2,2,ok,0.3215,13.36,248,0,38912,0.29
1024,True,16,128,2,3,ok,0.4875,8.81,250,0,71680,0.33
1024,True,16,128,2,4,out_of_smem,,,,,,0.37
1024,True,16,128,2,5,out_of_smem,,,,,,0.41
1024,True,16,128,4,1,ok,0.2307,18.62,123,0,22528,0.20
1024,True,16,128,4,2,ok,0.2673,16.07,136,0,38912,0.20
1024,True,16,128,4,3,ok,0.3369,12.75,136,0,71680,0.23
1024,True,16,128,4,4,out_of_smem,,,,,,0.24
1024,True,16,128,4,5,out_of_smem,,,,,,0.25
1024,True,16,128,8,1,ok,0.3031,14.17,114,0,22528,0.17
1024,True,16,128,8,2,ok,0.2744,15.65,91,0,38912,0.17
1024,True,16,128,8,3,ok,0.3451,12.45,80,0,71680,0.17
1024,True,16,128,8,4,out_of_smem,,,,,,0.18
1024,True,16,128,8,5,out_of_smem,,,,,,0.19
1024,True,16,128,16,1,ok,0.5540,7.75,88,0,22528,0.15
1024,True,16,128,16,2,ok,0.5173,8.30,84,0,38912,0.16
1024,True,16,128,16,3,ok,0.4419,9.72,77,0,71680,0.16
1024,True,16,128,16,4,out_of_smem,,,,,,0.17
1024,True,16,128,16,5,out_of_smem,,,,,,0.17
1024,True,16,256,1,1,ok,0.8858,4.85,255,488,34816,0.86
1024,True,16,256,1,2,ok,0.9574,4.49,255,90,67584,0.81
1024,True,16,256,1,3,out_of_smem,,,,,,0.96
1024,True,16,256,1,4,out_of_smem,,,,,,1.21
1024,True,16,256,1,5,out_of_smem,,,,,,1.39
1024,True,16,256,2,1,ok,0.3922,10.95,255,44,43008,0.45
1024,True,16,256,2,2,ok,0.5530,7.77,255,2,75776,0.49
1024,True,16,256,2,3,out_of_smem,,,,,,0.66
1024,True,16,256,2,4,out_of_smem,,,,,,0.76
1024,True,16,256,2,5,out_of_smem,,,,,,0.85
1024,True,16,256,4,1,ok,0.2918,14.72,196,0,43008,0.32
1024,True,16,256,4,2,ok,0.3850,11.16,187,0,75776,0.32
1024,True,16,256,4,3,out_of_smem,,,,,,0.39
1024,True,16,256,4,4,out_of_smem,,,,,,0.41
1024,True,16,256,4,5,out_of_smem,,,,,,0.47
1024,True,16,256,8,1,ok,0.2847,15.09,127,0,43008,0.23
1024,True,16,256,8,2,ok,0.3696,11.62,128,0,75776,0.22
1024,True,16,256,8,3,out_of_smem,,,,,,0.29
1024,True,16,256,8,4,out_of_smem,,,,,,0.27
1024,True,16,256,8,5,out_of_smem,,,,,,0.31
1024,True,16,256,16,1,ok,0.4588,9.36,102,0,43008,0.18
1024,True,16,256,16,2,ok,0.4474,9.60,83,0,75776,0.19
1024,True,16,256,16,3,out_of_smem,,,,,,0.22
1024,True,16,256,16,4,out_of_smem,,,,,,0.21
1024,True,16,256,16,5,out_of_smem,,,,,,0.23
1024,True,32,16,1,1,ok,0.2560,16.78,170,0,6144,0.30
1024,True,32,16,1,2,ok,0.1720,24.97,166,0,8192,0.31
1024,True,32,16,1,3,ok,0.1847,23.25,168,0,12288,0.31
1024,True,32,16,1,4,ok,0.1966,21.85,190,0,16384,0.30
1024,True,32,16,1,5,ok,0.1976,21.73,190,0,20480,0.29
1024,True,32,16,2,1,ok,0.3000,14.32,131,0,7168,0.20
1024,True,32,16,2,2,ok,0.2284,18.81,126,0,9216,0.21
1024,True,32,16,2,3,ok,0.2099,20.46,128,0,13312,0.22
1024,True,32,16,2,4,ok,0.2324,18.48,128,0,17408,0.23
1024,True,32,16,2,5,ok,0.2601,16.51,128,0,21504,0.22
1024,True,32,16,4,1,ok,0.3676,11.68,96,0,7168,0.18
1024,True,32,16,4,2,ok,0.3318,12.95,96,0,9216,0.20
1024,True,32,16,4,3,ok,0.3195,13.44,96,0,13312,0.18
1024,True,32,16,4,4,ok,0.3185,13.49,96,0,17408,0.21
1024,True,32,16,4,5,ok,0.3278,13.10,96,0,21504,0.19
1024,True,32,16,8,1,ok,0.7926,5.42,113,0,7168,0.15
1024,True,32,16,8,2,ok,0.7209,5.96,99,0,9216,0.17
1024,True,32,16,8,3,ok,0.6843,6.28,97,0,13312,0.18
1024,True,32,16,8,4,ok,0.6810,6.31,99,0,17408,0.17
1024,True,32,16,8,5,ok,0.6828,6.29,99,0,21504,0.17
1024,True,32,16,16,1,ok,1.8299,2.35,111,0,7168,0.17
1024,True,32,16,16,2,ok,1.7326,2.48,97,0,9216,0.16
1024,True,32,16,16,3,ok,1.5862,2.71,97,0,13312,0.18
1024,True,32,16,16,4,ok,1.5688,2.74,97,0,17408,0.17
1024,True,32,16,16,5,ok,1.5698,2.74,97,0,21504,0.16
1024,True,32,32,1,1,ok,0.2093,20.52,211,0,8192,0.28
1024,True,32,32,1,2,ok,0.1850,23.21,229,0,12288,0.29
1024,True,32,32,1,3,ok,0.1843,23.30,229,0,20480,0.31
1024,True,32,32,1,4,ok,0.2458,17.48,229,0,28672,0.32
1024,True,32,32,1,5,ok,0.3460,12.41,229,0,36864,0.34
1024,True,32,32,2,1,ok,0.2150,19.97,156,0,10240,0.21
1024,True,32,32,2,2,ok,0.1925,22.31,151,0,14336,0.22
1024,True,32,32,2,3,ok,0.1864,23.05,152,0,22528,0.24
1024,True,32,32,2,4,ok,0.2314,18.56,152,0,30720,0.23
1024,True,32,32,2,5,ok,0.3031,14.17,152,0,38912,0.25
1024,True,32,32,4,1,ok,0.2314,18.56,96,0,10240,0.19
1024,True,32,32,4,2,ok,0.2235,19.22,103,0,14336,0.18
1024,True,32,32,4,3,ok,0.2109,20.36,101,0,22528,0.18
1024,True,32,32,4,4,ok,0.2335,18.40,101,0,30720,0.18
1024,True,32,32,4,5,ok,0.2816,15.25,101,0,38912,0.20
1024,True,32,32,8,1,ok,0.4465,9.62,115,0,10240,0.17
1024,True,32,32,8,2,ok,0.4101,10.47,101,0,14336,0.18
1024,True,32,32,8,3,ok,0.3727,11.52,98,0,22528,0.16
1024,True,32,32,8,4,ok,0.3717,11.55,98,0,30720,0.18
1024,True,32,32,8,5,ok,0.3717,11.55,98,0,38912,0.17
1024,True,32,32,16,1,ok,1.0281,4.18,114,0,10240,0.16
1024,True,32,32,16,2,ok,1.0004,4.29,97,0,14336,0.16
1024,True,32,32,16,3,ok,0.9032,4.76,97,0,22528,0.16
1024,True,32,32,16,4,ok,0.8960,4.79,97,0,30720,0.17
1024,True,32,32,16,5,ok,0.8970,4.79,97,0,38912,0.18
1024,True,32,64,1,1,ok,0.1915,22.43,244,0,12288,0.39
1024,True,32,64,1,2,ok,0.2099,20.46,255,14,20480,0.41
1024,True,32,64,1,3,ok,0.3789,11.33,255,22,36864,0.60
1024,True,32,64,1,4,ok,0.7209,5.96,255,26,53248,0.50
1024,True,32,64,1,5,ok,0.7281,5.90,255,26,69632,0.53
1024,True,32,64,2,1,ok,0.1853,23.17,168,0,16384,0.31
1024,True,32,64,2,2,ok,0.1935,22.19,209,0,24576,0.26
1024,True,32,64,2,3,ok,0.2519,17.05,212,0,40960,0.29
1024,True,32,64,2,4,ok,0.4710,9.12,212,0,57344,0.36
1024,True,32,64,2,5,ok,0.4741,9.06,212,0,73728,0.39
1024,True,32,64,4,1,ok,0.2100,20.45,139,0,16384,0.19
1024,True,32,64,4,2,ok,0.1731,24.82,127,0,24576,0.29
1024,True,32,64,4,3,ok,0.2007,21.40,128,0,40960,0.25
1024,True,32,64,4,4,ok,0.3103,13.84,128,0,57344,0.28
1024,True,32,64,4,5,ok,0.3144,13.66,128,0,73728,0.29
1024,True,32,64,8,1,ok,0.2867,14.98,104,0,16384,0.20
1024,True,32,64,8,2,ok,0.2611,16.45,104,0,24576,0.18
1024,True,32,64,8,3,ok,0.2365,18.16,97,0,40960,0.20
1024,True,32,64,8,4,ok,0.3318,12.95,97,0,57344,0.23
1024,True,32,64,8,5,ok,0.3328,12.91,97,0,73728,0.24
1024,True,32,64,16,1,ok,0.5868,7.32,100,0,16384,0.20
1024,True,32,64,16,2,ok,0.5632,7.63,101,0,24576,0.19
1024,True,32,64,16,3,ok,0.5325,8.07,93,0,40960,0.22
1024,True,32,64,16,4,ok,0.5409,7.94,97,0,57344,0.21
1024,True,32,64,16,5,ok,0.5437,7.90,97,0,73728,0.22
1024,True,32,128,1,1,ok,0.2888,14.87,255,118,20480,0.79
1024,True,32,128,1,2,ok,0.4803,8.94,255,108,36864,0.70
1024,True,32,128,1,3,ok,0.8243,5.21,255,98,69632,0.82
1024,True,32,128,1,4,out_of_smem,,,,,,0.85
1024,True,32,128,1,5,out_of_smem,,,,,,0.97
1024,True,32,128,2,1,ok,0.2161,19.88,247,0,28672,0.43
1024,True,32,128,2,2,ok,0.2621,16.38,255,4,45056,0.46
1024,True,32,128,2,3,ok,0.4362,9.85,255,8,77824,0.46
1024,True,32,128,2,4,out_of_smem,,,,,,0.54
1024,True,32,128,2,5,out_of_smem,,,,,,0.58
1024,True,32,128,4,1,ok,0.1802,23.83,128,2,28672,0.28
1024,True,32,128,4,2,ok,0.1915,22.43,176,0,45056,0.33
1024,True,32,128,4,3,ok,0.2596,16.54,239,0,77824,0.37
1024,True,32,128,4,4,out_of_smem,,,,,,0.39
1024,True,32,128,4,5,out_of_smem,,,,,,0.36
1024,True,32,128,8,1,ok,0.2171,19.78,128,0,28672,0.24
1024,True,32,128,8,2,ok,0.2058,20.87,128,0,45056,0.23
1024,True,32,128,8,3,ok,0.2652,16.19,127,0,77824,0.25
1024,True,32,128,8,4,out_of_smem,,,,,,0.26
1024,True,32,128,8,5,out_of_smem,,,,,,0.26
1024,True,32,128,16,1,ok,0.4188,10.26,102,0,28672,0.21
1024,True,32,128,16,2,ok,0.3996,10.75,102,0,45056,0.20
1024,True,32,128,16,3,ok,0.3707,11.59,104,0,77824,0.22
1024,True,32,128,16,4,out_of_smem,,,,,,0.21
1024,True,32,128,16,5,out_of_smem,,,,,,0.23
1024,True,32,256,1,1,ok,0.9594,4.48,255,776,36864,1.58
1024,True,32,256,1,2,ok,1.3722,3.13,255,666,69632,1.48
1024,True,32,256,1,3,out_of_smem,,,,,,1.72
1024,True,32,256,1,4,out_of_smem,,,,,,1.88
1024,True,32,256,1,5,out_of_smem,,,,,,2.09
1024,True,32,256,2,1,ok,0.5459,7.87,255,74,53248,0.74
1024,True,32,256,2,2,ok,0.4465,9.62,255,28,86016,0.69
1024,True,32,256,2,3,out_of_smem,,,,,,0.78
1024,True,32,256,2,4,out_of_smem,,,,,,0.85
1024,True,32,256,2,5,out_of_smem,,,,,,0.96
1024,True,32,256,4,1,ok,0.3133,13.71,209,0,53248,0.41
1024,True,32,256,4,2,ok,0.2728,15.75,255,0,86016,0.45
1024,True,32,256,4,3,out_of_smem,,,,,,0.48
1024,True,32,256,4,4,out_of_smem,,,,,,0.54
1024,True,32,256,4,5,out_of_smem,,,,,,0.57
1024,True,32,256,8,1,ok,0.2970,14.46,160,0,53248,0.30
1024,True,32,256,8,2,ok,0.2662,16.13,174,0,86016,0.31
1024,True,32,256,8,3,out_of_smem,,,,,,0.32
1024,True,32,256,8,4,out_of_smem,,,,,,0.38
1024,True,32,256,8,5,out_of_smem,,,,,,0.38
1024,True,32,256,16,1,ok,0.3533,12.16,126,0,53248,0.25
1024,True,32,256,16,2,ok,0.3441,12.48,124,0,86016,0.25
1024,True,32,256,16,3,out_of_smem,,,,,,0.25
1024,True,32,256,16,4,out_of_smem,,,,,,0.27
1024,True,32,256,16,5,out_of_smem,,,,,,0.29
1024,True,64,16,1,1,ok,0.2642,16.26,255,0,10240,0.45
1024,True,64,16,1,2,ok,0.2427,17.70,255,0,12288,0.44
1024,True,64,16,1,3,ok,0.2468,17.40,255,0,16384,0.47
1024,True,64,16,1,4,ok,0.2662,16.13,255,0,20480,0.45
1024,True,64,16,1,5,ok,0.2695,15.94,255,0,24576,0.49
1024,True,64,16,2,1,ok,0.1831,23.46,161,0,10240,0.25
1024,True,64,16,2,2,ok,0.1720,24.97,167,0,12288,0.26
1024,True,64,16,2,3,ok,0.1684,25.50,166,0,16384,0.26
1024,True,64,16,2,4,ok,0.1690,25.42,166,0,20480,0.28
1024,True,64,16,2,5,ok,0.1693,25.37,166,0,24576,0.28
1024,True,64,16,4,1,ok,0.2120,20.26,117,0,10240,0.19
1024,True,64,16,4,2,ok,0.1597,26.89,94,0,12288,0.18
1024,True,64,16,4,3,ok,0.1573,27.30,96,0,16384,0.19
1024,True,64,16,4,4,ok,0.1546,27.78,96,0,20480,0.20
1024,True,64,16,4,5,ok,0.1546,27.78,96,0,24576,0.21
1024,True,64,16,8,1,ok,0.3676,11.68,116,0,10240,0.19
1024,True,64,16,8,2,ok,0.3328,12.91,93,0,12288,0.19
1024,True,64,16,8,3,ok,0.3113,13.80,94,0,16384,0.20
1024,True,64,16,8,4,ok,0.3144,13.66,94,0,20480,0.20
1024,True,64,16,8,5,ok,0.3144,13.66,94,0,24576,0.20
1024,True,64,16,16,1,ok,0.8779,4.89,114,0,10240,0.18
1024,True,64,16,16,2,ok,0.8018,5.36,93,0,12288,0.17
1024,True,64,16,16,3,ok,0.6953,6.18,93,0,16384,0.20
1024,True,64,16,16,4,ok,0.7055,6.09,93,0,20480,0.20
1024,True,64,16,16,5,ok,0.7096,6.05,93,0,24576,0.21
1024,True,64,32,1,1,ok,0.2355,18.24,255,22,12288,0.50
1024,True,64,32,1,2,ok,0.2550,16.84,255,48,16384,0.53
1024,True,64,32,1,3,ok,0.2499,17.19,255,50,24576,0.55
1024,True,64,32,1,4,ok,0.2994,14.35,255,50,32768,0.57
1024,True,64,32,1,5,ok,0.3717,11.55,255,50,40960,0.59
1024,True,64,32,2,1,ok,0.2053,20.92,225,0,12288,0.30
1024,True,64,32,2,2,ok,0.1690,25.42,207,0,16384,0.30
1024,True,64,32,2,3,ok,0.1608,26.72,207,0,24576,0.31
1024,True,64,32,2,4,ok,0.1741,24.67,207,0,32768,0.32
1024,True,64,32,2,5,ok,0.1802,23.83,207,0,40960,0.33
1024,True,64,32,4,1,ok,0.1792,23.97,137,0,12288,0.21
1024,True,64,32,4,2,ok,0.1544,27.82,126,0,16384,0.21
1024,True,64,32,4,3,ok,0.1546,27.78,127,0,24576,0.21
1024,True,64,32,4,4,ok,0.1546,27.78,127,0,32768,0.23
1024,True,64,32,4,5,ok,0.1587,27.06,127,0,40960,0.23
1024,True,64,32,8,1,ok,0.3174,13.53,128,0,12288,0.20
1024,True,64,32,8,2,ok,0.2877,14.93,128,0,16384,0.20
1024,True,64,32,8,3,ok,0.2857,15.03,128,0,24576,0.21
1024,True,64,32,8,4,ok,0.3308,12.99,144,0,32768,0.22
1024,True,64,32,8,5,ok,0.3308,12.99,144,0,40960,0.21
1024,True,64,32,16,1,ok,0.8182,5.25,127,0,12288,0.20
1024,True,64,32,16,2,ok,0.6625,6.48,121,0,16384,0.19
1024,True,64,32,16,3,ok,0.5980,7.18,119,0,24576,0.21
1024,True,64,32,16,4,ok,0.5949,7.22,120,0,32768,0.23
1024,True,64,32,16,5,ok,0.5883,7.30,120,0,40960,0.24
1024,True,64,64,1,1,ok,0.3285,13.07,255,194,16384,0.78
1024,True,64,64,1,2,ok,0.5263,8.16,255,290,24576,0.80
1024,True,64,64,1,3,ok,0.7762,5.53,255,294,40960,0.83
1024,True,64,64,1,4,ok,1.3250,3.24,255,294,57344,0.84
1024,True,64,64,1,5,ok,1.3212,3.25,255,294,73728,0.88
1024,True,64,64,2,1,ok,0.1771,24.25,255,0,16384,0.37
1024,True,64,64,2,2,ok,0.1706,25.17,255,6,24576,0.41
1024,True,64,64,2,3,ok,0.1997,21.51,255,6,40960,0.40
1024,True,64,64,2,4,ok,0.3809,11.28,255,6,57344,0.42
1024,True,64,64,2,5,ok,0.3779,11.37,255,6,73728,0.46
1024,True,64,64,4,1,ok,0.1827,23.51,186,0,16384,0.26
1024,True,64,64,4,2,ok,0.1646,26.09,176,0,24576,0.28
1024,True,64,64,4,3,ok,0.1618,26.55,149,0,40960,0.27
1024,True,64,64,4,4,ok,0.1956,21.96,149,0,57344,0.27
1024,True,64,64,4,5,ok,0.1976,21.73,148,0,73728,0.28
1024,True,64,64,8,1,ok,0.3942,10.89,176,0,16384,0.23
1024,True,64,64,8,2,ok,0.3553,12.09,155,0,24576,0.23
1024,True,64,64,8,3,ok,0.3284,13.08,160,0,40960,0.25
1024,True,64,64,8,4,ok,0.3277,13.11,160,0,57344,0.25
1024,True,64,64,8,5,ok,0.3256,13.19,160,0,73728,0.26
1024,True,64,64,16,1,ok,0.7014,6.12,128,12,16384,0.22
1024,True,64,64,16,2,ok,0.6483,6.62,128,12,24576,0.23
1024,True,64,64,16,3,ok,0.5652,7.60,128,6,40960,0.32
1024,True,64,64,16,4,ok,0.5939,7.23,128,6,57344,0.33
1024,True,64,64,16,5,ok,0.5960,7.21,128,6,73728,0.23
1024,True,64,128,1,1,ok,0.5714,7.52,255,608,24576,1.35
1024,True,64,128,1,2,ok,0.7793,5.51,255,650,40960,1.40
1024,True,64,128,1,3,ok,1.3905,3.09,255,662,73728,1.65
1024,True,64,128,1,4,out_of_smem,,,,,,1.74
1024,True,64,128,1,5,out_of_smem,,,,,,1.67
1024,True,64,128,2,1,ok,0.1990,21.58,255,60,24576,0.71
1024,True,64,128,2,2,ok,0.3932,10.92,255,198,40960,0.68
1024,True,64,128,2,3,ok,0.5693,7.54,255,170,73728,0.73
1024,True,64,128,2,4,out_of_smem,,,,,,0.72
1024,True,64,128,2,5,out_of_smem,,,,,,0.80
1024,True,64,128,4,1,ok,0.1723,24.93,255,4,24576,0.40
1024,True,64,128,4,2,ok,0.1630,26.34,255,2,40960,0.37
1024,True,64,128,4,3,ok,0.2068,20.76,255,2,73728,0.43
1024,True,64,128,4,4,out_of_smem,,,,,,0.42
1024,True,64,128,4,5,out_of_smem,,,,,,0.55
1024,True,64,128,8,1,ok,0.3830,11.21,255,20,24576,0.35
1024,True,64,128,8,2,ok,0.3084,13.93,227,0,40960,0.33
1024,True,64,128,8,3,ok,0.3133,13.71,204,0,73728,0.35
1024,True,64,128,8,4,out_of_smem,,,,,,0.38
1024,True,64,128,8,5,out_of_smem,,,,,,0.40
1024,True,64,128,16,1,ok,0.8387,5.12,128,102,24576,0.35
1024,True,64,128,16,2,ok,0.7465,5.75,128,92,40960,0.36
1024,True,64,128,16,3,ok,0.6738,6.37,128,28,73728,0.34
1024,True,64,128,16,4,out_of_smem,,,,,,0.33
1024,True,64,128,16,5,out_of_smem,,,,,,0.35
1024,True,64,256,1,1,skipped_regs,,,,,,0.00
1024,True,64,256,1,2,skipped_regs,,,,,,0.00
1024,True,64,256,1,3,skipped_regs,,,,,,0.00
1024,True,64,256,1,4,skipped_regs,,,,,,0.00
1024,True,64,256,1,5,skipped_regs,,,,,,0.00
1024,True,64,256,2,1,ok,0.4546,9.45,255,514,40960,1.28
1024,True,64,256,2,2,ok,0.7424,5.79,255,644,73728,1.36
1024,True,64,256,2,3,out_of_smem,,,,,,1.45
1024,True,64,256,2,4,out_of_smem,,,,,,1.48
1024,True,64,256,2,5,out_of_smem,,,,,,1.58
1024,True,64,256,4,1,ok,0.2519,17.05,255,170,40960,0.66
1024,True,64,256,4,2,ok,0.3226,13.32,255,152,73728,0.65
1024,True,64,256,4,3,out_of_smem,,,,,,0.72
1024,True,64,256,4,4,out_of_smem,,,,,,0.73
1024,True,64,256,4,5,out_of_smem,,,,,,0.82
1024,True,64,256,8,1,ok,0.4096,10.49,255,120,40960,0.61
1024,True,64,256,8,2,ok,0.4147,10.36,255,102,73728,0.61
1024,True,64,256,8,3,out_of_smem,,,,,,0.62
1024,True,64,256,8,4,out_of_smem,,,,,,0.66
1024,True,64,256,8,5,out_of_smem,,,,,,0.63
1024,True,64,256,16,1,ok,12.0680,0.36,64,734,40960,0.59
1024,True,64,256,16,2,ok,10.1612,0.42,64,776,73728,0.64
1024,True,64,256,16,3,out_of_smem,,,,,,0.63
1024,True,64,256,16,4,out_of_smem,,,,,,0.62
1024,True,64,256,16,5,out_of_smem,,,,,,0.60
1024,True,128,16,1,1,ok,0.5478,7.84,255,300,18432,0.93
1024,True,128,16,1,2,ok,0.7834,5.48,255,258,20480,0.93
1024,True,128,16,1,3,ok,0.7707,5.57,255,250,24576,0.95
1024,True,128,16,1,4,ok,0.7444,5.77,255,250,28672,0.93
1024,True,128,16,1,5,ok,0.7434,5.78,255,250,32768,0.95
1024,True,128,16,2,1,ok,0.3062,14.03,255,0,18432,0.45
1024,True,128,16,2,2,ok,0.2540,16.91,255,0,20480,0.44
1024,True,128,16,2,3,ok,0.2509,17.12,255,0,24576,0.44
1024,True,128,16,2,4,ok,0.2480,17.32,255,0,28672,0.46
1024,True,128,16,2,5,ok,0.2488,17.26,255,0,32768,0.47
1024,True,128,16,4,1,ok,0.2253,19.07,168,2,18432,0.27
1024,True,128,16,4,2,ok,0.2284,18.81,174,0,20480,0.28
1024,True,128,16,4,3,ok,0.1976,21.73,176,0,24576,0.27
1024,True,128,16,4,4,ok,0.1976,21.73,176,0,28672,0.29
1024,True,128,16,4,5,ok,0.1976,21.73,176,0,32768,0.28
1024,True,128,16,8,1,ok,0.2324,18.48,115,0,18432,0.22
1024,True,128,16,8,2,ok,0.1966,21.85,95,0,20480,0.19
1024,True,128,16,8,3,ok,0.1667,25.77,98,0,24576,0.23
1024,True,128,16,8,4,ok,0.1659,25.89,100,0,28672,0.23
1024,True,128,16,8,5,ok,0.1659,25.89,100,0,32768,0.22
1024,True,128,16,16,1,ok,0.4751,9.04,115,0,18432,0.20
1024,True,128,16,16,2,ok,0.4424,9.71,93,0,20480,0.20
1024,True,128,16,16,3,ok,0.3594,11.95,94,0,24576,0.21
1024,True,128,16,16,4,ok,0.3584,11.98,94,0,28672,0.21
1024,True,128,16,16,5,ok,0.3584,11.98,94,0,32768,0.22
1024,True,128,32,1,1,ok,1.0419,4.12,168,636,20480,1.21
1024,True,128,32,1,2,ok,1.0804,3.98,168,688,24576,1.23
1024,True,128,32,1,3,ok,1.0035,4.28,168,670,32768,1.25
1024,True,128,32,1,4,ok,1.3302,3.23,168,670,40960,1.27
1024,True,128,32,1,5,ok,1.3308,3.23,168,670,49152,1.34
1024,True,128,32,2,1,ok,0.3082,13.93,255,60,20480,0.53
1024,True,128,32,2,2,ok,0.2642,16.26,255,30,24576,0.52
1024,True,128,32,2,3,ok,0.2611,16.45,255,40,32768,0.54
1024,True,128,32,2,4,ok,0.3328,12.91,255,42,40960,0.56
1024,True,128,32,2,5,ok,0.3328,12.91,255,42,49152,0.56
1024,True,128,32,4,1,ok,0.2227,19.29,216,0,20480,0.30
1024,True,128,32,4,2,ok,0.1842,23.31,192,0,24576,0.32
1024,True,128,32,4,3,ok,0.1874,22.92,238,0,32768,0.33
1024,True,128,32,4,4,ok,0.1884,22.80,242,0,40960,0.33
1024,True,128,32,4,5,ok,0.1884,22.80,242,0,49152,0.34
1024,True,128,32,8,1,ok,0.1823,23.56,128,0,20480,0.22
1024,True,128,32,8,2,ok,0.2089,20.56,143,0,24576,0.22
1024,True,128,32,8,3,ok,0.1802,23.83,148,0,32768,0.23
1024,True,128,32,8,4,ok,0.1769,24.28,145,0,40960,0.25
1024,True,128,32,8,5,ok,0.1765,24.34,145,0,49152,0.25
1024,True,128,32,16,1,ok,0.4292,10.01,127,0,20480,0.23
1024,True,128,32,16,2,ok,0.3512,12.23,124,0,24576,0.23
1024,True,128,32,16,3,ok,0.3052,14.07,120,0,32768,0.23
1024,True,128,32,16,4,ok,0.3082,13.93,120,0,40960,0.23
1024,True,128,32,16,5,ok,0.3072,13.98,120,0,49152,0.24
1024,True,128,64,1,1,ok,2.7881,1.54,80,1308,24576,1.93
1024,True,128,64,1,2,ok,2.0299,2.12,80,1398,32768,1.96
1024,True,128,64,1,3,ok,2.4801,1.73,80,1344,49152,1.93
1024,True,128,64,1,4,ok,3.7157,1.16,80,1352,65536,2.11
1024,True,128,64,1,5,ok,3.7489,1.15,80,1352,81920,2.12
1024,True,128,64,2,1,ok,0.3809,11.28,255,210,24576,0.77
1024,True,128,64,2,2,ok,4.3848,0.98,40,1556,32768,0.87
1024,True,128,64,2,3,ok,3.9814,1.08,40,1514,49152,0.86
1024,True,128,64,2,4,ok,3.3853,1.27,40,1514,65536,0.91
1024,True,128,64,2,5,ok,3.4109,1.26,40,1514,81920,0.92
1024,True,128,64,4,1,ok,0.2055,20.90,255,4,24576,0.40
1024,True,128,64,4,2,ok,0.1762,24.38,255,10,32768,0.40
1024,True,128,64,4,3,ok,0.1800,23.86,255,10,49152,0.41
1024,True,128,64,4,4,ok,0.2417,17.77,255,10,65536,0.42
1024,True,128,64,4,5,ok,0.2427,17.70,255,10,81920,0.44
1024,True,128,64,8,1,ok,0.2304,18.64,174,0,24576,0.26
1024,True,128,64,8,2,ok,0.1995,21.53,159,0,32768,0.26
1024,True,128,64,8,3,ok,0.1708,25.14,146,0,49152,0.27
1024,True,128,64,8,4,ok,0.1710,25.12,146,0,65536,0.28
1024,True,128,64,8,5,ok,0.1690,25.42,146,0,81920,0.29
1024,True,128,64,16,1,ok,0.3687,11.65,128,12,24576,0.25
1024,True,128,64,16,2,ok,0.3318,12.95,128,12,32768,0.26
1024,True,128,64,16,3,ok,0.3000,14.32,128,6,49152,0.26
1024,True,128,64,16,4,ok,0.3052,14.07,128,6,65536,0.27
1024,True,128,64,16,5,ok,0.3071,13.98,128,6,81920,0.28
1024,True,128,128,1,1,skipped_regs,,,,,,0.00
1024,True,128,128,1,2,skipped_regs,,,,,,0.00
1024,True,128,128,1,3,skipped_regs,,,,,,0.00
1024,True,128,128,1,4,skipped_regs,,,,,,0.00
1024,True,128,128,1,5,skipped_regs,,,,,,0.00
1024,True,128,128,2,1,ok,0.4434,9.69,255,402,32768,1.33
1024,True,128,128,2,2,ok,4.8077,0.89,40,2588,49152,1.49
1024,True,128,128,2,3,ok,0.7414,5.79,255,576,81920,1.38
1024,True,128,128,2,4,out_of_smem,,,,,,1.42
1024,True,128,128,2,5,out_of_smem,,,,,,1.48
1024,True,128,128,4,1,ok,0.2040,21.05,255,44,32768,0.60
1024,True,128,128,4,2,ok,0.2355,18.24,255,122,49152,0.61
1024,True,128,128,4,3,ok,0.2959,14.51,255,82,81920,0.63
1024,True,128,128,4,4,out_of_smem,,,,,,0.65
1024,True,128,128,4,5,out_of_smem,,,,,,0.68
1024,True,128,128,8,1,ok,0.2120,20.26,255,20,32768,0.36
1024,True,128,128,8,2,ok,0.1905,22.55,255,2,49152,0.35
1024,True,128,128,8,3,ok,0.1792,23.97,205,0,81920,0.36
1024,True,128,128,8,4,out_of_smem,,,,,,0.37
1024,True,128,128,8,5,out_of_smem,,,,,,0.38
1024,True,128,128,16,1,ok,0.4710,9.12,128,108,32768,0.34
1024,True,128,128,16,2,ok,0.3953,10.87,128,82,49152,0.35
1024,True,128,128,16,3,ok,0.3408,12.60,128,28,81920,0.35
1024,True,128,128,16,4,out_of_smem,,,,,,0.35
1024,True,128,128,16,5,out_of_smem,,,,,,0.36
1024,True,128,256,1,1,skipped_regs,,,,,,0.00
1024,True,128,256,1,2,skipped_regs,,,,,,0.00
1024,True,128,256,1,3,skipped_regs,,,,,,0.00
1024,True,128,256,1,4,skipped_regs,,,,,,0.00
1024,True,128,256,1,5,skipped_regs,,,,,,0.00
1024,True,128,256,2,1,skipped_regs,,,,,,0.00
1024,True,128,256,2,2,skipped_regs,,,,,,0.00
1024,True,128,256,2,3,skipped_regs,,,,,,0.00
1024,True,128,256,2,4,skipped_regs,,,,,,0.00
1024,True,128,256,2,5,skipped_regs,,,,,,0.00
1024,True,128,256,4,1,ok,0.3604,11.92,255,292,49152,1.11
1024,True,128,256,4,2,ok,0.3850,11.16,255,386,81920,1.21
1024,True,128,256,4,3,out_of_smem,,,,,,1.21
1024,True,128,256,4,4,out_of_smem,,,,,,1.25
1024,True,128,256,4,5,out_of_smem,,,,,,1.31
1024,True,128,256,8,1,ok,0.2394,17.94,255,116,49152,0.59
1024,True,128,256,8,2,ok,0.2396,17.92,255,110,81920,0.58
1024,True,128,256,8,3,out_of_smem,,,,,,0.62
1024,True,128,256,8,4,out_of_smem,,,,,,0.76
1024,True,128,256,8,5,out_of_smem,,,,,,0.66
1024,True,128,256,16,1,ok,2.0042,2.14,128,384,49152,0.58
1024,True,128,256,16,2,ok,5.2572,0.82,64,778,81920,0.61
1024,True,128,256,16,3,out_of_smem,,,,,,0.69
1024,True,128,256,16,4,out_of_smem,,,,,,0.58
1024,True,128,256,16,5,out_of_smem,,,,,,0.61
1024,True,256,16,1,1,skipped_regs,,,,,,0.00
1024,True,256,16,1,2,skipped_regs,,,,,,0.00
1024,True,256,16,1,3,skipped_regs,,,,,,0.00
1024,True,256,16,1,4,skipped_regs,,,,,,0.00
1024,True,256,16,1,5,skipped_regs,,,,,,0.00
1024,True,256,16,2,1,ok,0.8438,5.09,255,316,34816,0.93
1024,True,256,16,2,2,ok,0.8095,5.31,255,288,36864,0.89
1024,True,256,16,2,3,ok,0.7936,5.41,255,274,40960,0.89
1024,True,256,16,2,4,ok,0.7946,5.41,255,278,45056,0.94
1024,True,256,16,2,5,ok,0.7927,5.42,255,276,49152,0.95
1024,True,256,16,4,1,ok,0.3164,13.57,255,6,34816,0.42
1024,True,256,16,4,2,ok,0.2519,17.05,255,4,36864,0.45
1024,True,256,16,4,3,ok,0.2560,16.78,255,4,40960,0.47
1024,True,256,16,4,4,ok,0.2601,16.51,255,4,45056,0.45
1024,True,256,16,4,5,ok,0.2550,16.84,255,4,49152,0.47
1024,True,256,16,8,1,ok,0.3379,12.71,197,0,34816,0.28
1024,True,256,16,8,2,ok,0.2796,15.36,172,0,36864,0.27
1024,True,256,16,8,3,ok,0.2683,16.01,177,0,40960,0.26
1024,True,256,16,8,4,ok,0.2724,15.77,182,0,45056,0.27
1024,True,256,16,8,5,ok,0.2608,16.47,179,0,49152,0.30
1024,True,256,16,16,1,ok,0.2980,14.41,115,0,34816,0.18
1024,True,256,16,16,2,ok,0.2662,16.13,92,0,36864,0.20
1024,True,256,16,16,3,ok,0.2253,19.07,96,0,40960,0.20
1024,True,256,16,16,4,ok,0.2089,20.56,96,0,45056,0.23
1024,True,256,16,16,5,ok,0.2089,20.56,96,0,49152,0.20
1024,True,256,32,1,1,skipped_regs,,,,,,0.00
1024,True,256,32,1,2,skipped_regs,,,,,,0.00
1024,True,256,32,1,3,skipped_regs,,,,,,0.00
1024,True,256,32,1,4,skipped_regs,,,,,,0.00
1024,True,256,32,1,5,skipped_regs,,,,,,0.00
1024,True,256,32,2,1,ok,5.8767,0.73,40,1776,36864,1.23
1024,True,256,32,2,2,ok,5.4395,0.79,40,1618,40960,1.31
1024,True,256,32,2,3,ok,5.5245,0.78,40,1694,49152,1.32
1024,True,256,32,2,4,ok,4.3110,1.00,40,1692,57344,1.28
1024,True,256,32,2,5,ok,4.3039,1.00,40,1690,65536,1.31
1024,True,256,32,4,1,ok,0.2990,14.36,255,36,36864,0.54
1024,True,256,32,4,2,ok,0.2541,16.90,255,20,40960,0.50
1024,True,256,32,4,3,ok,0.2617,16.41,255,34,49152,0.55
1024,True,256,32,4,4,ok,0.3256,13.19,255,34,57344,0.54
1024,True,256,32,4,5,ok,0.3267,13.15,255,34,65536,0.56
1024,True,256,32,8,1,ok,0.2734,15.71,217,0,36864,0.29
1024,True,256,32,8,2,ok,0.2396,17.92,192,0,40960,0.30
1024,True,256,32,8,3,ok,0.2386,18.00,236,0,49152,0.29
1024,True,256,32,8,4,ok,0.2499,17.19,236,0,57344,0.30
1024,True,256,32,8,5,ok,0.2499,17.19,236,0,65536,0.34
1024,True,256,32,16,1,ok,0.2632,16.32,128,0,36864,0.24
1024,True,256,32,16,2,ok,0.2089,20.56,122,0,40960,0.24
1024,True,256,32,16,3,ok,0.2150,19.97,124,0,49152,0.24
1024,True,256,32,16,4,ok,0.2140,20.07,124,0,57344,0.25
1024,True,256,32,16,5,ok,0.2130,20.16,124,0,65536,0.22
1024,True,256,64,1,1,skipped_regs,,,,,,0.00
1024,True,256,64,1,2,skipped_regs,,,,,,0.00
1024,True,256,64,1,3,skipped_regs,,,,,,0.00
1024,True,256,64,1,4,skipped_regs,,,,,,0.00
1024,True,256,64,1,5,skipped_regs,,,,,,0.00
1024,True,256,64,2,1,ok,5.6653,0.76,40,1828,40960,1.92
1024,True,256,64,2,2,ok,5.4589,0.79,40,1854,49152,1.94
1024,True,256,64,2,3,ok,3.9936,1.08,40,1890,65536,1.97
1024,True,256,64,2,4,ok,4.0356,1.06,40,1888,81920,2.00
1024,True,256,64,2,5,ok,4.0277,1.07,40,1904,98304,1.96
1024,True,256,64,4,1,ok,5.3156,0.81,40,1446,40960,0.87
1024,True,256,64,4,2,ok,5.3478,0.80,40,1502,49152,0.81
1024,True,256,64,4,3,ok,3.9721,1.08,40,1516,65536,0.83
1024,True,256,64,4,4,ok,3.9281,1.09,40,1514,81920,0.88
1024,True,256,64,4,5,ok,3.6680,1.17,40,1514,98304,0.85
1024,True,256,64,8,1,ok,0.2611,16.45,255,0,40960,0.39
1024,True,256,64,8,2,ok,0.2222,19.33,255,2,49152,0.41
1024,True,256,64,8,3,ok,0.2265,18.97,255,2,65536,0.38
1024,True,256,64,8,4,ok,0.2243,19.15,255,0,81920,0.40
1024,True,256,64,8,5,ok,0.2222,19.33,255,0,98304,0.42
1024,True,256,64,16,1,ok,0.2394,17.94,128,16,40960,0.26
1024,True,256,64,16,2,ok,0.1975,21.74,128,6,49152,0.27
1024,True,256,64,16,3,ok,0.1843,23.30,128,4,65536,0.25
1024,True,256,64,16,4,ok,0.1976,21.73,128,10,81920,0.25
1024,True,256,64,16,5,ok,0.1991,21.57,128,10,98304,0.28
1024,True,256,128,1,1,skipped_regs,,,,,,0.00
1024,True,256,128,1,2,skipped_regs,,,,,,0.00
1024,True,256,128,1,3,skipped_regs,,,,,,0.00
1024,True,256,128,1,4,skipped_regs,,,,,,0.00
1024,True,256,128,1,5,skipped_regs,,,,,,0.00
1024,True,256,128,2,1,skipped_regs,,,,,,0.00
1024,True,256,128,2,2,skipped_regs,,,,,,0.00
1024,True,256,128,2,3,skipped_regs,,,,,,0.00
1024,True,256,128,2,4,skipped_regs,,,,,,0.00
1024,True,256,128,2,5,skipped_regs,,,,,,0.00
1024,True,256,128,4,1,ok,0.5203,8.26,255,426,49152,1.27
1024,True,256,128,4,2,ok,4.5056,0.95,40,2534,65536,1.44
1024,True,256,128,4,3,ok,3.5236,1.22,40,2122,98304,1.39
1024,True,256,128,4,4,out_of_smem,,,,,,1.44
1024,True,256,128,4,5,out_of_smem,,,,,,1.60
1024,True,256,128,8,1,ok,0.2662,16.13,255,66,49152,0.59
1024,True,256,128,8,2,ok,0.2529,16.98,255,84,65536,0.57
1024,True,256,128,8,3,ok,0.2519,17.05,255,48,98304,0.70
1024,True,256,128,8,4,out_of_smem,,,,,,0.71
1024,True,256,128,8,5,out_of_smem,,,,,,0.74
1024,True,256,128,16,1,ok,0.2970,14.46,128,116,49152,0.37
1024,True,256,128,16,2,ok,0.2529,16.98,128,86,65536,0.37
1024,True,256,128,16,3,ok,0.2140,20.07,128,28,98304,0.40
1024,True,256,128,16,4,out_of_smem,,,,,,0.40
1024,True,256,128,16,5,out_of_smem,,,,,,0.41
1024,True,256,256,1,1,skipped_regs,,,,,,0.00
1024,True,256,256,1,2,skipped_regs,,,,,,0.00
1024,True,256,256,1,3,skipped_regs,,,,,,0.00
1024,True,256,256,1,4,skipped_regs,,,,,,0.00
1024,True,256,256,1,5,skipped_regs,,,,,,0.00
1024,True,256,256,2,1,skipped_regs,,,,,,0.00
1024,True,256,256,2,2,skipped_regs,,,,,,0.00
1024,True,256,256,2,3,skipped_regs,,,,,,0.00
1024,True,256,256,2,4,skipped_regs,,,,,,0.00
1024,True,256,256,2,5,skipped_regs,,,,,,0.00
1024,True,256,256,4,1,skipped_regs,,,,,,0.00
1024,True,256,256,4,2,skipped_regs,,,,,,0.00
1024,True,256,256,4,3,skipped_regs,,,,,,0.00
1024,True,256,256,4,4,skipped_regs,,,,,,0.00
1024,True,256,256,4,5,skipped_regs,,,,,,0.00
1024,True,256,256,8,1,ok,4.2148,1.02,40,1474,65536,1.26
1024,True,256,256,8,2,ok,0.3953,10.87,255,356,98304,1.24
1024,True,256,256,8,3,out_of_smem,,,,,,1.27
1024,True,256,256,8,4,out_of_smem,,,,,,1.21
1024,True,256,256,8,5,out_of_smem,,,,,,1.31
1024,True,256,256,16,1,ok,2.7392,1.57,64,736,65536,0.63
1024,True,256,256,16,2,ok,2.9942,1.43,64,796,98304,0.61
1024,True,256,256,16,3,out_of_smem,,,,,,0.59
1024,True,256,256,16,4,out_of_smem,,,,,,0.60
1024,True,256,256,16,5,out_of_smem,,,,,,0.58
2048,True,16,16,1,1,ok,0.7395,23.23,122,0,4096,0.42
2048,True,16,16,1,2,ok,0.9073,18.94,96,0,6144,0.41
2048,True,16,16,1,3,ok,0.8591,20.00,99,0,10240,0.43
2048,True,16,16,1,4,ok,0.8735,19.67,99,0,14336,0.20
2048,True,16,16,1,5,ok,0.8868,19.37,99,0,18432,0.18
2048,True,16,16,2,1,ok,1.1152,15.41,96,0,4608,0.14
2048,True,16,16,2,2,ok,1.0047,17.10,80,0,6656,0.14
2048,True,16,16,2,3,ok,0.9872,17.40,80,0,10752,0.14
2048,True,16,16,2,4,ok,1.0803,15.90,80,0,14848,0.15
2048,True,16,16,2,5,ok,1.1663,14.73,80,0,18944,0.16
2048,True,16,16,4,1,ok,1.5452,11.12,67,0,4608,0.13
2048,True,16,16,4,2,ok,1.5944,10.78,63,0,6656,0.13
2048,True,16,16,4,3,ok,1.8191,9.44,63,0,10752,0.14
2048,True,16,16,4,4,ok,1.5620,11.00,63,0,14848,0.14
2048,True,16,16,4,5,ok,1.6118,10.66,63,0,18944,0.15
2048,True,16,16,8,1,ok,3.4908,4.92,73,0,4608,0.12
2048,True,16,16,8,2,ok,3.1587,5.44,58,0,6656,0.13
2048,True,16,16,8,3,ok,3.3464,5.13,58,0,10752,0.13
2048,True,16,16,8,4,ok,3.3485,5.13,58,0,14848,0.13
2048,True,16,16,8,5,ok,3.3932,5.06,58,0,18944,0.14
2048,True,16,16,16,1,ok,9.7466,1.76,87,0,4608,0.13
2048,True,16,16,16,2,ok,10.0383,1.71,79,0,6656,0.13
2048,True,16,16,16,3,ok,8.6606,1.98,80,0,10752,0.13
2048,True,16,16,16,4,ok,8.6252,1.99,80,0,14848,0.14
2048,True,16,16,16,5,ok,8.8832,1.93,82,0,18944,0.14
2048,True,16,32,1,1,ok,0.7820,21.97,126,0,6144,0.19
2048,True,16,32,1,2,ok,0.8888,19.33,157,0,10240,0.19
2048,True,16,32,1,3,ok,0.8786,19.55,166,0,18432,0.21
2048,True,16,32,1,4,ok,1.0025,17.14,166,0,26624,0.23
2048,True,16,32,1,5,ok,1.4797,11.61,166,0,34816,0.24
2048,True,16,32,2,1,ok,0.8694,19.76,125,0,7168,0.17
2048,True,16,32,2,2,ok,0.9212,18.65,96,0,11264,0.17
2048,True,16,32,2,3,ok,0.9063,18.96,97,0,19456,0.18
2048,True,16,32,2,4,ok,1.0844,15.84,97,0,27648,0.19
2048,True,16,32,2,5,ok,1.4244,12.06,97,0,35840,0.19
2048,True,16,32,4,1,ok,1.0609,16.19,79,0,7168,0.14
2048,True,16,32,4,2,ok,0.9892,17.37,72,0,11264,0.14
2048,True,16,32,4,3,ok,1.0004,17.17,71,0,19456,0.14
2048,True,16,32,4,4,ok,1.1757,14.61,71,0,27648,0.16
2048,True,16,32,4,5,ok,1.4418,11.92,71,0,35840,0.18
2048,True,16,32,8,1,ok,1.6980,10.12,64,0,7168,0.13
2048,True,16,32,8,2,ok,1.6963,10.13,64,0,11264,0.20
2048,True,16,32,8,3,ok,1.6799,10.23,64,0,19456,0.14
2048,True,16,32,8,4,ok,1.7306,9.93,64,0,27648,0.20
2048,True,16,32,8,5,ok,2.0372,8.43,64,0,35840,0.22
2048,True,16,32,16,1,ok,5.4031,3.18,90,0,7168,0.13
2048,True,16,32,16,2,ok,3.7597,4.57,64,0,11264,0.14
2048,True,16,32,16,3,ok,3.8641,4.45,64,0,19456,0.14
2048,True,16,32,16,4,ok,3.8668,4.44,64,0,27648,0.15
2048,True,16,32,16,5,ok,3.7862,4.54,64,0,35840,0.15
2048,True,16,64,1,1,ok,0.7290,23.57,216,0,10240,0.26
2048,True,16,64,1,2,ok,0.9091,18.90,222,0,18432,0.28
2048,True,16,64,1,3,ok,1.3498,12.73,222,0,34816,0.34
2048,True,16,64,1,4,ok,2.8836,5.96,222,0,51200,0.37
2048,True,16,64,1,5,ok,2.8959,5.93,254,0,67584,0.40
2048,True,16,64,2,1,ok,0.8612,19.95,126,0,12288,0.20
2048,True,16,64,2,2,ok,0.9134,18.81,133,0,20480,0.20
2048,True,16,64,2,3,ok,1.1167,15.38,128,0,36864,0.22
2048,True,16,64,2,4,ok,2.3336,7.36,128,0,53248,0.23
2048,True,16,64,2,5,ok,2.3357,7.36,128,0,69632,0.25
2048,True,16,64,4,1,ok,0.8873,19.36,96,0,12288,0.16
2048,True,16,64,4,2,ok,0.8960,19.17,84,0,20480,0.16
2048,True,16,64,4,3,ok,1.0373,16.56,84,0,36864,0.19
2048,True,16,64,4,4,ok,1.6906,10.16,84,0,53248,0.19
2048,True,16,64,4,5,ok,1.6963,10.13,84,0,69632,0.19
2048,True,16,64,8,1,ok,1.1126,15.44,64,0,12288,0.13
2048,True,16,64,8,2,ok,1.0527,16.32,64,0,20480,0.14
2048,True,16,64,8,3,ok,1.1796,14.56,64,0,36864,0.14
2048,True,16,64,8,4,ok,1.7039,10.08,64,0,53248,0.16
2048,True,16,64,8,5,ok,1.8801,9.14,64,0,69632,0.16
2048,True,16,64,16,1,ok,3.2660,5.26,67,0,12288,0.15
2048,True,16,64,16,2,ok,2.2568,7.61,64,0,20480,0.16
2048,True,16,64,16,3,ok,2.2303,7.70,64,0,36864,0.15
2048,True,16,64,16,4,ok,2.7832,6.17,64,0,53248,0.15
2048,True,16,64,16,5,ok,2.6130,6.57,64,0,69632,0.15
2048,True,16,128,1,1,ok,1.1018,15.59,255,56,18432,0.41
2048,True,16,128,1,2,ok,1.9466,8.83,255,82,34816,0.47
2048,True,16,128,1,3,ok,3.8728,4.44,255,36,67584,0.54
2048,True,16,128,1,4,ok,3.8569,4.45,255,36,100352,0.62
2048,True,16,128,1,5,out_of_smem,,,,,,0.69
2048,True,16,128,2,1,ok,0.8796,19.53,213,0,22528,0.27
2048,True,16,128,2,2,ok,1.2524,13.72,248,0,38912,0.29
2048,True,16,128,2,3,ok,1.8616,9.23,250,0,71680,0.33
2048,True,16,128,2,4,out_of_smem,,,,,,0.37
2048,True,16,128,2,5,out_of_smem,,,,,,0.41
2048,True,16,128,4,1,ok,0.8986,19.12,123,0,22528,0.20
2048,True,16,128,4,2,ok,1.0250,16.76,136,0,38912,0.20
2048,True,16,128,4,3,ok,1.2298,13.97,136,0,71680,0.23
2048,True,16,128,4,4,out_of_smem,,,,,,0.24
2048,True,16,128,4,5,out_of_smem,,,,,,0.25
2048,True,16,128,8,1,ok,1.1633,14.77,114,0,22528,0.17
2048,True,16,128,8,2,ok,1.0281,16.71,91,0,38912,0.17
2048,True,16,128,8,3,ok,1.2703,13.52,80,0,71680,0.17
2048,True,16,128,8,4,out_of_smem,,,,,,0.18
2048,True,16,128,8,5,out_of_smem,,,,,,0.19
2048,True,16,128,16,1,ok,2.2753,7.55,88,0,22528,0.15
2048,True,16,128,16,2,ok,2.1632,7.94,84,0,38912,0.16
2048,True,16,128,16,3,ok,1.9005,9.04,77,0,71680,0.16
2048,True,16,128,16,4,out_of_smem,,,,,,0.17
2048,True,16,128,16,5,out_of_smem,,,,,,0.17
2048,True,16,256,1,1,ok,3.3811,5.08,255,488,34816,0.86
2048,True,16,256,1,2,ok,3.7381,4.60,255,90,67584,0.81
2048,True,16,256,1,3,out_of_smem,,,,,,0.96
2048,True,16,256,1,4,out_of_smem,,,,,,1.21
2048,True,16,256,1,5,out_of_smem,,,,,,1.39
2048,True,16,256,2,1,ok,1.4653,11.72,255,44,43008,0.45
2048,True,16,256,2,2,ok,2.0521,8.37,255,2,75776,0.49
2048,True,16,256,2,3,out_of_smem,,,,,,0.66
2048,True,16,256,2,4,out_of_smem,,,,,,0.76
2048,True,16,256,2,5,out_of_smem,,,,,,0.85
2048,True,16,256,4,1,ok,1.1157,15.40,196,0,43008,0.32
2048,True,16,256,4,2,ok,1.4188,12.11,187,0,75776,0.32
2048,True,16,256,4,3,out_of_smem,,,,,,0.39
2048,True,16,256,4,4,out_of_smem,,,,,,0.41
2048,True,16,256,4,5,out_of_smem,,,,,,0.47
2048,True,16,256,8,1,ok,1.1090,15.49,127,0,43008,0.23
2048,True,16,256,8,2,ok,1.3619,12.61,128,0,75776,0.22
2048,True,16,256,8,3,out_of_smem,,,,,,0.29
2048,True,16,256,8,4,out_of_smem,,,,,,0.27
2048,True,16,256,8,5,out_of_smem,,,,,,0.31
2048,True,16,256,16,1,ok,1.7183,10.00,102,0,43008,0.18
2048,True,16,256,16,2,ok,1.6620,10.34,83,0,75776,0.19
2048,True,16,256,16,3,out_of_smem,,,,,,0.22
2048,True,16,256,16,4,out_of_smem,,,,,,0.21
2048,True,16,256,16,5,out_of_smem,,,,,,0.23
2048,True,32,16,1,1,ok,0.8090,21.24,170,0,6144,0.30
2048,True,32,16,1,2,ok,0.6360,27.01,166,0,8192,0.31
2048,True,32,16,1,3,ok,0.6615,25.97,168,0,12288,0.31
2048,True,32,16,1,4,ok,0.6886,24.95,190,0,16384,0.30
2048,True,32,16,1,5,ok,0.7506,22.89,190,0,20480,0.29
2048,True,32,16,2,1,ok,0.9999,17.18,131,0,7168,0.20
2048,True,32,16,2,2,ok,0.7813,21.99,126,0,9216,0.21
2048,True,32,16,2,3,ok,0.7775,22.10,128,0,13312,0.22
2048,True,32,16,2,4,ok,0.8831,19.45,128,0,17408,0.23
2048,True,32,16,2,5,ok,1.0020,17.15,128,0,21504,0.22
2048,True,32,16,4,1,ok,1.3568,12.66,96,0,7168,0.18
2048,True,32,16,4,2,ok,1.2739,13.49,96,0,9216,0.20
2048,True,32,16,4,3,ok,1.2380,13.88,96,0,13312,0.18
2048,True,32,16,4,4,ok,1.2554,13.68,96,0,17408,0.21
2048,True,32,16,4,5,ok,1.2769,13.45,96,0,21504,0.19
2048,True,32,16,8,1,ok,3.1790,5.40,113,0,7168,0.15
2048,True,32,16,8,2,ok,2.9055,5.91,99,0,9216,0.17
2048,True,32,16,8,3,ok,2.8027,6.13,97,0,13312,0.18
2048,True,32,16,8,4,ok,2.8442,6.04,99,0,17408,0.17
2048,True,32,16,8,5,ok,2.6552,6.47,99,0,21504,0.17
2048,True,32,16,16,1,ok,7.5873,2.26,111,0,7168,0.17
2048,True,32,16,16,2,ok,7.1777,2.39,97,0,9216,0.16
2048,True,32,16,16,3,ok,6.6345,2.59,97,0,13312,0.18
2048,True,32,16,16,4,ok,6.5229,2.63,97,0,17408,0.17
2048,True,32,16,16,5,ok,6.5571,2.62,97,0,21504,0.16
2048,True,32,32,1,1,ok,0.6707,25.61,211,0,8192,0.28
2048,True,32,32,1,2,ok,0.6458,26.60,229,0,12288,0.29
2048,True,32,32,1,3,ok,0.6932,24.78,229,0,20480,0.31
2048,True,32,32,1,4,ok,0.8919,19.26,229,0,28672,0.32
2048,True,32,32,1,5,ok,1.4592,11.77,229,0,36864,0.34
2048,True,32,32,2,1,ok,0.7250,23.70,156,0,10240,0.21
2048,True,32,32,2,2,ok,0.6707,25.61,151,0,14336,0.22
2048,True,32,32,2,3,ok,0.7066,24.31,152,0,22528,0.24
2048,True,32,32,2,4,ok,0.8314,20.66,152,0,30720,0.23
2048,True,32,32,2,5,ok,1.1305,15.20,152,0,38912,0.25
2048,True,32,32,4,1,ok,0.8233,20.87,96,0,10240,0.19
2048,True,32,32,4,2,ok,0.8448,20.34,103,0,14336,0.18
2048,True,32,32,4,3,ok,0.7885,21.79,101,0,22528,0.18
2048,True,32,32,4,4,ok,0.8716,19.71,101,0,30720,0.18
2048,True,32,32,4,5,ok,1.0465,16.42,101,0,38912,0.20
2048,True,32,32,8,1,ok,1.6545,10.38,115,0,10240,0.17
2048,True,32,32,8,2,ok,1.5411,11.15,101,0,14336,0.18
2048,True,32,32,8,3,ok,1.4254,12.05,98,0,22528,0.16
2048,True,32,32,8,4,ok,1.4520,11.83,98,0,30720,0.18
2048,True,32,32,8,5,ok,1.6128,10.65,98,0,38912,0.17
2048,True,32,32,16,1,ok,4.2768,4.02,114,0,10240,0.16
2048,True,32,32,16,2,ok,4.1073,4.18,97,0,14336,0.16
2048,True,32,32,16,3,ok,3.7222,4.62,97,0,22528,0.16
2048,True,32,32,16,4,ok,3.6997,4.64,97,0,30720,0.17
2048,True,32,32,16,5,ok,3.7024,4.64,97,0,38912,0.18
2048,True,32,64,1,1,ok,0.6676,25.73,244,0,12288,0.39
2048,True,32,64,1,2,ok,0.7608,22.58,255,14,20480,0.41
2048,True,32,64,1,3,ok,1.4100,12.18,255,22,36864,0.60
2048,True,32,64,1,4,ok,2.9486,5.83,255,26,53248,0.50
2048,True,32,64,1,5,ok,2.9768,5.77,255,26,69632,0.53
2048,True,32,64,2,1,ok,0.6693,25.67,168,0,16384,0.31
2048,True,32,64,2,2,ok,0.6994,24.56,209,0,24576,0.26
2048,True,32,64,2,3,ok,0.9267,18.54,212,0,40960,0.29
2048,True,32,64,2,4,ok,1.9661,8.74,212,0,57344,0.36
2048,True,32,64,2,5,ok,2.0019,8.58,212,0,73728,0.39
2048,True,32,64,4,1,ok,0.7588,22.64,139,0,16384,0.19
2048,True,32,64,4,2,ok,0.6368,26.98,127,0,24576,0.29
2048,True,32,64,4,3,ok,0.7380,23.28,128,0,40960,0.25
2048,True,32,64,4,4,ok,1.1612,14.79,128,0,57344,0.28
2048,True,32,64,4,5,ok,1.1735,14.64,128,0,73728,0.29
2048,True,32,64,8,1,ok,1.0455,16.43,104,0,16384,0.20
2048,True,32,64,8,2,ok,0.9533,18.02,104,0,24576,0.18
2048,True,32,64,8,3,ok,0.8858,19.40,97,0,40960,0.20
2048,True,32,64,8,4,ok,1.4121,12.17,97,0,57344,0.23
2048,True,32,64,8,5,ok,1.2575,13.66,97,0,73728,0.24
2048,True,32,64,16,1,ok,2.2243,7.72,100,0,16384,0.20
2048,True,32,64,16,2,ok,2.1294,8.07,101,0,24576,0.19
2048,True,32,64,16,3,ok,2.2237,7.73,93,0,40960,0.22
2048,True,32,64,16,4,ok,2.2531,7.63,97,0,57344,0.21
2048,True,32,64,16,5,ok,2.0593,8.34,97,0,73728,0.22
2048,True,32,128,1,1,ok,1.0458,16.43,255,118,20480,0.79
2048,True,32,128,1,2,ok,1.7741,9.68,255,108,36864,0.70
2048,True,32,128,1,3,ok,3.2979,5.21,255,98,69632,0.82
2048,True,32,128,1,4,out_of_smem,,,,,,0.85
2048,True,32,128,1,5,out_of_smem,,,,,,0.97
2048,True,32,128,2,1,ok,0.7721,22.25,247,0,28672,0.43
2048,True,32,128,2,2,ok,0.9553,17.98,255,4,45056,0.46
2048,True,32,128,2,3,ok,1.6415,10.47,255,8,77824,0.46
2048,True,32,128,2,4,out_of_smem,,,,,,0.54
2048,True,32,128,2,5,out_of_smem,,,,,,0.58
2048,True,32,128,4,1,ok,0.6533,26.30,128,2,28672,0.28
2048,True,32,128,4,2,ok,0.7014,24.49,176,0,45056,0.33
2048,True,32,128,4,3,ok,0.9541,18.01,239,0,77824,0.37
2048,True,32,128,4,4,out_of_smem,,,,,,0.39
2048,True,32,128,4,5,out_of_smem,,,,,,0.36
2048,True,32,128,8,1,ok,0.7926,21.68,128,0,28672,0.24
2048,True,32,128,8,2,ok,0.7551,22.75,128,0,45056,0.23
2048,True,32,128,8,3,ok,0.9787,17.55,127,0,77824,0.25
2048,True,32,128,8,4,out_of_smem,,,,,,0.26
2048,True,32,128,8,5,out_of_smem,,,,,,0.26
2048,True,32,128,16,1,ok,1.5669,10.96,102,0,28672,0.21
2048,True,32,128,16,2,ok,1.4950,11.49,102,0,45056,0.20
2048,True,32,128,16,3,ok,1.3804,12.45,104,0,77824,0.22
2048,True,32,128,16,4,out_of_smem,,,,,,0.21
2048,True,32,128,16,5,out_of_smem,,,,,,0.23
2048,True,32,256,1,1,ok,3.5937,4.78,255,776,36864,1.58
2048,True,32,256,1,2,ok,5.6889,3.02,255,666,69632,1.48
2048,True,32,256,1,3,out_of_smem,,,,,,1.72
2048,True,32,256,1,4,out_of_smem,,,,,,1.88
2048,True,32,256,1,5,out_of_smem,,,,,,2.09
2048,True,32,256,2,1,ok,2.2508,7.63,255,74,53248,0.74
2048,True,32,256,2,2,ok,1.6599,10.35,255,28,86016,0.69
2048,True,32,256,2,3,out_of_smem,,,,,,0.78
2048,True,32,256,2,4,out_of_smem,,,,,,0.85
2048,True,32,256,2,5,out_of_smem,,,,,,0.96
2048,True,32,256,4,1,ok,1.1448,15.01,209,0,53248,0.41
2048,True,32,256,4,2,ok,0.9923,17.31,255,0,86016,0.45
2048,True,32,256,4,3,out_of_smem,,,,,,0.48
2048,True,32,256,4,4,out_of_smem,,,,,,0.54
2048,True,32,256,4,5,out_of_smem,,,,,,0.57
2048,True,32,256,8,1,ok,1.0975,15.65,160,0,53248,0.30
2048,True,32,256,8,2,ok,0.9731,17.66,174,0,86016,0.31
2048,True,32,256,8,3,out_of_smem,,,,,,0.32
2048,True,32,256,8,4,out_of_smem,,,,,,0.38
2048,True,32,256,8,5,out_of_smem,,,,,,0.38
2048,True,32,256,16,1,ok,1.3097,13.12,126,0,53248,0.25
2048,True,32,256,16,2,ok,1.2675,13.55,124,0,86016,0.25
2048,True,32,256,16,3,out_of_smem,,,,,,0.25
2048,True,32,256,16,4,out_of_smem,,,,,,0.27
2048,True,32,256,16,5,out_of_smem,,,,,,0.29
2048,True,64,16,1,1,ok,0.7653,22.45,255,0,10240,0.45
2048,True,64,16,1,2,ok,0.7607,22.58,255,0,12288,0.44
2048,True,64,16,1,3,ok,0.8264,20.79,255,0,16384,0.47
2048,True,64,16,1,4,ok,0.8572,20.04,255,0,20480,0.45
2048,True,64,16,1,5,ok,0.8684,19.78,255,0,24576,0.49
2048,True,64,16,2,1,ok,0.6420,26.76,161,0,10240,0.25
2048,True,64,16,2,2,ok,0.6175,27.82,167,0,12288,0.26
2048,True,64,16,2,3,ok,0.5967,28.79,166,0,16384,0.26
2048,True,64,16,2,4,ok,0.6233,27.56,166,0,20480,0.28
2048,True,64,16,2,5,ok,0.6236,27.55,166,0,24576,0.28
2048,True,64,16,4,1,ok,0.6656,25.81,117,0,10240,0.19
2048,True,64,16,4,2,ok,0.5577,30.81,94,0,12288,0.18
2048,True,64,16,4,3,ok,0.5601,30.67,96,0,16384,0.19
2048,True,64,16,4,4,ok,0.5540,31.01,96,0,20480,0.20
2048,True,64,16,4,5,ok,0.5530,31.07,96,0,24576,0.21
2048,True,64,16,8,1,ok,1.3802,12.45,116,0,10240,0.19
2048,True,64,16,8,2,ok,1.2483,13.76,93,0,12288,0.19
2048,True,64,16,8,3,ok,1.1741,14.63,94,0,16384,0.20
2048,True,64,16,8,4,ok,1.1848,14.50,94,0,20480,0.20
2048,True,64,16,8,5,ok,1.1827,14.53,94,0,24576,0.20
2048,True,64,16,16,1,ok,3.4173,5.03,114,0,10240,0.18
2048,True,64,16,16,2,ok,3.1201,5.51,93,0,12288,0.17
2048,True,64,16,16,3,ok,2.9573,5.81,93,0,16384,0.20
2048,True,64,16,16,4,ok,2.9676,5.79,93,0,20480,0.20
2048,True,64,16,16,5,ok,2.9133,5.90,93,0,24576,0.21
2048,True,64,32,1,1,ok,0.7414,23.17,255,22,12288,0.50
2048,True,64,32,1,2,ok,0.8325,20.64,255,48,16384,0.53
2048,True,64,32,1,3,ok,0.7949,21.61,255,50,24576,0.55
2048,True,64,32,1,4,ok,1.0173,16.89,255,50,32768,0.57
2048,True,64,32,1,5,ok,1.4367,11.96,255,50,40960,0.59
2048,True,64,32,2,1,ok,0.6873,25.00,225,0,12288,0.30
2048,True,64,32,2,2,ok,0.5990,28.68,207,0,16384,0.30
2048,True,64,32,2,3,ok,0.5990,28.68,207,0,24576,0.31
2048,True,64,32,2,4,ok,0.6178,27.81,207,0,32768,0.32
2048,True,64,32,2,5,ok,0.6748,25.46,207,0,40960,0.33
2048,True,64,32,4,1,ok,0.6093,28.20,137,0,12288,0.21
2048,True,64,32,4,2,ok,0.5509,31.18,126,0,16384,0.21
2048,True,64,32,4,3,ok,0.5524,31.10,127,0,24576,0.21
2048,True,64,32,4,4,ok,0.5589,30.74,127,0,32768,0.23
2048,True,64,32,4,5,ok,0.5745,29.91,127,0,40960,0.23
2048,True,64,32,8,1,ok,1.1792,14.57,128,0,12288,0.20
2048,True,64,32,8,2,ok,1.0721,16.02,128,0,16384,0.20
2048,True,64,32,8,3,ok,1.0650,16.13,128,0,24576,0.21
2048,True,64,32,8,4,ok,1.2401,13.85,144,0,32768,0.22
2048,True,64,32,8,5,ok,1.2401,13.85,144,0,40960,0.21
2048,True,64,32,16,1,ok,3.2404,5.30,127,0,12288,0.20
2048,True,64,32,16,2,ok,2.6204,6.56,121,0,16384,0.19
2048,True,64,32,16,3,ok,2.4567,6.99,119,0,24576,0.21
2048,True,64,32,16,4,ok,2.4177,7.11,120,0,32768,0.23
2048,True,64,32,16,5,ok,2.3900,7.19,120,0,40960,0.24
2048,True,64,64,1,1,ok,1.0774,15.95,255,194,16384,0.78
2048,True,64,64,1,2,ok,1.6944,10.14,255,290,24576,0.80
2048,True,64,64,1,3,ok,2.9153,5.89,255,294,40960,0.83
2048,True,64,64,1,4,ok,5.1323,3.35,255,294,57344,0.84
2048,True,64,64,1,5,ok,5.1280,3.35,255,294,73728,0.88
2048,True,64,64,2,1,ok,0.6277,27.37,255,0,16384,0.37
2048,True,64,64,2,2,ok,0.6062,28.34,255,6,24576,0.41
2048,True,64,64,2,3,ok,0.7496,22.92,255,6,40960,0.40
2048,True,64,64,2,4,ok,1.4093,12.19,255,6,57344,0.42
2048,True,64,64,2,5,ok,1.4008,12.26,255,6,73728,0.46
2048,True,64,64,4,1,ok,0.6492,26.46,186,0,16384,0.26
2048,True,64,64,4,2,ok,0.5734,29.96,176,0,24576,0.28
2048,True,64,64,4,3,ok,0.5878,29.23,149,0,40960,0.27
2048,True,64,64,4,4,ok,0.7137,24.07,149,0,57344,0.27
2048,True,64,64,4,5,ok,0.7178,23.93,148,0,73728,0.28
2048,True,64,64,8,1,ok,1.4305,12.01,176,0,16384,0.23
2048,True,64,64,8,2,ok,1.2984,13.23,155,0,24576,0.23
2048,True,64,64,8,3,ok,1.2175,14.11,160,0,40960,0.25
2048,True,64,64,8,4,ok,1.2165,14.12,160,0,57344,0.25
2048,True,64,64,8,5,ok,1.2084,14.22,160,0,73728,0.26
2048,True,64,64,16,1,ok,2.7126,6.33,128,12,16384,0.22
2048,True,64,64,16,2,ok,2.4163,7.11,128,12,24576,0.23
2048,True,64,64,16,3,ok,2.1443,8.01,128,6,40960,0.32
2048,True,64,64,16,4,ok,2.2370,7.68,128,6,57344,0.33
2048,True,64,64,16,5,ok,2.2426,7.66,128,6,73728,0.23
2048,True,64,128,1,1,ok,1.7613,9.75,255,608,24576,1.35
2048,True,64,128,1,2,ok,3.0219,5.69,255,650,40960,1.40
2048,True,64,128,1,3,ok,5.4546,3.15,255,662,73728,1.65
2048,True,64,128,1,4,out_of_smem,,,,,,1.74
2048,True,64,128,1,5,out_of_smem,,,,,,1.67
2048,True,64,128,2,1,ok,0.6707,25.61,255,60,24576,0.71
2048,True,64,128,2,2,ok,1.3730,12.51,255,198,40960,0.68
2048,True,64,128,2,3,ok,2.0716,8.29,255,170,73728,0.73
2048,True,64,128,2,4,out_of_smem,,,,,,0.72
2048,True,64,128,2,5,out_of_smem,,,,,,0.80
2048,True,64,128,4,1,ok,0.6072,28.30,255,4,24576,0.40
2048,True,64,128,4,2,ok,0.5796,29.64,255,2,40960,0.37
2048,True,64,128,4,3,ok,0.7475,22.98,255,2,73728,0.43
2048,True,64,128,4,4,out_of_smem,,,,,,0.42
2048,True,64,128,4,5,out_of_smem,,,,,,0.55
2048,True,64,128,8,1,ok,1.3988,12.28,255,20,24576,0.35
2048,True,64,128,8,2,ok,1.1315,15.18,227,0,40960,0.33
2048,True,64,128,8,3,ok,1.1551,14.87,204,0,73728,0.35
2048,True,64,128,8,4,out_of_smem,,,,,,0.38
2048,True,64,128,8,5,out_of_smem,,,,,,0.40
2048,True,64,128,16,1,ok,3.3741,5.09,128,102,24576,0.35
2048,True,64,128,16,2,ok,3.0198,5.69,128,92,40960,0.36
2048,True,64,128,16,3,ok,2.5272,6.80,128,28,73728,0.34
2048,True,64,128,16,4,out_of_smem,,,,,,0.33
2048,True,64,128,16,5,out_of_smem,,,,,,0.35
2048,True,64,256,1,1,skipped_regs,,,,,,0.00
2048,True,64,256,1,2,skipped_regs,,,,,,0.00
2048,True,64,256,1,3,skipped_regs,,,,,,0.00
2048,True,64,256,1,4,skipped_regs,,,,,,0.00
2048,True,64,256,1,5,skipped_regs,,,,,,0.00
2048,True,64,256,2,1,ok,1.6276,10.56,255,514,40960,1.28
2048,True,64,256,2,2,ok,2.7817,6.18,255,644,73728,1.36
2048,True,64,256,2,3,out_of_smem,,,,,,1.45
2048,True,64,256,2,4,out_of_smem,,,,,,1.48
2048,True,64,256,2,5,out_of_smem,,,,,,1.58
2048,True,64,256,4,1,ok,0.8284,20.74,255,170,40960,0.66
2048,True,64,256,4,2,ok,1.1151,15.41,255,152,73728,0.65
2048,True,64,256,4,3,out_of_smem,,,,,,0.72
2048,True,64,256,4,4,out_of_smem,,,,,,0.73
2048,True,64,256,4,5,out_of_smem,,,,,,0.82
2048,True,64,256,8,1,ok,1.4961,11.48,255,120,40960,0.61
2048,True,64,256,8,2,ok,1.4828,11.59,255,102,73728,0.61
2048,True,64,256,8,3,out_of_smem,,,,,,0.62
2048,True,64,256,8,4,out_of_smem,,,,,,0.66
2048,True,64,256,8,5,out_of_smem,,,,,,0.63
2048,True,64,256,16,1,ok,51.2113,0.34,64,734,40960,0.59
2048,True,64,256,16,2,ok,43.6989,0.39,64,776,73728,0.64
2048,True,64,256,16,3,out_of_smem,,,,,,0.63
2048,True,64,256,16,4,out_of_smem,,,,,,0.62
2048,True,64,256,16,5,out_of_smem,,,,,,0.60
2048,True,128,16,1,1,ok,2.0357,8.44,255,300,18432,0.93
2048,True,128,16,1,2,ok,2.3276,7.38,255,258,20480,0.93
2048,True,128,16,1,3,ok,2.4668,6.96,255,250,24576,0.95
2048,True,128,16,1,4,ok,2.9804,5.76,255,250,28672,0.93
2048,True,128,16,1,5,ok,2.9619,5.80,255,250,32768,0.95
2048,True,128,16,2,1,ok,0.9021,19.04,255,0,18432,0.45
2048,True,128,16,2,2,ok,0.7649,22.46,255,0,20480,0.44
2048,True,128,16,2,3,ok,0.7557,22.73,255,0,24576,0.44
2048,True,128,16,2,4,ok,0.9052,18.98,255,0,28672,0.46
2048,True,128,16,2,5,ok,0.9062,18.96,255,0,32768,0.47
2048,True,128,16,4,1,ok,0.7158,24.00,168,2,18432,0.27
2048,True,128,16,4,2,ok,0.7270,23.63,174,0,20480,0.28
2048,True,128,16,4,3,ok,0.6922,24.82,176,0,24576,0.27
2048,True,128,16,4,4,ok,0.6932,24.78,176,0,28672,0.29
2048,True,128,16,4,5,ok,0.6922,24.82,176,0,32768,0.28
2048,True,128,16,8,1,ok,0.7404,23.21,115,0,18432,0.22
2048,True,128,16,8,2,ok,0.6308,27.24,95,0,20480,0.19
2048,True,128,16,8,3,ok,0.6134,28.01,98,0,24576,0.23
2048,True,128,16,8,4,ok,0.6124,28.06,100,0,28672,0.23
2048,True,128,16,8,5,ok,0.6144,27.96,100,0,32768,0.22
2048,True,128,16,16,1,ok,1.7469,9.83,115,0,18432,0.20
2048,True,128,16,16,2,ok,1.6169,10.63,93,0,20480,0.20
2048,True,128,16,16,3,ok,1.3998,12.27,94,0,24576,0.21
2048,True,128,16,16,4,ok,1.3988,12.28,94,0,28672,0.21
2048,True,128,16,16,5,ok,1.3978,12.29,94,0,32768,0.22
2048,True,128,32,1,1,ok,3.3638,5.11,168,636,20480,1.21
2048,True,128,32,1,2,ok,3.3536,5.12,168,688,24576,1.23
2048,True,128,32,1,3,ok,3.9105,4.39,168,670,32768,1.25
2048,True,128,32,1,4,ok,4.9961,3.44,168,670,40960,1.27
2048,True,128,32,1,5,ok,4.5619,3.77,168,670,49152,1.34
2048,True,128,32,2,1,ok,0.8704,19.74,255,60,20480,0.53
2048,True,128,32,2,2,ok,0.7578,22.67,255,30,24576,0.52
2048,True,128,32,2,3,ok,0.9359,18.36,255,40,32768,0.54
2048,True,128,32,2,4,ok,1.0568,16.26,255,42,40960,0.56
2048,True,128,32,2,5,ok,1.0578,16.24,255,42,49152,0.56
2048,True,128,32,4,1,ok,0.7045,24.39,216,0,20480,0.30
2048,True,128,32,4,2,ok,0.6601,26.02,192,0,24576,0.32
2048,True,128,32,4,3,ok,0.6756,25.43,238,0,32768,0.33
2048,True,128,32,4,4,ok,0.6820,25.19,242,0,40960,0.33
2048,True,128,32,4,5,ok,0.6829,25.16,242,0,49152,0.34
2048,True,128,32,8,1,ok,0.6387,26.90,128,0,20480,0.22
2048,True,128,32,8,2,ok,0.7229,23.76,143,0,24576,0.22
2048,True,128,32,8,3,ok,0.6687,25.69,148,0,32768,0.23
2048,True,128,32,8,4,ok,0.6564,26.17,145,0,40960,0.25
2048,True,128,32,8,5,ok,0.6543,26.26,145,0,49152,0.25
2048,True,128,32,16,1,ok,1.6271,10.56,127,0,20480,0.23
2048,True,128,32,16,2,ok,1.2902,13.32,124,0,24576,0.23
2048,True,128,32,16,3,ok,1.1837,14.51,120,0,32768,0.23
2048,True,128,32,16,4,ok,1.1827,14.53,120,0,40960,0.23
2048,True,128,32,16,5,ok,1.1807,14.55,120,0,49152,0.24
2048,True,128,64,1,1,ok,9.6461,1.78,80,1308,24576,1.93
2048,True,128,64,1,2,ok,8.3558,2.06,80,1398,32768,1.96
2048,True,128,64,1,3,ok,8.0476,2.13,80,1344,49152,1.93
2048,True,128,64,1,4,ok,13.6776,1.26,80,1352,65536,2.11
2048,True,128,64,1,5,ok,13.8450,1.24,80,1352,81920,2.12
2048,True,128,64,2,1,ok,1.1274,15.24,255,210,24576,0.77
2048,True,128,64,2,2,ok,18.6982,0.92,40,1556,32768,0.87
2048,True,128,64,2,3,ok,13.9214,1.23,40,1514,49152,0.86
2048,True,128,64,2,4,ok,12.1682,1.41,40,1514,65536,0.91
2048,True,128,64,2,5,ok,12.2757,1.40,40,1514,81920,0.92
2048,True,128,64,4,1,ok,0.6840,25.12,255,4,24576,0.40
2048,True,128,64,4,2,ok,0.6318,27.19,255,10,32768,0.40
2048,True,128,64,4,3,ok,0.6410,26.80,255,10,49152,0.41
2048,True,128,64,4,4,ok,0.9114,18.85,255,10,65536,0.42
2048,True,128,64,4,5,ok,0.9134,18.81,255,10,81920,0.44
2048,True,128,64,8,1,ok,0.8233,20.87,174,0,24576,0.26
2048,True,128,64,8,2,ok,0.6981,24.61,159,0,32768,0.26
2048,True,128,64,8,3,ok,0.6308,27.24,146,0,49152,0.27
2048,True,128,64,8,4,ok,0.6318,27.19,146,0,65536,0.28
2048,True,128,64,8,5,ok,0.6277,27.37,146,0,81920,0.29
2048,True,128,64,16,1,ok,1.3947,12.32,128,12,24576,0.25
2048,True,128,64,16,2,ok,1.2401,13.85,128,12,32768,0.26
2048,True,128,64,16,3,ok,1.1540,14.89,128,6,49152,0.26
2048,True,128,64,16,4,ok,1.1745,14.63,128,6,65536,0.27
2048,True,128,64,16,5,ok,1.1756,14.61,128,6,81920,0.28
2048,True,128,128,1,1,skipped_regs,,,,,,0.00
2048,True,128,128,1,2,skipped_regs,,,,,,0.00
2048,True,128,128,1,3,skipped_regs,,,,,,0.00
2048,True,128,128,1,4,skipped_regs,,,,,,0.00
2048,True,128,128,1,5,skipped_regs,,,,,,0.00
2048,True,128,128,2,1,ok,1.4756,11.64,255,402,32768,1.33
2048,True,128,128,2,2,ok,17.3240,0.99,40,2588,49152,1.49
2048,True,128,128,2,3,ok,2.9532,5.82,255,576,81920,1.38
2048,True,128,128,2,4,out_of_smem,,,,,,1.42
2048,True,128,128,2,5,out_of_smem,,,,,,1.48
2048,True,128,128,4,1,ok,0.6728,25.54,255,44,32768,0.60
2048,True,128,128,4,2,ok,0.7485,22.95,255,122,49152,0.61
2048,True,128,128,4,3,ok,1.0895,15.77,255,82,81920,0.63
2048,True,128,128,4,4,out_of_smem,,,,,,0.65
2048,True,128,128,4,5,out_of_smem,,,,,,0.68
2048,True,128,128,8,1,ok,0.7526,22.83,255,20,32768,0.36
2048,True,128,128,8,2,ok,0.6717,25.58,255,2,49152,0.35
2048,True,128,128,8,3,ok,0.6636,25.89,205,0,81920,0.36
2048,True,128,128,8,4,out_of_smem,,,,,,0.37
2048,True,128,128,8,5,out_of_smem,,,,,,0.38
2048,True,128,128,16,1,ok,1.6445,10.45,128,108,32768,0.34
2048,True,128,128,16,2,ok,1.4623,11.75,128,82,49152,0.35
2048,True,128,128,16,3,ok,1.2964,13.25,128,28,81920,0.35
2048,True,128,128,16,4,out_of_smem,,,,,,0.35
2048,True,128,128,16,5,out_of_smem,,,,,,0.36
2048,True,128,256,1,1,skipped_regs,,,,,,0.00
2048,True,128,256,1,2,skipped_regs,,,,,,0.00
2048,True,128,256,1,3,skipped_regs,,,,,,0.00
2048,True,128,256,1,4,skipped_regs,,,,,,0.00
2048,True,128,256,1,5,skipped_regs,,,,,,0.00
2048,True,128,256,2,1,skipped_regs,,,,,,0.00
2048,True,128,256,2,2,skipped_regs,,,,,,0.00
2048,True,128,256,2,3,skipped_regs,,,,,,0.00
2048,True,128,256,2,4,skipped_regs,,,,,,0.00
2048,True,128,256,2,5,skipped_regs,,,,,,0.00
2048,True,128,256,4,1,ok,1.0748,15.98,255,292,49152,1.11
2048,True,128,256,4,2,ok,1.4059,12.22,255,386,81920,1.21
2048,True,128,256,4,3,out_of_smem,,,,,,1.21
2048,True,128,256,4,4,out_of_smem,,,,,,1.25
2048,True,128,256,4,5,out_of_smem,,,,,,1.31
2048,True,128,256,8,1,ok,0.8212,20.92,255,116,49152,0.59
2048,True,128,256,8,2,ok,0.8350,20.58,255,110,81920,0.58
2048,True,128,256,8,3,out_of_smem,,,,,,0.62
2048,True,128,256,8,4,out_of_smem,,,,,,0.76
2048,True,128,256,8,5,out_of_smem,,,,,,0.66
2048,True,128,256,16,1,ok,8.2258,2.09,128,384,49152,0.58
2048,True,128,256,16,2,ok,21.6261,0.79,64,778,81920,0.61
2048,True,128,256,16,3,out_of_smem,,,,,,0.69
2048,True,128,256,16,4,out_of_smem,,,,,,0.58
2048,True,128,256,16,5,out_of_smem,,,,,,0.61
2048,True,256,16,1,1,skipped_regs,,,,,,0.00
2048,True,256,16,1,2,skipped_regs,,,,,,0.00
2048,True,256,16,1,3,skipped_regs,,,,,,0.00
2048,True,256,16,1,4,skipped_regs,,,,,,0.00
2048,True,256,16,1,5,skipped_regs,,,,,,0.00
2048,True,256,16,2,1,ok,2.7750,6.19,255,316,34816,0.93
2048,True,256,16,2,2,ok,2.3806,7.22,255,288,36864,0.89
2048,True,256,16,2,3,ok,2.4841,6.92,255,274,40960,0.89
2048,True,256,16,2,4,ok,2.3327,7.36,255,278,45056,0.94
2048,True,256,16,2,5,ok,2.4965,6.88,255,276,49152,0.95
2048,True,256,16,4,1,ok,0.9359,18.36,255,6,34816,0.42
2048,True,256,16,4,2,ok,0.7483,22.96,255,4,36864,0.45
2048,True,256,16,4,3,ok,0.7619,22.55,255,4,40960,0.47
2048,True,256,16,4,4,ok,0.7752,22.16,255,4,45056,0.45
2048,True,256,16,4,5,ok,0.7557,22.73,255,4,49152,0.47
2048,True,256,16,8,1,ok,1.0820,15.88,197,0,34816,0.28
2048,True,256,16,8,2,ok,0.8960,19.17,172,0,36864,0.27
2048,True,256,16,8,3,ok,0.8569,20.05,177,0,40960,0.26
2048,True,256,16,8,4,ok,0.8688,19.77,182,0,45056,0.27
2048,True,256,16,8,5,ok,0.8325,20.64,179,0,49152,0.30
2048,True,256,16,16,1,ok,0.9452,18.18,115,0,34816,0.18
2048,True,256,16,16,2,ok,0.8477,20.27,92,0,36864,0.20
2048,True,256,16,16,3,ok,0.7178,23.93,96,0,40960,0.20
2048,True,256,16,16,4,ok,0.6646,25.85,96,0,45056,0.23
2048,True,256,16,16,5,ok,0.6636,25.89,96,0,49152,0.20
2048,True,256,32,1,1,skipped_regs,,,,,,0.00
2048,True,256,32,1,2,skipped_regs,,,,,,0.00
2048,True,256,32,1,3,skipped_regs,,,,,,0.00
2048,True,256,32,1,4,skipped_regs,,,,,,0.00
2048,True,256,32,1,5,skipped_regs,,,,,,0.00
2048,True,256,32,2,1,ok,19.7413,0.87,40,1776,36864,1.23
2048,True,256,32,2,2,ok,17.2248,1.00,40,1618,40960,1.31
2048,True,256,32,2,3,ok,18.0767,0.95,40,1694,49152,1.32
2048,True,256,32,2,4,ok,14.4809,1.19,40,1692,57344,1.28
2048,True,256,32,2,5,ok,14.5578,1.18,40,1690,65536,1.31
2048,True,256,32,4,1,ok,0.8591,20.00,255,36,36864,0.54
2048,True,256,32,4,2,ok,0.7352,23.37,255,20,40960,0.50
2048,True,256,32,4,3,ok,0.7690,22.34,255,34,49152,0.55
2048,True,256,32,4,4,ok,1.0404,16.51,255,34,57344,0.54
2048,True,256,32,4,5,ok,1.0411,16.50,255,34,65536,0.56
2048,True,256,32,8,1,ok,0.8684,19.78,217,0,36864,0.29
2048,True,256,32,8,2,ok,0.7620,22.54,192,0,40960,0.30
2048,True,256,32,8,3,ok,0.7567,22.70,236,0,49152,0.29
2048,True,256,32,8,4,ok,0.7916,21.70,236,0,57344,0.30
2048,True,256,32,8,5,ok,0.7936,21.65,236,0,65536,0.34
2048,True,256,32,16,1,ok,0.8376,20.51,128,0,36864,0.24
2048,True,256,32,16,2,ok,0.6502,26.42,122,0,40960,0.24
2048,True,256,32,16,3,ok,0.6748,25.46,124,0,49152,0.24
2048,True,256,32,16,4,ok,0.6769,25.38,124,0,57344,0.25
2048,True,256,32,16,5,ok,0.6748,25.46,124,0,65536,0.22
2048,True,256,64,1,1,skipped_regs,,,,,,0.00
2048,True,256,64,1,2,skipped_regs,,,,,,0.00
2048,True,256,64,1,3,skipped_regs,,,,,,0.00
2048,True,256,64,1,4,skipped_regs,,,,,,0.00
2048,True,256,64,1,5,skipped_regs,,,,,,0.00
2048,True,256,64,2,1,ok,18.8959,0.91,40,1828,40960,1.92
2048,True,256,64,2,2,ok,18.1023,0.95,40,1854,49152,1.94
2048,True,256,64,2,3,ok,13.0294,1.32,40,1890,65536,1.97
2048,True,256,64,2,4,ok,13.1369,1.31,40,1888,81920,2.00
2048,True,256,64,2,5,ok,13.0959,1.31,40,1904,98304,1.96
2048,True,256,64,4,1,ok,18.8815,0.91,40,1446,40960,0.87
2048,True,256,64,4,2,ok,19.2092,0.89,40,1502,49152,0.81
2048,True,256,64,4,3,ok,13.7952,1.25,40,1516,65536,0.83
2048,True,256,64,4,4,ok,13.7728,1.25,40,1514,81920,0.88
2048,True,256,64,4,5,ok,13.9622,1.23,40,1514,98304,0.85
2048,True,256,64,8,1,ok,0.8305,20.69,255,0,40960,0.39
2048,True,256,64,8,2,ok,0.7014,24.49,255,2,49152,0.41
2048,True,256,64,8,3,ok,0.7148,24.04,255,2,65536,0.38
2048,True,256,64,8,4,ok,0.7036,24.42,255,0,81920,0.40
2048,True,256,64,8,5,ok,0.7018,24.48,255,0,98304,0.42
2048,True,256,64,16,1,ok,0.7465,23.01,128,16,40960,0.26
2048,True,256,64,16,2,ok,0.6062,28.34,128,6,49152,0.27
2048,True,256,64,16,3,ok,0.5806,29.59,128,4,65536,0.25
2048,True,256,64,16,4,ok,0.6205,27.69,128,10,81920,0.25
2048,True,256,64,16,5,ok,0.6236,27.55,128,10,98304,0.28
2048,True,256,128,1,1,skipped_regs,,,,,,0.00
2048,True,256,128,1,2,skipped_regs,,,,,,0.00
2048,True,256,128,1,3,skipped_regs,,,,,,0.00
2048,True,256,128,1,4,skipped_regs,,,,,,0.00
2048,True,256,128,1,5,skipped_regs,,,,,,0.00
2048,True,256,128,2,1,skipped_regs,,,,,,0.00
2048,True,256,128,2,2,skipped_regs,,,,,,0.00
2048,True,256,128,2,3,skipped_regs,,,,,,0.00
2048,True,256,128,2,4,skipped_regs,,,,,,0.00
2048,True,256,128,2,5,skipped_regs,,,,,,0.00
2048,True,256,128,4,1,ok,1.4653,11.72,255,426,49152,1.27
2048,True,256,128,4,2,ok,16.4690,1.04,40,2534,65536,1.44
2048,True,256,128,4,3,ok,12.5176,1.37,40,2122,98304,1.39
2048,True,256,128,4,4,out_of_smem,,,,,,1.44
2048,True,256,128,4,5,out_of_smem,,,,,,1.60
2048,True,256,128,8,1,ok,0.8212,20.92,255,66,49152,0.59
2048,True,256,128,8,2,ok,0.7700,22.31,255,84,65536,0.57
2048,True,256,128,8,3,ok,0.7802,22.02,255,48,98304,0.70
2048,True,256,128,8,4,out_of_smem,,,,,,0.71
2048,True,256,128,8,5,out_of_smem,,,,,,0.74
2048,True,256,128,16,1,ok,0.8991,19.11,128,116,49152,0.37
2048,True,256,128,16,2,ok,0.7454,23.05,128,86,65536,0.37
2048,True,256,128,16,3,ok,0.6595,26.05,128,28,98304,0.40
2048,True,256,128,16,4,out_of_smem,,,,,,0.40
2048,True,256,128,16,5,out_of_smem,,,,,,0.41
2048,True,256,256,1,1,skipped_regs,,,,,,0.00
2048,True,256,256,1,2,skipped_regs,,,,,,0.00
2048,True,256,256,1,3,skipped_regs,,,,,,0.00
2048,True,256,256,1,4,skipped_regs,,,,,,0.00
2048,True,256,256,1,5,skipped_regs,,,,,,0.00
2048,True,256,256,2,1,skipped_regs,,,,,,0.00
2048,True,256,256,2,2,skipped_regs,,,,,,0.00
2048,True,256,256,2,3,skipped_regs,,,,,,0.00
2048,True,256,256,2,4,skipped_regs,,,,,,0.00
2048,True,256,256,2,5,skipped_regs,,,,,,0.00
2048,True,256,256,4,1,skipped_regs,,,,,,0.00
2048,True,256,256,4,2,skipped_regs,,,,,,0.00
2048,True,256,256,4,3,skipped_regs,,,,,,0.00
2048,True,256,256,4,4,skipped_regs,,,,,,0.00
2048,True,256,256,4,5,skipped_regs,,,,,,0.00
2048,True,256,256,8,1,ok,15.5387,1.11,40,1474,65536,1.26
2048,True,256,256,8,2,ok,1.1023,15.58,255,356,98304,1.24
2048,True,256,256,8,3,out_of_smem,,,,,,1.27
2048,True,256,256,8,4,out_of_smem,,,,,,1.21
2048,True,256,256,8,5,out_of_smem,,,,,,1.31
2048,True,256,256,16,1,ok,10.4223,1.65,64,736,65536,0.63
2048,True,256,256,16,2,ok,11.8252,1.45,64,796,98304,0.61
2048,True,256,256,16,3,out_of_smem,,,,,,0.59
2048,True,256,256,16,4,out_of_smem,,,,,,0.60
2048,True,256,256,16,5,out_of_smem,,,,,,0.58
4096,True,16,16,1,1,ok,3.0868,22.26,122,0,4096,0.42
4096,True,16,16,1,2,ok,3.7224,18.46,96,0,6144,0.41
4096,True,16,16,1,3,ok,3.6347,18.91,99,0,10240,0.43
4096,True,16,16,1,4,ok,3.6392,18.88,99,0,14336,0.20
4096,True,16,16,1,5,ok,3.6964,18.59,99,0,18432,0.18
4096,True,16,16,2,1,ok,4.3643,15.75,96,0,4608,0.14
4096,True,16,16,2,2,ok,4.1789,16.44,80,0,6656,0.14
4096,True,16,16,2,3,ok,4.2489,16.17,80,0,10752,0.14
4096,True,16,16,2,4,ok,4.4964,15.28,80,0,14848,0.15
4096,True,16,16,2,5,ok,4.8128,14.28,80,0,18944,0.16
4096,True,16,16,4,1,ok,6.3503,10.82,67,0,4608,0.13
4096,True,16,16,4,2,ok,6.9181,9.93,63,0,6656,0.13
4096,True,16,16,4,3,ok,6.5924,10.42,63,0,10752,0.14
4096,True,16,16,4,4,ok,6.6230,10.38,63,0,14848,0.14
4096,True,16,16,4,5,ok,6.8035,10.10,63,0,18944,0.15
4096,True,16,16,8,1,ok,13.4700,5.10,73,0,4608,0.12
4096,True,16,16,8,2,ok,12.5788,5.46,58,0,6656,0.13
4096,True,16,16,8,3,ok,12.7334,5.40,58,0,10752,0.13
4096,True,16,16,8,4,ok,12.7878,5.37,58,0,14848,0.13
4096,True,16,16,8,5,ok,13.0499,5.27,58,0,18944,0.14
4096,True,16,16,16,1,ok,37.1379,1.85,87,0,4608,0.13
4096,True,16,16,16,2,ok,37.8921,1.81,79,0,6656,0.13
4096,True,16,16,16,3,ok,33.7653,2.04,80,0,10752,0.13
4096,True,16,16,16,4,ok,34.0356,2.02,80,0,14848,0.14
4096,True,16,16,16,5,ok,33.5591,2.05,82,0,18944,0.14
4096,True,16,32,1,1,ok,3.4142,20.13,126,0,6144,0.19
4096,True,16,32,1,2,ok,3.6956,18.59,157,0,10240,0.19
4096,True,16,32,1,3,ok,3.6384,18.89,166,0,18432,0.21
4096,True,16,32,1,4,ok,4.1547,16.54,166,0,26624,0.23
4096,True,16,32,1,5,ok,5.9822,11.49,166,0,34816,0.24
4096,True,16,32,2,1,ok,3.5613,19.30,125,0,7168,0.17
4096,True,16,32,2,2,ok,3.8184,18.00,96,0,11264,0.17
4096,True,16,32,2,3,ok,3.7939,18.11,97,0,19456,0.18
4096,True,16,32,2,4,ok,4.4622,15.40,97,0,27648,0.19
4096,True,16,32,2,5,ok,5.7242,12.01,97,0,35840,0.19
4096,True,16,32,4,1,ok,4.4240,15.53,79,0,7168,0.14
4096,True,16,32,4,2,ok,4.1525,16.55,72,0,11264,0.14
4096,True,16,32,4,3,ok,4.2233,16.27,71,0,19456,0.14
4096,True,16,32,4,4,ok,4.8712,14.11,71,0,27648,0.16
4096,True,16,32,4,5,ok,5.8296,11.79,71,0,35840,0.18
4096,True,16,32,8,1,ok,6.8434,10.04,64,0,7168,0.13
4096,True,16,32,8,2,ok,6.9366,9.91,64,0,11264,0.20
4096,True,16,32,8,3,ok,6.8342,10.06,64,0,19456,0.14
4096,True,16,32,8,4,ok,7.1131,9.66,64,0,27648,0.20
4096,True,16,32,8,5,ok,8.1183,8.46,64,0,35840,0.22
4096,True,16,32,16,1,ok,20.4457,3.36,90,0,7168,0.13
4096,True,16,32,16,2,ok,14.6324,4.70,64,0,11264,0.14
4096,True,16,32,16,3,ok,14.7466,4.66,64,0,19456,0.14
4096,True,16,32,16,4,ok,14.6524,4.69,64,0,27648,0.15
4096,True,16,32,16,5,ok,14.9965,4.58,64,0,35840,0.15
4096,True,16,64,1,1,ok,3.2622,21.07,216,0,10240,0.26
4096,True,16,64,1,2,ok,3.8439,17.88,222,0,18432,0.28
4096,True,16,64,1,3,ok,5.4415,12.63,222,0,34816,0.34
4096,True,16,64,1,4,ok,10.8210,6.35,222,0,51200,0.37
4096,True,16,64,1,5,ok,10.8257,6.35,254,0,67584,0.40
4096,True,16,64,2,1,ok,3.7335,18.41,126,0,12288,0.20
4096,True,16,64,2,2,ok,3.7504,18.32,133,0,20480,0.20
4096,True,16,64,2,3,ok,4.5588,15.07,128,0,36864,0.22
4096,True,16,64,2,4,ok,8.6231,7.97,128,0,53248,0.23
4096,True,16,64,2,5,ok,8.7024,7.90,128,0,69632,0.25
4096,True,16,64,4,1,ok,3.6731,18.71,96,0,12288,0.16
4096,True,16,64,4,2,ok,3.7724,18.22,84,0,20480,0.16
4096,True,16,64,4,3,ok,4.2898,16.02,84,0,36864,0.19
4096,True,16,64,4,4,ok,6.8342,10.06,84,0,53248,0.19
4096,True,16,64,4,5,ok,6.8144,10.08,84,0,69632,0.19
4096,True,16,64,8,1,ok,4.6131,14.90,64,0,12288,0.13
4096,True,16,64,8,2,ok,4.4145,15.57,64,0,20480,0.14
4096,True,16,64,8,3,ok,4.8200,14.26,64,0,36864,0.14
4096,True,16,64,8,4,ok,6.8352,10.05,64,0,53248,0.16
4096,True,16,64,8,5,ok,6.9418,9.90,64,0,69632,0.16
4096,True,16,64,16,1,ok,12.4355,5.53,67,0,12288,0.15
4096,True,16,64,16,2,ok,8.5330,8.05,64,0,20480,0.16
4096,True,16,64,16,3,ok,8.2442,8.34,64,0,36864,0.15
4096,True,16,64,16,4,ok,10.7249,6.41,64,0,53248,0.15
4096,True,16,64,16,5,ok,10.6755,6.44,64,0,69632,0.15
4096,True,16,128,1,1,ok,4.6275,14.85,255,56,18432,0.41
4096,True,16,128,1,2,ok,7.8940,8.71,255,82,34816,0.47
4096,True,16,128,1,3,ok,14.4973,4.74,255,36,67584,0.54
4096,True,16,128,1,4,ok,14.6480,4.69,255,36,100352,0.62
4096,True,16,128,1,5,out_of_smem,,,,,,0.69
4096,True,16,128,2,1,ok,3.7304,18.42,213,0,22528,0.27
4096,True,16,128,2,2,ok,5.1241,13.41,248,0,38912,0.29
4096,True,16,128,2,3,ok,7.3779,9.31,250,0,71680,0.33
4096,True,16,128,2,4,out_of_smem,,,,,,0.37
4096,True,16,128,2,5,out_of_smem,,,,,,0.41
4096,True,16,128,4,1,ok,3.8615,17.80,123,0,22528,0.20
4096,True,16,128,4,2,ok,4.1641,16.50,136,0,38912,0.20
4096,True,16,128,4,3,ok,4.9213,13.96,136,0,71680,0.23
4096,True,16,128,4,4,out_of_smem,,,,,,0.24
4096,True,16,128,4,5,out_of_smem,,,,,,0.25
4096,True,16,128,8,1,ok,4.5302,15.17,114,0,22528,0.17
4096,True,16,128,8,2,ok,4.1902,16.40,91,0,38912,0.17
4096,True,16,128,8,3,ok,5.1313,13.39,80,0,71680,0.17
4096,True,16,128,8,4,out_of_smem,,,,,,0.18
4096,True,16,128,8,5,out_of_smem,,,,,,0.19
4096,True,16,128,16,1,ok,8.4099,8.17,88,0,22528,0.15
4096,True,16,128,16,2,ok,7.9940,8.60,84,0,38912,0.16
4096,True,16,128,16,3,ok,6.6427,10.35,77,0,71680,0.16
4096,True,16,128,16,4,out_of_smem,,,,,,0.17
4096,True,16,128,16,5,out_of_smem,,,,,,0.17
4096,True,16,256,1,1,ok,12.5225,5.49,255,488,34816,0.86
4096,True,16,256,1,2,ok,14.6621,4.69,255,90,67584,0.81
4096,True,16,256,1,3,out_of_smem,,,,,,0.96
4096,True,16,256,1,4,out_of_smem,,,,,,1.21
4096,True,16,256,1,5,out_of_smem,,,,,,1.39
4096,True,16,256,2,1,ok,5.9156,11.62,255,44,43008,0.45
4096,True,16,256,2,2,ok,8.3436,8.24,255,2,75776,0.49
4096,True,16,256,2,3,out_of_smem,,,,,,0.66
4096,True,16,256,2,4,out_of_smem,,,,,,0.76
4096,True,16,256,2,5,out_of_smem,,,,,,0.85
4096,True,16,256,4,1,ok,4.6582,14.75,196,0,43008,0.32
4096,True,16,256,4,2,ok,5.6207,12.23,187,0,75776,0.32
4096,True,16,256,4,3,out_of_smem,,,,,,0.39
4096,True,16,256,4,4,out_of_smem,,,,,,0.41
4096,True,16,256,4,5,out_of_smem,,,,,,0.47
4096,True,16,256,8,1,ok,4.6191,14.88,127,0,43008,0.23
4096,True,16,256,8,2,ok,5.4072,12.71,128,0,75776,0.22
4096,True,16,256,8,3,out_of_smem,,,,,,0.29
4096,True,16,256,8,4,out_of_smem,,,,,,0.27
4096,True,16,256,8,5,out_of_smem,,,,,,0.31
4096,True,16,256,16,1,ok,6.8513,10.03,102,0,43008,0.18
4096,True,16,256,16,2,ok,6.6324,10.36,83,0,75776,0.19
4096,True,16,256,16,3,out_of_smem,,,,,,0.22
4096,True,16,256,16,4,out_of_smem,,,,,,0.21
4096,True,16,256,16,5,out_of_smem,,,,,,0.23
4096,True,32,16,1,1,ok,2.9213,23.52,170,0,6144,0.30
4096,True,32,16,1,2,ok,2.5190,27.28,166,0,8192,0.31
4096,True,32,16,1,3,ok,2.7274,25.20,168,0,12288,0.31
4096,True,32,16,1,4,ok,2.9405,23.37,190,0,16384,0.30
4096,True,32,16,1,5,ok,2.9256,23.49,190,0,20480,0.29
4096,True,32,16,2,1,ok,3.9875,17.23,131,0,7168,0.20
4096,True,32,16,2,2,ok,3.1652,21.71,126,0,9216,0.21
4096,True,32,16,2,3,ok,3.2844,20.92,128,0,13312,0.22
4096,True,32,16,2,4,ok,3.6987,18.58,128,0,17408,0.23
4096,True,32,16,2,5,ok,4.0700,16.88,128,0,21504,0.22
4096,True,32,16,4,1,ok,5.4190,12.68,96,0,7168,0.18
4096,True,32,16,4,2,ok,5.2357,13.13,96,0,9216,0.20
4096,True,32,16,4,3,ok,5.1890,13.24,96,0,13312,0.18
4096,True,32,16,4,4,ok,5.1466,13.35,96,0,17408,0.21
4096,True,32,16,4,5,ok,5.3279,12.90,96,0,21504,0.19
4096,True,32,16,8,1,ok,11.9020,5.77,113,0,7168,0.15
4096,True,32,16,8,2,ok,11.2302,6.12,99,0,9216,0.17
4096,True,32,16,8,3,ok,11.0218,6.23,97,0,13312,0.18
4096,True,32,16,8,4,ok,10.9671,6.27,99,0,17408,0.17
4096,True,32,16,8,5,ok,11.0996,6.19,99,0,21504,0.17
4096,True,32,16,16,1,ok,28.1682,2.44,111,0,7168,0.17
4096,True,32,16,16,2,ok,27.0387,2.54,97,0,9216,0.16
4096,True,32,16,16,3,ok,25.4465,2.70,97,0,13312,0.18
4096,True,32,16,16,4,ok,25.2416,2.72,97,0,17408,0.17
4096,True,32,16,16,5,ok,26.1990,2.62,97,0,21504,0.16
4096,True,32,32,1,1,ok,2.8559,24.06,211,0,8192,0.28
4096,True,32,32,1,2,ok,2.6825,25.62,229,0,12288,0.29
4096,True,32,32,1,3,ok,2.8308,24.28,229,0,20480,0.31
4096,True,32,32,1,4,ok,3.5912,19.14,229,0,28672,0.32
4096,True,32,32,1,5,ok,5.1456,13.35,229,0,36864,0.34
4096,True,32,32,2,1,ok,2.8902,23.78,156,0,10240,0.21
4096,True,32,32,2,2,ok,2.6225,26.20,151,0,14336,0.22
4096,True,32,32,2,3,ok,2.7525,24.97,152,0,22528,0.24
4096,True,32,32,2,4,ok,3.4524,19.90,152,0,30720,0.23
4096,True,32,32,2,5,ok,4.5338,15.16,152,0,38912,0.25
4096,True,32,32,4,1,ok,3.3963,20.23,96,0,10240,0.19
4096,True,32,32,4,2,ok,3.4816,19.74,103,0,14336,0.18
4096,True,32,32,4,3,ok,3.3326,20.62,101,0,22528,0.18
4096,True,32,32,4,4,ok,3.6792,18.68,101,0,30720,0.18
4096,True,32,32,4,5,ok,4.2716,16.09,101,0,38912,0.20
4096,True,32,32,8,1,ok,6.6028,10.41,115,0,10240,0.17
4096,True,32,32,8,2,ok,6.2433,11.01,101,0,14336,0.18
4096,True,32,32,8,3,ok,5.9704,11.51,98,0,22528,0.16
4096,True,32,32,8,4,ok,5.9597,11.53,98,0,30720,0.18
4096,True,32,32,8,5,ok,5.9720,11.51,98,0,38912,0.17
4096,True,32,32,16,1,ok,16.2542,4.23,114,0,10240,0.16
4096,True,32,32,16,2,ok,15.4631,4.44,97,0,14336,0.16
4096,True,32,32,16,3,ok,14.2541,4.82,97,0,22528,0.16
4096,True,32,32,16,4,ok,14.0975,4.87,97,0,30720,0.17
4096,True,32,32,16,5,ok,14.1778,4.85,97,0,38912,0.18
4096,True,32,64,1,1,ok,2.6260,26.17,244,0,12288,0.39
4096,True,32,64,1,2,ok,3.0403,22.60,255,14,20480,0.41
4096,True,32,64,1,3,ok,5.6061,12.26,255,22,36864,0.60
4096,True,32,64,1,4,ok,11.3382,6.06,255,26,53248,0.50
4096,True,32,64,1,5,ok,11.3618,6.05,255,26,69632,0.53
4096,True,32,64,2,1,ok,2.7782,24.73,168,0,16384,0.31
4096,True,32,64,2,2,ok,2.7495,24.99,209,0,24576,0.26
4096,True,32,64,2,3,ok,3.7112,18.52,212,0,40960,0.29
4096,True,32,64,2,4,ok,7.2136,9.53,212,0,57344,0.36
4096,True,32,64,2,5,ok,7.3257,9.38,212,0,73728,0.39
4096,True,32,64,4,1,ok,2.9368,23.40,139,0,16384,0.19
4096,True,32,64,4,2,ok,2.5948,26.48,127,0,24576,0.29
4096,True,32,64,4,3,ok,3.1119,22.08,128,0,40960,0.25
4096,True,32,64,4,4,ok,4.6852,14.67,128,0,57344,0.28
4096,True,32,64,4,5,ok,4.7939,14.33,128,0,73728,0.29
4096,True,32,64,8,1,ok,4.2088,16.33,104,0,16384,0.20
4096,True,32,64,8,2,ok,3.9680,17.32,104,0,24576,0.18
4096,True,32,64,8,3,ok,3.7622,18.27,97,0,40960,0.20
4096,True,32,64,8,4,ok,5.0569,13.59,97,0,57344,0.23
4096,True,32,64,8,5,ok,5.0489,13.61,97,0,73728,0.24
4096,True,32,64,16,1,ok,8.9952,7.64,100,0,16384,0.20
4096,True,32,64,16,2,ok,8.6359,7.96,101,0,24576,0.19
4096,True,32,64,16,3,ok,8.2780,8.30,93,0,40960,0.22
4096,True,32,64,16,4,ok,8.2821,8.30,97,0,57344,0.21
4096,True,32,64,16,5,ok,8.3855,8.20,97,0,73728,0.22
4096,True,32,128,1,1,ok,4.0817,16.84,255,118,20480,0.79
4096,True,32,128,1,2,ok,7.0052,9.81,255,108,36864,0.70
4096,True,32,128,1,3,ok,13.0079,5.28,255,98,69632,0.82
4096,True,32,128,1,4,out_of_smem,,,,,,0.85
4096,True,32,128,1,5,out_of_smem,,,,,,0.97
4096,True,32,128,2,1,ok,3.1734,21.66,247,0,28672,0.43
4096,True,32,128,2,2,ok,3.8349,17.92,255,4,45056,0.46
4096,True,32,128,2,3,ok,6.6161,10.39,255,8,77824,0.46
4096,True,32,128,2,4,out_of_smem,,,,,,0.54
4096,True,32,128,2,5,out_of_smem,,,,,,0.58
4096,True,32,128,4,1,ok,2.7361,25.12,128,2,28672,0.28
4096,True,32,128,4,2,ok,2.7981,24.56,176,0,45056,0.33
4096,True,32,128,4,3,ok,3.8654,17.78,239,0,77824,0.37
4096,True,32,128,4,4,out_of_smem,,,,,,0.39
4096,True,32,128,4,5,out_of_smem,,,,,,0.36
4096,True,32,128,8,1,ok,3.2851,20.92,128,0,28672,0.24
4096,True,32,128,8,2,ok,3.0136,22.80,128,0,45056,0.23
4096,True,32,128,8,3,ok,3.8257,17.96,127,0,77824,0.25
4096,True,32,128,8,4,out_of_smem,,,,,,0.26
4096,True,32,128,8,5,out_of_smem,,,,,,0.26
4096,True,32,128,16,1,ok,6.2538,10.99,102,0,28672,0.21
4096,True,32,128,16,2,ok,6.0114,11.43,102,0,45056,0.20
4096,True,32,128,16,3,ok,5.5816,12.31,104,0,77824,0.22
4096,True,32,128,16,4,out_of_smem,,,,,,0.21
4096,True,32,128,16,5,out_of_smem,,,,,,0.23
4096,True,32,256,1,1,ok,13.7047,5.01,255,776,36864,1.58
4096,True,32,256,1,2,ok,20.9920,3.27,255,666,69632,1.48
4096,True,32,256,1,3,out_of_smem,,,,,,1.72
4096,True,32,256,1,4,out_of_smem,,,,,,1.88
4096,True,32,256,1,5,out_of_smem,,,,,,2.09
4096,True,32,256,2,1,ok,8.2104,8.37,255,74,53248,0.74
4096,True,32,256,2,2,ok,6.6591,10.32,255,28,86016,0.69
4096,True,32,256,2,3,out_of_smem,,,,,,0.78
4096,True,32,256,2,4,out_of_smem,,,,,,0.85
4096,True,32,256,2,5,out_of_smem,,,,,,0.96
4096,True,32,256,4,1,ok,4.5730,15.03,209,0,53248,0.41
4096,True,32,256,4,2,ok,3.9910,17.22,255,0,86016,0.45
4096,True,32,256,4,3,out_of_smem,,,,,,0.48
4096,True,32,256,4,4,out_of_smem,,,,,,0.54
4096,True,32,256,4,5,out_of_smem,,,,,,0.57
4096,True,32,256,8,1,ok,4.4303,15.51,160,0,53248,0.30
4096,True,32,256,8,2,ok,3.8932,17.65,174,0,86016,0.31
4096,True,32,256,8,3,out_of_smem,,,,,,0.32
4096,True,32,256,8,4,out_of_smem,,,,,,0.38
4096,True,32,256,8,5,out_of_smem,,,,,,0.38
4096,True,32,256,16,1,ok,5.2859,13.00,126,0,53248,0.25
4096,True,32,256,16,2,ok,5.1149,13.44,124,0,86016,0.25
4096,True,32,256,16,3,out_of_smem,,,,,,0.25
4096,True,32,256,16,4,out_of_smem,,,,,,0.27
4096,True,32,256,16,5,out_of_smem,,,,,,0.29
4096,True,64,16,1,1,ok,2.7888,24.64,255,0,10240,0.45
4096,True,64,16,1,2,ok,2.7720,24.79,255,0,12288,0.44
4096,True,64,16,1,3,ok,3.1908,21.54,255,0,16384,0.47
4096,True,64,16,1,4,ok,3.5533,19.34,255,0,20480,0.45
4096,True,64,16,1,5,ok,3.5989,19.09,255,0,24576,0.49
4096,True,64,16,2,1,ok,2.3828,28.84,161,0,10240,0.25
4096,True,64,16,2,2,ok,2.3460,29.29,167,0,12288,0.26
4096,True,64,16,2,3,ok,2.3183,29.64,166,0,16384,0.26
4096,True,64,16,2,4,ok,2.4044,28.58,166,0,20480,0.28
4096,True,64,16,2,5,ok,2.4018,28.61,166,0,24576,0.28
4096,True,64,16,4,1,ok,2.4949,27.54,117,0,10240,0.19
4096,True,64,16,4,2,ok,2.2253,30.88,94,0,12288,0.18
4096,True,64,16,4,3,ok,2.2364,30.73,96,0,16384,0.19
4096,True,64,16,4,4,ok,2.2115,31.07,96,0,20480,0.20
4096,True,64,16,4,5,ok,2.2031,31.19,96,0,24576,0.21
4096,True,64,16,8,1,ok,5.5096,12.47,116,0,10240,0.19
4096,True,64,16,8,2,ok,5.0412,13.63,93,0,12288,0.19
4096,True,64,16,8,3,ok,4.8302,14.23,94,0,16384,0.20
4096,True,64,16,8,4,ok,4.8720,14.11,94,0,20480,0.20
4096,True,64,16,8,5,ok,4.8134,14.28,94,0,24576,0.20
4096,True,64,16,16,1,ok,12.9751,5.30,114,0,10240,0.18
4096,True,64,16,16,2,ok,11.6305,5.91,93,0,12288,0.17
4096,True,64,16,16,3,ok,10.6117,6.48,93,0,16384,0.20
4096,True,64,16,16,4,ok,10.9679,6.27,93,0,20480,0.20
4096,True,64,16,16,5,ok,10.7790,6.38,93,0,24576,0.21
4096,True,64,32,1,1,ok,2.6911,25.54,255,22,12288,0.50
4096,True,64,32,1,2,ok,3.2140,21.38,255,48,16384,0.53
4096,True,64,32,1,3,ok,3.0787,22.32,255,50,24576,0.55
4096,True,64,32,1,4,ok,3.9061,17.59,255,50,32768,0.57
4096,True,64,32,1,5,ok,5.5993,12.27,255,50,40960,0.59
4096,True,64,32,2,1,ok,2.5508,26.94,225,0,12288,0.30
4096,True,64,32,2,2,ok,2.2700,30.27,207,0,16384,0.30
4096,True,64,32,2,3,ok,2.2825,30.11,207,0,24576,0.31
4096,True,64,32,2,4,ok,2.3767,28.91,207,0,32768,0.32
4096,True,64,32,2,5,ok,2.5436,27.02,207,0,40960,0.33
4096,True,64,32,4,1,ok,2.3624,29.09,137,0,12288,0.21
4096,True,64,32,4,2,ok,2.2108,31.08,126,0,16384,0.21
4096,True,64,32,4,3,ok,2.2272,30.85,127,0,24576,0.21
4096,True,64,32,4,4,ok,2.2170,31.00,127,0,32768,0.23
4096,True,64,32,4,5,ok,2.2777,30.17,127,0,40960,0.23
4096,True,64,32,8,1,ok,4.7462,14.48,128,0,12288,0.20
4096,True,64,32,8,2,ok,4.3653,15.74,128,0,16384,0.20
4096,True,64,32,8,3,ok,4.3982,15.62,128,0,24576,0.21
4096,True,64,32,8,4,ok,4.9951,13.76,144,0,32768,0.22
4096,True,64,32,8,5,ok,4.9664,13.84,144,0,40960,0.21
4096,True,64,32,16,1,ok,12.1723,5.65,127,0,12288,0.20
4096,True,64,32,16,2,ok,9.8458,6.98,121,0,16384,0.19
4096,True,64,32,16,3,ok,9.1535,7.51,119,0,24576,0.21
4096,True,64,32,16,4,ok,9.1064,7.55,120,0,32768,0.23
4096,True,64,32,16,5,ok,9.2136,7.46,120,0,40960,0.24
4096,True,64,64,1,1,ok,4.2701,16.09,255,194,16384,0.78
4096,True,64,64,1,2,ok,6.5434,10.50,255,290,24576,0.80
4096,True,64,64,1,3,ok,11.0051,6.24,255,294,40960,0.83
4096,True,64,64,1,4,ok,21.0252,3.27,255,294,57344,0.84
4096,True,64,64,1,5,ok,19.8538,3.46,255,294,73728,0.88
4096,True,64,64,2,1,ok,2.3158,29.67,255,0,16384,0.37
4096,True,64,64,2,2,ok,2.4535,28.01,255,6,24576,0.41
4096,True,64,64,2,3,ok,2.8016,24.53,255,6,40960,0.40
4096,True,64,64,2,4,ok,5.6068,12.26,255,6,57344,0.42
4096,True,64,64,2,5,ok,5.5752,12.33,255,6,73728,0.46
4096,True,64,64,4,1,ok,2.4668,27.86,186,0,16384,0.26
4096,True,64,64,4,2,ok,2.2205,30.95,176,0,24576,0.28
4096,True,64,64,4,3,ok,2.3173,29.65,149,0,40960,0.27
4096,True,64,64,4,4,ok,2.9051,23.65,149,0,57344,0.27
4096,True,64,64,4,5,ok,2.9194,23.54,148,0,73728,0.28
4096,True,64,64,8,1,ok,5.6617,12.14,176,0,16384,0.23
4096,True,64,64,8,2,ok,5.1517,13.34,155,0,24576,0.23
4096,True,64,64,8,3,ok,4.8968,14.03,160,0,40960,0.25
4096,True,64,64,8,4,ok,4.8548,14.16,160,0,57344,0.25
4096,True,64,64,8,5,ok,4.7379,14.50,160,0,73728,0.26
4096,True,64,64,16,1,ok,10.5031,6.54,128,12,16384,0.22
4096,True,64,64,16,2,ok,9.7188,7.07,128,12,24576,0.23
4096,True,64,64,16,3,ok,8.7081,7.89,128,6,40960,0.32
4096,True,64,64,16,4,ok,9.0936,7.56,128,6,57344,0.33
4096,True,64,64,16,5,ok,9.0544,7.59,128,6,73728,0.23
4096,True,64,128,1,1,ok,7.0528,9.74,255,608,24576,1.35
4096,True,64,128,1,2,ok,11.1636,6.16,255,650,40960,1.40
4096,True,64,128,1,3,ok,21.5127,3.19,255,662,73728,1.65
4096,True,64,128,1,4,out_of_smem,,,,,,1.74
4096,True,64,128,1,5,out_of_smem,,,,,,1.67
4096,True,64,128,2,1,ok,2.5021,27.46,255,60,24576,0.71
4096,True,64,128,2,2,ok,5.1349,13.38,255,198,40960,0.68
4096,True,64,128,2,3,ok,8.1807,8.40,255,170,73728,0.73
4096,True,64,128,2,4,out_of_smem,,,,,,0.72
4096,True,64,128,2,5,out_of_smem,,,,,,0.80
4096,True,64,128,4,1,ok,2.3325,29.46,255,4,24576,0.40
4096,True,64,128,4,2,ok,2.2446,30.62,255,2,40960,0.37
4096,True,64,128,4,3,ok,2.9445,23.34,255,2,73728,0.43
4096,True,64,128,4,4,out_of_smem,,,,,,0.42
4096,True,64,128,4,5,out_of_smem,,,,,,0.55
4096,True,64,128,8,1,ok,5.5812,12.31,255,20,24576,0.35
4096,True,64,128,8,2,ok,4.5281,15.18,227,0,40960,0.33
4096,True,64,128,8,3,ok,4.6484,14.78,204,0,73728,0.35
4096,True,64,128,8,4,out_of_smem,,,,,,0.38
4096,True,64,128,8,5,out_of_smem,,,,,,0.40
4096,True,64,128,16,1,ok,13.0652,5.26,128,102,24576,0.35
4096,True,64,128,16,2,ok,11.5645,5.94,128,92,40960,0.36
4096,True,64,128,16,3,ok,10.1949,6.74,128,28,73728,0.34
4096,True,64,128,16,4,out_of_smem,,,,,,0.33
4096,True,64,128,16,5,out_of_smem,,,,,,0.35
4096,True,64,256,1,1,skipped_regs,,,,,,0.00
4096,True,64,256,1,2,skipped_regs,,,,,,0.00
4096,True,64,256,1,3,skipped_regs,,,,,,0.00
4096,True,64,256,1,4,skipped_regs,,,,,,0.00
4096,True,64,256,1,5,skipped_regs,,,,,,0.00
4096,True,64,256,2,1,ok,6.4338,10.68,255,514,40960,1.28
4096,True,64,256,2,2,ok,11.2833,6.09,255,644,73728,1.36
4096,True,64,256,2,3,out_of_smem,,,,,,1.45
4096,True,64,256,2,4,out_of_smem,,,,,,1.48
4096,True,64,256,2,5,out_of_smem,,,,,,1.58
4096,True,64,256,4,1,ok,3.4051,20.18,255,170,40960,0.66
4096,True,64,256,4,2,ok,4.3366,15.85,255,152,73728,0.65
4096,True,64,256,4,3,out_of_smem,,,,,,0.72
4096,True,64,256,4,4,out_of_smem,,,,,,0.73
4096,True,64,256,4,5,out_of_smem,,,,,,0.82
4096,True,64,256,8,1,ok,6.0590,11.34,255,120,40960,0.61
4096,True,64,256,8,2,ok,5.9351,11.58,255,102,73728,0.61
4096,True,64,256,8,3,out_of_smem,,,,,,0.62
4096,True,64,256,8,4,out_of_smem,,,,,,0.66
4096,True,64,256,8,5,out_of_smem,,,,,,0.63
4096,True,64,256,16,1,ok,200.3620,0.34,64,734,40960,0.59
4096,True,64,256,16,2,ok,168.4429,0.41,64,776,73728,0.64
4096,True,64,256,16,3,out_of_smem,,,,,,0.63
4096,True,64,256,16,4,out_of_smem,,,,,,0.62
4096,True,64,256,16,5,out_of_smem,,,,,,0.60
4096,True,128,16,1,1,ok,8.1668,8.41,255,300,18432,0.93
4096,True,128,16,1,2,ok,8.0159,8.57,255,258,20480,0.93
4096,True,128,16,1,3,ok,7.9463,8.65,255,250,24576,0.95
4096,True,128,16,1,4,ok,10.1857,6.75,255,250,28672,0.93
4096,True,128,16,1,5,ok,10.1663,6.76,255,250,32768,0.95
4096,True,128,16,2,1,ok,3.0153,22.79,255,0,18432,0.45
4096,True,128,16,2,2,ok,3.0165,22.78,255,0,20480,0.44
4096,True,128,16,2,3,ok,2.9139,23.58,255,0,24576,0.44
4096,True,128,16,2,4,ok,3.2573,21.10,255,0,28672,0.46
4096,True,128,16,2,5,ok,3.4253,20.06,255,0,32768,0.47
4096,True,128,16,4,1,ok,2.5312,27.15,168,2,18432,0.27
4096,True,128,16,4,2,ok,2.6819,25.62,174,0,20480,0.28
4096,True,128,16,4,3,ok,2.6123,26.31,176,0,24576,0.27
4096,True,128,16,4,4,ok,2.6167,26.26,176,0,28672,0.29
4096,True,128,16,4,5,ok,2.6184,26.25,176,0,32768,0.28
4096,True,128,16,8,1,ok,2.7679,24.83,115,0,18432,0.22
4096,True,128,16,8,2,ok,2.4013,28.62,95,0,20480,0.19
4096,True,128,16,8,3,ok,2.3722,28.97,98,0,24576,0.23
4096,True,128,16,8,4,ok,2.4023,28.61,100,0,28672,0.23
4096,True,128,16,8,5,ok,2.3900,28.75,100,0,32768,0.22
4096,True,128,16,16,1,ok,6.6640,10.31,115,0,18432,0.20
4096,True,128,16,16,2,ok,6.1020,11.26,93,0,20480,0.20
4096,True,128,16,16,3,ok,5.5020,12.49,94,0,24576,0.21
4096,True,128,16,16,4,ok,5.4902,12.52,94,0,28672,0.21
4096,True,128,16,16,5,ok,5.4600,12.59,94,0,32768,0.22
4096,True,128,32,1,1,ok,11.6638,5.89,168,636,20480,1.21
4096,True,128,32,1,2,ok,12.0504,5.70,168,688,24576,1.23
4096,True,128,32,1,3,ok,13.4461,5.11,168,670,32768,1.25
4096,True,128,32,1,4,ok,18.0204,3.81,168,670,40960,1.27
4096,True,128,32,1,5,ok,17.1981,4.00,168,670,49152,1.34
4096,True,128,32,2,1,ok,3.2482,21.16,255,60,20480,0.53
4096,True,128,32,2,2,ok,2.8262,24.31,255,30,24576,0.52
4096,True,128,32,2,3,ok,3.5491,19.36,255,40,32768,0.54
4096,True,128,32,2,4,ok,4.3079,15.95,255,42,40960,0.56
4096,True,128,32,2,5,ok,4.3208,15.90,255,42,49152,0.56
4096,True,128,32,4,1,ok,2.6387,26.04,216,0,20480,0.30
4096,True,128,32,4,2,ok,2.4458,28.10,192,0,24576,0.32
4096,True,128,32,4,3,ok,2.5152,27.32,238,0,32768,0.33
4096,True,128,32,4,4,ok,2.5334,27.13,242,0,40960,0.33
4096,True,128,32,4,5,ok,2.5334,27.13,242,0,49152,0.34
4096,True,128,32,8,1,ok,2.3869,28.79,128,0,20480,0.22
4096,True,128,32,8,2,ok,2.5907,26.53,143,0,24576,0.22
4096,True,128,32,8,3,ok,2.5108,27.37,148,0,32768,0.23
4096,True,128,32,8,4,ok,2.5457,26.99,145,0,40960,0.25
4096,True,128,32,8,5,ok,2.4663,27.86,145,0,49152,0.25
4096,True,128,32,16,1,ok,6.2496,11.00,127,0,20480,0.23
4096,True,128,32,16,2,ok,4.9362,13.92,124,0,24576,0.23
4096,True,128,32,16,3,ok,4.6848,14.67,120,0,32768,0.23
4096,True,128,32,16,4,ok,4.6828,14.68,120,0,40960,0.23
4096,True,128,32,16,5,ok,4.6776,14.69,120,0,49152,0.24
4096,True,128,64,1,1,ok,36.8829,1.86,80,1308,24576,1.93
4096,True,128,64,1,2,ok,29.1830,2.35,80,1398,32768,1.96
4096,True,128,64,1,3,ok,31.0886,2.21,80,1344,49152,1.93
4096,True,128,64,1,4,ok,52.6438,1.31,80,1352,65536,2.11
4096,True,128,64,1,5,ok,52.6060,1.31,80,1352,81920,2.12
4096,True,128,64,2,1,ok,4.0232,17.08,255,210,24576,0.77
4096,True,128,64,2,2,ok,72.6118,0.95,40,1556,32768,0.87
4096,True,128,64,2,3,ok,54.0355,1.27,40,1514,49152,0.86
4096,True,128,64,2,4,ok,47.0569,1.46,40,1514,65536,0.91
4096,True,128,64,2,5,ok,46.9955,1.46,40,1514,81920,0.92
4096,True,128,64,4,1,ok,2.5590,26.85,255,4,24576,0.40
4096,True,128,64,4,2,ok,2.4068,28.55,255,10,32768,0.40
4096,True,128,64,4,3,ok,2.3628,29.08,255,10,49152,0.41
4096,True,128,64,4,4,ok,3.5774,19.21,255,10,65536,0.42
4096,True,128,64,4,5,ok,3.5907,19.14,255,10,81920,0.44
4096,True,128,64,8,1,ok,3.1570,21.77,174,0,24576,0.26
4096,True,128,64,8,2,ok,2.5527,26.92,159,0,32768,0.26
4096,True,128,64,8,3,ok,2.3603,29.11,146,0,49152,0.27
4096,True,128,64,8,4,ok,2.3624,29.09,146,0,65536,0.28
4096,True,128,64,8,5,ok,2.3439,29.32,146,0,81920,0.29
4096,True,128,64,16,1,ok,5.3975,12.73,128,12,24576,0.25
4096,True,128,64,16,2,ok,4.8092,14.29,128,12,32768,0.26
4096,True,128,64,16,3,ok,4.5640,15.06,128,6,49152,0.26
4096,True,128,64,16,4,ok,4.6264,14.85,128,6,65536,0.27
4096,True,128,64,16,5,ok,4.6367,14.82,128,6,81920,0.28
4096,True,128,128,1,1,skipped_regs,,,,,,0.00
4096,True,128,128,1,2,skipped_regs,,,,,,0.00
4096,True,128,128,1,3,skipped_regs,,,,,,0.00
4096,True,128,128,1,4,skipped_regs,,,,,,0.00
4096,True,128,128,1,5,skipped_regs,,,,,,0.00
4096,True,128,128,2,1,ok,5.4395,12.63,255,402,32768,1.33
4096,True,128,128,2,2,ok,70.9908,0.97,40,2588,49152,1.49
4096,True,128,128,2,3,ok,10.8714,6.32,255,576,81920,1.38
4096,True,128,128,2,4,out_of_smem,,,,,,1.42
4096,True,128,128,2,5,out_of_smem,,,,,,1.48
4096,True,128,128,4,1,ok,2.5052,27.43,255,44,32768,0.60
4096,True,128,128,4,2,ok,2.8303,24.28,255,122,49152,0.61
4096,True,128,128,4,3,ok,4.2168,16.30,255,82,81920,0.63
4096,True,128,128,4,4,out_of_smem,,,,,,0.65
4096,True,128,128,4,5,out_of_smem,,,,,,0.68
4096,True,128,128,8,1,ok,2.7648,24.86,255,20,32768,0.36
4096,True,128,128,8,2,ok,2.6443,25.99,255,2,49152,0.35
4096,True,128,128,8,3,ok,2.4740,27.78,205,0,81920,0.36
4096,True,128,128,8,4,out_of_smem,,,,,,0.37
4096,True,128,128,8,5,out_of_smem,,,,,,0.38
4096,True,128,128,16,1,ok,6.6634,10.31,128,108,32768,0.34
4096,True,128,128,16,2,ok,5.7559,11.94,128,82,49152,0.35
4096,True,128,128,16,3,ok,5.0893,13.50,128,28,81920,0.35
4096,True,128,128,16,4,out_of_smem,,,,,,0.35
4096,True,128,128,16,5,out_of_smem,,,,,,0.36
4096,True,128,256,1,1,skipped_regs,,,,,,0.00
4096,True,128,256,1,2,skipped_regs,,,,,,0.00
4096,True,128,256,1,3,skipped_regs,,,,,,0.00
4096,True,128,256,1,4,skipped_regs,,,,,,0.00
4096,True,128,256,1,5,skipped_regs,,,,,,0.00
4096,True,128,256,2,1,skipped_regs,,,,,,0.00
4096,True,128,256,2,2,skipped_regs,,,,,,0.00
4096,True,128,256,2,3,skipped_regs,,,,,,0.00
4096,True,128,256,2,4,skipped_regs,,,,,,0.00
4096,True,128,256,2,5,skipped_regs,,,,,,0.00
4096,True,128,256,4,1,ok,4.2629,16.12,255,292,49152,1.11
4096,True,128,256,4,2,ok,5.3827,12.77,255,386,81920,1.21
4096,True,128,256,4,3,out_of_smem,,,,,,1.21
4096,True,128,256,4,4,out_of_smem,,,,,,1.25
4096,True,128,256,4,5,out_of_smem,,,,,,1.31
4096,True,128,256,8,1,ok,3.2778,20.97,255,116,49152,0.59
4096,True,128,256,8,2,ok,3.1677,21.69,255,110,81920,0.58
4096,True,128,256,8,3,out_of_smem,,,,,,0.62
4096,True,128,256,8,4,out_of_smem,,,,,,0.76
4096,True,128,256,8,5,out_of_smem,,,,,,0.66
4096,True,128,256,16,1,ok,35.4171,1.94,128,384,49152,0.58
4096,True,128,256,16,2,ok,85.3504,0.81,64,778,81920,0.61
4096,True,128,256,16,3,out_of_smem,,,,,,0.69
4096,True,128,256,16,4,out_of_smem,,,,,,0.58
4096,True,128,256,16,5,out_of_smem,,,,,,0.61
4096,True,256,16,1,1,skipped_regs,,,,,,0.00
4096,True,256,16,1,2,skipped_regs,,,,,,0.00
4096,True,256,16,1,3,skipped_regs,,,,,,0.00
4096,True,256,16,1,4,skipped_regs,,,,,,0.00
4096,True,256,16,1,5,skipped_regs,,,,,,0.00
4096,True,256,16,2,1,ok,9.0260,7.61,255,316,34816,0.93
4096,True,256,16,2,2,ok,8.3405,8.24,255,288,36864,0.89
4096,True,256,16,2,3,ok,8.1363,8.45,255,274,40960,0.89
4096,True,256,16,2,4,ok,8.1265,8.46,255,278,45056,0.94
4096,True,256,16,2,5,ok,7.9237,8.67,255,276,49152,0.95
4096,True,256,16,4,1,ok,3.2665,21.04,255,6,34816,0.42
4096,True,256,16,4,2,ok,2.9467,23.32,255,4,36864,0.45
4096,True,256,16,4,3,ok,2.7860,24.67,255,4,40960,0.47
4096,True,256,16,4,4,ok,2.9092,23.62,255,4,45056,0.45
4096,True,256,16,4,5,ok,2.9010,23.69,255,4,49152,0.47
4096,True,256,16,8,1,ok,4.0683,16.89,197,0,34816,0.28
4096,True,256,16,8,2,ok,3.4068,20.17,172,0,36864,0.27
4096,True,256,16,8,3,ok,3.5280,19.48,177,0,40960,0.26
4096,True,256,16,8,4,ok,3.5809,19.19,182,0,45056,0.27
4096,True,256,16,8,5,ok,3.3946,20.24,179,0,49152,0.30
4096,True,256,16,16,1,ok,3.6608,18.77,115,0,34816,0.18
4096,True,256,16,16,2,ok,3.2392,21.21,92,0,36864,0.20
4096,True,256,16,16,3,ok,2.9860,23.01,96,0,40960,0.20
4096,True,256,16,16,4,ok,2.6284,26.15,96,0,45056,0.23
4096,True,256,16,16,5,ok,2.7617,24.88,96,0,49152,0.20
4096,True,256,32,1,1,skipped_regs,,,,,,0.00
4096,True,256,32,1,2,skipped_regs,,,,,,0.00
4096,True,256,32,1,3,skipped_regs,,,,,,0.00
4096,True,256,32,1,4,skipped_regs,,,,,,0.00
4096,True,256,32,1,5,skipped_regs,,,,,,0.00
4096,True,256,32,2,1,ok,73.6533,0.93,40,1776,36864,1.23
4096,True,256,32,2,2,ok,63.5771,1.08,40,1618,40960,1.31
4096,True,256,32,2,3,ok,67.8441,1.01,40,1694,49152,1.32
4096,True,256,32,2,4,ok,54.1204,1.27,40,1692,57344,1.28
4096,True,256,32,2,5,ok,54.5034,1.26,40,1690,65536,1.31
4096,True,256,32,4,1,ok,3.1416,21.87,255,36,36864,0.54
4096,True,256,32,4,2,ok,2.5666,26.77,255,20,40960,0.50
4096,True,256,32,4,3,ok,2.9704,23.13,255,34,49152,0.55
4096,True,256,32,4,4,ok,4.2492,16.17,255,34,57344,0.54
4096,True,256,32,4,5,ok,4.2650,16.11,255,34,65536,0.56
4096,True,256,32,8,1,ok,3.4017,20.20,217,0,36864,0.29
4096,True,256,32,8,2,ok,3.1496,21.82,192,0,40960,0.30
4096,True,256,32,8,3,ok,3.1427,21.87,236,0,49152,0.29
4096,True,256,32,8,4,ok,3.6296,18.93,236,0,57344,0.30
4096,True,256,32,8,5,ok,3.3024,20.81,236,0,65536,0.34
4096,True,256,32,16,1,ok,3.3577,20.47,128,0,36864,0.24
4096,True,256,32,16,2,ok,2.4305,28.27,122,0,40960,0.24
4096,True,256,32,16,3,ok,2.6378,26.05,124,0,49152,0.24
4096,True,256,32,16,4,ok,2.7254,25.21,124,0,57344,0.25
4096,True,256,32,16,5,ok,2.7965,24.57,124,0,65536,0.22
4096,True,256,64,1,1,skipped_regs,,,,,,0.00
4096,True,256,64,1,2,skipped_regs,,,,,,0.00
4096,True,256,64,1,3,skipped_regs,,,,,,0.00
4096,True,256,64,1,4,skipped_regs,,,,,,0.00
4096,True,256,64,1,5,skipped_regs,,,,,,0.00
4096,True,256,64,2,1,ok,65.6015,1.05,40,1828,40960,1.92
4096,True,256,64,2,2,ok,68.8558,1.00,40,1854,49152,1.94
4096,True,256,64,2,3,ok,49.1894,1.40,40,1890,65536,1.97
4096,True,256,64,2,4,ok,49.6292,1.38,40,1888,81920,2.00
4096,True,256,64,2,5,ok,53.9260,1.27,40,1904,98304,1.96
4096,True,256,64,4,1,ok,73.7300,0.93,40,1446,40960,0.87
4096,True,256,64,4,2,ok,76.0975,0.90,40,1502,49152,0.81
4096,True,256,64,4,3,ok,54.1532,1.27,40,1516,65536,0.83
4096,True,256,64,4,4,ok,56.3814,1.22,40,1514,81920,0.88
4096,True,256,64,4,5,ok,58.2445,1.18,40,1514,98304,0.85
4096,True,256,64,8,1,ok,3.3572,20.47,255,0,40960,0.39
4096,True,256,64,8,2,ok,2.9030,23.67,255,2,49152,0.41
4096,True,256,64,8,3,ok,2.9302,23.45,255,2,65536,0.38
4096,True,256,64,8,4,ok,2.9184,23.55,255,0,81920,0.40
4096,True,256,64,8,5,ok,2.7259,25.21,255,0,98304,0.42
4096,True,256,64,16,1,ok,2.8503,24.11,128,16,40960,0.26
4096,True,256,64,16,2,ok,2.2917,29.99,128,6,49152,0.27
4096,True,256,64,16,3,ok,2.2610,30.39,128,4,65536,0.25
4096,True,256,64,16,4,ok,2.4161,28.44,128,10,81920,0.25
4096,True,256,64,16,5,ok,2.4289,28.29,128,10,98304,0.28
4096,True,256,128,1,1,skipped_regs,,,,,,0.00
4096,True,256,128,1,2,skipped_regs,,,,,,0.00
4096,True,256,128,1,3,skipped_regs,,,,,,0.00
4096,True,256,128,1,4,skipped_regs,,,,,,0.00
4096,True,256,128,1,5,skipped_regs,,,,,,0.00
4096,True,256,128,2,1,skipped_regs,,,,,,0.00
4096,True,256,128,2,2,skipped_regs,,,,,,0.00
4096,True,256,128,2,3,skipped_regs,,,,,,0.00
4096,True,256,128,2,4,skipped_regs,,,,,,0.00
4096,True,256,128,2,5,skipped_regs,,,,,,0.00
4096,True,256,128,4,1,ok,4.9920,13.77,255,426,49152,1.27
4096,True,256,128,4,2,ok,65.4643,1.05,40,2534,65536,1.44
4096,True,256,128,4,3,ok,50.2067,1.37,40,2122,98304,1.39
4096,True,256,128,4,4,out_of_smem,,,,,,1.44
4096,True,256,128,4,5,out_of_smem,,,,,,1.60
4096,True,256,128,8,1,ok,3.3029,20.81,255,66,49152,0.59
4096,True,256,128,8,2,ok,2.9676,23.16,255,84,65536,0.57
4096,True,256,128,8,3,ok,3.2932,20.87,255,48,98304,0.70
4096,True,256,128,8,4,out_of_smem,,,,,,0.71
4096,True,256,128,8,5,out_of_smem,,,,,,0.74
4096,True,256,128,16,1,ok,3.6572,18.79,128,116,49152,0.37
4096,True,256,128,16,2,ok,3.0664,22.41,128,86,65536,0.37
4096,True,256,128,16,3,ok,2.5907,26.53,128,28,98304,0.40
4096,True,256,128,16,4,out_of_smem,,,,,,0.40
4096,True,256,128,16,5,out_of_smem,,,,,,0.41
4096,True,256,256,1,1,skipped_regs,,,,,,0.00
4096,True,256,256,1,2,skipped_regs,,,,,,0.00
4096,True,256,256,1,3,skipped_regs,,,,,,0.00
4096,True,256,256,1,4,skipped_regs,,,,,,0.00
4096,True,256,256,1,5,skipped_regs,,,,,,0.00
4096,True,256,256,2,1,skipped_regs,,,,,,0.00
4096,True,256,256,2,2,skipped_regs,,,,,,0.00
4096,True,256,256,2,3,skipped_regs,,,,,,0.00
4096,True,256,256,2,4,skipped_regs,,,,,,0.00
4096,True,256,256,2,5,skipped_regs,,,,,,0.00
4096,True,256,256,4,1,skipped_regs,,,,,,0.00
4096,True,256,256,4,2,skipped_regs,,,,,,0.00
4096,True,256,256,4,3,skipped_regs,,,,,,0.00
4096,True,256,256,4,4,skipped_regs,,,,,,0.00
4096,True,256,256,4,5,skipped_regs,,,,,,0.00
4096,True,256,256,8,1,ok,61.3304,1.12,40,1474,65536,1.26
4096,True,256,256,8,2,ok,4.3100,15.94,255,356,98304,1.24
4096,True,256,256,8,3,out_of_smem,,,,,,1.27
4096,True,256,256,8,4,out_of_smem,,,,,,1.21
4096,True,256,256,8,5,out_of_smem,,,,,,1.31
4096,True,256,256,16,1,ok,40.4828,1.70,64,736,65536,0.63
4096,True,256,256,16,2,ok,48.8038,1.41,64,796,98304,0.61
4096,True,256,256,16,3,out_of_smem,,,,,,0.59
4096,True,256,256,16,4,out_of_smem,,,,,,0.60
4096,True,256,256,16,5,out_of_smem,,,,,,0.58
