N,causal,q_tile,k_tile,num_warps,num_stages,status,ms,tflops,regs,spills,smem,compile_s
512,False,16,16,1,1,ok,0.0840,25.58,120,0,4096,0.44
512,False,16,16,1,2,ok,0.0748,28.73,118,0,6144,0.47
512,False,16,16,1,3,ok,0.0686,31.30,126,0,10240,0.47
512,False,16,16,1,4,ok,0.0679,31.62,128,0,14336,0.24
512,False,16,16,1,5,ok,0.0666,32.26,126,0,18432,0.26
512,False,16,16,2,1,ok,0.0932,23.05,80,0,4608,0.18
512,False,16,16,2,2,ok,0.0799,26.89,72,0,6656,0.18
512,False,16,16,2,3,ok,0.0768,27.96,79,0,10752,0.20
512,False,16,16,2,4,ok,0.0829,25.89,80,0,14848,0.21
512,False,16,16,2,5,ok,0.0819,26.21,79,0,18944,0.21
512,False,16,16,4,1,ok,0.1249,17.19,62,0,4608,0.17
512,False,16,16,4,2,ok,0.1137,18.89,56,0,6656,0.18
512,False,16,16,4,3,ok,0.1085,19.78,64,0,10752,0.18
512,False,16,16,4,4,ok,0.1106,19.42,64,0,14848,0.18
512,False,16,16,4,5,ok,0.1126,19.07,64,0,18944,0.20
512,False,16,16,8,1,ok,0.2171,9.89,64,0,4608,0.16
512,False,16,16,8,2,ok,0.2079,10.33,56,0,6656,0.16
512,False,16,16,8,3,ok,0.2017,10.65,61,0,10752,0.17
512,False,16,16,8,4,ok,0.2028,10.59,64,0,14848,0.18
512,False,16,16,8,5,ok,0.2058,10.43,64,0,18944,0.20
512,False,16,16,16,1,ok,0.6984,3.08,95,0,4608,0.16
512,False,16,16,16,2,ok,0.6205,3.46,92,0,6656,0.17
512,False,16,16,16,3,ok,0.5171,4.15,97,0,10752,0.17
512,False,16,16,16,4,ok,0.5222,4.11,99,0,14848,0.18
512,False,16,16,16,5,ok,0.5253,4.09,99,0,18944,0.22
512,False,16,32,1,1,ok,0.0686,31.30,155,0,6144,0.26
512,False,16,32,1,2,ok,0.0706,30.41,167,0,10240,0.28
512,False,16,32,1,3,ok,0.0655,32.77,168,0,18432,0.32
512,False,16,32,1,4,ok,0.0778,27.59,168,0,26624,0.34
512,False,16,32,1,5,ok,0.1085,19.78,168,0,34816,0.38
512,False,16,32,2,1,ok,0.0829,25.89,128,0,7168,0.22
512,False,16,32,2,2,ok,0.0727,29.54,114,0,11264,0.22
512,False,16,32,2,3,ok,0.0676,31.78,123,0,19456,0.24
512,False,16,32,2,4,ok,0.0782,27.48,123,0,27648,0.25
512,False,16,32,2,5,ok,0.1004,21.40,123,0,35840,0.34
512,False,16,32,4,1,ok,0.0850,25.27,72,0,7168,0.24
512,False,16,32,4,2,ok,0.0758,28.34,69,0,11264,0.19
512,False,16,32,4,3,ok,0.0727,29.54,66,0,19456,0.21
512,False,16,32,4,4,ok,0.0840,25.58,66,0,27648,0.22
512,False,16,32,4,5,ok,0.1044,20.56,67,0,35840,0.23
512,False,16,32,8,1,ok,0.1280,16.78,64,0,7168,0.18
512,False,16,32,8,2,ok,0.1169,18.37,64,0,11264,0.18
512,False,16,32,8,3,ok,0.1167,18.40,64,0,19456,0.18
512,False,16,32,8,4,ok,0.1229,17.48,64,0,27648,0.19
512,False,16,32,8,5,ok,0.1382,15.53,64,0,35840,0.20
512,False,16,32,16,1,ok,0.4007,5.36,98,0,7168,0.17
512,False,16,32,16,2,ok,0.3512,6.11,94,0,11264,0.18
512,False,16,32,16,3,ok,0.3031,7.08,97,0,19456,0.19
512,False,16,32,16,4,ok,0.3092,6.94,96,0,27648,0.22
512,False,16,32,16,5,ok,0.3124,6.88,96,0,35840,0.23
512,False,16,64,1,1,ok,0.0696,30.84,210,0,10240,0.37
512,False,16,64,1,2,ok,0.0686,31.30,179,0,18432,0.40
512,False,16,64,1,3,ok,0.0952,22.55,188,0,34816,0.45
512,False,16,64,1,4,ok,0.1782,12.05,188,0,51200,0.53
512,False,16,64,1,5,ok,0.1874,11.46,188,0,67584,0.59
512,False,16,64,2,1,ok,0.0676,31.78,128,0,12288,0.28
512,False,16,64,2,2,ok,0.0737,29.13,128,0,20480,0.27
512,False,16,64,2,3,ok,0.0838,25.63,128,0,36864,0.32
512,False,16,64,2,4,ok,0.1475,14.56,128,0,53248,0.35
512,False,16,64,2,5,ok,0.1505,14.27,128,0,69632,0.37
512,False,16,64,4,1,ok,0.0737,29.13,88,0,12288,0.21
512,False,16,64,4,2,ok,0.0717,29.96,80,0,20480,0.22
512,False,16,64,4,3,ok,0.0788,27.24,104,0,36864,0.25
512,False,16,64,4,4,ok,0.1208,17.77,104,0,53248,0.26
512,False,16,64,4,5,ok,0.1232,17.44,104,0,69632,0.28
512,False,16,64,8,1,ok,0.0934,22.98,75,0,12288,0.18
512,False,16,64,8,2,ok,0.0819,26.23,60,0,20480,0.20
512,False,16,64,8,3,ok,0.0911,23.56,64,0,36864,0.21
512,False,16,64,8,4,ok,0.1372,15.65,64,0,53248,0.22
512,False,16,64,8,5,ok,0.1395,15.40,64,0,69632,0.22
512,False,16,64,16,1,ok,0.2376,9.04,86,0,12288,0.18
512,False,16,64,16,2,ok,0.1464,14.67,64,0,20480,0.18
512,False,16,64,16,3,ok,0.1823,11.78,95,0,36864,0.19
512,False,16,64,16,4,ok,0.1853,11.59,93,0,53248,0.21
512,False,16,64,16,5,ok,0.1905,11.27,93,0,69632,0.20
512,False,16,128,1,1,ok,0.0881,24.39,255,56,18432,0.64
512,False,16,128,1,2,ok,0.1086,19.77,255,86,34816,0.69
512,False,16,128,1,3,ok,0.1874,11.46,255,30,67584,0.87
512,False,16,128,1,4,ok,0.2038,10.54,255,30,100352,1.02
512,False,16,128,1,5,out_of_smem,,,,,,1.16
512,False,16,128,2,1,ok,0.0737,29.13,211,0,22528,0.38
512,False,16,128,2,2,ok,0.0922,23.30,254,0,38912,0.45
512,False,16,128,2,3,ok,0.1338,16.05,250,0,71680,0.52
512,False,16,128,2,4,out_of_smem,,,,,,0.56
512,False,16,128,2,5,out_of_smem,,,,,,0.68
512,False,16,128,4,1,ok,0.0686,31.30,120,0,22528,0.29
512,False,16,128,4,2,ok,0.0799,26.89,139,0,38912,0.30
512,False,16,128,4,3,ok,0.1034,20.76,139,0,71680,0.34
512,False,16,128,4,4,out_of_smem,,,,,,0.36
512,False,16,128,4,5,out_of_smem,,,,,,0.39
512,False,16,128,8,1,ok,0.0914,23.50,114,0,22528,0.23
512,False,16,128,8,2,ok,0.0870,24.67,100,0,38912,0.23
512,False,16,128,8,3,ok,0.1096,19.60,80,0,71680,0.26
512,False,16,128,8,4,out_of_smem,,,,,,0.29
512,False,16,128,8,5,out_of_smem,,,,,,0.31
512,False,16,128,16,1,ok,0.1628,13.19,94,0,22528,0.22
512,False,16,128,16,2,ok,0.1577,13.62,83,0,38912,0.25
512,False,16,128,16,3,ok,0.1403,15.31,76,0,71680,0.23
512,False,16,128,16,4,out_of_smem,,,,,,0.26
512,False,16,128,16,5,out_of_smem,,,,,,0.24
512,False,16,256,1,1,ok,0.2405,8.93,255,454,34816,1.46
512,False,16,256,1,2,ok,0.2294,9.36,255,422,67584,1.55
512,False,16,256,1,3,out_of_smem,,,,,,1.90
512,False,16,256,1,4,out_of_smem,,,,,,2.57
512,False,16,256,1,5,out_of_smem,,,,,,3.52
512,False,16,256,2,1,ok,0.1096,19.60,255,48,43008,0.77
512,False,16,256,2,2,ok,0.1492,14.39,255,8,75776,0.85
512,False,16,256,2,3,out_of_smem,,,,,,1.12
512,False,16,256,2,4,out_of_smem,,,,,,1.43
512,False,16,256,2,5,out_of_smem,,,,,,1.46
512,False,16,256,4,1,ok,0.0840,25.58,189,0,43008,0.52
512,False,16,256,4,2,ok,0.1147,18.72,186,0,75776,0.66
512,False,16,256,4,3,out_of_smem,,,,,,0.65
512,False,16,256,4,4,out_of_smem,,,,,,0.72
512,False,16,256,4,5,out_of_smem,,,,,,0.85
512,False,16,256,8,1,ok,0.0829,25.89,127,0,43008,0.37
512,False,16,256,8,2,ok,0.1178,18.23,128,0,75776,0.41
512,False,16,256,8,3,out_of_smem,,,,,,0.45
512,False,16,256,8,4,out_of_smem,,,,,,0.51
512,False,16,256,8,5,out_of_smem,,,,,,0.51
512,False,16,256,16,1,ok,0.1362,15.77,104,0,43008,0.33
512,False,16,256,16,2,ok,0.1393,15.42,85,0,75776,0.33
512,False,16,256,16,3,out_of_smem,,,,,,0.31
512,False,16,256,16,4,out_of_smem,,,,,,0.33
512,False,16,256,16,5,out_of_smem,,,,,,0.36
512,False,32,16,1,1,ok,0.0645,33.29,168,0,6144,0.39
512,False,32,16,1,2,ok,0.0594,36.16,168,0,8192,0.37
512,False,32,16,1,3,ok,0.0614,34.95,168,0,12288,0.47
512,False,32,16,1,4,ok,0.0668,32.16,168,0,16384,0.48
512,False,32,16,1,5,ok,0.0706,30.41,168,0,20480,0.55
512,False,32,16,2,1,ok,0.0941,22.82,125,0,7168,0.34
512,False,32,16,2,2,ok,0.0780,27.55,123,0,9216,0.33
512,False,32,16,2,3,ok,0.0652,32.91,121,0,13312,0.39
512,False,32,16,2,4,ok,0.0645,33.29,121,0,17408,0.39
512,False,32,16,2,5,ok,0.0727,29.54,120,0,21504,0.36
512,False,32,16,4,1,ok,0.1034,20.76,96,0,7168,0.26
512,False,32,16,4,2,ok,0.0942,22.80,96,0,9216,0.27
512,False,32,16,4,3,ok,0.0898,23.92,80,0,13312,0.27
512,False,32,16,4,4,ok,0.0901,23.83,80,0,17408,0.27
512,False,32,16,4,5,ok,0.0983,21.85,80,0,21504,0.31
512,False,32,16,8,1,ok,0.2263,9.49,106,0,7168,0.23
512,False,32,16,8,2,ok,0.2048,10.49,103,0,9216,0.26
512,False,32,16,8,3,ok,0.1669,12.87,80,0,13312,0.30
512,False,32,16,8,4,ok,0.1679,12.79,80,0,17408,0.28
512,False,32,16,8,5,ok,0.1690,12.71,80,0,21504,0.30
512,False,32,16,16,1,ok,0.4895,4.39,104,0,7168,0.25
512,False,32,16,16,2,ok,0.4613,4.66,101,0,9216,0.24
512,False,32,16,16,3,ok,0.4096,5.24,86,0,13312,0.25
512,False,32,16,16,4,ok,0.4117,5.22,86,0,17408,0.25
512,False,32,16,16,5,ok,0.4178,5.14,88,0,21504,0.25
512,False,32,32,1,1,ok,0.0778,27.59,199,0,8192,0.40
512,False,32,32,1,2,ok,0.0727,29.54,226,0,12288,0.41
512,False,32,32,1,3,ok,0.0635,33.84,227,0,20480,0.46
512,False,32,32,1,4,ok,0.0727,29.54,227,0,28672,0.50
512,False,32,32,1,5,ok,0.0911,23.56,227,0,36864,0.52
512,False,32,32,2,1,ok,0.0720,29.81,140,0,10240,0.30
512,False,32,32,2,2,ok,0.0686,31.30,128,4,14336,0.33
512,False,32,32,2,3,ok,0.0645,33.29,128,0,22528,0.34
512,False,32,32,2,4,ok,0.0707,30.39,128,0,30720,0.36
512,False,32,32,2,5,ok,0.0809,26.55,128,0,38912,0.35
512,False,32,32,4,1,ok,0.0879,24.44,110,0,10240,0.23
512,False,32,32,4,2,ok,0.0655,32.77,96,0,14336,0.25
512,False,32,32,4,3,ok,0.0620,34.65,96,0,22528,0.30
512,False,32,32,4,4,ok,0.0666,32.26,96,0,30720,0.31
512,False,32,32,4,5,ok,0.0758,28.34,96,0,38912,0.31
512,False,32,32,8,1,ok,0.1364,15.75,102,0,10240,0.26
512,False,32,32,8,2,ok,0.1192,18.01,103,0,14336,0.35
512,False,32,32,8,3,ok,0.0952,22.55,80,0,22528,0.34
512,False,32,32,8,4,ok,0.0963,22.31,80,0,30720,0.41
512,False,32,32,8,5,ok,0.1065,20.16,80,0,38912,0.26
512,False,32,32,16,1,ok,0.2755,7.80,104,0,10240,0.23
512,False,32,32,16,2,ok,0.2630,8.17,101,0,14336,0.37
512,False,32,32,16,3,ok,0.2355,9.12,88,0,22528,0.27
512,False,32,32,16,4,ok,0.2378,9.03,88,0,30720,0.32
512,False,32,32,16,5,ok,0.2396,8.96,88,0,38912,0.32
512,False,32,64,1,1,ok,0.0696,30.84,254,0,12288,0.60
512,False,32,64,1,2,ok,0.0686,31.30,255,2,20480,0.75
512,False,32,64,1,3,ok,0.0850,25.27,255,10,36864,0.81
512,False,32,64,1,4,ok,0.1606,13.37,255,10,53248,0.77
512,False,32,64,1,5,ok,0.1659,12.95,255,18,69632,0.94
512,False,32,64,2,1,ok,0.0625,34.38,159,0,16384,0.43
512,False,32,64,2,2,ok,0.0666,32.26,168,2,24576,0.45
512,False,32,64,2,3,ok,0.0673,31.91,168,4,40960,0.62
512,False,32,64,2,4,ok,0.1157,18.56,168,4,57344,0.56
512,False,32,64,2,5,ok,0.1188,18.08,168,4,73728,0.65
512,False,32,64,4,1,ok,0.0655,32.77,124,0,16384,0.35
512,False,32,64,4,2,ok,0.0604,35.54,124,0,24576,0.33
512,False,32,64,4,3,ok,0.0604,35.54,124,0,40960,0.34
512,False,32,64,4,4,ok,0.0894,24.02,124,0,57344,0.42
512,False,32,64,4,5,ok,0.0909,23.61,124,0,73728,0.39
512,False,32,64,8,1,ok,0.0881,24.36,110,0,16384,0.29
512,False,32,64,8,2,ok,0.0819,26.21,102,0,24576,0.26
512,False,32,64,8,3,ok,0.0705,30.46,99,0,40960,0.28
512,False,32,64,8,4,ok,0.0981,21.90,99,0,57344,0.29
512,False,32,64,8,5,ok,0.0983,21.85,99,0,73728,0.35
512,False,32,64,16,1,ok,0.1649,13.03,104,0,16384,0.29
512,False,32,64,16,2,ok,0.1628,13.19,102,0,24576,0.28
512,False,32,64,16,3,ok,0.1463,14.68,88,0,40960,0.25
512,False,32,64,16,4,ok,0.1475,14.56,88,0,57344,0.31
512,False,32,64,16,5,ok,0.1505,14.27,88,0,73728,0.32
512,False,32,128,1,1,ok,0.0983,21.85,255,140,20480,1.22
512,False,32,128,1,2,ok,0.1092,19.67,255,272,36864,1.14
512,False,32,128,1,3,ok,0.1853,11.59,255,254,69632,1.33
512,False,32,128,1,4,out_of_smem,,,,,,1.73
512,False,32,128,1,5,out_of_smem,,,,,,1.79
512,False,32,128,2,1,ok,0.0696,30.84,254,0,28672,0.66
512,False,32,128,2,2,ok,0.0717,29.96,255,2,45056,0.73
512,False,32,128,2,3,ok,0.1106,19.42,255,2,77824,0.79
512,False,32,128,2,4,out_of_smem,,,,,,0.88
512,False,32,128,2,5,out_of_smem,,,,,,1.05
512,False,32,128,4,1,ok,0.0611,35.14,128,2,28672,0.54
512,False,32,128,4,2,ok,0.0625,34.38,168,0,45056,0.52
512,False,32,128,4,3,ok,0.0748,28.73,177,0,77824,0.61
512,False,32,128,4,4,out_of_smem,,,,,,0.58
512,False,32,128,4,5,out_of_smem,,,,,,0.67
512,False,32,128,8,1,ok,0.1024,20.97,133,0,28672,0.34
512,False,32,128,8,2,ok,0.0636,33.74,128,0,45056,0.48
512,False,32,128,8,3,ok,0.0779,27.57,128,0,77824,0.41
512,False,32,128,8,4,out_of_smem,,,,,,0.42
512,False,32,128,8,5,out_of_smem,,,,,,0.48
512,False,32,128,16,1,ok,0.1249,17.19,95,0,28672,0.41
512,False,32,128,16,2,ok,0.1198,17.92,86,0,45056,0.43
512,False,32,128,16,3,ok,0.1114,19.27,92,0,77824,0.42
512,False,32,128,16,4,out_of_smem,,,,,,0.40
512,False,32,128,16,5,out_of_smem,,,,,,0.42
512,False,32,256,1,1,ok,0.2570,8.36,255,858,36864,2.41
512,False,32,256,1,2,ok,0.3656,5.87,168,1212,69632,3.15
512,False,32,256,1,3,out_of_smem,,,,,,3.25
512,False,32,256,1,4,out_of_smem,,,,,,3.63
512,False,32,256,1,5,out_of_smem,,,,,,4.00
512,False,32,256,2,1,ok,0.1413,15.20,255,86,53248,1.19
512,False,32,256,2,2,ok,0.1208,17.77,255,198,86016,1.26
512,False,32,256,2,3,out_of_smem,,,,,,1.35
512,False,32,256,2,4,out_of_smem,,,,,,1.50
512,False,32,256,2,5,out_of_smem,,,,,,1.81
512,False,32,256,4,1,ok,0.0936,22.94,208,0,53248,0.68
512,False,32,256,4,2,ok,0.0829,25.89,255,6,86016,0.69
512,False,32,256,4,3,out_of_smem,,,,,,0.83
512,False,32,256,4,4,out_of_smem,,,,,,0.95
512,False,32,256,4,5,out_of_smem,,,,,,1.15
512,False,32,256,8,1,ok,0.0881,24.39,159,0,53248,0.56
512,False,32,256,8,2,ok,0.0809,26.55,178,0,86016,0.63
512,False,32,256,8,3,out_of_smem,,,,,,0.60
512,False,32,256,8,4,out_of_smem,,,,,,0.59
512,False,32,256,8,5,out_of_smem,,,,,,0.63
512,False,32,256,16,1,ok,0.1055,20.36,109,0,53248,0.41
512,False,32,256,16,2,ok,0.1044,20.56,103,0,86016,0.39
512,False,32,256,16,3,out_of_smem,,,,,,0.41
512,False,32,256,16,4,out_of_smem,,,,,,0.46
512,False,32,256,16,5,out_of_smem,,,,,,0.46
512,False,64,16,1,1,ok,0.0836,25.68,255,2,10240,0.58
512,False,64,16,1,2,ok,0.0743,28.90,255,2,12288,0.60
512,False,64,16,1,3,ok,0.0696,30.84,255,0,16384,0.63
512,False,64,16,1,4,ok,0.0778,27.59,255,0,20480,0.65
512,False,64,16,1,5,ok,0.0789,27.21,255,0,24576,0.68
512,False,64,16,2,1,ok,0.0655,32.77,159,0,10240,0.34
512,False,64,16,2,2,ok,0.0592,36.30,168,0,12288,0.36
512,False,64,16,2,3,ok,0.0532,40.33,167,0,16384,0.38
512,False,64,16,2,4,ok,0.0564,38.11,167,0,20480,0.39
512,False,64,16,2,5,ok,0.0563,38.13,167,0,24576,0.38
512,False,64,16,4,1,ok,0.0819,26.21,116,0,10240,0.24
512,False,64,16,4,2,ok,0.0532,40.38,96,0,12288,0.27
512,False,64,16,4,3,ok,0.0481,44.62,96,0,16384,0.29
512,False,64,16,4,4,ok,0.0481,44.62,96,0,20480,0.28
512,False,64,16,4,5,ok,0.0481,44.62,96,0,24576,0.31
512,False,64,16,8,1,ok,0.1260,17.05,112,0,10240,0.26
512,False,64,16,8,2,ok,0.1014,21.18,94,0,12288,0.25
512,False,64,16,8,3,ok,0.0840,25.58,98,0,16384,0.27
512,False,64,16,8,4,ok,0.0837,25.65,98,0,20480,0.27
512,False,64,16,8,5,ok,0.0809,26.55,102,0,24576,0.26
512,False,64,16,16,1,ok,0.2580,8.32,112,0,10240,0.25
512,False,64,16,16,2,ok,0.2048,10.49,94,0,12288,0.24
512,False,64,16,16,3,ok,0.1679,12.79,97,0,16384,0.25
512,False,64,16,16,4,ok,0.1710,12.56,98,0,20480,0.29
512,False,64,16,16,5,ok,0.1710,12.56,101,0,24576,0.25
512,False,64,32,1,1,ok,0.0802,26.78,255,32,12288,0.71
512,False,64,32,1,2,ok,0.0819,26.21,255,52,16384,0.82
512,False,64,32,1,3,ok,0.0984,21.82,255,58,24576,0.79
512,False,64,32,1,4,ok,0.0922,23.30,255,58,32768,0.82
512,False,64,32,1,5,ok,0.1219,17.62,255,58,40960,0.86
512,False,64,32,2,1,ok,0.0800,26.84,220,0,12288,0.42
512,False,64,32,2,2,ok,0.0707,30.39,208,0,16384,0.41
512,False,64,32,2,3,ok,0.0522,41.12,212,0,24576,0.43
512,False,64,32,2,4,ok,0.0520,41.30,212,0,32768,0.45
512,False,64,32,2,5,ok,0.0573,37.45,216,0,40960,0.47
512,False,64,32,4,1,ok,0.0676,31.78,138,0,12288,0.29
512,False,64,32,4,2,ok,0.0594,36.16,142,0,16384,0.28
512,False,64,32,4,3,ok,0.0461,46.60,128,0,24576,0.00
512,False,64,32,4,4,ok,0.0451,47.66,128,0,32768,0.33
512,False,64,32,4,5,ok,0.0491,43.72,128,0,40960,0.34
512,False,64,32,8,1,ok,0.0946,22.70,128,0,12288,0.27
512,False,64,32,8,2,ok,0.0819,26.21,128,0,16384,0.28
512,False,64,32,8,3,ok,0.0768,27.96,128,0,24576,0.29
512,False,64,32,8,4,ok,0.0768,27.96,128,0,32768,0.30
512,False,64,32,8,5,ok,0.0778,27.59,128,0,40960,0.31
512,False,64,32,16,1,ok,0.2140,10.03,128,0,12288,0.30
512,False,64,32,16,2,ok,0.1587,13.53,124,0,16384,0.28
512,False,64,32,16,3,ok,0.1577,13.62,124,0,24576,0.29
512,False,64,32,16,4,ok,0.1587,13.53,124,0,32768,0.28
512,False,64,32,16,5,ok,0.1597,13.44,124,0,40960,0.28
512,False,64,64,1,1,ok,0.1014,21.18,255,208,16384,1.08
512,False,64,64,1,2,ok,0.1239,17.33,255,274,24576,1.10
512,False,64,64,1,3,ok,0.1542,13.93,255,272,40960,1.21
512,False,64,64,1,4,ok,0.2140,10.03,255,272,57344,1.26
512,False,64,64,1,5,ok,0.2171,9.89,255,272,73728,1.39
512,False,64,64,2,1,ok,0.0655,32.77,248,0,16384,0.56
512,False,64,64,2,2,ok,0.0563,38.13,255,2,24576,0.59
512,False,64,64,2,3,ok,0.0584,36.79,255,4,40960,0.62
512,False,64,64,2,4,ok,0.0840,25.58,255,4,57344,0.65
512,False,64,64,2,5,ok,0.0850,25.27,255,4,73728,0.72
512,False,64,64,4,1,ok,0.0676,31.78,187,0,16384,0.38
512,False,64,64,4,2,ok,0.0532,40.33,168,0,24576,0.49
512,False,64,64,4,3,ok,0.0461,46.60,180,0,40960,0.41
512,False,64,64,4,4,ok,0.0543,39.57,180,0,57344,0.43
512,False,64,64,4,5,ok,0.0553,38.84,176,0,73728,0.47
512,False,64,64,8,1,ok,0.1126,19.07,176,0,16384,0.41
512,False,64,64,8,2,ok,0.1034,20.76,163,0,24576,0.45
512,False,64,64,8,3,ok,0.0848,25.33,179,0,40960,0.47
512,False,64,64,8,4,ok,0.0850,25.27,178,0,57344,0.48
512,False,64,64,8,5,ok,0.0860,24.97,178,0,73728,0.48
512,False,64,64,16,1,ok,0.1823,11.78,128,16,16384,0.45
512,False,64,64,16,2,ok,0.1649,13.03,128,2,24576,0.46
512,False,64,64,16,3,ok,0.1485,14.46,128,2,40960,0.45
512,False,64,64,16,4,ok,0.1495,14.36,128,2,57344,0.36
512,False,64,64,16,5,ok,0.1512,14.20,128,2,73728,0.36
512,False,64,128,1,1,ok,0.1976,10.87,255,672,24576,2.37
512,False,64,128,1,2,ok,0.2068,10.38,255,786,40960,2.19
512,False,64,128,1,3,ok,0.2908,7.38,255,750,73728,2.56
512,False,64,128,1,4,out_of_smem,,,,,,2.46
512,False,64,128,1,5,out_of_smem,,,,,,2.94
512,False,64,128,2,1,ok,0.0768,27.96,255,70,24576,0.99
512,False,64,128,2,2,ok,0.0856,25.10,255,198,40960,1.04
512,False,64,128,2,3,ok,0.0983,21.85,255,162,73728,1.03
512,False,64,128,2,4,out_of_smem,,,,,,1.25
512,False,64,128,2,5,out_of_smem,,,,,,1.25
512,False,64,128,4,1,ok,0.0626,34.30,255,10,24576,0.59
512,False,64,128,4,2,ok,0.0532,40.33,255,2,40960,0.59
512,False,64,128,4,3,ok,0.0541,39.71,255,0,73728,0.64
512,False,64,128,4,4,out_of_smem,,,,,,0.65
512,False,64,128,4,5,out_of_smem,,,,,,0.69
512,False,64,128,8,1,ok,0.1076,19.96,255,16,24576,0.62
512,False,64,128,8,2,ok,0.0911,23.56,250,0,40960,0.51
512,False,64,128,8,3,ok,0.0840,25.58,190,0,73728,0.50
512,False,64,128,8,4,out_of_smem,,,,,,0.54
512,False,64,128,8,5,out_of_smem,,,,,,0.58
512,False,64,128,16,1,ok,0.2417,8.89,128,134,24576,0.50
512,False,64,128,16,2,ok,0.2250,9.54,128,102,40960,0.49
512,False,64,128,16,3,ok,0.1659,12.94,128,40,73728,0.50
512,False,64,128,16,4,out_of_smem,,,,,,0.48
512,False,64,128,16,5,out_of_smem,,,,,,0.48
512,False,64,256,1,1,skipped_regs,,,,,,0.00
512,False,64,256,1,2,skipped_regs,,,,,,0.00
512,False,64,256,1,3,skipped_regs,,,,,,0.00
512,False,64,256,1,4,skipped_regs,,,,,,0.00
512,False,64,256,1,5,skipped_regs,,,,,,0.00
512,False,64,256,2,1,ok,0.1853,11.59,255,634,40960,1.96
512,False,64,256,2,2,ok,0.9523,2.26,40,2676,73728,2.41
512,False,64,256,2,3,out_of_smem,,,,,,2.65
512,False,64,256,2,4,out_of_smem,,,,,,3.01
512,False,64,256,2,5,out_of_smem,,,,,,3.40
512,False,64,256,4,1,ok,0.1034,20.76,255,202,40960,1.04
512,False,64,256,4,2,ok,0.0707,30.39,255,162,73728,1.14
512,False,64,256,4,3,out_of_smem,,,,,,1.28
512,False,64,256,4,4,out_of_smem,,,,,,1.33
512,False,64,256,4,5,out_of_smem,,,,,,1.43
512,False,64,256,8,1,ok,0.1272,16.88,255,138,40960,0.97
512,False,64,256,8,2,ok,0.1157,18.56,255,110,73728,0.92
512,False,64,256,8,3,out_of_smem,,,,,,1.11
512,False,64,256,8,4,out_of_smem,,,,,,1.05
512,False,64,256,8,5,out_of_smem,,,,,,1.10
512,False,64,256,16,1,ok,3.3208,0.65,64,820,40960,0.94
512,False,64,256,16,2,ok,2.8806,0.75,64,830,73728,0.95
512,False,64,256,16,3,out_of_smem,,,,,,0.97
512,False,64,256,16,4,out_of_smem,,,,,,0.92
512,False,64,256,16,5,out_of_smem,,,,,,0.94
512,False,128,16,1,1,ok,0.1864,11.52,255,246,18432,1.26
512,False,128,16,1,2,ok,0.1741,12.34,255,210,20480,1.26
512,False,128,16,1,3,ok,0.1741,12.34,255,216,24576,1.31
512,False,128,16,1,4,ok,0.1751,12.26,255,218,28672,1.29
512,False,128,16,1,5,ok,0.1761,12.19,255,218,32768,1.34
512,False,128,16,2,1,ok,0.0860,24.97,255,2,18432,0.60
512,False,128,16,2,2,ok,0.0667,32.19,255,0,20480,0.62
512,False,128,16,2,3,ok,0.0686,31.30,255,2,24576,0.59
512,False,128,16,2,4,ok,0.0686,31.30,255,2,28672,0.63
512,False,128,16,2,5,ok,0.0686,31.30,255,2,32768,0.64
512,False,128,16,4,1,ok,0.0696,30.84,167,0,18432,0.35
512,False,128,16,4,2,ok,0.0594,36.16,168,0,20480,0.35
512,False,128,16,4,3,ok,0.0594,36.16,168,6,24576,0.36
512,False,128,16,4,4,ok,0.0594,36.16,168,6,28672,0.37
512,False,128,16,4,5,ok,0.0604,35.54,168,6,32768,0.39
512,False,128,16,8,1,ok,0.0901,23.83,112,0,18432,0.27
512,False,128,16,8,2,ok,0.0778,27.59,95,0,20480,0.27
512,False,128,16,8,3,ok,0.0573,37.45,116,0,24576,0.29
512,False,128,16,8,4,ok,0.0543,39.57,116,0,28672,0.29
512,False,128,16,8,5,ok,0.0553,38.84,116,0,32768,0.29
512,False,128,16,16,1,ok,0.1577,13.62,112,0,18432,0.25
512,False,128,16,16,2,ok,0.1300,16.51,94,0,20480,0.25
512,False,128,16,16,3,ok,0.1126,19.07,98,0,24576,0.28
512,False,128,16,16,4,ok,0.1127,19.06,98,0,28672,0.28
512,False,128,16,16,5,ok,0.1075,19.97,102,0,32768,0.29
512,False,128,32,1,1,ok,0.2253,9.53,168,760,20480,1.59
512,False,128,32,1,2,ok,0.2232,9.62,168,754,24576,1.71
512,False,128,32,1,3,ok,0.2273,9.45,168,762,32768,1.72
512,False,128,32,1,4,ok,0.3625,5.92,168,762,40960,1.77
512,False,128,32,1,5,ok,0.3666,5.86,168,762,49152,2.00
512,False,128,32,2,1,ok,0.0860,24.97,255,66,20480,0.76
512,False,128,32,2,2,ok,0.0778,27.59,255,38,24576,0.73
512,False,128,32,2,3,ok,0.0794,27.04,255,54,32768,0.82
512,False,128,32,2,4,ok,0.0891,24.11,255,54,40960,0.77
512,False,128,32,2,5,ok,0.0901,23.83,255,54,49152,0.96
512,False,128,32,4,1,ok,0.0777,27.64,219,0,20480,0.56
512,False,128,32,4,2,ok,0.0532,40.33,242,0,24576,0.42
512,False,128,32,4,3,ok,0.0532,40.33,245,0,32768,0.42
512,False,128,32,4,4,ok,0.0532,40.33,245,0,40960,0.44
512,False,128,32,4,5,ok,0.0532,40.33,245,0,49152,0.47
512,False,128,32,8,1,ok,0.0717,29.96,128,0,20480,0.29
512,False,128,32,8,2,ok,0.0625,34.38,128,0,24576,0.34
512,False,128,32,8,3,ok,0.0574,37.44,154,0,32768,0.33
512,False,128,32,8,4,ok,0.0601,35.72,154,0,40960,0.33
512,False,128,32,8,5,ok,0.0584,36.79,154,0,49152,0.32
512,False,128,32,16,1,ok,0.1336,16.08,128,0,20480,0.31
512,False,128,32,16,2,ok,0.1014,21.18,125,0,24576,0.31
512,False,128,32,16,3,ok,0.0973,22.08,125,0,32768,0.31
512,False,128,32,16,4,ok,0.0983,21.85,125,0,40960,0.33
512,False,128,32,16,5,ok,0.0991,21.67,125,0,49152,0.32
512,False,128,64,1,1,ok,0.4864,4.42,80,1760,24576,2.72
512,False,128,64,1,2,ok,0.4127,5.20,80,1650,32768,2.80
512,False,128,64,1,3,ok,0.6272,3.42,80,1744,49152,2.94
512,False,128,64,1,4,ok,0.7834,2.74,80,1762,65536,3.00
512,False,128,64,1,5,ok,0.7885,2.72,80,1762,81920,3.24
512,False,128,64,2,1,ok,0.1024,20.97,255,254,24576,1.03
512,False,128,64,2,2,ok,0.8781,2.45,40,1484,32768,1.23
512,False,128,64,2,3,ok,0.1270,16.91,255,284,49152,1.07
512,False,128,64,2,4,ok,0.1577,13.62,255,284,65536,1.14
512,False,128,64,2,5,ok,0.1608,13.36,255,284,81920,1.22
512,False,128,64,4,1,ok,0.0695,30.91,255,6,24576,0.59
512,False,128,64,4,2,ok,0.0543,39.57,255,2,32768,0.57
512,False,128,64,4,3,ok,0.0522,41.12,255,0,49152,0.59
512,False,128,64,4,4,ok,0.0577,37.22,255,0,65536,0.61
512,False,128,64,4,5,ok,0.0584,36.79,255,0,81920,0.66
512,False,128,64,8,1,ok,0.0758,28.34,175,0,24576,0.36
512,False,128,64,8,2,ok,0.0682,31.51,168,0,32768,0.36
512,False,128,64,8,3,ok,0.0573,37.45,153,0,49152,0.38
512,False,128,64,8,4,ok,0.0572,37.53,153,0,65536,0.39
512,False,128,64,8,5,ok,0.0573,37.45,153,0,81920,0.39
512,False,128,64,16,1,ok,0.1167,18.40,128,16,24576,0.34
512,False,128,64,16,2,ok,0.1035,20.76,128,2,32768,0.35
512,False,128,64,16,3,ok,0.0952,22.55,128,2,49152,0.37
512,False,128,64,16,4,ok,0.0963,22.31,128,2,65536,0.37
512,False,128,64,16,5,ok,0.0976,22.01,128,2,81920,0.39
512,False,128,128,1,1,skipped_regs,,,,,,0.00
512,False,128,128,1,2,skipped_regs,,,,,,0.00
512,False,128,128,1,3,skipped_regs,,,,,,0.00
512,False,128,128,1,4,skipped_regs,,,,,,0.00
512,False,128,128,1,5,skipped_regs,,,,,,0.00
512,False,128,128,2,1,ok,1.1151,1.93,40,2628,32768,2.12
512,False,128,128,2,2,ok,1.1921,1.80,40,2648,49152,2.18
512,False,128,128,2,3,ok,0.9994,2.15,40,2740,81920,2.36
512,False,128,128,2,4,out_of_smem,,,,,,2.41
512,False,128,128,2,5,out_of_smem,,,,,,2.58
512,False,128,128,4,1,ok,0.0799,26.89,255,108,32768,0.92
512,False,128,128,4,2,ok,0.0794,27.03,255,150,49152,0.97
512,False,128,128,4,3,ok,0.0717,29.96,255,104,81920,0.99
512,False,128,128,4,4,out_of_smem,,,,,,1.03
512,False,128,128,4,5,out_of_smem,,,,,,1.11
512,False,128,128,8,1,ok,0.0735,29.20,255,16,32768,0.55
512,False,128,128,8,2,ok,0.0614,34.95,255,0,49152,0.53
512,False,128,128,8,3,ok,0.0563,38.13,194,0,81920,0.56
512,False,128,128,8,4,out_of_smem,,,,,,0.68
512,False,128,128,8,5,out_of_smem,,,,,,0.59
512,False,128,128,16,1,ok,0.1690,12.71,128,136,32768,0.51
512,False,128,128,16,2,ok,0.1485,14.46,128,102,49152,0.48
512,False,128,128,16,3,ok,0.1106,19.42,128,40,81920,0.50
512,False,128,128,16,4,out_of_smem,,,,,,0.53
512,False,128,128,16,5,out_of_smem,,,,,,0.53
512,False,128,256,1,1,skipped_regs,,,,,,0.00
512,False,128,256,1,2,skipped_regs,,,,,,0.00
512,False,128,256,1,3,skipped_regs,,,,,,0.00
512,False,128,256,1,4,skipped_regs,,,,,,0.00
512,False,128,256,1,5,skipped_regs,,,,,,0.00
512,False,128,256,2,1,skipped_regs,,,,,,0.00
512,False,128,256,2,2,skipped_regs,,,,,,0.00
512,False,128,256,2,3,skipped_regs,,,,,,0.00
512,False,128,256,2,4,skipped_regs,,,,,,0.00
512,False,128,256,2,5,skipped_regs,,,,,,0.00
512,False,128,256,4,1,ok,0.2135,10.06,255,578,49152,1.69
512,False,128,256,4,2,ok,0.1894,11.34,255,666,81920,1.78
512,False,128,256,4,3,out_of_smem,,,,,,1.88
512,False,128,256,4,4,out_of_smem,,,,,,2.25
512,False,128,256,4,5,out_of_smem,,,,,,2.11
512,False,128,256,8,1,ok,0.0942,22.80,255,138,49152,0.93
512,False,128,256,8,2,ok,0.0840,25.58,255,116,81920,0.92
512,False,128,256,8,3,out_of_smem,,,,,,1.00
512,False,128,256,8,4,out_of_smem,,,,,,0.98
512,False,128,256,8,5,out_of_smem,,,,,,1.19
512,False,128,256,16,1,ok,1.5380,1.40,64,842,49152,1.03
512,False,128,256,16,2,ok,1.3481,1.59,64,830,81920,1.01
512,False,128,256,16,3,out_of_smem,,,,,,1.07
512,False,128,256,16,4,out_of_smem,,,,,,0.97
512,False,128,256,16,5,out_of_smem,,,,,,1.02
512,False,256,16,1,1,skipped_regs,,,,,,0.00
512,False,256,16,1,2,skipped_regs,,,,,,0.00
512,False,256,16,1,3,skipped_regs,,,,,,0.00
512,False,256,16,1,4,skipped_regs,,,,,,0.00
512,False,256,16,1,5,skipped_regs,,,,,,0.00
512,False,256,16,2,1,ok,0.1909,11.25,255,274,34816,1.30
512,False,256,16,2,2,ok,0.1782,12.05,255,210,36864,1.26
512,False,256,16,2,3,ok,0.1802,11.92,255,210,40960,1.34
512,False,256,16,2,4,ok,0.1808,11.88,255,210,45056,1.34
512,False,256,16,2,5,ok,0.1812,11.85,255,210,49152,1.33
512,False,256,16,4,1,ok,0.0858,25.02,255,0,34816,0.62
512,False,256,16,4,2,ok,0.0717,29.96,255,0,36864,0.60
512,False,256,16,4,3,ok,0.0717,29.96,255,0,40960,0.63
512,False,256,16,4,4,ok,0.0717,29.96,255,0,45056,0.59
512,False,256,16,4,5,ok,0.0717,29.96,255,0,49152,0.62
512,False,256,16,8,1,ok,0.1185,18.12,191,0,34816,0.39
512,False,256,16,8,2,ok,0.0922,23.30,172,0,36864,0.35
512,False,256,16,8,3,ok,0.0768,27.96,170,0,40960,0.36
512,False,256,16,8,4,ok,0.0768,27.96,170,0,45056,0.37
512,False,256,16,8,5,ok,0.0768,27.96,170,0,49152,0.37
512,False,256,16,16,1,ok,0.1116,19.24,111,0,34816,0.25
512,False,256,16,16,2,ok,0.0911,23.56,96,0,36864,0.27
512,False,256,16,16,3,ok,0.0737,29.13,99,0,40960,0.26
512,False,256,16,16,4,ok,0.0727,29.54,99,0,45056,0.37
512,False,256,16,16,5,ok,0.0747,28.75,99,0,49152,0.29
512,False,256,32,1,1,skipped_regs,,,,,,0.00
512,False,256,32,1,2,skipped_regs,,,,,,0.00
512,False,256,32,1,3,skipped_regs,,,,,,0.00
512,False,256,32,1,4,skipped_regs,,,,,,0.00
512,False,256,32,1,5,skipped_regs,,,,,,0.00
512,False,256,32,2,1,ok,0.7640,2.81,40,1744,36864,1.75
512,False,256,32,2,2,ok,0.7526,2.85,40,1718,40960,1.78
512,False,256,32,2,3,ok,0.7557,2.84,40,1754,49152,1.91
512,False,256,32,2,4,ok,1.1469,1.87,40,1754,57344,1.81
512,False,256,32,2,5,ok,1.1484,1.87,40,1754,65536,1.86
512,False,256,32,4,1,ok,0.0840,25.58,255,32,36864,0.72
512,False,256,32,4,2,ok,0.0756,28.39,255,24,40960,0.71
512,False,256,32,4,3,ok,0.0778,27.59,255,46,49152,0.71
512,False,256,32,4,4,ok,0.0881,24.39,255,46,57344,0.74
512,False,256,32,4,5,ok,0.0901,23.83,255,46,65536,0.80
512,False,256,32,8,1,ok,0.0922,23.30,219,0,36864,0.38
512,False,256,32,8,2,ok,0.0696,30.84,248,0,40960,0.41
512,False,256,32,8,3,ok,0.0707,30.39,254,0,49152,0.43
512,False,256,32,8,4,ok,0.0707,30.39,254,0,57344,0.40
512,False,256,32,8,5,ok,0.0707,30.39,254,0,65536,0.45
512,False,256,32,16,1,ok,0.0961,22.35,128,0,36864,0.35
512,False,256,32,16,2,ok,0.0748,28.73,126,0,40960,0.34
512,False,256,32,16,3,ok,0.0713,30.13,127,0,49152,0.30
512,False,256,32,16,4,ok,0.0717,29.96,127,0,57344,0.33
512,False,256,32,16,5,ok,0.0727,29.54,127,0,65536,0.34
512,False,256,64,1,1,skipped_regs,,,,,,0.00
512,False,256,64,1,2,skipped_regs,,,,,,0.00
512,False,256,64,1,3,skipped_regs,,,,,,0.00
512,False,256,64,1,4,skipped_regs,,,,,,0.00
512,False,256,64,1,5,skipped_regs,,,,,,0.00
512,False,256,64,2,1,ok,1.0639,2.02,40,2900,40960,3.00
512,False,256,64,2,2,ok,1.0164,2.11,40,2926,49152,2.86
512,False,256,64,2,3,ok,1.3292,1.62,40,2888,65536,2.95
512,False,256,64,2,4,ok,1.3312,1.61,40,2888,81920,2.99
512,False,256,64,2,5,ok,1.3322,1.61,40,2888,98304,3.14
512,False,256,64,4,1,ok,0.9329,2.30,40,1466,40960,1.17
512,False,256,64,4,2,ok,0.8950,2.40,40,1438,49152,1.19
512,False,256,64,4,3,ok,0.1321,16.26,255,264,65536,1.04
512,False,256,64,4,4,ok,0.1331,16.13,255,264,81920,1.12
512,False,256,64,4,5,ok,0.1341,16.01,255,264,98304,1.12
512,False,256,64,8,1,ok,0.0840,25.58,255,6,40960,0.55
512,False,256,64,8,2,ok,0.0682,31.49,255,0,49152,0.56
512,False,256,64,8,3,ok,0.0715,30.03,255,4,65536,0.60
512,False,256,64,8,4,ok,0.0707,30.39,255,4,81920,0.59
512,False,256,64,8,5,ok,0.0723,29.70,255,4,98304,0.63
512,False,256,64,16,1,ok,0.0881,24.39,128,16,40960,0.36
512,False,256,64,16,2,ok,0.0748,28.73,128,4,49152,0.36
512,False,256,64,16,3,ok,0.0696,30.84,128,2,65536,0.40
512,False,256,64,16,4,ok,0.0696,30.83,128,2,81920,0.39
512,False,256,64,16,5,ok,0.0696,30.84,128,0,98304,0.37
512,False,256,128,1,1,skipped_regs,,,,,,0.00
512,False,256,128,1,2,skipped_regs,,,,,,0.00
512,False,256,128,1,3,skipped_regs,,,,,,0.00
512,False,256,128,1,4,skipped_regs,,,,,,0.00
512,False,256,128,1,5,skipped_regs,,,,,,0.00
512,False,256,128,2,1,skipped_regs,,,,,,0.00
512,False,256,128,2,2,skipped_regs,,,,,,0.00
512,False,256,128,2,3,skipped_regs,,,,,,0.00
512,False,256,128,2,4,skipped_regs,,,,,,0.00
512,False,256,128,2,5,skipped_regs,,,,,,0.00
512,False,256,128,4,1,ok,1.0985,1.95,40,2608,49152,2.11
512,False,256,128,4,2,ok,1.2437,1.73,40,2724,65536,2.19
512,False,256,128,4,3,ok,1.2492,1.72,40,2746,98304,2.21
512,False,256,128,4,4,out_of_smem,,,,,,2.26
512,False,256,128,4,5,out_of_smem,,,,,,2.40
512,False,256,128,8,1,ok,0.0983,21.85,255,148,49152,0.89
512,False,256,128,8,2,ok,0.1014,21.18,255,152,65536,0.91
512,False,256,128,8,3,ok,0.0893,24.04,255,94,98304,0.91
512,False,256,128,8,4,out_of_smem,,,,,,1.02
512,False,256,128,8,5,out_of_smem,,,,,,1.02
512,False,256,128,16,1,ok,0.1259,17.05,128,134,49152,0.55
512,False,256,128,16,2,ok,0.1137,18.89,128,108,65536,0.48
512,False,256,128,16,3,ok,0.0850,25.27,128,34,98304,0.51
512,False,256,128,16,4,out_of_smem,,,,,,0.54
512,False,256,128,16,5,out_of_smem,,,,,,0.56
512,False,256,256,1,1,skipped_regs,,,,,,0.00
512,False,256,256,1,2,skipped_regs,,,,,,0.00
512,False,256,256,1,3,skipped_regs,,,,,,0.00
512,False,256,256,1,4,skipped_regs,,,,,,0.00
512,False,256,256,1,5,skipped_regs,,,,,,0.00
512,False,256,256,2,1,skipped_regs,,,,,,0.00
512,False,256,256,2,2,skipped_regs,,,,,,0.00
512,False,256,256,2,3,skipped_regs,,,,,,0.00
512,False,256,256,2,4,skipped_regs,,,,,,0.00
512,False,256,256,2,5,skipped_regs,,,,,,0.00
512,False,256,256,4,1,skipped_regs,,,,,,0.00
512,False,256,256,4,2,skipped_regs,,,,,,0.00
512,False,256,256,4,3,skipped_regs,,,,,,0.00
512,False,256,256,4,4,skipped_regs,,,,,,0.00
512,False,256,256,4,5,skipped_regs,,,,,,0.00
512,False,256,256,8,1,ok,0.2314,9.28,255,584,65536,1.53
512,False,256,256,8,2,ok,0.4572,4.70,128,990,98304,1.63
512,False,256,256,8,3,out_of_smem,,,,,,1.72
512,False,256,256,8,4,out_of_smem,,,,,,1.74
512,False,256,256,8,5,out_of_smem,,,,,,1.80
512,False,256,256,16,1,ok,0.7413,2.90,64,824,65536,0.96
512,False,256,256,16,2,ok,0.7608,2.82,64,868,98304,0.92
512,False,256,256,16,3,out_of_smem,,,,,,0.89
512,False,256,256,16,4,out_of_smem,,,,,,0.89
512,False,256,256,16,5,out_of_smem,,,,,,0.84
1024,False,16,16,1,1,ok,0.2222,38.66,120,0,4096,0.44
1024,False,16,16,1,2,ok,0.2396,35.85,118,0,6144,0.47
1024,False,16,16,1,3,ok,0.2315,37.10,126,0,10240,0.47
1024,False,16,16,1,4,ok,0.2266,37.91,128,0,14336,0.24
1024,False,16,16,1,5,ok,0.2284,37.62,126,0,18432,0.26
1024,False,16,16,2,1,ok,0.2867,29.96,80,0,4608,0.18
1024,False,16,16,2,2,ok,0.2540,33.83,72,0,6656,0.18
1024,False,16,16,2,3,ok,0.2580,33.29,79,0,10752,0.20
1024,False,16,16,2,4,ok,0.2785,30.84,80,0,14848,0.21
1024,False,16,16,2,5,ok,0.2908,29.54,79,0,18944,0.21
1024,False,16,16,4,1,ok,0.4044,21.24,62,0,4608,0.17
1024,False,16,16,4,2,ok,0.3891,22.08,56,0,6656,0.18
1024,False,16,16,4,3,ok,0.3922,21.90,64,0,10752,0.18
1024,False,16,16,4,4,ok,0.3994,21.51,64,0,14848,0.18
1024,False,16,16,4,5,ok,0.4065,21.13,64,0,18944,0.20
1024,False,16,16,8,1,ok,0.7485,11.48,64,0,4608,0.16
1024,False,16,16,8,2,ok,0.7772,11.05,56,0,6656,0.16
1024,False,16,16,8,3,ok,0.7586,11.32,61,0,10752,0.17
1024,False,16,16,8,4,ok,0.7626,11.26,64,0,14848,0.18
1024,False,16,16,8,5,ok,0.7690,11.17,64,0,18944,0.20
1024,False,16,16,16,1,ok,2.6651,3.22,95,0,4608,0.16
1024,False,16,16,16,2,ok,2.5006,3.44,92,0,6656,0.17
1024,False,16,16,16,3,ok,1.9676,4.37,97,0,10752,0.17
1024,False,16,16,16,4,ok,1.9784,4.34,99,0,14848,0.18
1024,False,16,16,16,5,ok,1.9835,4.33,99,0,18944,0.22
1024,False,16,32,1,1,ok,0.1895,45.34,155,0,6144,0.26
1024,False,16,32,1,2,ok,0.2355,36.47,167,0,10240,0.28
1024,False,16,32,1,3,ok,0.2284,37.62,168,0,18432,0.32
1024,False,16,32,1,4,ok,0.2547,33.73,168,0,26624,0.34
1024,False,16,32,1,5,ok,0.3697,23.24,168,0,34816,0.38
1024,False,16,32,2,1,ok,0.2386,36.00,128,0,7168,0.22
1024,False,16,32,2,2,ok,0.2447,35.10,114,0,11264,0.22
1024,False,16,32,2,3,ok,0.2324,36.95,123,0,19456,0.24
1024,False,16,32,2,4,ok,0.2621,32.77,123,0,27648,0.25
1024,False,16,32,2,5,ok,0.3471,24.75,123,0,35840,0.34
1024,False,16,32,4,1,ok,0.2632,32.64,72,0,7168,0.24
1024,False,16,32,4,2,ok,0.2582,33.27,69,0,11264,0.19
1024,False,16,32,4,3,ok,0.2529,33.96,66,0,19456,0.21
1024,False,16,32,4,4,ok,0.2908,29.54,66,0,27648,0.22
1024,False,16,32,4,5,ok,0.3645,23.56,67,0,35840,0.23
1024,False,16,32,8,1,ok,0.4208,20.41,64,0,7168,0.18
1024,False,16,32,8,2,ok,0.4201,20.45,64,0,11264,0.18
1024,False,16,32,8,3,ok,0.4243,20.25,64,0,19456,0.18
1024,False,16,32,8,4,ok,0.4421,19.43,64,0,27648,0.19
1024,False,16,32,8,5,ok,0.4956,17.33,64,0,35840,0.20
1024,False,16,32,16,1,ok,1.4418,5.96,98,0,7168,0.17
1024,False,16,32,16,2,ok,1.3117,6.55,94,0,11264,0.18
1024,False,16,32,16,3,ok,1.1274,7.62,97,0,19456,0.19
1024,False,16,32,16,4,ok,1.1407,7.53,96,0,27648,0.22
1024,False,16,32,16,5,ok,1.1479,7.48,96,0,35840,0.23
1024,False,16,64,1,1,ok,0.1884,45.59,210,0,10240,0.37
1024,False,16,64,1,2,ok,0.2290,37.52,179,0,18432,0.40
1024,False,16,64,1,3,ok,0.3123,27.50,188,0,34816,0.45
1024,False,16,64,1,4,ok,0.6113,14.05,188,0,51200,0.53
1024,False,16,64,1,5,ok,0.6265,13.71,188,0,67584,0.59
1024,False,16,64,2,1,ok,0.2120,40.52,128,0,12288,0.28
1024,False,16,64,2,2,ok,0.2355,36.47,128,0,20480,0.27
1024,False,16,64,2,3,ok,0.2683,32.02,128,0,36864,0.32
1024,False,16,64,2,4,ok,0.5069,16.95,128,0,53248,0.35
1024,False,16,64,2,5,ok,0.5120,16.78,128,0,69632,0.37
1024,False,16,64,4,1,ok,0.2284,37.62,88,0,12288,0.21
1024,False,16,64,4,2,ok,0.2335,36.79,80,0,20480,0.22
1024,False,16,64,4,3,ok,0.2540,33.83,104,0,36864,0.25
1024,False,16,64,4,4,ok,0.4069,21.11,104,0,53248,0.26
1024,False,16,64,4,5,ok,0.4116,20.87,104,0,69632,0.28
1024,False,16,64,8,1,ok,0.3123,27.50,75,0,12288,0.18
1024,False,16,64,8,2,ok,0.2755,31.18,60,0,20480,0.20
1024,False,16,64,8,3,ok,0.3092,27.78,64,0,36864,0.21
1024,False,16,64,8,4,ok,0.4690,18.32,64,0,53248,0.22
1024,False,16,64,8,5,ok,0.4762,18.04,64,0,69632,0.22
1024,False,16,64,16,1,ok,0.8387,10.24,86,0,12288,0.18
1024,False,16,64,16,2,ok,0.5171,16.61,64,0,20480,0.18
1024,False,16,64,16,3,ok,0.6492,13.23,95,0,36864,0.19
1024,False,16,64,16,4,ok,0.6574,13.07,93,0,53248,0.21
1024,False,16,64,16,5,ok,0.6656,12.90,93,0,69632,0.20
1024,False,16,128,1,1,ok,0.2724,31.54,255,56,18432,0.64
1024,False,16,128,1,2,ok,0.3635,23.63,255,86,34816,0.69
1024,False,16,128,1,3,ok,0.6236,13.77,255,30,67584,0.87
1024,False,16,128,1,4,ok,0.6574,13.07,255,30,100352,1.02
1024,False,16,128,1,5,out_of_smem,,,,,,1.16
1024,False,16,128,2,1,ok,0.2304,37.28,211,0,22528,0.38
1024,False,16,128,2,2,ok,0.3185,26.97,254,0,38912,0.45
1024,False,16,128,2,3,ok,0.4342,19.78,250,0,71680,0.52
1024,False,16,128,2,4,out_of_smem,,,,,,0.56
1024,False,16,128,2,5,out_of_smem,,,,,,0.68
1024,False,16,128,4,1,ok,0.2232,38.48,120,0,22528,0.29
1024,False,16,128,4,2,ok,0.2601,33.03,139,0,38912,0.30
1024,False,16,128,4,3,ok,0.3174,27.06,139,0,71680,0.34
1024,False,16,128,4,4,out_of_smem,,,,,,0.36
1024,False,16,128,4,5,out_of_smem,,,,,,0.39
1024,False,16,128,8,1,ok,0.3021,28.44,114,0,22528,0.23
1024,False,16,128,8,2,ok,0.2836,30.28,100,0,38912,0.23
1024,False,16,128,8,3,ok,0.3471,24.75,80,0,71680,0.26
1024,False,16,128,8,4,out_of_smem,,,,,,0.29
1024,False,16,128,8,5,out_of_smem,,,,,,0.31
1024,False,16,128,16,1,ok,0.5632,15.25,94,0,22528,0.22
1024,False,16,128,16,2,ok,0.5386,15.95,83,0,38912,0.25
1024,False,16,128,16,3,ok,0.4639,18.52,76,0,71680,0.23
1024,False,16,128,16,4,out_of_smem,,,,,,0.26
1024,False,16,128,16,5,out_of_smem,,,,,,0.24
1024,False,16,256,1,1,ok,0.7447,11.53,255,454,34816,1.46
1024,False,16,256,1,2,ok,0.7567,11.35,255,422,67584,1.55
1024,False,16,256,1,3,out_of_smem,,,,,,1.90
1024,False,16,256,1,4,out_of_smem,,,,,,2.57
1024,False,16,256,1,5,out_of_smem,,,,,,3.52
1024,False,16,256,2,1,ok,0.3594,23.90,255,48,43008,0.77
1024,False,16,256,2,2,ok,0.5069,16.95,255,8,75776,0.85
1024,False,16,256,2,3,out_of_smem,,,,,,1.12
1024,False,16,256,2,4,out_of_smem,,,,,,1.43
1024,False,16,256,2,5,out_of_smem,,,,,,1.46
1024,False,16,256,4,1,ok,0.2816,30.50,189,0,43008,0.52
1024,False,16,256,4,2,ok,0.3738,22.98,186,0,75776,0.66
1024,False,16,256,4,3,out_of_smem,,,,,,0.65
1024,False,16,256,4,4,out_of_smem,,,,,,0.72
1024,False,16,256,4,5,out_of_smem,,,,,,0.85
1024,False,16,256,8,1,ok,0.2804,30.63,127,0,43008,0.37
1024,False,16,256,8,2,ok,0.3871,22.19,128,0,75776,0.41
1024,False,16,256,8,3,out_of_smem,,,,,,0.45
1024,False,16,256,8,4,out_of_smem,,,,,,0.51
1024,False,16,256,8,5,out_of_smem,,,,,,0.51
1024,False,16,256,16,1,ok,0.4618,18.60,104,0,43008,0.33
1024,False,16,256,16,2,ok,0.4659,18.44,85,0,75776,0.33
1024,False,16,256,16,3,out_of_smem,,,,,,0.31
1024,False,16,256,16,4,out_of_smem,,,,,,0.33
1024,False,16,256,16,5,out_of_smem,,,,,,0.36
1024,False,32,16,1,1,ok,0.1843,46.60,168,0,6144,0.39
1024,False,32,16,1,2,ok,0.1690,50.84,168,0,8192,0.37
1024,False,32,16,1,3,ok,0.1742,49.30,168,0,12288,0.47
1024,False,32,16,1,4,ok,0.2038,42.15,168,0,16384,0.48
1024,False,32,16,1,5,ok,0.2089,41.12,168,0,20480,0.55
1024,False,32,16,2,1,ok,0.2488,34.52,125,0,7168,0.34
1024,False,32,16,2,2,ok,0.2171,39.57,123,0,9216,0.33
1024,False,32,16,2,3,ok,0.1966,43.69,121,0,13312,0.39
1024,False,32,16,2,4,ok,0.2079,41.32,121,0,17408,0.39
1024,False,32,16,2,5,ok,0.2253,38.13,120,0,21504,0.36
1024,False,32,16,4,1,ok,0.3524,24.38,96,0,7168,0.26
1024,False,32,16,4,2,ok,0.3215,26.72,96,0,9216,0.27
1024,False,32,16,4,3,ok,0.3154,27.24,80,0,13312,0.27
1024,False,32,16,4,4,ok,0.3174,27.06,80,0,17408,0.27
1024,False,32,16,4,5,ok,0.3338,25.73,80,0,21504,0.31
1024,False,32,16,8,1,ok,0.7567,11.35,106,0,7168,0.23
1024,False,32,16,8,2,ok,0.7342,11.70,103,0,9216,0.26
1024,False,32,16,8,3,ok,0.6042,14.22,80,0,13312,0.30
1024,False,32,16,8,4,ok,0.6062,14.17,80,0,17408,0.28
1024,False,32,16,8,5,ok,0.6093,14.10,80,0,21504,0.30
1024,False,32,16,16,1,ok,1.7541,4.90,104,0,7168,0.25
1024,False,32,16,16,2,ok,1.6671,5.15,101,0,9216,0.24
1024,False,32,16,16,3,ok,1.5227,5.64,86,0,13312,0.25
1024,False,32,16,16,4,ok,1.5278,5.62,86,0,17408,0.25
1024,False,32,16,16,5,ok,1.5462,5.56,88,0,21504,0.25
1024,False,32,32,1,1,ok,0.1905,45.10,199,0,8192,0.40
1024,False,32,32,1,2,ok,0.1782,48.21,226,0,12288,0.41
1024,False,32,32,1,3,ok,0.1709,50.26,227,0,20480,0.46
1024,False,32,32,1,4,ok,0.2263,37.96,227,0,28672,0.50
1024,False,32,32,1,5,ok,0.3205,26.80,227,0,36864,0.52
1024,False,32,32,2,1,ok,0.2038,42.15,140,0,10240,0.30
1024,False,32,32,2,2,ok,0.1884,45.59,128,4,14336,0.33
1024,False,32,32,2,3,ok,0.1956,43.92,128,0,22528,0.34
1024,False,32,32,2,4,ok,0.2222,38.66,128,0,30720,0.36
1024,False,32,32,2,5,ok,0.2826,30.39,128,0,38912,0.35
1024,False,32,32,4,1,ok,0.2519,34.10,110,0,10240,0.23
1024,False,32,32,4,2,ok,0.2038,42.15,96,0,14336,0.25
1024,False,32,32,4,3,ok,0.2016,42.60,96,0,22528,0.30
1024,False,32,32,4,4,ok,0.2191,39.20,96,0,30720,0.31
1024,False,32,32,4,5,ok,0.2592,33.14,96,0,38912,0.31
1024,False,32,32,8,1,ok,0.4311,19.93,102,0,10240,0.26
1024,False,32,32,8,2,ok,0.4076,21.08,103,0,14336,0.35
1024,False,32,32,8,3,ok,0.3308,25.97,80,0,22528,0.34
1024,False,32,32,8,4,ok,0.3338,25.73,80,0,30720,0.41
1024,False,32,32,8,5,ok,0.3759,22.85,80,0,38912,0.26
1024,False,32,32,16,1,ok,0.9728,8.83,104,0,10240,0.23
1024,False,32,32,16,2,ok,0.9380,9.16,101,0,14336,0.37
1024,False,32,32,16,3,ok,0.8602,9.99,88,0,22528,0.27
1024,False,32,32,16,4,ok,0.8643,9.94,88,0,30720,0.32
1024,False,32,32,16,5,ok,0.8677,9.90,88,0,38912,0.32
1024,False,32,64,1,1,ok,0.1792,47.93,254,0,12288,0.60
1024,False,32,64,1,2,ok,0.1847,46.51,255,2,20480,0.75
1024,False,32,64,1,3,ok,0.2929,29.33,255,10,36864,0.81
1024,False,32,64,1,4,ok,0.5581,15.39,255,10,53248,0.77
1024,False,32,64,1,5,ok,0.5683,15.11,255,18,69632,0.94
1024,False,32,64,2,1,ok,0.1741,49.34,159,0,16384,0.43
1024,False,32,64,2,2,ok,0.1812,47.39,168,2,24576,0.45
1024,False,32,64,2,3,ok,0.2181,39.38,168,4,40960,0.62
1024,False,32,64,2,4,ok,0.3971,21.63,168,4,57344,0.56
1024,False,32,64,2,5,ok,0.4004,21.45,168,4,73728,0.65
1024,False,32,64,4,1,ok,0.1761,48.77,124,0,16384,0.35
1024,False,32,64,4,2,ok,0.1669,51.46,124,0,24576,0.33
1024,False,32,64,4,3,ok,0.1884,45.59,124,0,40960,0.34
1024,False,32,64,4,4,ok,0.2990,28.73,124,0,57344,0.42
1024,False,32,64,4,5,ok,0.3011,28.53,124,0,73728,0.39
1024,False,32,64,8,1,ok,0.2724,31.54,110,0,16384,0.29
1024,False,32,64,8,2,ok,0.2580,33.29,102,0,24576,0.26
1024,False,32,64,8,3,ok,0.2355,36.47,99,0,40960,0.28
1024,False,32,64,8,4,ok,0.3318,25.89,99,0,57344,0.29
1024,False,32,64,8,5,ok,0.3328,25.81,99,0,73728,0.35
1024,False,32,64,16,1,ok,0.5642,15.22,104,0,16384,0.29
1024,False,32,64,16,2,ok,0.5543,15.50,102,0,24576,0.28
1024,False,32,64,16,3,ok,0.5130,16.74,88,0,40960,0.25
1024,False,32,64,16,4,ok,0.5162,16.64,88,0,57344,0.31
1024,False,32,64,16,5,ok,0.5221,16.45,88,0,73728,0.32
1024,False,32,128,1,1,ok,0.2570,33.42,255,140,20480,1.22
1024,False,32,128,1,2,ok,0.3533,24.31,255,272,36864,1.14
1024,False,32,128,1,3,ok,0.6355,13.52,255,254,69632,1.33
1024,False,32,128,1,4,out_of_smem,,,,,,1.73
1024,False,32,128,1,5,out_of_smem,,,,,,1.79
1024,False,32,128,2,1,ok,0.2099,40.92,254,0,28672,0.66
1024,False,32,128,2,2,ok,0.2232,38.48,255,2,45056,0.73
1024,False,32,128,2,3,ok,0.3686,23.30,255,2,77824,0.79
1024,False,32,128,2,4,out_of_smem,,,,,,0.88
1024,False,32,128,2,5,out_of_smem,,,,,,1.05
1024,False,32,128,4,1,ok,0.1761,48.77,128,2,28672,0.54
1024,False,32,128,4,2,ok,0.1914,44.87,168,0,45056,0.52
1024,False,32,128,4,3,ok,0.2365,36.31,177,0,77824,0.61
1024,False,32,128,4,4,out_of_smem,,,,,,0.58
1024,False,32,128,4,5,out_of_smem,,,,,,0.67
1024,False,32,128,8,1,ok,0.3379,25.42,133,0,28672,0.34
1024,False,32,128,8,2,ok,0.1976,43.46,128,0,45056,0.48
1024,False,32,128,8,3,ok,0.2509,34.24,128,0,77824,0.41
1024,False,32,128,8,4,out_of_smem,,,,,,0.42
1024,False,32,128,8,5,out_of_smem,,,,,,0.48
1024,False,32,128,16,1,ok,0.4173,20.58,95,0,28672,0.41
1024,False,32,128,16,2,ok,0.4035,21.29,86,0,45056,0.43
1024,False,32,128,16,3,ok,0.3727,23.05,92,0,77824,0.42
1024,False,32,128,16,4,out_of_smem,,,,,,0.40
1024,False,32,128,16,5,out_of_smem,,,,,,0.42
1024,False,32,256,1,1,ok,0.7905,10.87,255,858,36864,2.41
1024,False,32,256,1,2,ok,1.2204,7.04,168,1212,69632,3.15
1024,False,32,256,1,3,out_of_smem,,,,,,3.25
1024,False,32,256,1,4,out_of_smem,,,,,,3.63
1024,False,32,256,1,5,out_of_smem,,,,,,4.00
1024,False,32,256,2,1,ok,0.4751,18.08,255,86,53248,1.19
1024,False,32,256,2,2,ok,0.4116,20.87,255,198,86016,1.26
1024,False,32,256,2,3,out_of_smem,,,,,,1.35
1024,False,32,256,2,4,out_of_smem,,,,,,1.50
1024,False,32,256,2,5,out_of_smem,,,,,,1.81
1024,False,32,256,4,1,ok,0.3011,28.53,208,0,53248,0.68
1024,False,32,256,4,2,ok,0.2712,31.67,255,6,86016,0.69
1024,False,32,256,4,3,out_of_smem,,,,,,0.83
1024,False,32,256,4,4,out_of_smem,,,,,,0.95
1024,False,32,256,4,5,out_of_smem,,,,,,1.15
1024,False,32,256,8,1,ok,0.2877,29.85,159,0,53248,0.56
1024,False,32,256,8,2,ok,0.2652,32.39,178,0,86016,0.63
1024,False,32,256,8,3,out_of_smem,,,,,,0.60
1024,False,32,256,8,4,out_of_smem,,,,,,0.59
1024,False,32,256,8,5,out_of_smem,,,,,,0.63
1024,False,32,256,16,1,ok,0.3564,24.11,109,0,53248,0.41
1024,False,32,256,16,2,ok,0.3482,24.67,103,0,86016,0.39
1024,False,32,256,16,3,out_of_smem,,,,,,0.41
1024,False,32,256,16,4,out_of_smem,,,,,,0.46
1024,False,32,256,16,5,out_of_smem,,,,,,0.46
1024,False,64,16,1,1,ok,0.2502,34.33,255,2,10240,0.58
1024,False,64,16,1,2,ok,0.2102,40.87,255,2,12288,0.60
1024,False,64,16,1,3,ok,0.2109,40.73,255,0,16384,0.63
1024,False,64,16,1,4,ok,0.2140,40.14,255,0,20480,0.65
1024,False,64,16,1,5,ok,0.2150,39.95,255,0,24576,0.68
1024,False,64,16,2,1,ok,0.1802,47.66,159,0,10240,0.34
1024,False,64,16,2,2,ok,0.1628,52.76,168,0,12288,0.36
1024,False,64,16,2,3,ok,0.1597,53.77,167,0,16384,0.38
1024,False,64,16,2,4,ok,0.1597,53.77,167,0,20480,0.39
1024,False,64,16,2,5,ok,0.1597,53.77,167,0,24576,0.38
1024,False,64,16,4,1,ok,0.2048,41.94,116,0,10240,0.24
1024,False,64,16,4,2,ok,0.1556,55.19,96,0,12288,0.27
1024,False,64,16,4,3,ok,0.1516,56.68,96,0,16384,0.29
1024,False,64,16,4,4,ok,0.1526,56.30,96,0,20480,0.28
1024,False,64,16,4,5,ok,0.1536,55.92,96,0,24576,0.31
1024,False,64,16,8,1,ok,0.3748,22.92,112,0,10240,0.26
1024,False,64,16,8,2,ok,0.3041,28.24,94,0,12288,0.25
1024,False,64,16,8,3,ok,0.3043,28.23,98,0,16384,0.27
1024,False,64,16,8,4,ok,0.3052,28.15,98,0,20480,0.27
1024,False,64,16,8,5,ok,0.2940,29.22,102,0,24576,0.26
1024,False,64,16,16,1,ok,0.8929,9.62,112,0,10240,0.25
1024,False,64,16,16,2,ok,0.7059,12.17,94,0,12288,0.24
1024,False,64,16,16,3,ok,0.6339,13.55,97,0,16384,0.25
1024,False,64,16,16,4,ok,0.6492,13.23,98,0,20480,0.29
1024,False,64,16,16,5,ok,0.6451,13.31,101,0,24576,0.25
1024,False,64,32,1,1,ok,0.2202,39.02,255,32,12288,0.71
1024,False,64,32,1,2,ok,0.2406,35.70,255,52,16384,0.82
1024,False,64,32,1,3,ok,0.2519,34.10,255,58,24576,0.79
1024,False,64,32,1,4,ok,0.2949,29.13,255,58,32768,0.82
1024,False,64,32,1,5,ok,0.3676,23.37,255,58,40960,0.86
1024,False,64,32,2,1,ok,0.1997,43.02,220,0,12288,0.42
1024,False,64,32,2,2,ok,0.1597,53.77,208,0,16384,0.41
1024,False,64,32,2,3,ok,0.1494,57.51,212,0,24576,0.43
1024,False,64,32,2,4,ok,0.1598,53.76,212,0,32768,0.45
1024,False,64,32,2,5,ok,0.1627,52.79,216,0,40960,0.47
1024,False,64,32,4,1,ok,0.1720,49.93,138,0,12288,0.29
1024,False,64,32,4,2,ok,0.1526,56.30,142,0,16384,0.28
1024,False,64,32,4,3,ok,0.1464,58.66,128,0,24576,0.00
1024,False,64,32,4,4,ok,0.1475,58.25,128,0,32768,0.33
1024,False,64,32,4,5,ok,0.1505,57.07,128,0,40960,0.34
1024,False,64,32,8,1,ok,0.3062,28.06,128,0,12288,0.27
1024,False,64,32,8,2,ok,0.2785,30.84,128,0,16384,0.28
1024,False,64,32,8,3,ok,0.2760,31.12,128,0,24576,0.29
1024,False,64,32,8,4,ok,0.2765,31.07,128,0,32768,0.30
1024,False,64,32,8,5,ok,0.2775,30.95,128,0,40960,0.31
1024,False,64,32,16,1,ok,0.7741,11.10,128,0,12288,0.30
1024,False,64,32,16,2,ok,0.5837,14.72,124,0,16384,0.28
1024,False,64,32,16,3,ok,0.5919,14.51,124,0,24576,0.29
1024,False,64,32,16,4,ok,0.5929,14.49,124,0,32768,0.28
1024,False,64,32,16,5,ok,0.6001,14.32,124,0,40960,0.28
1024,False,64,64,1,1,ok,0.2877,29.86,255,208,16384,1.08
1024,False,64,64,1,2,ok,0.3028,28.36,255,274,24576,1.10
1024,False,64,64,1,3,ok,0.4364,19.68,255,272,40960,1.21
1024,False,64,64,1,4,ok,0.7578,11.34,255,272,57344,1.26
1024,False,64,64,1,5,ok,0.7643,11.24,255,272,73728,1.39
1024,False,64,64,2,1,ok,0.1676,51.25,248,0,16384,0.56
1024,False,64,64,2,2,ok,0.1485,57.85,255,2,24576,0.59
1024,False,64,64,2,3,ok,0.1516,56.68,255,4,40960,0.62
1024,False,64,64,2,4,ok,0.2856,30.08,255,4,57344,0.65
1024,False,64,64,2,5,ok,0.2869,29.94,255,4,73728,0.72
1024,False,64,64,4,1,ok,0.1761,48.77,187,0,16384,0.38
1024,False,64,64,4,2,ok,0.1495,57.46,168,0,24576,0.49
1024,False,64,64,4,3,ok,0.1464,58.66,180,0,40960,0.41
1024,False,64,64,4,4,ok,0.1679,51.15,180,0,57344,0.43
1024,False,64,64,4,5,ok,0.1680,51.13,176,0,73728,0.47
1024,False,64,64,8,1,ok,0.3717,23.11,176,0,16384,0.41
1024,False,64,64,8,2,ok,0.3379,25.42,163,0,24576,0.45
1024,False,64,64,8,3,ok,0.2990,28.73,179,0,40960,0.47
1024,False,64,64,8,4,ok,0.2949,29.13,178,0,57344,0.48
1024,False,64,64,8,5,ok,0.2970,28.93,178,0,73728,0.48
1024,False,64,64,16,1,ok,0.6584,13.05,128,16,16384,0.45
1024,False,64,64,16,2,ok,0.5868,14.64,128,2,24576,0.46
1024,False,64,64,16,3,ok,0.5489,15.65,128,2,40960,0.45
1024,False,64,64,16,4,ok,0.5519,15.56,128,2,57344,0.36
1024,False,64,64,16,5,ok,0.5540,15.51,128,2,73728,0.36
1024,False,64,128,1,1,ok,0.4847,17.72,255,672,24576,2.37
1024,False,64,128,1,2,ok,0.5837,14.72,255,786,40960,2.19
1024,False,64,128,1,3,ok,1.0107,8.50,255,750,73728,2.56
1024,False,64,128,1,4,out_of_smem,,,,,,2.46
1024,False,64,128,1,5,out_of_smem,,,,,,2.94
1024,False,64,128,2,1,ok,0.1812,47.39,255,70,24576,0.99
1024,False,64,128,2,2,ok,0.2181,39.38,255,198,40960,1.04
1024,False,64,128,2,3,ok,0.3297,26.05,255,162,73728,1.03
1024,False,64,128,2,4,out_of_smem,,,,,,1.25
1024,False,64,128,2,5,out_of_smem,,,,,,1.25
1024,False,64,128,4,1,ok,0.1651,52.04,255,10,24576,0.59
1024,False,64,128,4,2,ok,0.1444,59.49,255,2,40960,0.59
1024,False,64,128,4,3,ok,0.1608,53.43,255,0,73728,0.64
1024,False,64,128,4,4,out_of_smem,,,,,,0.65
1024,False,64,128,4,5,out_of_smem,,,,,,0.69
1024,False,64,128,8,1,ok,0.3502,24.53,255,16,24576,0.62
1024,False,64,128,8,2,ok,0.3064,28.03,250,0,40960,0.51
1024,False,64,128,8,3,ok,0.2867,29.96,190,0,73728,0.50
1024,False,64,128,8,4,out_of_smem,,,,,,0.54
1024,False,64,128,8,5,out_of_smem,,,,,,0.58
1024,False,64,128,16,1,ok,0.7895,10.88,128,134,24576,0.50
1024,False,64,128,16,2,ok,0.7262,11.83,128,102,40960,0.49
1024,False,64,128,16,3,ok,0.5959,14.42,128,40,73728,0.50
1024,False,64,128,16,4,out_of_smem,,,,,,0.48
1024,False,64,128,16,5,out_of_smem,,,,,,0.48
1024,False,64,256,1,1,skipped_regs,,,,,,0.00
1024,False,64,256,1,2,skipped_regs,,,,,,0.00
1024,False,64,256,1,3,skipped_regs,,,,,,0.00
1024,False,64,256,1,4,skipped_regs,,,,,,0.00
1024,False,64,256,1,5,skipped_regs,,,,,,0.00
1024,False,64,256,2,1,ok,0.4485,19.15,255,634,40960,1.96
1024,False,64,256,2,2,ok,3.1902,2.69,40,2676,73728,2.41
1024,False,64,256,2,3,out_of_smem,,,,,,2.65
1024,False,64,256,2,4,out_of_smem,,,,,,3.01
1024,False,64,256,2,5,out_of_smem,,,,,,3.40
1024,False,64,256,4,1,ok,0.2490,34.49,255,202,40960,1.04
1024,False,64,256,4,2,ok,0.1976,43.46,255,162,73728,1.14
1024,False,64,256,4,3,out_of_smem,,,,,,1.28
1024,False,64,256,4,4,out_of_smem,,,,,,1.33
1024,False,64,256,4,5,out_of_smem,,,,,,1.43
1024,False,64,256,8,1,ok,0.3830,22.43,255,138,40960,0.97
1024,False,64,256,8,2,ok,0.3565,24.09,255,110,73728,0.92
1024,False,64,256,8,3,out_of_smem,,,,,,1.11
1024,False,64,256,8,4,out_of_smem,,,,,,1.05
1024,False,64,256,8,5,out_of_smem,,,,,,1.10
1024,False,64,256,16,1,ok,12.9085,0.67,64,820,40960,0.94
1024,False,64,256,16,2,ok,10.9788,0.78,64,830,73728,0.95
1024,False,64,256,16,3,out_of_smem,,,,,,0.97
1024,False,64,256,16,4,out_of_smem,,,,,,0.92
1024,False,64,256,16,5,out_of_smem,,,,,,0.94
1024,False,128,16,1,1,ok,0.4608,18.64,255,246,18432,1.26
1024,False,128,16,1,2,ok,0.6287,13.66,255,210,20480,1.26
1024,False,128,16,1,3,ok,0.6257,13.73,255,216,24576,1.31
1024,False,128,16,1,4,ok,0.6031,14.24,255,218,28672,1.29
1024,False,128,16,1,5,ok,0.6042,14.22,255,218,32768,1.34
1024,False,128,16,2,1,ok,0.2488,34.52,255,2,18432,0.60
1024,False,128,16,2,2,ok,0.1884,45.59,255,0,20480,0.62
1024,False,128,16,2,3,ok,0.1905,45.10,255,2,24576,0.59
1024,False,128,16,2,4,ok,0.1853,46.35,255,2,28672,0.63
1024,False,128,16,2,5,ok,0.1857,46.27,255,2,32768,0.64
1024,False,128,16,4,1,ok,0.1864,46.09,167,0,18432,0.35
1024,False,128,16,4,2,ok,0.1597,53.77,168,0,20480,0.35
1024,False,128,16,4,3,ok,0.1587,54.12,168,6,24576,0.36
1024,False,128,16,4,4,ok,0.1587,54.12,168,6,28672,0.37
1024,False,128,16,4,5,ok,0.1597,53.77,168,6,32768,0.39
1024,False,128,16,8,1,ok,0.2315,37.10,112,0,18432,0.27
1024,False,128,16,8,2,ok,0.2048,41.94,95,0,20480,0.27
1024,False,128,16,8,3,ok,0.1567,54.83,116,0,24576,0.29
1024,False,128,16,8,4,ok,0.1536,55.92,116,0,28672,0.29
1024,False,128,16,8,5,ok,0.1567,54.83,116,0,32768,0.29
1024,False,128,16,16,1,ok,0.4824,17.81,112,0,18432,0.25
1024,False,128,16,16,2,ok,0.3942,21.79,94,0,20480,0.25
1024,False,128,16,16,3,ok,0.3482,24.67,98,0,24576,0.28
1024,False,128,16,16,4,ok,0.3498,24.55,98,0,28672,0.28
1024,False,128,16,16,5,ok,0.3300,26.03,102,0,32768,0.29
1024,False,128,32,1,1,ok,0.8566,10.03,168,760,20480,1.59
1024,False,128,32,1,2,ok,0.8632,9.95,168,754,24576,1.71
1024,False,128,32,1,3,ok,0.7836,10.96,168,762,32768,1.72
1024,False,128,32,1,4,ok,0.9759,8.80,168,762,40960,1.77
1024,False,128,32,1,5,ok,0.9820,8.75,168,762,49152,2.00
1024,False,128,32,2,1,ok,0.2447,35.10,255,66,20480,0.76
1024,False,128,32,2,2,ok,0.2068,41.53,255,38,24576,0.73
1024,False,128,32,2,3,ok,0.1997,43.02,255,54,32768,0.82
1024,False,128,32,2,4,ok,0.2273,37.79,255,54,40960,0.77
1024,False,128,32,2,5,ok,0.2284,37.62,255,54,49152,0.96
1024,False,128,32,4,1,ok,0.2032,42.28,219,0,20480,0.56
1024,False,128,32,4,2,ok,0.1464,58.66,242,0,24576,0.42
1024,False,128,32,4,3,ok,0.1495,57.46,245,0,32768,0.42
1024,False,128,32,4,4,ok,0.1495,57.46,245,0,40960,0.44
1024,False,128,32,4,5,ok,0.1499,57.31,245,0,49152,0.47
1024,False,128,32,8,1,ok,0.1731,49.64,128,0,20480,0.29
1024,False,128,32,8,2,ok,0.1556,55.19,128,0,24576,0.34
1024,False,128,32,8,3,ok,0.1536,55.92,154,0,32768,0.33
1024,False,128,32,8,4,ok,0.1649,52.10,154,0,40960,0.33
1024,False,128,32,8,5,ok,0.1656,51.86,154,0,49152,0.32
1024,False,128,32,16,1,ok,0.4147,20.71,128,0,20480,0.31
1024,False,128,32,16,2,ok,0.3041,28.24,125,0,24576,0.31
1024,False,128,32,16,3,ok,0.2970,28.93,125,0,32768,0.31
1024,False,128,32,16,4,ok,0.2974,28.88,125,0,40960,0.33
1024,False,128,32,16,5,ok,0.2991,28.72,125,0,49152,0.32
1024,False,128,64,1,1,ok,2.7866,3.08,80,1760,24576,2.72
1024,False,128,64,1,2,ok,1.6317,5.26,80,1650,32768,2.80
1024,False,128,64,1,3,ok,1.7674,4.86,80,1744,49152,2.94
1024,False,128,64,1,4,ok,2.4545,3.50,80,1762,65536,3.00
1024,False,128,64,1,5,ok,2.6118,3.29,80,1762,81920,3.24
1024,False,128,64,2,1,ok,0.2989,28.74,255,254,24576,1.03
1024,False,128,64,2,2,ok,3.5584,2.41,40,1484,32768,1.23
1024,False,128,64,2,3,ok,0.3123,27.50,255,284,49152,1.07
1024,False,128,64,2,4,ok,0.4485,19.15,255,284,65536,1.14
1024,False,128,64,2,5,ok,0.4516,19.02,255,284,81920,1.22
1024,False,128,64,4,1,ok,0.1690,50.84,255,6,24576,0.59
1024,False,128,64,4,2,ok,0.1434,59.92,255,2,32768,0.57
1024,False,128,64,4,3,ok,0.1444,59.49,255,0,49152,0.59
1024,False,128,64,4,4,ok,0.1597,53.77,255,0,65536,0.61
1024,False,128,64,4,5,ok,0.1597,53.77,255,0,81920,0.66
1024,False,128,64,8,1,ok,0.2112,40.68,175,0,24576,0.36
1024,False,128,64,8,2,ok,0.1874,45.84,168,0,32768,0.36
1024,False,128,64,8,3,ok,0.1567,54.83,153,0,49152,0.38
1024,False,128,64,8,4,ok,0.1567,54.83,153,0,65536,0.39
1024,False,128,64,8,5,ok,0.1577,54.47,153,0,81920,0.39
1024,False,128,64,16,1,ok,0.3482,24.67,128,16,24576,0.34
1024,False,128,64,16,2,ok,0.3133,27.41,128,2,32768,0.35
1024,False,128,64,16,3,ok,0.2867,29.96,128,2,49152,0.37
1024,False,128,64,16,4,ok,0.2877,29.85,128,2,65536,0.37
1024,False,128,64,16,5,ok,0.2891,29.72,128,2,81920,0.39
1024,False,128,128,1,1,skipped_regs,,,,,,0.00
1024,False,128,128,1,2,skipped_regs,,,,,,0.00
1024,False,128,128,1,3,skipped_regs,,,,,,0.00
1024,False,128,128,1,4,skipped_regs,,,,,,0.00
1024,False,128,128,1,5,skipped_regs,,,,,,0.00
1024,False,128,128,2,1,ok,4.4063,1.95,40,2628,32768,2.12
1024,False,128,128,2,2,ok,4.1011,2.09,40,2648,49152,2.18
1024,False,128,128,2,3,ok,3.1836,2.70,40,2740,81920,2.36
1024,False,128,128,2,4,out_of_smem,,,,,,2.41
1024,False,128,128,2,5,out_of_smem,,,,,,2.58
1024,False,128,128,4,1,ok,0.1812,47.39,255,108,32768,0.92
1024,False,128,128,4,2,ok,0.1772,48.49,255,150,49152,0.97
1024,False,128,128,4,3,ok,0.1833,46.86,255,104,81920,0.99
1024,False,128,128,4,4,out_of_smem,,,,,,1.03
1024,False,128,128,4,5,out_of_smem,,,,,,1.11
1024,False,128,128,8,1,ok,0.1966,43.70,255,16,32768,0.55
1024,False,128,128,8,2,ok,0.1700,50.53,255,0,49152,0.53
1024,False,128,128,8,3,ok,0.1526,56.30,194,0,81920,0.56
1024,False,128,128,8,4,out_of_smem,,,,,,0.68
1024,False,128,128,8,5,out_of_smem,,,,,,0.59
1024,False,128,128,16,1,ok,0.4434,19.37,128,136,32768,0.51
1024,False,128,128,16,2,ok,0.3901,22.02,128,102,49152,0.48
1024,False,128,128,16,3,ok,0.3123,27.50,128,40,81920,0.50
1024,False,128,128,16,4,out_of_smem,,,,,,0.53
1024,False,128,128,16,5,out_of_smem,,,,,,0.53
1024,False,128,256,1,1,skipped_regs,,,,,,0.00
1024,False,128,256,1,2,skipped_regs,,,,,,0.00
1024,False,128,256,1,3,skipped_regs,,,,,,0.00
1024,False,128,256,1,4,skipped_regs,,,,,,0.00
1024,False,128,256,1,5,skipped_regs,,,,,,0.00
1024,False,128,256,2,1,skipped_regs,,,,,,0.00
1024,False,128,256,2,2,skipped_regs,,,,,,0.00
1024,False,128,256,2,3,skipped_regs,,,,,,0.00
1024,False,128,256,2,4,skipped_regs,,,,,,0.00
1024,False,128,256,2,5,skipped_regs,,,,,,0.00
1024,False,128,256,4,1,ok,0.6262,13.72,255,578,49152,1.69
1024,False,128,256,4,2,ok,0.4557,18.85,255,666,81920,1.78
1024,False,128,256,4,3,out_of_smem,,,,,,1.88
1024,False,128,256,4,4,out_of_smem,,,,,,2.25
1024,False,128,256,4,5,out_of_smem,,,,,,2.11
1024,False,128,256,8,1,ok,0.2173,39.53,255,138,49152,0.93
1024,False,128,256,8,2,ok,0.1973,43.53,255,116,81920,0.92
1024,False,128,256,8,3,out_of_smem,,,,,,1.00
1024,False,128,256,8,4,out_of_smem,,,,,,0.98
1024,False,128,256,8,5,out_of_smem,,,,,,1.19
1024,False,128,256,16,1,ok,6.6458,1.29,64,842,49152,1.03
1024,False,128,256,16,2,ok,5.7416,1.50,64,830,81920,1.01
1024,False,128,256,16,3,out_of_smem,,,,,,1.07
1024,False,128,256,16,4,out_of_smem,,,,,,0.97
1024,False,128,256,16,5,out_of_smem,,,,,,1.02
1024,False,256,16,1,1,skipped_regs,,,,,,0.00
1024,False,256,16,1,2,skipped_regs,,,,,,0.00
1024,False,256,16,1,3,skipped_regs,,,,,,0.00
1024,False,256,16,1,4,skipped_regs,,,,,,0.00
1024,False,256,16,1,5,skipped_regs,,,,,,0.00
1024,False,256,16,2,1,ok,0.6769,12.69,255,274,34816,1.30
1024,False,256,16,2,2,ok,0.6339,13.55,255,210,36864,1.26
1024,False,256,16,2,3,ok,0.6411,13.40,255,210,40960,1.34
1024,False,256,16,2,4,ok,0.6431,13.36,255,210,45056,1.34
1024,False,256,16,2,5,ok,0.6421,13.38,255,210,49152,1.33
1024,False,256,16,4,1,ok,0.2519,34.10,255,0,34816,0.62
1024,False,256,16,4,2,ok,0.1946,44.15,255,0,36864,0.60
1024,False,256,16,4,3,ok,0.1946,44.15,255,0,40960,0.63
1024,False,256,16,4,4,ok,0.1946,44.15,255,0,45056,0.59
1024,False,256,16,4,5,ok,0.1946,44.15,255,0,49152,0.62
1024,False,256,16,8,1,ok,0.3215,26.72,191,0,34816,0.39
1024,False,256,16,8,2,ok,0.2449,35.08,172,0,36864,0.35
1024,False,256,16,8,3,ok,0.2057,41.76,170,0,40960,0.36
1024,False,256,16,8,4,ok,0.2058,41.73,170,0,45056,0.37
1024,False,256,16,8,5,ok,0.2058,41.73,170,0,49152,0.37
1024,False,256,16,16,1,ok,0.2970,28.93,111,0,34816,0.25
1024,False,256,16,16,2,ok,0.2386,36.00,96,0,36864,0.27
1024,False,256,16,16,3,ok,0.1945,44.15,99,0,40960,0.26
1024,False,256,16,16,4,ok,0.1946,44.15,99,0,45056,0.37
1024,False,256,16,16,5,ok,0.1980,43.39,99,0,49152,0.29
1024,False,256,32,1,1,skipped_regs,,,,,,0.00
1024,False,256,32,1,2,skipped_regs,,,,,,0.00
1024,False,256,32,1,3,skipped_regs,,,,,,0.00
1024,False,256,32,1,4,skipped_regs,,,,,,0.00
1024,False,256,32,1,5,skipped_regs,,,,,,0.00
1024,False,256,32,2,1,ok,4.8660,1.77,40,1744,36864,1.75
1024,False,256,32,2,2,ok,4.7268,1.82,40,1718,40960,1.78
1024,False,256,32,2,3,ok,4.8558,1.77,40,1754,49152,1.91
1024,False,256,32,2,4,ok,3.4449,2.49,40,1754,57344,1.81
1024,False,256,32,2,5,ok,3.3038,2.60,40,1754,65536,1.86
1024,False,256,32,4,1,ok,0.2284,37.62,255,32,36864,0.72
1024,False,256,32,4,2,ok,0.1966,43.69,255,24,40960,0.71
1024,False,256,32,4,3,ok,0.2038,42.15,255,46,49152,0.71
1024,False,256,32,4,4,ok,0.2304,37.28,255,46,57344,0.74
1024,False,256,32,4,5,ok,0.2314,37.12,255,46,65536,0.80
1024,False,256,32,8,1,ok,0.2447,35.10,219,0,36864,0.38
1024,False,256,32,8,2,ok,0.1843,46.60,248,0,40960,0.41
1024,False,256,32,8,3,ok,0.1874,45.84,254,0,49152,0.43
1024,False,256,32,8,4,ok,0.1864,46.09,254,0,57344,0.40
1024,False,256,32,8,5,ok,0.1874,45.84,254,0,65536,0.45
1024,False,256,32,16,1,ok,0.2560,33.55,128,0,36864,0.35
1024,False,256,32,16,2,ok,0.1905,45.10,126,0,40960,0.34
1024,False,256,32,16,3,ok,0.1894,45.34,127,0,49152,0.30
1024,False,256,32,16,4,ok,0.1911,44.96,127,0,57344,0.33
1024,False,256,32,16,5,ok,0.1915,44.86,127,0,65536,0.34
1024,False,256,64,1,1,skipped_regs,,,,,,0.00
1024,False,256,64,1,2,skipped_regs,,,,,,0.00
1024,False,256,64,1,3,skipped_regs,,,,,,0.00
1024,False,256,64,1,4,skipped_regs,,,,,,0.00
1024,False,256,64,1,5,skipped_regs,,,,,,0.00
1024,False,256,64,2,1,ok,5.4610,1.57,40,2900,40960,3.00
1024,False,256,64,2,2,ok,5.2982,1.62,40,2926,49152,2.86
1024,False,256,64,2,3,ok,4.0008,2.15,40,2888,65536,2.95
1024,False,256,64,2,4,ok,3.9956,2.15,40,2888,81920,2.99
1024,False,256,64,2,5,ok,3.9670,2.17,40,2888,98304,3.14
1024,False,256,64,4,1,ok,4.6904,1.83,40,1466,40960,1.17
1024,False,256,64,4,2,ok,4.5588,1.88,40,1438,49152,1.19
1024,False,256,64,4,3,ok,0.3202,26.82,255,264,65536,1.04
1024,False,256,64,4,4,ok,0.3205,26.80,255,264,81920,1.12
1024,False,256,64,4,5,ok,0.3226,26.63,255,264,98304,1.12
1024,False,256,64,8,1,ok,0.2138,40.18,255,6,40960,0.55
1024,False,256,64,8,2,ok,0.1792,47.93,255,0,49152,0.56
1024,False,256,64,8,3,ok,0.1843,46.60,255,4,65536,0.60
1024,False,256,64,8,4,ok,0.1843,46.60,255,4,81920,0.59
1024,False,256,64,8,5,ok,0.1853,46.35,255,4,98304,0.63
1024,False,256,64,16,1,ok,0.2191,39.20,128,16,40960,0.36
1024,False,256,64,16,2,ok,0.1905,45.10,128,4,49152,0.36
1024,False,256,64,16,3,ok,0.1833,46.86,128,2,65536,0.40
1024,False,256,64,16,4,ok,0.1833,46.86,128,2,81920,0.39
1024,False,256,64,16,5,ok,0.1823,47.13,128,0,98304,0.37
1024,False,256,128,1,1,skipped_regs,,,,,,0.00
1024,False,256,128,1,2,skipped_regs,,,,,,0.00
1024,False,256,128,1,3,skipped_regs,,,,,,0.00
1024,False,256,128,1,4,skipped_regs,,,,,,0.00
1024,False,256,128,1,5,skipped_regs,,,,,,0.00
1024,False,256,128,2,1,skipped_regs,,,,,,0.00
1024,False,256,128,2,2,skipped_regs,,,,,,0.00
1024,False,256,128,2,3,skipped_regs,,,,,,0.00
1024,False,256,128,2,4,skipped_regs,,,,,,0.00
1024,False,256,128,2,5,skipped_regs,,,,,,0.00
1024,False,256,128,4,1,ok,5.1087,1.68,40,2608,49152,2.11
1024,False,256,128,4,2,ok,4.2875,2.00,40,2724,65536,2.19
1024,False,256,128,4,3,ok,4.3141,1.99,40,2746,98304,2.21
1024,False,256,128,4,4,out_of_smem,,,,,,2.26
1024,False,256,128,4,5,out_of_smem,,,,,,2.40
1024,False,256,128,8,1,ok,0.2314,37.12,255,148,49152,0.89
1024,False,256,128,8,2,ok,0.2298,37.38,255,152,65536,0.91
1024,False,256,128,8,3,ok,0.2099,40.92,255,94,98304,0.91
1024,False,256,128,8,4,out_of_smem,,,,,,1.02
1024,False,256,128,8,5,out_of_smem,,,,,,1.02
1024,False,256,128,16,1,ok,0.2775,30.95,128,134,49152,0.55
1024,False,256,128,16,2,ok,0.2519,34.10,128,108,65536,0.48
1024,False,256,128,16,3,ok,0.1997,43.02,128,34,98304,0.51
1024,False,256,128,16,4,out_of_smem,,,,,,0.54
1024,False,256,128,16,5,out_of_smem,,,,,,0.56
1024,False,256,256,1,1,skipped_regs,,,,,,0.00
1024,False,256,256,1,2,skipped_regs,,,,,,0.00
1024,False,256,256,1,3,skipped_regs,,,,,,0.00
1024,False,256,256,1,4,skipped_regs,,,,,,0.00
1024,False,256,256,1,5,skipped_regs,,,,,,0.00
1024,False,256,256,2,1,skipped_regs,,,,,,0.00
1024,False,256,256,2,2,skipped_regs,,,,,,0.00
1024,False,256,256,2,3,skipped_regs,,,,,,0.00
1024,False,256,256,2,4,skipped_regs,,,,,,0.00
1024,False,256,256,2,5,skipped_regs,,,,,,0.00
1024,False,256,256,4,1,skipped_regs,,,,,,0.00
1024,False,256,256,4,2,skipped_regs,,,,,,0.00
1024,False,256,256,4,3,skipped_regs,,,,,,0.00
1024,False,256,256,4,4,skipped_regs,,,,,,0.00
1024,False,256,256,4,5,skipped_regs,,,,,,0.00
1024,False,256,256,8,1,ok,0.6248,13.75,255,584,65536,1.53
1024,False,256,256,8,2,ok,1.5073,5.70,128,990,98304,1.63
1024,False,256,256,8,3,out_of_smem,,,,,,1.72
1024,False,256,256,8,4,out_of_smem,,,,,,1.74
1024,False,256,256,8,5,out_of_smem,,,,,,1.80
1024,False,256,256,16,1,ok,2.6895,3.19,64,824,65536,0.96
1024,False,256,256,16,2,ok,2.7658,3.11,64,868,98304,0.92
1024,False,256,256,16,3,out_of_smem,,,,,,0.89
1024,False,256,256,16,4,out_of_smem,,,,,,0.89
1024,False,256,256,16,5,out_of_smem,,,,,,0.84
2048,False,16,16,1,1,ok,0.7178,47.87,120,0,4096,0.44
2048,False,16,16,1,2,ok,0.8786,39.11,118,0,6144,0.47
2048,False,16,16,1,3,ok,0.8550,40.18,126,0,10240,0.47
2048,False,16,16,1,4,ok,0.8550,40.18,128,0,14336,0.24
2048,False,16,16,1,5,ok,0.8540,40.23,126,0,18432,0.26
2048,False,16,16,2,1,ok,1.0280,33.42,80,0,4608,0.18
2048,False,16,16,2,2,ok,0.9572,35.90,72,0,6656,0.18
2048,False,16,16,2,3,ok,0.9882,34.77,79,0,10752,0.20
2048,False,16,16,2,4,ok,1.0634,32.31,80,0,14848,0.21
2048,False,16,16,2,5,ok,1.1080,31.01,79,0,18944,0.21
2048,False,16,16,4,1,ok,1.5227,22.57,62,0,4608,0.17
2048,False,16,16,4,2,ok,1.5462,22.22,56,0,6656,0.18
2048,False,16,16,4,3,ok,1.5800,21.75,64,0,10752,0.18
2048,False,16,16,4,4,ok,1.5940,21.56,64,0,14848,0.18
2048,False,16,16,4,5,ok,1.6128,21.30,64,0,18944,0.20
2048,False,16,16,8,1,ok,2.8959,11.87,64,0,4608,0.16
2048,False,16,16,8,2,ok,3.0577,11.24,56,0,6656,0.16
2048,False,16,16,8,3,ok,3.0136,11.40,61,0,10752,0.17
2048,False,16,16,8,4,ok,3.0167,11.39,64,0,14848,0.18
2048,False,16,16,8,5,ok,3.0358,11.32,64,0,18944,0.20
2048,False,16,16,16,1,ok,9.2964,3.70,95,0,4608,0.16
2048,False,16,16,16,2,ok,9.1894,3.74,92,0,6656,0.17
2048,False,16,16,16,3,ok,7.9831,4.30,97,0,10752,0.17
2048,False,16,16,16,4,ok,8.0220,4.28,99,0,14848,0.18
2048,False,16,16,16,5,ok,8.0220,4.28,99,0,18944,0.22
2048,False,16,32,1,1,ok,0.6676,51.46,155,0,6144,0.26
2048,False,16,32,1,2,ok,0.8694,39.52,167,0,10240,0.28
2048,False,16,32,1,3,ok,0.8591,39.99,168,0,18432,0.32
2048,False,16,32,1,4,ok,0.9359,36.71,168,0,26624,0.34
2048,False,16,32,1,5,ok,1.3711,25.06,168,0,34816,0.38
2048,False,16,32,2,1,ok,0.8294,41.43,128,0,7168,0.22
2048,False,16,32,2,2,ok,0.9021,38.09,114,0,11264,0.22
2048,False,16,32,2,3,ok,0.8763,39.21,123,0,19456,0.24
2048,False,16,32,2,4,ok,0.9969,34.47,123,0,27648,0.25
2048,False,16,32,2,5,ok,1.2984,26.46,123,0,35840,0.34
2048,False,16,32,4,1,ok,0.9778,35.14,72,0,7168,0.24
2048,False,16,32,4,2,ok,0.9697,35.43,69,0,11264,0.19
2048,False,16,32,4,3,ok,0.9938,34.57,66,0,19456,0.21
2048,False,16,32,4,4,ok,1.1141,30.84,66,0,27648,0.22
2048,False,16,32,4,5,ok,1.3711,25.06,67,0,35840,0.23
2048,False,16,32,8,1,ok,1.6118,21.32,64,0,7168,0.18
2048,False,16,32,8,2,ok,1.6476,20.85,64,0,11264,0.18
2048,False,16,32,8,3,ok,1.6870,20.37,64,0,19456,0.18
2048,False,16,32,8,4,ok,1.7244,19.93,64,0,27648,0.19
2048,False,16,32,8,5,ok,1.9231,17.87,64,0,35840,0.20
2048,False,16,32,16,1,ok,5.1968,6.61,98,0,7168,0.17
2048,False,16,32,16,2,ok,4.9685,6.92,94,0,11264,0.18
2048,False,16,32,16,3,ok,4.5711,7.52,97,0,19456,0.19
2048,False,16,32,16,4,ok,4.6241,7.43,96,0,27648,0.22
2048,False,16,32,16,5,ok,4.6623,7.37,96,0,35840,0.23
2048,False,16,64,1,1,ok,0.6904,49.77,210,0,10240,0.37
2048,False,16,64,1,2,ok,0.8602,39.95,179,0,18432,0.40
2048,False,16,64,1,3,ok,1.1459,29.99,188,0,34816,0.45
2048,False,16,64,1,4,ok,2.2968,14.96,188,0,51200,0.53
2048,False,16,64,1,5,ok,2.4049,14.29,188,0,67584,0.59
2048,False,16,64,2,1,ok,0.8172,42.05,128,0,12288,0.28
2048,False,16,64,2,2,ok,0.8724,39.38,128,0,20480,0.27
2048,False,16,64,2,3,ok,0.9861,34.84,128,0,36864,0.32
2048,False,16,64,2,4,ok,1.9077,18.01,128,0,53248,0.35
2048,False,16,64,2,5,ok,1.9169,17.92,128,0,69632,0.37
2048,False,16,64,4,1,ok,0.8672,39.62,88,0,12288,0.21
2048,False,16,64,4,2,ok,0.8718,39.41,80,0,20480,0.22
2048,False,16,64,4,3,ok,0.9349,36.75,104,0,36864,0.25
2048,False,16,64,4,4,ok,1.5247,22.53,104,0,53248,0.26
2048,False,16,64,4,5,ok,1.5319,22.43,104,0,69632,0.28
2048,False,16,64,8,1,ok,1.1653,29.49,75,0,12288,0.18
2048,False,16,64,8,2,ok,1.0619,32.36,60,0,20480,0.20
2048,False,16,64,8,3,ok,1.1894,28.89,64,0,36864,0.21
2048,False,16,64,8,4,ok,1.7717,19.39,64,0,53248,0.22
2048,False,16,64,8,5,ok,1.7879,19.22,64,0,69632,0.22
2048,False,16,64,16,1,ok,2.9598,11.61,86,0,12288,0.18
2048,False,16,64,16,2,ok,2.0163,17.04,64,0,20480,0.18
2048,False,16,64,16,3,ok,2.4883,13.81,95,0,36864,0.19
2048,False,16,64,16,4,ok,2.5816,13.31,93,0,53248,0.21
2048,False,16,64,16,5,ok,2.5186,13.64,93,0,69632,0.20
2048,False,16,128,1,1,ok,1.0532,32.62,255,56,18432,0.64
2048,False,16,128,1,2,ok,1.3814,24.87,255,86,34816,0.69
2048,False,16,128,1,3,ok,2.2856,15.03,255,30,67584,0.87
2048,False,16,128,1,4,ok,2.3480,14.63,255,30,100352,1.02
2048,False,16,128,1,5,out_of_smem,,,,,,1.16
2048,False,16,128,2,1,ok,0.8847,38.84,211,0,22528,0.38
2048,False,16,128,2,2,ok,1.2206,28.15,254,0,38912,0.45
2048,False,16,128,2,3,ok,1.5677,21.92,250,0,71680,0.52
2048,False,16,128,2,4,out_of_smem,,,,,,0.56
2048,False,16,128,2,5,out_of_smem,,,,,,0.68
2048,False,16,128,4,1,ok,0.8596,39.97,120,0,22528,0.29
2048,False,16,128,4,2,ok,0.9649,35.61,139,0,38912,0.30
2048,False,16,128,4,3,ok,1.1160,30.79,139,0,71680,0.34
2048,False,16,128,4,4,out_of_smem,,,,,,0.36
2048,False,16,128,4,5,out_of_smem,,,,,,0.39
2048,False,16,128,8,1,ok,1.1572,29.69,114,0,22528,0.23
2048,False,16,128,8,2,ok,1.0568,32.51,100,0,38912,0.23
2048,False,16,128,8,3,ok,1.2417,27.67,80,0,71680,0.26
2048,False,16,128,8,4,out_of_smem,,,,,,0.29
2048,False,16,128,8,5,out_of_smem,,,,,,0.31
2048,False,16,128,16,1,ok,2.0946,16.40,94,0,22528,0.22
2048,False,16,128,16,2,ok,2.0060,17.13,83,0,38912,0.25
2048,False,16,128,16,3,ok,1.7039,20.16,76,0,71680,0.23
2048,False,16,128,16,4,out_of_smem,,,,,,0.26
2048,False,16,128,16,5,out_of_smem,,,,,,0.24
2048,False,16,256,1,1,ok,2.6368,13.03,255,454,34816,1.46
2048,False,16,256,1,2,ok,2.7494,12.50,255,422,67584,1.55
2048,False,16,256,1,3,out_of_smem,,,,,,1.90
2048,False,16,256,1,4,out_of_smem,,,,,,2.57
2048,False,16,256,1,5,out_of_smem,,,,,,3.52
2048,False,16,256,2,1,ok,1.3395,25.65,255,48,43008,0.77
2048,False,16,256,2,2,ok,1.8698,18.38,255,8,75776,0.85
2048,False,16,256,2,3,out_of_smem,,,,,,1.12
2048,False,16,256,2,4,out_of_smem,,,,,,1.43
2048,False,16,256,2,5,out_of_smem,,,,,,1.46
2048,False,16,256,4,1,ok,1.0783,31.87,189,0,43008,0.52
2048,False,16,256,4,2,ok,1.3500,25.45,186,0,75776,0.66
2048,False,16,256,4,3,out_of_smem,,,,,,0.65
2048,False,16,256,4,4,out_of_smem,,,,,,0.72
2048,False,16,256,4,5,out_of_smem,,,,,,0.85
2048,False,16,256,8,1,ok,1.0834,31.71,127,0,43008,0.37
2048,False,16,256,8,2,ok,1.4080,24.40,128,0,75776,0.41
2048,False,16,256,8,3,out_of_smem,,,,,,0.45
2048,False,16,256,8,4,out_of_smem,,,,,,0.51
2048,False,16,256,8,5,out_of_smem,,,,,,0.51
2048,False,16,256,16,1,ok,1.7357,19.80,104,0,43008,0.33
2048,False,16,256,16,2,ok,1.7070,20.13,85,0,75776,0.33
2048,False,16,256,16,3,out_of_smem,,,,,,0.31
2048,False,16,256,16,4,out_of_smem,,,,,,0.33
2048,False,16,256,16,5,out_of_smem,,,,,,0.36
2048,False,32,16,1,1,ok,0.6420,53.52,168,0,6144,0.39
2048,False,32,16,1,2,ok,0.6072,56.58,168,0,8192,0.37
2048,False,32,16,1,3,ok,0.6185,55.55,168,0,12288,0.47
2048,False,32,16,1,4,ok,0.7188,47.80,168,0,16384,0.48
2048,False,32,16,1,5,ok,0.7914,43.41,168,0,20480,0.55
2048,False,32,16,2,1,ok,0.8218,41.81,125,0,7168,0.34
2048,False,32,16,2,2,ok,0.7577,45.35,123,0,9216,0.33
2048,False,32,16,2,3,ok,0.7229,47.53,121,0,13312,0.39
2048,False,32,16,2,4,ok,0.7711,44.56,121,0,17408,0.39
2048,False,32,16,2,5,ok,0.8444,40.69,120,0,21504,0.36
2048,False,32,16,4,1,ok,1.2933,26.57,96,0,7168,0.26
2048,False,32,16,4,2,ok,1.2257,28.03,96,0,9216,0.27
2048,False,32,16,4,3,ok,1.1930,28.80,80,0,13312,0.27
2048,False,32,16,4,4,ok,1.2247,28.06,80,0,17408,0.27
2048,False,32,16,4,5,ok,1.2882,26.67,80,0,21504,0.31
2048,False,32,16,8,1,ok,2.7996,12.27,106,0,7168,0.23
2048,False,32,16,8,2,ok,2.7249,12.61,103,0,9216,0.26
2048,False,32,16,8,3,ok,2.5068,13.71,80,0,13312,0.30
2048,False,32,16,8,4,ok,2.3480,14.63,80,0,17408,0.28
2048,False,32,16,8,5,ok,2.3736,14.48,80,0,21504,0.30
2048,False,32,16,16,1,ok,7.2610,4.73,104,0,7168,0.25
2048,False,32,16,16,2,ok,6.6560,5.16,101,0,9216,0.24
2048,False,32,16,16,3,ok,6.0815,5.65,86,0,13312,0.25
2048,False,32,16,16,4,ok,6.0672,5.66,86,0,17408,0.25
2048,False,32,16,16,5,ok,6.3109,5.44,88,0,21504,0.25
2048,False,32,32,1,1,ok,0.6277,54.74,199,0,8192,0.40
2048,False,32,32,1,2,ok,0.6114,56.20,226,0,12288,0.41
2048,False,32,32,1,3,ok,0.6308,54.47,227,0,20480,0.46
2048,False,32,32,1,4,ok,0.8086,42.49,227,0,28672,0.50
2048,False,32,32,1,5,ok,1.1786,29.15,227,0,36864,0.52
2048,False,32,32,2,1,ok,0.6728,51.07,140,0,10240,0.30
2048,False,32,32,2,2,ok,0.6492,52.92,128,4,14336,0.33
2048,False,32,32,2,3,ok,0.7291,47.13,128,0,22528,0.34
2048,False,32,32,2,4,ok,0.8274,41.53,128,0,30720,0.36
2048,False,32,32,2,5,ok,1.0383,33.09,128,0,38912,0.35
2048,False,32,32,4,1,ok,0.8755,39.24,110,0,10240,0.23
2048,False,32,32,4,2,ok,0.7440,46.18,96,0,14336,0.25
2048,False,32,32,4,3,ok,0.7501,45.81,96,0,22528,0.30
2048,False,32,32,4,4,ok,0.8115,42.34,96,0,30720,0.31
2048,False,32,32,4,5,ok,0.9656,35.58,96,0,38912,0.31
2048,False,32,32,8,1,ok,1.5908,21.60,102,0,10240,0.26
2048,False,32,32,8,2,ok,1.5002,22.90,103,0,14336,0.35
2048,False,32,32,8,3,ok,1.2882,26.67,80,0,22528,0.34
2048,False,32,32,8,4,ok,1.2769,26.91,80,0,30720,0.41
2048,False,32,32,8,5,ok,1.4193,24.21,80,0,38912,0.26
2048,False,32,32,16,1,ok,3.8042,9.03,104,0,10240,0.23
2048,False,32,32,16,2,ok,3.7038,9.28,101,0,14336,0.37
2048,False,32,32,16,3,ok,3.4550,9.95,88,0,22528,0.27
2048,False,32,32,16,4,ok,3.2942,10.43,88,0,30720,0.32
2048,False,32,32,16,5,ok,3.4724,9.90,88,0,38912,0.32
2048,False,32,64,1,1,ok,0.6175,55.65,254,0,12288,0.60
2048,False,32,64,1,2,ok,0.6799,50.53,255,2,20480,0.75
2048,False,32,64,1,3,ok,1.0670,32.20,255,10,36864,0.81
2048,False,32,64,1,4,ok,2.0821,16.50,255,10,53248,0.77
2048,False,32,64,1,5,ok,2.1023,16.34,255,18,69632,0.94
2048,False,32,64,2,1,ok,0.6154,55.83,159,0,16384,0.43
2048,False,32,64,2,2,ok,0.6431,53.43,168,2,24576,0.45
2048,False,32,64,2,3,ok,0.7834,43.86,168,4,40960,0.62
2048,False,32,64,2,4,ok,1.4725,23.33,168,4,57344,0.56
2048,False,32,64,2,5,ok,1.4800,23.22,168,4,73728,0.65
2048,False,32,64,4,1,ok,0.6318,54.38,124,0,16384,0.35
2048,False,32,64,4,2,ok,0.6103,56.30,124,0,24576,0.33
2048,False,32,64,4,3,ok,0.6820,50.38,124,0,40960,0.34
2048,False,32,64,4,4,ok,1.0998,31.24,124,0,57344,0.42
2048,False,32,64,4,5,ok,1.1059,31.07,124,0,73728,0.39
2048,False,32,64,8,1,ok,0.9738,35.28,110,0,16384,0.29
2048,False,32,64,8,2,ok,0.9338,36.80,102,0,24576,0.26
2048,False,32,64,8,3,ok,0.8776,39.15,99,0,40960,0.28
2048,False,32,64,8,4,ok,1.2257,28.03,99,0,57344,0.29
2048,False,32,64,8,5,ok,1.2264,28.02,99,0,73728,0.35
2048,False,32,64,16,1,ok,2.1125,16.26,104,0,16384,0.29
2048,False,32,64,16,2,ok,2.0768,16.54,102,0,24576,0.28
2048,False,32,64,16,3,ok,1.9231,17.87,88,0,40960,0.25
2048,False,32,64,16,4,ok,1.9313,17.79,88,0,57344,0.31
2048,False,32,64,16,5,ok,1.9456,17.66,88,0,73728,0.32
2048,False,32,128,1,1,ok,0.9064,37.91,255,140,20480,1.22
2048,False,32,128,1,2,ok,1.2588,27.30,255,272,36864,1.14
2048,False,32,128,1,3,ok,2.3501,14.62,255,254,69632,1.33
2048,False,32,128,1,4,out_of_smem,,,,,,1.73
2048,False,32,128,1,5,out_of_smem,,,,,,1.79
2048,False,32,128,2,1,ok,0.7639,44.98,254,0,28672,0.66
2048,False,32,128,2,2,ok,0.7927,43.34,255,2,45056,0.73
2048,False,32,128,2,3,ok,1.3491,25.47,255,2,77824,0.79
2048,False,32,128,2,4,out_of_smem,,,,,,0.88
2048,False,32,128,2,5,out_of_smem,,,,,,1.05
2048,False,32,128,4,1,ok,0.6328,54.30,128,2,28672,0.54
2048,False,32,128,4,2,ok,0.6851,50.16,168,0,45056,0.52
2048,False,32,128,4,3,ok,0.8440,40.71,177,0,77824,0.61
2048,False,32,128,4,4,out_of_smem,,,,,,0.58
2048,False,32,128,4,5,out_of_smem,,,,,,0.67
2048,False,32,128,8,1,ok,1.2393,27.72,133,0,28672,0.34
2048,False,32,128,8,2,ok,0.7066,48.63,128,0,45056,0.48
2048,False,32,128,8,3,ok,0.9011,38.13,128,0,77824,0.41
2048,False,32,128,8,4,out_of_smem,,,,,,0.42
2048,False,32,128,8,5,out_of_smem,,,,,,0.48
2048,False,32,128,16,1,ok,1.5513,22.15,95,0,28672,0.41
2048,False,32,128,16,2,ok,1.4889,23.08,86,0,45056,0.43
2048,False,32,128,16,3,ok,1.3656,25.16,92,0,77824,0.42
2048,False,32,128,16,4,out_of_smem,,,,,,0.40
2048,False,32,128,16,5,out_of_smem,,,,,,0.42
2048,False,32,256,1,1,ok,2.9911,11.49,255,858,36864,2.41
2048,False,32,256,1,2,ok,4.7150,7.29,168,1212,69632,3.15
2048,False,32,256,1,3,out_of_smem,,,,,,3.25
2048,False,32,256,1,4,out_of_smem,,,,,,3.63
2048,False,32,256,1,5,out_of_smem,,,,,,4.00
2048,False,32,256,2,1,ok,1.7408,19.74,255,86,53248,1.19
2048,False,32,256,2,2,ok,1.5155,22.67,255,198,86016,1.26
2048,False,32,256,2,3,out_of_smem,,,,,,1.35
2048,False,32,256,2,4,out_of_smem,,,,,,1.50
2048,False,32,256,2,5,out_of_smem,,,,,,1.81
2048,False,32,256,4,1,ok,1.0926,31.45,208,0,53248,0.68
2048,False,32,256,4,2,ok,0.9800,35.06,255,6,86016,0.69
2048,False,32,256,4,3,out_of_smem,,,,,,0.83
2048,False,32,256,4,4,out_of_smem,,,,,,0.95
2048,False,32,256,4,5,out_of_smem,,,,,,1.15
2048,False,32,256,8,1,ok,1.0578,32.48,159,0,53248,0.56
2048,False,32,256,8,2,ok,0.9603,35.78,178,0,86016,0.63
2048,False,32,256,8,3,out_of_smem,,,,,,0.60
2048,False,32,256,8,4,out_of_smem,,,,,,0.59
2048,False,32,256,8,5,out_of_smem,,,,,,0.63
2048,False,32,256,16,1,ok,1.3179,26.07,109,0,53248,0.41
2048,False,32,256,16,2,ok,1.2564,27.35,103,0,86016,0.39
2048,False,32,256,16,3,out_of_smem,,,,,,0.41
2048,False,32,256,16,4,out_of_smem,,,,,,0.46
2048,False,32,256,16,5,out_of_smem,,,,,,0.46
2048,False,64,16,1,1,ok,0.7107,48.35,255,2,10240,0.58
2048,False,64,16,1,2,ok,0.6574,52.27,255,2,12288,0.60
2048,False,64,16,1,3,ok,0.6739,50.99,255,0,16384,0.63
2048,False,64,16,1,4,ok,0.6799,50.53,255,0,20480,0.65
2048,False,64,16,1,5,ok,0.6820,50.38,255,0,24576,0.68
2048,False,64,16,2,1,ok,0.6257,54.92,159,0,10240,0.34
2048,False,64,16,2,2,ok,0.5806,59.18,168,0,12288,0.36
2048,False,64,16,2,3,ok,0.5631,61.02,167,0,16384,0.38
2048,False,64,16,2,4,ok,0.5878,58.46,167,0,20480,0.39
2048,False,64,16,2,5,ok,0.5878,58.46,167,0,24576,0.38
2048,False,64,16,4,1,ok,0.6267,54.83,116,0,10240,0.24
2048,False,64,16,4,2,ok,0.5386,63.79,96,0,12288,0.27
2048,False,64,16,4,3,ok,0.5325,64.53,96,0,16384,0.29
2048,False,64,16,4,4,ok,0.5417,63.43,96,0,20480,0.28
2048,False,64,16,4,5,ok,0.5448,63.07,96,0,24576,0.31
2048,False,64,16,8,1,ok,1.3036,26.36,112,0,10240,0.26
2048,False,64,16,8,2,ok,1.1182,30.73,94,0,12288,0.25
2048,False,64,16,8,3,ok,1.1432,30.05,98,0,16384,0.27
2048,False,64,16,8,4,ok,1.1425,30.07,98,0,20480,0.27
2048,False,64,16,8,5,ok,1.1049,31.10,102,0,24576,0.26
2048,False,64,16,16,1,ok,3.2778,10.48,112,0,10240,0.25
2048,False,64,16,16,2,ok,2.5661,13.39,94,0,12288,0.24
2048,False,64,16,16,3,ok,2.3876,14.39,97,0,16384,0.25
2048,False,64,16,16,4,ok,2.4299,14.14,98,0,20480,0.29
2048,False,64,16,16,5,ok,2.4136,14.24,101,0,24576,0.25
2048,False,64,32,1,1,ok,0.6779,50.69,255,32,12288,0.71
2048,False,64,32,1,2,ok,0.7762,44.27,255,52,16384,0.82
2048,False,64,32,1,3,ok,0.7895,43.52,255,58,24576,0.79
2048,False,64,32,1,4,ok,0.9912,34.66,255,58,32768,0.82
2048,False,64,32,1,5,ok,1.4100,24.37,255,58,40960,0.86
2048,False,64,32,2,1,ok,0.6246,55.01,220,0,12288,0.42
2048,False,64,32,2,2,ok,0.5724,60.03,208,0,16384,0.41
2048,False,64,32,2,3,ok,0.5530,62.14,212,0,24576,0.43
2048,False,64,32,2,4,ok,0.5591,61.46,212,0,32768,0.45
2048,False,64,32,2,5,ok,0.6011,57.16,216,0,40960,0.47
2048,False,64,32,4,1,ok,0.5755,59.71,138,0,12288,0.29
2048,False,64,32,4,2,ok,0.5376,63.91,142,0,16384,0.28
2048,False,64,32,4,3,ok,0.5232,65.67,128,0,24576,0.00
2048,False,64,32,4,4,ok,0.5274,65.15,128,0,32768,0.33
2048,False,64,32,4,5,ok,0.5376,63.91,128,0,40960,0.34
2048,False,64,32,8,1,ok,1.1282,30.45,128,0,12288,0.27
2048,False,64,32,8,2,ok,1.0220,33.62,128,0,16384,0.28
2048,False,64,32,8,3,ok,1.0240,33.55,128,0,24576,0.29
2048,False,64,32,8,4,ok,1.0250,33.52,128,0,32768,0.30
2048,False,64,32,8,5,ok,1.0353,33.19,128,0,40960,0.31
2048,False,64,32,16,1,ok,2.8846,11.91,128,0,12288,0.30
2048,False,64,32,16,2,ok,2.1780,15.78,124,0,16384,0.28
2048,False,64,32,16,3,ok,2.2190,15.48,124,0,24576,0.29
2048,False,64,32,16,4,ok,2.2256,15.44,124,0,32768,0.28
2048,False,64,32,16,5,ok,2.2292,15.41,124,0,40960,0.28
2048,False,64,64,1,1,ok,0.9257,37.12,255,208,16384,1.08
2048,False,64,64,1,2,ok,0.9339,36.79,255,274,24576,1.10
2048,False,64,64,1,3,ok,1.5942,21.55,255,272,40960,1.21
2048,False,64,64,1,4,ok,2.7807,12.36,255,272,57344,1.26
2048,False,64,64,1,5,ok,2.7894,12.32,255,272,73728,1.39
2048,False,64,64,2,1,ok,0.6032,56.97,248,0,16384,0.56
2048,False,64,64,2,2,ok,0.5294,64.90,255,2,24576,0.59
2048,False,64,64,2,3,ok,0.5500,62.47,255,4,40960,0.62
2048,False,64,64,2,4,ok,1.0360,33.16,255,4,57344,0.65
2048,False,64,64,2,5,ok,1.0383,33.09,255,4,73728,0.72
2048,False,64,64,4,1,ok,0.6093,56.39,187,0,16384,0.38
2048,False,64,64,4,2,ok,0.5303,64.79,168,0,24576,0.49
2048,False,64,64,4,3,ok,0.5278,65.10,180,0,40960,0.41
2048,False,64,64,4,4,ok,0.5970,57.55,180,0,57344,0.43
2048,False,64,64,4,5,ok,0.5997,57.29,176,0,73728,0.47
2048,False,64,64,8,1,ok,1.3445,25.56,176,0,16384,0.41
2048,False,64,64,8,2,ok,1.2216,28.13,163,0,24576,0.45
2048,False,64,64,8,3,ok,1.1013,31.20,179,0,40960,0.47
2048,False,64,64,8,4,ok,1.0854,31.66,178,0,57344,0.48
2048,False,64,64,8,5,ok,1.0906,31.51,178,0,73728,0.48
2048,False,64,64,16,1,ok,2.4499,14.02,128,16,16384,0.45
2048,False,64,64,16,2,ok,2.1832,15.74,128,2,24576,0.46
2048,False,64,64,16,3,ok,2.0572,16.70,128,2,40960,0.45
2048,False,64,64,16,4,ok,2.0620,16.66,128,2,57344,0.36
2048,False,64,64,16,5,ok,2.0672,16.62,128,2,73728,0.36
2048,False,64,128,1,1,ok,1.5268,22.50,255,672,24576,2.37
2048,False,64,128,1,2,ok,2.0680,16.62,255,786,40960,2.19
2048,False,64,128,1,3,ok,3.7089,9.26,255,750,73728,2.56
2048,False,64,128,1,4,out_of_smem,,,,,,2.46
2048,False,64,128,1,5,out_of_smem,,,,,,2.94
2048,False,64,128,2,1,ok,0.6134,56.01,255,70,24576,0.99
2048,False,64,128,2,2,ok,0.7434,46.22,255,198,40960,1.04
2048,False,64,128,2,3,ok,1.1868,28.95,255,162,73728,1.03
2048,False,64,128,2,4,out_of_smem,,,,,,1.25
2048,False,64,128,2,5,out_of_smem,,,,,,1.25
2048,False,64,128,4,1,ok,0.5900,58.23,255,10,24576,0.59
2048,False,64,128,4,2,ok,0.5092,67.48,255,2,40960,0.59
2048,False,64,128,4,3,ok,0.5642,60.90,255,0,73728,0.64
2048,False,64,128,4,4,out_of_smem,,,,,,0.65
2048,False,64,128,4,5,out_of_smem,,,,,,0.69
2048,False,64,128,8,1,ok,1.2698,27.06,255,16,24576,0.62
2048,False,64,128,8,2,ok,1.1203,30.67,250,0,40960,0.51
2048,False,64,128,8,3,ok,1.0455,32.86,190,0,73728,0.50
2048,False,64,128,8,4,out_of_smem,,,,,,0.54
2048,False,64,128,8,5,out_of_smem,,,,,,0.58
2048,False,64,128,16,1,ok,2.9312,11.72,128,134,24576,0.50
2048,False,64,128,16,2,ok,2.6854,12.79,128,102,40960,0.49
2048,False,64,128,16,3,ok,2.1914,15.68,128,40,73728,0.50
2048,False,64,128,16,4,out_of_smem,,,,,,0.48
2048,False,64,128,16,5,out_of_smem,,,,,,0.48
2048,False,64,256,1,1,skipped_regs,,,,,,0.00
2048,False,64,256,1,2,skipped_regs,,,,,,0.00
2048,False,64,256,1,3,skipped_regs,,,,,,0.00
2048,False,64,256,1,4,skipped_regs,,,,,,0.00
2048,False,64,256,1,5,skipped_regs,,,,,,0.00
2048,False,64,256,2,1,ok,1.5207,22.59,255,634,40960,1.96
2048,False,64,256,2,2,ok,11.5497,2.97,40,2676,73728,2.41
2048,False,64,256,2,3,out_of_smem,,,,,,2.65
2048,False,64,256,2,4,out_of_smem,,,,,,3.01
2048,False,64,256,2,5,out_of_smem,,,,,,3.40
2048,False,64,256,4,1,ok,0.8059,42.64,255,202,40960,1.04
2048,False,64,256,4,2,ok,0.6829,50.31,255,162,73728,1.14
2048,False,64,256,4,3,out_of_smem,,,,,,1.28
2048,False,64,256,4,4,out_of_smem,,,,,,1.33
2048,False,64,256,4,5,out_of_smem,,,,,,1.43
2048,False,64,256,8,1,ok,1.3763,24.97,255,138,40960,0.97
2048,False,64,256,8,2,ok,1.2626,27.21,255,110,73728,0.92
2048,False,64,256,8,3,out_of_smem,,,,,,1.11
2048,False,64,256,8,4,out_of_smem,,,,,,1.05
2048,False,64,256,8,5,out_of_smem,,,,,,1.10
2048,False,64,256,16,1,ok,53.4592,0.64,64,820,40960,0.94
2048,False,64,256,16,2,ok,45.1689,0.76,64,830,73728,0.95
2048,False,64,256,16,3,out_of_smem,,,,,,0.97
2048,False,64,256,16,4,out_of_smem,,,,,,0.92
2048,False,64,256,16,5,out_of_smem,,,,,,0.94
2048,False,128,16,1,1,ok,1.6763,20.50,255,246,18432,1.26
2048,False,128,16,1,2,ok,1.8504,18.57,255,210,20480,1.26
2048,False,128,16,1,3,ok,1.8412,18.66,255,216,24576,1.31
2048,False,128,16,1,4,ok,2.2344,15.38,255,218,28672,1.29
2048,False,128,16,1,5,ok,2.2390,15.35,255,218,32768,1.34
2048,False,128,16,2,1,ok,0.7035,48.84,255,2,18432,0.60
2048,False,128,16,2,2,ok,0.5755,59.71,255,0,20480,0.62
2048,False,128,16,2,3,ok,0.5819,59.04,255,2,24576,0.59
2048,False,128,16,2,4,ok,0.6492,52.92,255,2,28672,0.63
2048,False,128,16,2,5,ok,0.6493,52.92,255,2,32768,0.64
2048,False,128,16,4,1,ok,0.6318,54.38,167,0,18432,0.35
2048,False,128,16,4,2,ok,0.5652,60.79,168,0,20480,0.35
2048,False,128,16,4,3,ok,0.5673,60.57,168,6,24576,0.36
2048,False,128,16,4,4,ok,0.5673,60.57,168,6,28672,0.37
2048,False,128,16,4,5,ok,0.5673,60.57,168,6,32768,0.39
2048,False,128,16,8,1,ok,0.7229,47.53,112,0,18432,0.27
2048,False,128,16,8,2,ok,0.6400,53.69,95,0,20480,0.27
2048,False,128,16,8,3,ok,0.5784,59.41,116,0,24576,0.29
2048,False,128,16,8,4,ok,0.5685,60.44,116,0,28672,0.29
2048,False,128,16,8,5,ok,0.5796,59.28,116,0,32768,0.29
2048,False,128,16,16,1,ok,1.7572,19.55,112,0,18432,0.25
2048,False,128,16,16,2,ok,1.3980,24.58,94,0,20480,0.25
2048,False,128,16,16,3,ok,1.3533,25.39,98,0,24576,0.28
2048,False,128,16,16,4,ok,1.3556,25.35,98,0,28672,0.28
2048,False,128,16,16,5,ok,1.2790,26.87,102,0,32768,0.29
2048,False,128,32,1,1,ok,2.5933,13.25,168,760,20480,1.59
2048,False,128,32,1,2,ok,2.6264,13.08,168,754,24576,1.71
2048,False,128,32,1,3,ok,2.8243,12.17,168,762,32768,1.72
2048,False,128,32,1,4,ok,3.1438,10.93,168,762,40960,1.77
2048,False,128,32,1,5,ok,3.1549,10.89,168,762,49152,2.00
2048,False,128,32,2,1,ok,0.7507,45.77,255,66,20480,0.76
2048,False,128,32,2,2,ok,0.6062,56.68,255,38,24576,0.73
2048,False,128,32,2,3,ok,0.6799,50.53,255,54,32768,0.82
2048,False,128,32,2,4,ok,0.7086,48.49,255,54,40960,0.77
2048,False,128,32,2,5,ok,0.7076,48.56,255,54,49152,0.96
2048,False,128,32,4,1,ok,0.6276,54.75,219,0,20480,0.56
2048,False,128,32,4,2,ok,0.5437,63.19,242,0,24576,0.42
2048,False,128,32,4,3,ok,0.5599,61.37,245,0,32768,0.42
2048,False,128,32,4,4,ok,0.5592,61.45,245,0,40960,0.44
2048,False,128,32,4,5,ok,0.5581,61.57,245,0,49152,0.47
2048,False,128,32,8,1,ok,0.6073,56.58,128,0,20480,0.29
2048,False,128,32,8,2,ok,0.5481,62.69,128,0,24576,0.34
2048,False,128,32,8,3,ok,0.5693,60.35,154,0,32768,0.33
2048,False,128,32,8,4,ok,0.6103,56.30,154,0,40960,0.33
2048,False,128,32,8,5,ok,0.6083,56.49,154,0,49152,0.32
2048,False,128,32,16,1,ok,1.5462,22.22,128,0,20480,0.31
2048,False,128,32,16,2,ok,1.1479,29.93,125,0,24576,0.31
2048,False,128,32,16,3,ok,1.1346,30.28,125,0,32768,0.31
2048,False,128,32,16,4,ok,1.1387,30.17,125,0,40960,0.33
2048,False,128,32,16,5,ok,1.1438,30.04,125,0,49152,0.32
2048,False,128,64,1,1,ok,9.8509,3.49,80,1760,24576,2.72
2048,False,128,64,1,2,ok,6.3941,5.37,80,1650,32768,2.80
2048,False,128,64,1,3,ok,5.6868,6.04,80,1744,49152,2.94
2048,False,128,64,1,4,ok,9.3914,3.66,80,1762,65536,3.00
2048,False,128,64,1,5,ok,9.4756,3.63,80,1762,81920,3.24
2048,False,128,64,2,1,ok,0.9134,37.62,255,254,24576,1.03
2048,False,128,64,2,2,ok,15.4465,2.22,40,1484,32768,1.23
2048,False,128,64,2,3,ok,0.9462,36.31,255,284,49152,1.07
2048,False,128,64,2,4,ok,1.6579,20.73,255,284,65536,1.14
2048,False,128,64,2,5,ok,1.6609,20.69,255,284,81920,1.22
2048,False,128,64,4,1,ok,0.5980,57.46,255,6,24576,0.59
2048,False,128,64,4,2,ok,0.5295,64.89,255,2,32768,0.57
2048,False,128,64,4,3,ok,0.5356,64.16,255,0,49152,0.59
2048,False,128,64,4,4,ok,0.5800,59.24,255,0,65536,0.61
2048,False,128,64,4,5,ok,0.5857,58.66,255,0,81920,0.66
2048,False,128,64,8,1,ok,0.7291,47.13,175,0,24576,0.36
2048,False,128,64,8,2,ok,0.6482,53.01,168,0,32768,0.36
2048,False,128,64,8,3,ok,0.5723,60.04,153,0,49152,0.38
2048,False,128,64,8,4,ok,0.5738,59.88,153,0,65536,0.39
2048,False,128,64,8,5,ok,0.5745,59.81,153,0,81920,0.39
2048,False,128,64,16,1,ok,1.3015,26.40,128,16,24576,0.34
2048,False,128,64,16,2,ok,1.1592,29.64,128,2,32768,0.35
2048,False,128,64,16,3,ok,1.0973,31.31,128,2,49152,0.37
2048,False,128,64,16,4,ok,1.0988,31.27,128,2,65536,0.37
2048,False,128,64,16,5,ok,1.1026,31.16,128,2,81920,0.39
2048,False,128,128,1,1,skipped_regs,,,,,,0.00
2048,False,128,128,1,2,skipped_regs,,,,,,0.00
2048,False,128,128,1,3,skipped_regs,,,,,,0.00
2048,False,128,128,1,4,skipped_regs,,,,,,0.00
2048,False,128,128,1,5,skipped_regs,,,,,,0.00
2048,False,128,128,2,1,ok,18.5211,1.86,40,2628,32768,2.12
2048,False,128,128,2,2,ok,15.5631,2.21,40,2648,49152,2.18
2048,False,128,128,2,3,ok,11.9255,2.88,40,2740,81920,2.36
2048,False,128,128,2,4,out_of_smem,,,,,,2.41
2048,False,128,128,2,5,out_of_smem,,,,,,2.58
2048,False,128,128,4,1,ok,0.6083,56.49,255,108,32768,0.92
2048,False,128,128,4,2,ok,0.5939,57.85,255,150,49152,0.97
2048,False,128,128,4,3,ok,0.6543,52.51,255,104,81920,0.99
2048,False,128,128,4,4,out_of_smem,,,,,,1.03
2048,False,128,128,4,5,out_of_smem,,,,,,1.11
2048,False,128,128,8,1,ok,0.6881,49.93,255,16,32768,0.55
2048,False,128,128,8,2,ok,0.6103,56.30,255,0,49152,0.53
2048,False,128,128,8,3,ok,0.5560,61.79,194,0,81920,0.56
2048,False,128,128,8,4,out_of_smem,,,,,,0.68
2048,False,128,128,8,5,out_of_smem,,,,,,0.59
2048,False,128,128,16,1,ok,1.5734,21.84,128,136,32768,0.51
2048,False,128,128,16,2,ok,1.4136,24.31,128,102,49152,0.48
2048,False,128,128,16,3,ok,1.1771,29.19,128,40,81920,0.50
2048,False,128,128,16,4,out_of_smem,,,,,,0.53
2048,False,128,128,16,5,out_of_smem,,,,,,0.53
2048,False,128,256,1,1,skipped_regs,,,,,,0.00
2048,False,128,256,1,2,skipped_regs,,,,,,0.00
2048,False,128,256,1,3,skipped_regs,,,,,,0.00
2048,False,128,256,1,4,skipped_regs,,,,,,0.00
2048,False,128,256,1,5,skipped_regs,,,,,,0.00
2048,False,128,256,2,1,skipped_regs,,,,,,0.00
2048,False,128,256,2,2,skipped_regs,,,,,,0.00
2048,False,128,256,2,3,skipped_regs,,,,,,0.00
2048,False,128,256,2,4,skipped_regs,,,,,,0.00
2048,False,128,256,2,5,skipped_regs,,,,,,0.00
2048,False,128,256,4,1,ok,2.1596,15.91,255,578,49152,1.69
2048,False,128,256,4,2,ok,1.5148,22.68,255,666,81920,1.78
2048,False,128,256,4,3,out_of_smem,,,,,,1.88
2048,False,128,256,4,4,out_of_smem,,,,,,2.25
2048,False,128,256,4,5,out_of_smem,,,,,,2.11
2048,False,128,256,8,1,ok,0.7332,46.86,255,138,49152,0.93
2048,False,128,256,8,2,ok,0.6758,50.84,255,116,81920,0.92
2048,False,128,256,8,3,out_of_smem,,,,,,1.00
2048,False,128,256,8,4,out_of_smem,,,,,,0.98
2048,False,128,256,8,5,out_of_smem,,,,,,1.19
2048,False,128,256,16,1,ok,26.1478,1.31,64,842,49152,1.03
2048,False,128,256,16,2,ok,22.3135,1.54,64,830,81920,1.01
2048,False,128,256,16,3,out_of_smem,,,,,,1.07
2048,False,128,256,16,4,out_of_smem,,,,,,0.97
2048,False,128,256,16,5,out_of_smem,,,,,,1.02
2048,False,256,16,1,1,skipped_regs,,,,,,0.00
2048,False,256,16,1,2,skipped_regs,,,,,,0.00
2048,False,256,16,1,3,skipped_regs,,,,,,0.00
2048,False,256,16,1,4,skipped_regs,,,,,,0.00
2048,False,256,16,1,5,skipped_regs,,,,,,0.00
2048,False,256,16,2,1,ok,2.0521,16.74,255,274,34816,1.30
2048,False,256,16,2,2,ok,1.8673,18.40,255,210,36864,1.26
2048,False,256,16,2,3,ok,1.9860,17.30,255,210,40960,1.34
2048,False,256,16,2,4,ok,1.8918,18.16,255,210,45056,1.34
2048,False,256,16,2,5,ok,1.8944,18.14,255,210,49152,1.33
2048,False,256,16,4,1,ok,0.7301,47.06,255,0,34816,0.62
2048,False,256,16,4,2,ok,0.5960,57.65,255,0,36864,0.60
2048,False,256,16,4,3,ok,0.6001,57.26,255,0,40960,0.63
2048,False,256,16,4,4,ok,0.5990,57.36,255,0,45056,0.59
2048,False,256,16,4,5,ok,0.6001,57.26,255,0,49152,0.62
2048,False,256,16,8,1,ok,1.0199,33.69,191,0,34816,0.39
2048,False,256,16,8,2,ok,0.7598,45.22,172,0,36864,0.35
2048,False,256,16,8,3,ok,0.6513,52.76,170,0,40960,0.36
2048,False,256,16,8,4,ok,0.6523,52.68,170,0,45056,0.37
2048,False,256,16,8,5,ok,0.6517,52.73,170,0,49152,0.37
2048,False,256,16,16,1,ok,0.9492,36.20,111,0,34816,0.25
2048,False,256,16,16,2,ok,0.7424,46.28,96,0,36864,0.27
2048,False,256,16,16,3,ok,0.6124,56.11,99,0,40960,0.26
2048,False,256,16,16,4,ok,0.6124,56.11,99,0,45056,0.37
2048,False,256,16,16,5,ok,0.6257,54.92,99,0,49152,0.29
2048,False,256,32,1,1,skipped_regs,,,,,,0.00
2048,False,256,32,1,2,skipped_regs,,,,,,0.00
2048,False,256,32,1,3,skipped_regs,,,,,,0.00
2048,False,256,32,1,4,skipped_regs,,,,,,0.00
2048,False,256,32,1,5,skipped_regs,,,,,,0.00
2048,False,256,32,2,1,ok,16.5550,2.08,40,1744,36864,1.75
2048,False,256,32,2,2,ok,16.2833,2.11,40,1718,40960,1.78
2048,False,256,32,2,3,ok,16.6584,2.06,40,1754,49152,1.91
2048,False,256,32,2,4,ok,11.5625,2.97,40,1754,57344,1.81
2048,False,256,32,2,5,ok,11.5918,2.96,40,1754,65536,1.86
2048,False,256,32,4,1,ok,0.6595,52.10,255,32,36864,0.72
2048,False,256,32,4,2,ok,0.5908,58.15,255,24,40960,0.71
2048,False,256,32,4,3,ok,0.6031,56.97,255,46,49152,0.71
2048,False,256,32,4,4,ok,0.7212,47.65,255,46,57344,0.74
2048,False,256,32,4,5,ok,0.7209,47.66,255,46,65536,0.80
2048,False,256,32,8,1,ok,0.7711,44.56,219,0,36864,0.38
2048,False,256,32,8,2,ok,0.5779,59.45,248,0,40960,0.41
2048,False,256,32,8,3,ok,0.5857,58.66,254,0,49152,0.43
2048,False,256,32,8,4,ok,0.5829,58.94,254,0,57344,0.40
2048,False,256,32,8,5,ok,0.5878,58.46,254,0,65536,0.45
2048,False,256,32,16,1,ok,0.8243,41.68,128,0,36864,0.35
2048,False,256,32,16,2,ok,0.5939,57.85,126,0,40960,0.34
2048,False,256,32,16,3,ok,0.5949,57.75,127,0,49152,0.30
2048,False,256,32,16,4,ok,0.5978,57.47,127,0,57344,0.33
2048,False,256,32,16,5,ok,0.5998,57.28,127,0,65536,0.34
2048,False,256,64,1,1,skipped_regs,,,,,,0.00
2048,False,256,64,1,2,skipped_regs,,,,,,0.00
2048,False,256,64,1,3,skipped_regs,,,,,,0.00
2048,False,256,64,1,4,skipped_regs,,,,,,0.00
2048,False,256,64,1,5,skipped_regs,,,,,,0.00
2048,False,256,64,2,1,ok,20.7963,1.65,40,2900,40960,3.00
2048,False,256,64,2,2,ok,19.3597,1.77,40,2926,49152,2.86
2048,False,256,64,2,3,ok,13.7585,2.50,40,2888,65536,2.95
2048,False,256,64,2,4,ok,13.7876,2.49,40,2888,81920,2.99
2048,False,256,64,2,5,ok,13.7626,2.50,40,2888,98304,3.14
2048,False,256,64,4,1,ok,18.2036,1.89,40,1466,40960,1.17
2048,False,256,64,4,2,ok,17.4807,1.97,40,1438,49152,1.19
2048,False,256,64,4,3,ok,0.9779,35.14,255,264,65536,1.04
2048,False,256,64,4,4,ok,0.9811,35.02,255,264,81920,1.12
2048,False,256,64,4,5,ok,0.9820,34.99,255,264,98304,1.12
2048,False,256,64,8,1,ok,0.6679,51.44,255,6,40960,0.55
2048,False,256,64,8,2,ok,0.5663,60.68,255,0,49152,0.56
2048,False,256,64,8,3,ok,0.5734,59.92,255,4,65536,0.60
2048,False,256,64,8,4,ok,0.5739,59.88,255,4,81920,0.59
2048,False,256,64,8,5,ok,0.5748,59.77,255,4,98304,0.63
2048,False,256,64,16,1,ok,0.6851,50.16,128,16,40960,0.36
2048,False,256,64,16,2,ok,0.5867,58.56,128,4,49152,0.36
2048,False,256,64,16,3,ok,0.5724,60.03,128,2,65536,0.40
2048,False,256,64,16,4,ok,0.5737,59.89,128,2,81920,0.39
2048,False,256,64,16,5,ok,0.5704,60.24,128,0,98304,0.37
2048,False,256,128,1,1,skipped_regs,,,,,,0.00
2048,False,256,128,1,2,skipped_regs,,,,,,0.00
2048,False,256,128,1,3,skipped_regs,,,,,,0.00
2048,False,256,128,1,4,skipped_regs,,,,,,0.00
2048,False,256,128,1,5,skipped_regs,,,,,,0.00
2048,False,256,128,2,1,skipped_regs,,,,,,0.00
2048,False,256,128,2,2,skipped_regs,,,,,,0.00
2048,False,256,128,2,3,skipped_regs,,,,,,0.00
2048,False,256,128,2,4,skipped_regs,,,,,,0.00
2048,False,256,128,2,5,skipped_regs,,,,,,0.00
2048,False,256,128,4,1,ok,19.8442,1.73,40,2608,49152,2.11
2048,False,256,128,4,2,ok,16.3809,2.10,40,2724,65536,2.19
2048,False,256,128,4,3,ok,16.6893,2.06,40,2746,98304,2.21
2048,False,256,128,4,4,out_of_smem,,,,,,2.26
2048,False,256,128,4,5,out_of_smem,,,,,,2.40
2048,False,256,128,8,1,ok,0.7003,49.07,255,148,49152,0.89
2048,False,256,128,8,2,ok,0.6927,49.60,255,152,65536,0.91
2048,False,256,128,8,3,ok,0.6267,54.83,255,94,98304,0.91
2048,False,256,128,8,4,out_of_smem,,,,,,1.02
2048,False,256,128,8,5,out_of_smem,,,,,,1.02
2048,False,256,128,16,1,ok,0.8114,42.35,128,134,49152,0.55
2048,False,256,128,16,2,ok,0.7332,46.86,128,108,65536,0.48
2048,False,256,128,16,3,ok,0.6063,56.67,128,34,98304,0.51
2048,False,256,128,16,4,out_of_smem,,,,,,0.54
2048,False,256,128,16,5,out_of_smem,,,,,,0.56
2048,False,256,256,1,1,skipped_regs,,,,,,0.00
2048,False,256,256,1,2,skipped_regs,,,,,,0.00
2048,False,256,256,1,3,skipped_regs,,,,,,0.00
2048,False,256,256,1,4,skipped_regs,,,,,,0.00
2048,False,256,256,1,5,skipped_regs,,,,,,0.00
2048,False,256,256,2,1,skipped_regs,,,,,,0.00
2048,False,256,256,2,2,skipped_regs,,,,,,0.00
2048,False,256,256,2,3,skipped_regs,,,,,,0.00
2048,False,256,256,2,4,skipped_regs,,,,,,0.00
2048,False,256,256,2,5,skipped_regs,,,,,,0.00
2048,False,256,256,4,1,skipped_regs,,,,,,0.00
2048,False,256,256,4,2,skipped_regs,,,,,,0.00
2048,False,256,256,4,3,skipped_regs,,,,,,0.00
2048,False,256,256,4,4,skipped_regs,,,,,,0.00
2048,False,256,256,4,5,skipped_regs,,,,,,0.00
2048,False,256,256,8,1,ok,2.1837,15.73,255,584,65536,1.53
2048,False,256,256,8,2,ok,6.0785,5.65,128,990,98304,1.63
2048,False,256,256,8,3,out_of_smem,,,,,,1.72
2048,False,256,256,8,4,out_of_smem,,,,,,1.74
2048,False,256,256,8,5,out_of_smem,,,,,,1.80
2048,False,256,256,16,1,ok,10.7105,3.21,64,824,65536,0.96
2048,False,256,256,16,2,ok,11.1186,3.09,64,868,98304,0.92
2048,False,256,256,16,3,out_of_smem,,,,,,0.89
2048,False,256,256,16,4,out_of_smem,,,,,,0.89
2048,False,256,256,16,5,out_of_smem,,,,,,0.84
4096,False,16,16,1,1,ok,2.9327,46.86,120,0,4096,0.44
4096,False,16,16,1,2,ok,3.6844,37.30,118,0,6144,0.47
4096,False,16,16,1,3,ok,3.5334,38.90,126,0,10240,0.47
4096,False,16,16,1,4,ok,3.5082,39.18,128,0,14336,0.24
4096,False,16,16,1,5,ok,3.6116,38.05,126,0,18432,0.26
4096,False,16,16,2,1,ok,4.2228,32.55,80,0,4608,0.18
4096,False,16,16,2,2,ok,4.0084,34.29,72,0,6656,0.18
4096,False,16,16,2,3,ok,4.0960,33.55,79,0,10752,0.20
4096,False,16,16,2,4,ok,4.2470,32.36,80,0,14848,0.21
4096,False,16,16,2,5,ok,4.4278,31.04,79,0,18944,0.21
4096,False,16,16,4,1,ok,6.2546,21.97,62,0,4608,0.17
4096,False,16,16,4,2,ok,6.4102,21.44,56,0,6656,0.18
4096,False,16,16,4,3,ok,6.6468,20.68,64,0,10752,0.18
4096,False,16,16,4,4,ok,6.5577,20.96,64,0,14848,0.18
4096,False,16,16,4,5,ok,6.6284,20.74,64,0,18944,0.20
4096,False,16,16,8,1,ok,12.0320,11.42,64,0,4608,0.16
4096,False,16,16,8,2,ok,12.5215,10.98,56,0,6656,0.16
4096,False,16,16,8,3,ok,12.6116,10.90,61,0,10752,0.17
4096,False,16,16,8,4,ok,12.3965,11.09,64,0,14848,0.18
4096,False,16,16,8,5,ok,12.6495,10.87,64,0,18944,0.20
4096,False,16,16,16,1,ok,36.5129,3.76,95,0,4608,0.16
4096,False,16,16,16,2,ok,36.8082,3.73,92,0,6656,0.17
4096,False,16,16,16,3,ok,31.8013,4.32,97,0,10752,0.17
4096,False,16,16,16,4,ok,32.8090,4.19,99,0,14848,0.18
4096,False,16,16,16,5,ok,32.6436,4.21,99,0,18944,0.22
4096,False,16,32,1,1,ok,2.8760,47.79,155,0,6144,0.26
4096,False,16,32,1,2,ok,3.4852,39.44,167,0,10240,0.28
4096,False,16,32,1,3,ok,3.4811,39.48,168,0,18432,0.32
4096,False,16,32,1,4,ok,3.6639,37.51,168,0,26624,0.34
4096,False,16,32,1,5,ok,5.5204,24.90,168,0,34816,0.38
4096,False,16,32,2,1,ok,3.2911,41.76,128,0,7168,0.22
4096,False,16,32,2,2,ok,3.5707,38.49,114,0,11264,0.22
4096,False,16,32,2,3,ok,3.7192,36.95,123,0,19456,0.24
4096,False,16,32,2,4,ok,4.1196,33.36,123,0,27648,0.25
4096,False,16,32,2,5,ok,5.1651,26.61,123,0,35840,0.34
4096,False,16,32,4,1,ok,4.0458,33.97,72,0,7168,0.24
4096,False,16,32,4,2,ok,4.0714,33.76,69,0,11264,0.19
4096,False,16,32,4,3,ok,3.9301,34.97,66,0,19456,0.21
4096,False,16,32,4,4,ok,4.6868,29.32,66,0,27648,0.22
4096,False,16,32,4,5,ok,5.5337,24.84,67,0,35840,0.23
4096,False,16,32,8,1,ok,6.6166,20.77,64,0,7168,0.18
4096,False,16,32,8,2,ok,6.7482,20.37,64,0,11264,0.18
4096,False,16,32,8,3,ok,7.0912,19.38,64,0,19456,0.18
4096,False,16,32,8,4,ok,7.1665,19.18,64,0,27648,0.19
4096,False,16,32,8,5,ok,7.8061,17.61,64,0,35840,0.20
4096,False,16,32,16,1,ok,20.2824,6.78,98,0,7168,0.17
4096,False,16,32,16,2,ok,19.6275,7.00,94,0,11264,0.18
4096,False,16,32,16,3,ok,17.8708,7.69,97,0,19456,0.19
4096,False,16,32,16,4,ok,18.2651,7.52,96,0,27648,0.22
4096,False,16,32,16,5,ok,17.9794,7.64,96,0,35840,0.23
4096,False,16,64,1,1,ok,2.9133,47.18,210,0,10240,0.37
4096,False,16,64,1,2,ok,3.5604,38.60,179,0,18432,0.40
4096,False,16,64,1,3,ok,4.5926,29.93,188,0,34816,0.45
4096,False,16,64,1,4,ok,9.2252,14.90,188,0,51200,0.53
4096,False,16,64,1,5,ok,9.0737,15.15,188,0,67584,0.59
4096,False,16,64,2,1,ok,3.4714,39.59,128,0,12288,0.28
4096,False,16,64,2,2,ok,3.5113,39.14,128,0,20480,0.27
4096,False,16,64,2,3,ok,4.0192,34.20,128,0,36864,0.32
4096,False,16,64,2,4,ok,7.5844,18.12,128,0,53248,0.35
4096,False,16,64,2,5,ok,7.8482,17.51,128,0,69632,0.37
4096,False,16,64,4,1,ok,3.6834,37.31,88,0,12288,0.21
4096,False,16,64,4,2,ok,3.5420,38.80,80,0,20480,0.22
4096,False,16,64,4,3,ok,3.8979,35.26,104,0,36864,0.25
4096,False,16,64,4,4,ok,6.0457,22.73,104,0,53248,0.26
4096,False,16,64,4,5,ok,6.0826,22.60,104,0,69632,0.28
4096,False,16,64,8,1,ok,4.8956,28.07,75,0,12288,0.18
4096,False,16,64,8,2,ok,4.2527,32.32,60,0,20480,0.20
4096,False,16,64,8,3,ok,4.8476,28.35,64,0,36864,0.21
4096,False,16,64,8,4,ok,7.1695,19.17,64,0,53248,0.22
4096,False,16,64,8,5,ok,7.0764,19.42,64,0,69632,0.22
4096,False,16,64,16,1,ok,12.0177,11.44,86,0,12288,0.18
4096,False,16,64,16,2,ok,8.3517,16.46,64,0,20480,0.18
4096,False,16,64,16,3,ok,10.0219,13.71,95,0,36864,0.19
4096,False,16,64,16,4,ok,10.1615,13.53,93,0,53248,0.21
4096,False,16,64,16,5,ok,10.1396,13.55,93,0,69632,0.20
4096,False,16,128,1,1,ok,4.3114,31.88,255,56,18432,0.64
4096,False,16,128,1,2,ok,5.4620,25.16,255,86,34816,0.69
4096,False,16,128,1,3,ok,9.1348,15.05,255,30,67584,0.87
4096,False,16,128,1,4,ok,9.1028,15.10,255,30,100352,1.02
4096,False,16,128,1,5,out_of_smem,,,,,,1.16
4096,False,16,128,2,1,ok,3.6256,37.91,211,0,22528,0.38
4096,False,16,128,2,2,ok,4.8933,28.09,254,0,38912,0.45
4096,False,16,128,2,3,ok,6.1061,22.51,250,0,71680,0.52
4096,False,16,128,2,4,out_of_smem,,,,,,0.56
4096,False,16,128,2,5,out_of_smem,,,,,,0.68
4096,False,16,128,4,1,ok,3.5732,38.46,120,0,22528,0.29
4096,False,16,128,4,2,ok,3.8192,35.99,139,0,38912,0.30
4096,False,16,128,4,3,ok,4.2240,32.54,139,0,71680,0.34
4096,False,16,128,4,4,out_of_smem,,,,,,0.36
4096,False,16,128,4,5,out_of_smem,,,,,,0.39
4096,False,16,128,8,1,ok,4.3561,31.55,114,0,22528,0.23
4096,False,16,128,8,2,ok,4.1395,33.20,100,0,38912,0.23
4096,False,16,128,8,3,ok,4.8558,28.30,80,0,71680,0.26
4096,False,16,128,8,4,out_of_smem,,,,,,0.29
4096,False,16,128,8,5,out_of_smem,,,,,,0.31
4096,False,16,128,16,1,ok,8.6129,15.96,94,0,22528,0.22
4096,False,16,128,16,2,ok,8.1961,16.77,83,0,38912,0.25
4096,False,16,128,16,3,ok,6.7258,20.43,76,0,71680,0.23
4096,False,16,128,16,4,out_of_smem,,,,,,0.26
4096,False,16,128,16,5,out_of_smem,,,,,,0.24
4096,False,16,256,1,1,ok,10.5407,13.04,255,454,34816,1.46
4096,False,16,256,1,2,ok,10.9117,12.60,255,422,67584,1.55
4096,False,16,256,1,3,out_of_smem,,,,,,1.90
4096,False,16,256,1,4,out_of_smem,,,,,,2.57
4096,False,16,256,1,5,out_of_smem,,,,,,3.52
4096,False,16,256,2,1,ok,5.4364,25.28,255,48,43008,0.77
4096,False,16,256,2,2,ok,7.3375,18.73,255,8,75776,0.85
4096,False,16,256,2,3,out_of_smem,,,,,,1.12
4096,False,16,256,2,4,out_of_smem,,,,,,1.43
4096,False,16,256,2,5,out_of_smem,,,,,,1.46
4096,False,16,256,4,1,ok,4.4447,30.92,189,0,43008,0.52
4096,False,16,256,4,2,ok,5.2398,26.23,186,0,75776,0.66
4096,False,16,256,4,3,out_of_smem,,,,,,0.65
4096,False,16,256,4,4,out_of_smem,,,,,,0.72
4096,False,16,256,4,5,out_of_smem,,,,,,0.85
4096,False,16,256,8,1,ok,4.3332,31.72,127,0,43008,0.37
4096,False,16,256,8,2,ok,5.3328,25.77,128,0,75776,0.41
4096,False,16,256,8,3,out_of_smem,,,,,,0.45
4096,False,16,256,8,4,out_of_smem,,,,,,0.51
4096,False,16,256,8,5,out_of_smem,,,,,,0.51
4096,False,16,256,16,1,ok,7.1465,19.23,104,0,43008,0.33
4096,False,16,256,16,2,ok,6.6990,20.52,85,0,75776,0.33
4096,False,16,256,16,3,out_of_smem,,,,,,0.31
4096,False,16,256,16,4,out_of_smem,,,,,,0.33
4096,False,16,256,16,5,out_of_smem,,,,,,0.36
4096,False,32,16,1,1,ok,2.4033,57.19,168,0,6144,0.39
4096,False,32,16,1,2,ok,2.2965,59.85,168,0,8192,0.37
4096,False,32,16,1,3,ok,2.4689,55.67,168,0,12288,0.47
4096,False,32,16,1,4,ok,2.8216,48.71,168,0,16384,0.48
4096,False,32,16,1,5,ok,3.0403,45.21,168,0,20480,0.55
4096,False,32,16,2,1,ok,3.1058,44.25,125,0,7168,0.34
4096,False,32,16,2,2,ok,3.0049,45.74,123,0,9216,0.33
4096,False,32,16,2,3,ok,2.8954,47.47,121,0,13312,0.39
4096,False,32,16,2,4,ok,3.1160,44.11,121,0,17408,0.39
4096,False,32,16,2,5,ok,3.3055,41.58,120,0,21504,0.36
4096,False,32,16,4,1,ok,5.0278,27.34,96,0,7168,0.26
4096,False,32,16,4,2,ok,5.0412,27.26,96,0,9216,0.27
4096,False,32,16,4,3,ok,5.0058,27.46,80,0,13312,0.27
4096,False,32,16,4,4,ok,5.0493,27.22,80,0,17408,0.27
4096,False,32,16,4,5,ok,5.2808,26.03,80,0,21504,0.31
4096,False,32,16,8,1,ok,11.6013,11.85,106,0,7168,0.23
4096,False,32,16,8,2,ok,11.0493,12.44,103,0,9216,0.26
4096,False,32,16,8,3,ok,9.9205,13.85,80,0,13312,0.30
4096,False,32,16,8,4,ok,9.8120,14.01,80,0,17408,0.28
4096,False,32,16,8,5,ok,9.8099,14.01,80,0,21504,0.30
4096,False,32,16,16,1,ok,26.4602,5.19,104,0,7168,0.25
4096,False,32,16,16,2,ok,25.6144,5.37,101,0,9216,0.24
4096,False,32,16,16,3,ok,24.5978,5.59,86,0,13312,0.25
4096,False,32,16,16,4,ok,24.4055,5.63,86,0,17408,0.25
4096,False,32,16,16,5,ok,24.8568,5.53,88,0,21504,0.25
4096,False,32,32,1,1,ok,2.3649,58.12,199,0,8192,0.40
4096,False,32,32,1,2,ok,2.3837,57.66,226,0,12288,0.41
4096,False,32,32,1,3,ok,2.4133,56.95,227,0,20480,0.46
4096,False,32,32,1,4,ok,3.0812,44.61,227,0,28672,0.50
4096,False,32,32,1,5,ok,4.6152,29.78,227,0,36864,0.52
4096,False,32,32,2,1,ok,2.5733,53.41,140,0,10240,0.30
4096,False,32,32,2,2,ok,2.5672,53.54,128,4,14336,0.33
4096,False,32,32,2,3,ok,2.8590,48.07,128,0,22528,0.34
4096,False,32,32,2,4,ok,3.2640,42.11,128,0,30720,0.36
4096,False,32,32,2,5,ok,4.0284,34.12,128,0,38912,0.35
4096,False,32,32,4,1,ok,3.4903,39.38,110,0,10240,0.23
4096,False,32,32,4,2,ok,3.0208,45.50,96,0,14336,0.25
4096,False,32,32,4,3,ok,3.0481,45.09,96,0,22528,0.30
4096,False,32,32,4,4,ok,3.2676,42.06,96,0,30720,0.31
4096,False,32,32,4,5,ok,3.7812,36.35,96,0,38912,0.31
4096,False,32,32,8,1,ok,6.3580,21.62,102,0,10240,0.26
4096,False,32,32,8,2,ok,6.1583,22.32,103,0,14336,0.35
4096,False,32,32,8,3,ok,5.1494,26.69,80,0,22528,0.34
4096,False,32,32,8,4,ok,5.1081,26.91,80,0,30720,0.41
4096,False,32,32,8,5,ok,5.8624,23.44,80,0,38912,0.26
4096,False,32,32,16,1,ok,14.6302,9.39,104,0,10240,0.23
4096,False,32,32,16,2,ok,14.2692,9.63,101,0,14336,0.37
4096,False,32,32,16,3,ok,13.4441,10.22,88,0,22528,0.27
4096,False,32,32,16,4,ok,13.4569,10.21,88,0,30720,0.32
4096,False,32,32,16,5,ok,13.6274,10.09,88,0,38912,0.32
4096,False,32,64,1,1,ok,2.4402,56.32,254,0,12288,0.60
4096,False,32,64,1,2,ok,2.6511,51.84,255,2,20480,0.75
4096,False,32,64,1,3,ok,4.2598,32.26,255,10,36864,0.81
4096,False,32,64,1,4,ok,8.3722,16.42,255,10,53248,0.77
4096,False,32,64,1,5,ok,8.5268,16.12,255,18,69632,0.94
4096,False,32,64,2,1,ok,2.4781,55.46,159,0,16384,0.43
4096,False,32,64,2,2,ok,2.5273,54.38,168,2,24576,0.45
4096,False,32,64,2,3,ok,3.1022,44.30,168,4,40960,0.62
4096,False,32,64,2,4,ok,5.9279,23.18,168,4,57344,0.56
4096,False,32,64,2,5,ok,5.9571,23.07,168,4,73728,0.65
4096,False,32,64,4,1,ok,2.5048,54.87,124,0,16384,0.35
4096,False,32,64,4,2,ok,2.4515,56.06,124,0,24576,0.33
4096,False,32,64,4,3,ok,2.6890,51.11,124,0,40960,0.34
4096,False,32,64,4,4,ok,4.4308,31.02,124,0,57344,0.42
4096,False,32,64,4,5,ok,4.4882,30.62,124,0,73728,0.39
4096,False,32,64,8,1,ok,3.9700,34.62,110,0,16384,0.29
4096,False,32,64,8,2,ok,3.6823,37.32,102,0,24576,0.26
4096,False,32,64,8,3,ok,3.6526,37.63,99,0,40960,0.28
4096,False,32,64,8,4,ok,4.9331,27.86,99,0,57344,0.29
4096,False,32,64,8,5,ok,4.7656,28.84,99,0,73728,0.35
4096,False,32,64,16,1,ok,8.5135,16.14,104,0,16384,0.29
4096,False,32,64,16,2,ok,8.4997,16.17,102,0,24576,0.28
4096,False,32,64,16,3,ok,7.8962,17.41,88,0,40960,0.25
4096,False,32,64,16,4,ok,7.9901,17.20,88,0,57344,0.31
4096,False,32,64,16,5,ok,7.7865,17.65,88,0,73728,0.32
4096,False,32,128,1,1,ok,3.5558,38.65,255,140,20480,1.22
4096,False,32,128,1,2,ok,4.8891,28.11,255,272,36864,1.14
4096,False,32,128,1,3,ok,9.5700,14.36,255,254,69632,1.33
4096,False,32,128,1,4,out_of_smem,,,,,,1.73
4096,False,32,128,1,5,out_of_smem,,,,,,1.79
4096,False,32,128,2,1,ok,2.9819,46.09,254,0,28672,0.66
4096,False,32,128,2,2,ok,3.0160,45.57,255,2,45056,0.73
4096,False,32,128,2,3,ok,5.4472,25.23,255,2,77824,0.79
4096,False,32,128,2,4,out_of_smem,,,,,,0.88
4096,False,32,128,2,5,out_of_smem,,,,,,1.05
4096,False,32,128,4,1,ok,2.5364,54.19,128,2,28672,0.54
4096,False,32,128,4,2,ok,2.7023,50.86,168,0,45056,0.52
4096,False,32,128,4,3,ok,3.3927,40.51,177,0,77824,0.61
4096,False,32,128,4,4,out_of_smem,,,,,,0.58
4096,False,32,128,4,5,out_of_smem,,,,,,0.67
4096,False,32,128,8,1,ok,4.9265,27.90,133,0,28672,0.34
4096,False,32,128,8,2,ok,2.8262,48.63,128,0,45056,0.48
4096,False,32,128,8,3,ok,3.4949,39.33,128,0,77824,0.41
4096,False,32,128,8,4,out_of_smem,,,,,,0.42
4096,False,32,128,8,5,out_of_smem,,,,,,0.48
4096,False,32,128,16,1,ok,6.2438,22.01,95,0,28672,0.41
4096,False,32,128,16,2,ok,5.9474,23.11,86,0,45056,0.43
4096,False,32,128,16,3,ok,5.5900,24.59,92,0,77824,0.42
4096,False,32,128,16,4,out_of_smem,,,,,,0.40
4096,False,32,128,16,5,out_of_smem,,,,,,0.42
4096,False,32,256,1,1,ok,11.1979,12.27,255,858,36864,2.41
4096,False,32,256,1,2,ok,18.0388,7.62,168,1212,69632,3.15
4096,False,32,256,1,3,out_of_smem,,,,,,3.25
4096,False,32,256,1,4,out_of_smem,,,,,,3.63
4096,False,32,256,1,5,out_of_smem,,,,,,4.00
4096,False,32,256,2,1,ok,6.8813,19.97,255,86,53248,1.19
4096,False,32,256,2,2,ok,6.0059,22.88,255,198,86016,1.26
4096,False,32,256,2,3,out_of_smem,,,,,,1.35
4096,False,32,256,2,4,out_of_smem,,,,,,1.50
4096,False,32,256,2,5,out_of_smem,,,,,,1.81
4096,False,32,256,4,1,ok,4.3479,31.61,208,0,53248,0.68
4096,False,32,256,4,2,ok,3.7263,36.88,255,6,86016,0.69
4096,False,32,256,4,3,out_of_smem,,,,,,0.83
4096,False,32,256,4,4,out_of_smem,,,,,,0.95
4096,False,32,256,4,5,out_of_smem,,,,,,1.15
4096,False,32,256,8,1,ok,4.0550,33.89,159,0,53248,0.56
4096,False,32,256,8,2,ok,3.6547,37.61,178,0,86016,0.63
4096,False,32,256,8,3,out_of_smem,,,,,,0.60
4096,False,32,256,8,4,out_of_smem,,,,,,0.59
4096,False,32,256,8,5,out_of_smem,,,,,,0.63
4096,False,32,256,16,1,ok,5.1092,26.90,109,0,53248,0.41
4096,False,32,256,16,2,ok,5.0319,27.31,103,0,86016,0.39
4096,False,32,256,16,3,out_of_smem,,,,,,0.41
4096,False,32,256,16,4,out_of_smem,,,,,,0.46
4096,False,32,256,16,5,out_of_smem,,,,,,0.46
4096,False,64,16,1,1,ok,2.4934,55.12,255,2,10240,0.58
4096,False,64,16,1,2,ok,2.3798,57.75,255,2,12288,0.60
4096,False,64,16,1,3,ok,2.4556,55.97,255,0,16384,0.63
4096,False,64,16,1,4,ok,2.6615,51.64,255,0,20480,0.65
4096,False,64,16,1,5,ok,2.6962,50.98,255,0,24576,0.68
4096,False,64,16,2,1,ok,2.3148,59.38,159,0,10240,0.34
4096,False,64,16,2,2,ok,2.2187,61.95,168,0,12288,0.36
4096,False,64,16,2,3,ok,2.1811,63.01,167,0,16384,0.38
4096,False,64,16,2,4,ok,2.2804,60.27,167,0,20480,0.39
4096,False,64,16,2,5,ok,2.2692,60.57,167,0,24576,0.38
4096,False,64,16,4,1,ok,2.3511,58.46,116,0,10240,0.24
4096,False,64,16,4,2,ok,2.1586,63.67,96,0,12288,0.27
4096,False,64,16,4,3,ok,2.1309,64.50,96,0,16384,0.29
4096,False,64,16,4,4,ok,2.1376,64.30,96,0,20480,0.28
4096,False,64,16,4,5,ok,2.1499,63.93,96,0,24576,0.31
4096,False,64,16,8,1,ok,5.0422,27.26,112,0,10240,0.26
4096,False,64,16,8,2,ok,4.3530,31.57,94,0,12288,0.25
4096,False,64,16,8,3,ok,4.5384,30.28,98,0,16384,0.27
4096,False,64,16,8,4,ok,4.7324,29.04,98,0,20480,0.27
4096,False,64,16,8,5,ok,4.5486,30.22,102,0,24576,0.26
4096,False,64,16,16,1,ok,13.1871,10.42,112,0,10240,0.25
4096,False,64,16,16,2,ok,10.3916,13.23,94,0,12288,0.24
4096,False,64,16,16,3,ok,9.7812,14.05,97,0,16384,0.25
4096,False,64,16,16,4,ok,9.9144,13.86,98,0,20480,0.29
4096,False,64,16,16,5,ok,9.9664,13.79,101,0,24576,0.25
4096,False,64,32,1,1,ok,2.4822,55.37,255,32,12288,0.71
4096,False,64,32,1,2,ok,2.8790,47.74,255,52,16384,0.82
4096,False,64,32,1,3,ok,3.0418,45.18,255,58,24576,0.79
4096,False,64,32,1,4,ok,3.8003,36.17,255,58,32768,0.82
4096,False,64,32,1,5,ok,5.5270,24.87,255,58,40960,0.86
4096,False,64,32,2,1,ok,2.2945,59.90,220,0,12288,0.42
4096,False,64,32,2,2,ok,2.1381,64.28,208,0,16384,0.41
4096,False,64,32,2,3,ok,2.1917,62.71,212,0,24576,0.43
4096,False,64,32,2,4,ok,2.1431,64.13,212,0,32768,0.45
4096,False,64,32,2,5,ok,2.2753,60.40,216,0,40960,0.47
4096,False,64,32,4,1,ok,2.2140,62.08,138,0,12288,0.29
4096,False,64,32,4,2,ok,2.1279,64.59,142,0,16384,0.28
4096,False,64,32,4,3,ok,2.0885,65.81,128,0,24576,0.00
4096,False,64,32,4,4,ok,2.0772,66.16,128,0,32768,0.33
4096,False,64,32,4,5,ok,2.1309,64.50,128,0,40960,0.34
4096,False,64,32,8,1,ok,4.5363,30.30,128,0,12288,0.27
4096,False,64,32,8,2,ok,4.1544,33.08,128,0,16384,0.28
4096,False,64,32,8,3,ok,4.2259,32.52,128,0,24576,0.29
4096,False,64,32,8,4,ok,4.2455,32.37,128,0,32768,0.30
4096,False,64,32,8,5,ok,4.2332,32.47,128,0,40960,0.31
4096,False,64,32,16,1,ok,11.5610,11.89,128,0,12288,0.30
4096,False,64,32,16,2,ok,8.8508,15.53,124,0,16384,0.28
4096,False,64,32,16,3,ok,8.9789,15.31,124,0,24576,0.29
4096,False,64,32,16,4,ok,8.9834,15.30,124,0,32768,0.28
4096,False,64,32,16,5,ok,9.0061,15.26,124,0,40960,0.28
4096,False,64,64,1,1,ok,3.5149,39.10,255,208,16384,1.08
4096,False,64,64,1,2,ok,3.7622,36.53,255,274,24576,1.10
4096,False,64,64,1,3,ok,6.0657,22.66,255,272,40960,1.21
4096,False,64,64,1,4,ok,11.1969,12.27,255,272,57344,1.26
4096,False,64,64,1,5,ok,11.1882,12.28,255,272,73728,1.39
4096,False,64,64,2,1,ok,2.2038,62.36,248,0,16384,0.56
4096,False,64,64,2,2,ok,2.0285,67.75,255,2,24576,0.59
4096,False,64,64,2,3,ok,2.0890,65.79,255,4,40960,0.62
4096,False,64,64,2,4,ok,4.1564,33.07,255,4,57344,0.65
4096,False,64,64,2,5,ok,4.1349,33.24,255,4,73728,0.72
4096,False,64,64,4,1,ok,2.3368,58.82,187,0,16384,0.38
4096,False,64,64,4,2,ok,2.0681,66.46,168,0,24576,0.49
4096,False,64,64,4,3,ok,2.0794,66.09,180,0,40960,0.41
4096,False,64,64,4,4,ok,2.2804,60.27,180,0,57344,0.43
4096,False,64,64,4,5,ok,2.2743,60.43,176,0,73728,0.47
4096,False,64,64,8,1,ok,5.1284,26.80,176,0,16384,0.41
4096,False,64,64,8,2,ok,4.8358,28.42,163,0,24576,0.45
4096,False,64,64,8,3,ok,4.4194,31.10,179,0,40960,0.47
4096,False,64,64,8,4,ok,4.2609,32.26,178,0,57344,0.48
4096,False,64,64,8,5,ok,4.3750,31.41,178,0,73728,0.48
4096,False,64,64,16,1,ok,9.8777,13.91,128,16,16384,0.45
4096,False,64,64,16,2,ok,8.9117,15.42,128,2,24576,0.46
4096,False,64,64,16,3,ok,8.3031,16.55,128,2,40960,0.45
4096,False,64,64,16,4,ok,8.4111,16.34,128,2,57344,0.36
4096,False,64,64,16,5,ok,8.3251,16.51,128,2,73728,0.36
4096,False,64,128,1,1,ok,5.9607,23.06,255,672,24576,2.37
4096,False,64,128,1,2,ok,7.9268,17.34,255,786,40960,2.19
4096,False,64,128,1,3,ok,14.9571,9.19,255,750,73728,2.56
4096,False,64,128,1,4,out_of_smem,,,,,,2.46
4096,False,64,128,1,5,out_of_smem,,,,,,2.94
4096,False,64,128,2,1,ok,2.2962,59.86,255,70,24576,0.99
4096,False,64,128,2,2,ok,2.7290,50.36,255,198,40960,1.04
4096,False,64,128,2,3,ok,4.7913,28.69,255,162,73728,1.03
4096,False,64,128,2,4,out_of_smem,,,,,,1.25
4096,False,64,128,2,5,out_of_smem,,,,,,1.25
4096,False,64,128,4,1,ok,2.2917,59.97,255,10,24576,0.59
4096,False,64,128,4,2,ok,1.9815,69.36,255,2,40960,0.59
4096,False,64,128,4,3,ok,2.3020,59.71,255,0,73728,0.64
4096,False,64,128,4,4,out_of_smem,,,,,,0.65
4096,False,64,128,4,5,out_of_smem,,,,,,0.69
4096,False,64,128,8,1,ok,5.0790,27.06,255,16,24576,0.62
4096,False,64,128,8,2,ok,4.4345,30.99,250,0,40960,0.51
4096,False,64,128,8,3,ok,4.1810,32.87,190,0,73728,0.50
4096,False,64,128,8,4,out_of_smem,,,,,,0.54
4096,False,64,128,8,5,out_of_smem,,,,,,0.58
4096,False,64,128,16,1,ok,12.0607,11.40,128,134,24576,0.50
4096,False,64,128,16,2,ok,10.9239,12.58,128,102,40960,0.49
4096,False,64,128,16,3,ok,9.0414,15.20,128,40,73728,0.50
4096,False,64,128,16,4,out_of_smem,,,,,,0.48
4096,False,64,128,16,5,out_of_smem,,,,,,0.48
4096,False,64,256,1,1,skipped_regs,,,,,,0.00
4096,False,64,256,1,2,skipped_regs,,,,,,0.00
4096,False,64,256,1,3,skipped_regs,,,,,,0.00
4096,False,64,256,1,4,skipped_regs,,,,,,0.00
4096,False,64,256,1,5,skipped_regs,,,,,,0.00
4096,False,64,256,2,1,ok,6.0938,22.55,255,634,40960,1.96
4096,False,64,256,2,2,ok,44.6633,3.08,40,2676,73728,2.41
4096,False,64,256,2,3,out_of_smem,,,,,,2.65
4096,False,64,256,2,4,out_of_smem,,,,,,3.01
4096,False,64,256,2,5,out_of_smem,,,,,,3.40
4096,False,64,256,4,1,ok,3.2410,42.41,255,202,40960,1.04
4096,False,64,256,4,2,ok,2.6266,52.33,255,162,73728,1.14
4096,False,64,256,4,3,out_of_smem,,,,,,1.28
4096,False,64,256,4,4,out_of_smem,,,,,,1.33
4096,False,64,256,4,5,out_of_smem,,,,,,1.43
4096,False,64,256,8,1,ok,5.6171,24.47,255,138,40960,0.97
4096,False,64,256,8,2,ok,5.0715,27.10,255,110,73728,0.92
4096,False,64,256,8,3,out_of_smem,,,,,,1.11
4096,False,64,256,8,4,out_of_smem,,,,,,1.05
4096,False,64,256,8,5,out_of_smem,,,,,,1.10
4096,False,64,256,16,1,ok,209.9822,0.65,64,820,40960,0.94
4096,False,64,256,16,2,ok,180.2168,0.76,64,830,73728,0.95
4096,False,64,256,16,3,out_of_smem,,,,,,0.97
4096,False,64,256,16,4,out_of_smem,,,,,,0.92
4096,False,64,256,16,5,out_of_smem,,,,,,0.94
4096,False,128,16,1,1,ok,6.7277,20.43,255,246,18432,1.26
4096,False,128,16,1,2,ok,6.4886,21.18,255,210,20480,1.26
4096,False,128,16,1,3,ok,6.4625,21.27,255,216,24576,1.31
4096,False,128,16,1,4,ok,7.9821,17.22,255,218,28672,1.29
4096,False,128,16,1,5,ok,8.1296,16.91,255,218,32768,1.34
4096,False,128,16,2,1,ok,2.5395,54.12,255,2,18432,0.60
4096,False,128,16,2,2,ok,2.2374,61.43,255,0,20480,0.62
4096,False,128,16,2,3,ok,2.2497,61.09,255,2,24576,0.59
4096,False,128,16,2,4,ok,2.3727,57.93,255,2,28672,0.63
4096,False,128,16,2,5,ok,2.3702,57.99,255,2,32768,0.64
4096,False,128,16,4,1,ok,2.2866,60.11,167,0,18432,0.35
4096,False,128,16,4,2,ok,2.1347,64.38,168,0,20480,0.35
4096,False,128,16,4,3,ok,2.1750,63.19,168,6,24576,0.36
4096,False,128,16,4,4,ok,2.1627,63.55,168,6,28672,0.37
4096,False,128,16,4,5,ok,2.3004,59.75,168,6,32768,0.39
4096,False,128,16,8,1,ok,2.8088,48.93,112,0,18432,0.27
4096,False,128,16,8,2,ok,2.4281,56.60,95,0,20480,0.27
4096,False,128,16,8,3,ok,2.2129,62.11,116,0,24576,0.29
4096,False,128,16,8,4,ok,2.2067,62.28,116,0,28672,0.29
4096,False,128,16,8,5,ok,2.3946,57.39,116,0,32768,0.29
4096,False,128,16,16,1,ok,6.8895,19.95,112,0,18432,0.25
4096,False,128,16,16,2,ok,5.2736,26.06,94,0,20480,0.25
4096,False,128,16,16,3,ok,5.3233,25.82,98,0,24576,0.28
4096,False,128,16,16,4,ok,5.3043,25.91,98,0,28672,0.28
4096,False,128,16,16,5,ok,5.0460,27.24,102,0,32768,0.29
4096,False,128,32,1,1,ok,9.5508,14.39,168,760,20480,1.59
4096,False,128,32,1,2,ok,9.9943,13.75,168,754,24576,1.71
4096,False,128,32,1,3,ok,10.4757,13.12,168,762,32768,1.72
4096,False,128,32,1,4,ok,12.7427,10.79,168,762,40960,1.77
4096,False,128,32,1,5,ok,12.6303,10.88,168,762,49152,2.00
4096,False,128,32,2,1,ok,2.5201,54.54,255,66,20480,0.76
4096,False,128,32,2,2,ok,2.3188,59.27,255,38,24576,0.73
4096,False,128,32,2,3,ok,2.6245,52.37,255,54,32768,0.82
4096,False,128,32,2,4,ok,2.7411,50.14,255,54,40960,0.77
4096,False,128,32,2,5,ok,2.7392,50.17,255,54,49152,0.96
4096,False,128,32,4,1,ok,2.2627,60.74,219,0,20480,0.56
4096,False,128,32,4,2,ok,2.1791,63.07,242,0,24576,0.42
4096,False,128,32,4,3,ok,2.1094,65.15,245,0,32768,0.42
4096,False,128,32,4,4,ok,2.0931,65.66,245,0,40960,0.44
4096,False,128,32,4,5,ok,2.0992,65.47,245,0,49152,0.47
4096,False,128,32,8,1,ok,2.2666,60.64,128,0,20480,0.29
4096,False,128,32,8,2,ok,2.0531,66.94,128,0,24576,0.34
4096,False,128,32,8,3,ok,2.1337,64.41,154,0,32768,0.33
4096,False,128,32,8,4,ok,2.3122,59.44,154,0,40960,0.33
4096,False,128,32,8,5,ok,2.4566,55.95,154,0,49152,0.32
4096,False,128,32,16,1,ok,6.0099,22.87,128,0,20480,0.31
4096,False,128,32,16,2,ok,4.5507,30.20,125,0,24576,0.31
4096,False,128,32,16,3,ok,4.4853,30.64,125,0,32768,0.31
4096,False,128,32,16,4,ok,4.5292,30.35,125,0,40960,0.33
4096,False,128,32,16,5,ok,4.4995,30.55,125,0,49152,0.32
4096,False,128,64,1,1,ok,37.4981,3.67,80,1760,24576,2.72
4096,False,128,64,1,2,ok,22.7461,6.04,80,1650,32768,2.80
4096,False,128,64,1,3,ok,22.5044,6.11,80,1744,49152,2.94
4096,False,128,64,1,4,ok,36.0396,3.81,80,1762,65536,3.00
4096,False,128,64,1,5,ok,36.9592,3.72,80,1762,81920,3.24
4096,False,128,64,2,1,ok,3.3029,41.61,255,254,24576,1.03
4096,False,128,64,2,2,ok,60.9885,2.25,40,1484,32768,1.23
4096,False,128,64,2,3,ok,3.7888,36.28,255,284,49152,1.07
4096,False,128,64,2,4,ok,6.4358,21.36,255,284,65536,1.14
4096,False,128,64,2,5,ok,6.4118,21.44,255,284,81920,1.22
4096,False,128,64,4,1,ok,2.2036,62.37,255,6,24576,0.59
4096,False,128,64,4,2,ok,1.9814,69.36,255,2,32768,0.57
4096,False,128,64,4,3,ok,2.0111,68.34,255,0,49152,0.59
4096,False,128,64,4,4,ok,2.1637,63.52,255,0,65536,0.61
4096,False,128,64,4,5,ok,2.2564,60.91,255,0,81920,0.66
4096,False,128,64,8,1,ok,2.6532,51.80,175,0,24576,0.36
4096,False,128,64,8,2,ok,2.5211,54.52,168,0,32768,0.36
4096,False,128,64,8,3,ok,2.1289,64.56,153,0,49152,0.38
4096,False,128,64,8,4,ok,2.1330,64.43,153,0,65536,0.39
4096,False,128,64,8,5,ok,2.1350,64.37,153,0,81920,0.39
4096,False,128,64,16,1,ok,5.0145,27.41,128,16,24576,0.34
4096,False,128,64,16,2,ok,4.4933,30.59,128,2,32768,0.35
4096,False,128,64,16,3,ok,4.2986,31.97,128,2,49152,0.37
4096,False,128,64,16,4,ok,4.3090,31.90,128,2,65536,0.37
4096,False,128,64,16,5,ok,4.1421,33.18,128,2,81920,0.39
4096,False,128,128,1,1,skipped_regs,,,,,,0.00
4096,False,128,128,1,2,skipped_regs,,,,,,0.00
4096,False,128,128,1,3,skipped_regs,,,,,,0.00
4096,False,128,128,1,4,skipped_regs,,,,,,0.00
4096,False,128,128,1,5,skipped_regs,,,,,,0.00
4096,False,128,128,2,1,ok,76.4074,1.80,40,2628,32768,2.12
4096,False,128,128,2,2,ok,63.0272,2.18,40,2648,49152,2.18
4096,False,128,128,2,3,ok,45.6888,3.01,40,2740,81920,2.36
4096,False,128,128,2,4,out_of_smem,,,,,,2.41
4096,False,128,128,2,5,out_of_smem,,,,,,2.58
4096,False,128,128,4,1,ok,2.2661,60.65,255,108,32768,0.92
4096,False,128,128,4,2,ok,2.2103,62.18,255,150,49152,0.97
4096,False,128,128,4,3,ok,2.4279,56.61,255,104,81920,0.99
4096,False,128,128,4,4,out_of_smem,,,,,,1.03
4096,False,128,128,4,5,out_of_smem,,,,,,1.11
4096,False,128,128,8,1,ok,2.5315,54.29,255,16,32768,0.55
4096,False,128,128,8,2,ok,2.2497,61.09,255,0,49152,0.53
4096,False,128,128,8,3,ok,2.0604,66.70,194,0,81920,0.56
4096,False,128,128,8,4,out_of_smem,,,,,,0.68
4096,False,128,128,8,5,out_of_smem,,,,,,0.59
4096,False,128,128,16,1,ok,6.2295,22.06,128,136,32768,0.51
4096,False,128,128,16,2,ok,5.5014,24.98,128,102,49152,0.48
4096,False,128,128,16,3,ok,4.5855,29.97,128,40,81920,0.50
4096,False,128,128,16,4,out_of_smem,,,,,,0.53
4096,False,128,128,16,5,out_of_smem,,,,,,0.53
4096,False,128,256,1,1,skipped_regs,,,,,,0.00
4096,False,128,256,1,2,skipped_regs,,,,,,0.00
4096,False,128,256,1,3,skipped_regs,,,,,,0.00
4096,False,128,256,1,4,skipped_regs,,,,,,0.00
4096,False,128,256,1,5,skipped_regs,,,,,,0.00
4096,False,128,256,2,1,skipped_regs,,,,,,0.00
4096,False,128,256,2,2,skipped_regs,,,,,,0.00
4096,False,128,256,2,3,skipped_regs,,,,,,0.00
4096,False,128,256,2,4,skipped_regs,,,,,,0.00
4096,False,128,256,2,5,skipped_regs,,,,,,0.00
4096,False,128,256,4,1,ok,8.0189,17.14,255,578,49152,1.69
4096,False,128,256,4,2,ok,6.0498,22.72,255,666,81920,1.78
4096,False,128,256,4,3,out_of_smem,,,,,,1.88
4096,False,128,256,4,4,out_of_smem,,,,,,2.25
4096,False,128,256,4,5,out_of_smem,,,,,,2.11
4096,False,128,256,8,1,ok,2.7995,49.09,255,138,49152,0.93
4096,False,128,256,8,2,ok,2.5027,54.92,255,116,81920,0.92
4096,False,128,256,8,3,out_of_smem,,,,,,1.00
4096,False,128,256,8,4,out_of_smem,,,,,,0.98
4096,False,128,256,8,5,out_of_smem,,,,,,1.19
4096,False,128,256,16,1,ok,105.2211,1.31,64,842,49152,1.03
4096,False,128,256,16,2,ok,90.8338,1.51,64,830,81920,1.01
4096,False,128,256,16,3,out_of_smem,,,,,,1.07
4096,False,128,256,16,4,out_of_smem,,,,,,0.97
4096,False,128,256,16,5,out_of_smem,,,,,,1.02
4096,False,256,16,1,1,skipped_regs,,,,,,0.00
4096,False,256,16,1,2,skipped_regs,,,,,,0.00
4096,False,256,16,1,3,skipped_regs,,,,,,0.00
4096,False,256,16,1,4,skipped_regs,,,,,,0.00
4096,False,256,16,1,5,skipped_regs,,,,,,0.00
4096,False,256,16,2,1,ok,6.9628,19.74,255,274,34816,1.30
4096,False,256,16,2,2,ok,6.2813,21.88,255,210,36864,1.26
4096,False,256,16,2,3,ok,6.6376,20.71,255,210,40960,1.34
4096,False,256,16,2,4,ok,6.3447,21.66,255,210,45056,1.34
4096,False,256,16,2,5,ok,6.5393,21.02,255,210,49152,1.33
4096,False,256,16,4,1,ok,2.5375,54.16,255,0,34816,0.62
4096,False,256,16,4,2,ok,2.2743,60.43,255,0,36864,0.60
4096,False,256,16,4,3,ok,2.2979,59.81,255,0,40960,0.63
4096,False,256,16,4,4,ok,2.2958,59.87,255,0,45056,0.59
4096,False,256,16,4,5,ok,2.2948,59.89,255,0,49152,0.62
4096,False,256,16,8,1,ok,3.6086,38.09,191,0,34816,0.39
4096,False,256,16,8,2,ok,2.7361,50.23,172,0,36864,0.35
4096,False,256,16,8,3,ok,2.5330,54.26,170,0,40960,0.36
4096,False,256,16,8,4,ok,2.5416,54.08,170,0,45056,0.37
4096,False,256,16,8,5,ok,2.5388,54.13,170,0,49152,0.37
4096,False,256,16,16,1,ok,3.4924,39.35,111,0,34816,0.25
4096,False,256,16,16,2,ok,2.6877,51.14,96,0,36864,0.27
4096,False,256,16,16,3,ok,2.4033,57.19,99,0,40960,0.26
4096,False,256,16,16,4,ok,2.4064,57.11,99,0,45056,0.37
4096,False,256,16,16,5,ok,2.4556,55.97,99,0,49152,0.29
4096,False,256,32,1,1,skipped_regs,,,,,,0.00
4096,False,256,32,1,2,skipped_regs,,,,,,0.00
4096,False,256,32,1,3,skipped_regs,,,,,,0.00
4096,False,256,32,1,4,skipped_regs,,,,,,0.00
4096,False,256,32,1,5,skipped_regs,,,,,,0.00
4096,False,256,32,2,1,ok,61.1543,2.25,40,1744,36864,1.75
4096,False,256,32,2,2,ok,60.1825,2.28,40,1718,40960,1.78
4096,False,256,32,2,3,ok,64.1527,2.14,40,1754,49152,1.91
4096,False,256,32,2,4,ok,43.8840,3.13,40,1754,57344,1.81
4096,False,256,32,2,5,ok,42.9891,3.20,40,1754,65536,1.86
4096,False,256,32,4,1,ok,2.4438,56.24,255,32,36864,0.72
4096,False,256,32,4,2,ok,2.2395,61.37,255,24,40960,0.71
4096,False,256,32,4,3,ok,2.3039,59.66,255,46,49152,0.71
4096,False,256,32,4,4,ok,2.7996,49.09,255,46,57344,0.74
4096,False,256,32,4,5,ok,2.7955,49.16,255,46,65536,0.80
4096,False,256,32,8,1,ok,2.8027,49.04,219,0,36864,0.38
4096,False,256,32,8,2,ok,2.2349,61.50,248,0,40960,0.41
4096,False,256,32,8,3,ok,2.2548,60.95,254,0,49152,0.43
4096,False,256,32,8,4,ok,2.2446,61.23,254,0,57344,0.40
4096,False,256,32,8,5,ok,2.2610,60.79,254,0,65536,0.45
4096,False,256,32,16,1,ok,3.0930,44.44,128,0,36864,0.35
4096,False,256,32,16,2,ok,2.4228,56.73,126,0,40960,0.34
4096,False,256,32,16,3,ok,2.2979,59.81,127,0,49152,0.30
4096,False,256,32,16,4,ok,2.3009,59.73,127,0,57344,0.33
4096,False,256,32,16,5,ok,2.3050,59.63,127,0,65536,0.34
4096,False,256,64,1,1,skipped_regs,,,,,,0.00
4096,False,256,64,1,2,skipped_regs,,,,,,0.00
4096,False,256,64,1,3,skipped_regs,,,,,,0.00
4096,False,256,64,1,4,skipped_regs,,,,,,0.00
4096,False,256,64,1,5,skipped_regs,,,,,,0.00
4096,False,256,64,2,1,ok,77.7789,1.77,40,2900,40960,3.00
4096,False,256,64,2,2,ok,74.3025,1.85,40,2926,49152,2.86
4096,False,256,64,2,3,ok,52.9052,2.60,40,2888,65536,2.95
4096,False,256,64,2,4,ok,54.1143,2.54,40,2888,81920,2.99
4096,False,256,64,2,5,ok,52.7667,2.60,40,2888,98304,3.14
4096,False,256,64,4,1,ok,72.7357,1.89,40,1466,40960,1.17
4096,False,256,64,4,2,ok,68.5476,2.01,40,1438,49152,1.19
4096,False,256,64,4,3,ok,3.7367,36.78,255,264,65536,1.04
4096,False,256,64,4,4,ok,3.8211,35.97,255,264,81920,1.12
4096,False,256,64,4,5,ok,3.7857,36.30,255,264,98304,1.12
4096,False,256,64,8,1,ok,2.4945,55.10,255,6,40960,0.55
4096,False,256,64,8,2,ok,2.1668,63.43,255,0,49152,0.56
4096,False,256,64,8,3,ok,2.1924,62.69,255,4,65536,0.60
4096,False,256,64,8,4,ok,2.1969,62.56,255,4,81920,0.59
4096,False,256,64,8,5,ok,2.1985,62.51,255,4,98304,0.63
4096,False,256,64,16,1,ok,2.5912,53.04,128,16,40960,0.36
4096,False,256,64,16,2,ok,2.2108,62.17,128,4,49152,0.36
4096,False,256,64,16,3,ok,2.1955,62.60,128,2,65536,0.40
4096,False,256,64,16,4,ok,2.1965,62.57,128,2,81920,0.39
4096,False,256,64,16,5,ok,2.1862,62.87,128,0,98304,0.37
4096,False,256,128,1,1,skipped_regs,,,,,,0.00
4096,False,256,128,1,2,skipped_regs,,,,,,0.00
4096,False,256,128,1,3,skipped_regs,,,,,,0.00
4096,False,256,128,1,4,skipped_regs,,,,,,0.00
4096,False,256,128,1,5,skipped_regs,,,,,,0.00
4096,False,256,128,2,1,skipped_regs,,,,,,0.00
4096,False,256,128,2,2,skipped_regs,,,,,,0.00
4096,False,256,128,2,3,skipped_regs,,,,,,0.00
4096,False,256,128,2,4,skipped_regs,,,,,,0.00
4096,False,256,128,2,5,skipped_regs,,,,,,0.00
4096,False,256,128,4,1,ok,78.4046,1.75,40,2608,49152,2.11
4096,False,256,128,4,2,ok,67.6721,2.03,40,2724,65536,2.19
4096,False,256,128,4,3,ok,66.6982,2.06,40,2746,98304,2.21
4096,False,256,128,4,4,out_of_smem,,,,,,2.26
4096,False,256,128,4,5,out_of_smem,,,,,,2.40
4096,False,256,128,8,1,ok,2.6890,51.11,255,148,49152,0.89
4096,False,256,128,8,2,ok,2.6588,51.69,255,152,65536,0.91
4096,False,256,128,8,3,ok,2.3875,57.57,255,94,98304,0.91
4096,False,256,128,8,4,out_of_smem,,,,,,1.02
4096,False,256,128,8,5,out_of_smem,,,,,,1.02
4096,False,256,128,16,1,ok,3.1092,44.20,128,134,49152,0.55
4096,False,256,128,16,2,ok,2.8129,48.86,128,108,65536,0.48
4096,False,256,128,16,3,ok,2.3332,58.91,128,34,98304,0.51
4096,False,256,128,16,4,out_of_smem,,,,,,0.54
4096,False,256,128,16,5,out_of_smem,,,,,,0.56
4096,False,256,256,1,1,skipped_regs,,,,,,0.00
4096,False,256,256,1,2,skipped_regs,,,,,,0.00
4096,False,256,256,1,3,skipped_regs,,,,,,0.00
4096,False,256,256,1,4,skipped_regs,,,,,,0.00
4096,False,256,256,1,5,skipped_regs,,,,,,0.00
4096,False,256,256,2,1,skipped_regs,,,,,,0.00
4096,False,256,256,2,2,skipped_regs,,,,,,0.00
4096,False,256,256,2,3,skipped_regs,,,,,,0.00
4096,False,256,256,2,4,skipped_regs,,,,,,0.00
4096,False,256,256,2,5,skipped_regs,,,,,,0.00
4096,False,256,256,4,1,skipped_regs,,,,,,0.00
4096,False,256,256,4,2,skipped_regs,,,,,,0.00
4096,False,256,256,4,3,skipped_regs,,,,,,0.00
4096,False,256,256,4,4,skipped_regs,,,,,,0.00
4096,False,256,256,4,5,skipped_regs,,,,,,0.00
4096,False,256,256,8,1,ok,7.8766,17.45,255,584,65536,1.53
4096,False,256,256,8,2,ok,23.1741,5.93,128,990,98304,1.63
4096,False,256,256,8,3,out_of_smem,,,,,,1.72
4096,False,256,256,8,4,out_of_smem,,,,,,1.74
4096,False,256,256,8,5,out_of_smem,,,,,,1.80
4096,False,256,256,16,1,ok,42.0380,3.27,64,824,65536,0.96
4096,False,256,256,16,2,ok,44.8660,3.06,64,868,98304,0.92
4096,False,256,256,16,3,out_of_smem,,,,,,0.89
4096,False,256,256,16,4,out_of_smem,,,,,,0.89
4096,False,256,256,16,5,out_of_smem,,,,,,0.84
512,True,16,16,1,1,ok,0.0635,16.91,122,0,4096,0.47
512,True,16,16,1,2,ok,0.0563,19.07,113,0,6144,0.47
512,True,16,16,1,3,ok,0.0483,22.22,124,0,10240,0.48
512,True,16,16,1,4,ok,0.0522,20.56,125,0,14336,0.25
512,True,16,16,1,5,ok,0.0492,21.85,126,0,18432,0.26
512,True,16,16,2,1,ok,0.0707,15.20,80,0,4608,0.18
512,True,16,16,2,2,ok,0.0594,18.08,72,0,6656,0.19
512,True,16,16,2,3,ok,0.0553,19.42,96,0,10752,0.21
512,True,16,16,2,4,ok,0.0542,19.81,95,0,14848,0.21
512,True,16,16,2,5,ok,0.0594,18.08,95,0,18944,0.23
512,True,16,16,4,1,ok,0.0833,12.89,71,0,4608,0.17
512,True,16,16,4,2,ok,0.0717,14.98,64,0,6656,0.18
512,True,16,16,4,3,ok,0.0696,15.42,64,0,10752,0.18
512,True,16,16,4,4,ok,0.0689,15.59,64,0,14848,0.19
512,True,16,16,4,5,ok,0.0707,15.20,64,0,18944,0.20
512,True,16,16,8,1,ok,0.1413,7.60,80,0,4608,0.17
512,True,16,16,8,2,ok,0.1270,8.46,80,0,6656,0.17
512,True,16,16,8,3,ok,0.1352,7.94,97,0,10752,0.18
512,True,16,16,8,4,ok,0.1244,8.63,80,0,14848,0.19
512,True,16,16,8,5,ok,0.1260,8.53,80,0,18944,0.20
512,True,16,16,16,1,ok,0.3287,3.27,99,0,4608,0.17
512,True,16,16,16,2,ok,0.3236,3.32,96,0,6656,0.18
512,True,16,16,16,3,ok,0.3018,3.56,111,0,10752,0.17
512,True,16,16,16,4,ok,0.2970,3.62,114,0,14848,0.19
512,True,16,16,16,5,ok,0.3011,3.57,114,0,18944,0.21
512,True,16,32,1,1,ok,0.0553,19.42,128,2,6144,0.28
512,True,16,32,1,2,ok,0.0522,20.56,168,0,10240,0.27
512,True,16,32,1,3,ok,0.0540,19.88,168,0,18432,0.30
512,True,16,32,1,4,ok,0.0563,19.07,168,0,26624,0.34
512,True,16,32,1,5,ok,0.0717,14.98,168,0,34816,0.36
512,True,16,32,2,1,ok,0.0614,17.48,128,0,7168,0.22
512,True,16,32,2,2,ok,0.0553,19.42,96,0,11264,0.22
512,True,16,32,2,3,ok,0.0492,21.85,100,0,19456,0.31
512,True,16,32,2,4,ok,0.0573,18.72,100,0,27648,0.33
512,True,16,32,2,5,ok,0.0666,16.13,100,0,35840,0.34
512,True,16,32,4,1,ok,0.0645,16.64,80,0,7168,0.24
512,True,16,32,4,2,ok,0.0543,19.78,72,0,11264,0.20
512,True,16,32,4,3,ok,0.0543,19.78,72,0,19456,0.22
512,True,16,32,4,4,ok,0.0563,19.07,72,0,27648,0.22
512,True,16,32,4,5,ok,0.0666,16.13,72,0,35840,0.24
512,True,16,32,8,1,ok,0.0901,11.92,80,0,7168,0.18
512,True,16,32,8,2,ok,0.0756,14.20,64,0,11264,0.19
512,True,16,32,8,3,ok,0.0744,14.42,80,0,19456,0.20
512,True,16,32,8,4,ok,0.0840,12.79,97,0,27648,0.20
512,True,16,32,8,5,ok,0.0860,12.48,97,0,35840,0.21
512,True,16,32,16,1,ok,0.2068,5.19,99,0,7168,0.18
512,True,16,32,16,2,ok,0.1915,5.61,101,0,11264,0.18
512,True,16,32,16,3,ok,0.1751,6.13,100,0,19456,0.20
512,True,16,32,16,4,ok,0.1812,5.92,100,0,27648,0.20
512,True,16,32,16,5,ok,0.1843,5.83,100,0,35840,0.21
512,True,16,64,1,1,ok,0.0543,19.78,212,0,10240,0.40
512,True,16,64,1,2,ok,0.0553,19.42,165,0,18432,0.37
512,True,16,64,1,3,ok,0.0677,15.86,149,0,34816,0.45
512,True,16,64,1,4,ok,0.1219,8.81,156,0,51200,0.52
512,True,16,64,1,5,ok,0.1311,8.19,152,0,67584,0.58
512,True,16,64,2,1,ok,0.0543,19.78,123,0,12288,0.30
512,True,16,64,2,2,ok,0.0553,19.42,99,0,20480,0.28
512,True,16,64,2,3,ok,0.0616,17.44,100,0,36864,0.32
512,True,16,64,2,4,ok,0.0993,10.81,100,0,53248,0.39
512,True,16,64,2,5,ok,0.1034,10.38,102,0,69632,0.37
512,True,16,64,4,1,ok,0.0563,19.07,95,0,12288,0.25
512,True,16,64,4,2,ok,0.0547,19.62,96,0,20480,0.23
512,True,16,64,4,3,ok,0.0594,18.08,96,0,36864,0.26
512,True,16,64,4,4,ok,0.0840,12.79,96,0,53248,0.28
512,True,16,64,4,5,ok,0.0881,12.19,104,0,69632,0.28
512,True,16,64,8,1,ok,0.0676,15.89,80,0,12288,0.19
512,True,16,64,8,2,ok,0.0625,17.19,76,0,20480,0.20
512,True,16,64,8,3,ok,0.0645,16.64,80,0,36864,0.22
512,True,16,64,8,4,ok,0.0922,11.65,80,0,53248,0.23
512,True,16,64,8,5,ok,0.0963,11.16,80,0,69632,0.23
512,True,16,64,16,1,ok,0.1372,7.83,95,0,12288,0.17
512,True,16,64,16,2,ok,0.1290,8.32,95,0,20480,0.19
512,True,16,64,16,3,ok,0.1198,8.96,93,0,36864,0.19
512,True,16,64,16,4,ok,0.1239,8.67,95,0,53248,0.20
512,True,16,64,16,5,ok,0.1280,8.39,95,0,69632,0.22
512,True,16,128,1,1,ok,0.0768,13.98,255,56,18432,0.68
512,True,16,128,1,2,ok,0.0834,12.88,255,0,34816,0.68
512,True,16,128,1,3,ok,0.1485,7.23,197,0,67584,0.81
512,True,16,128,1,4,ok,0.1669,6.43,197,0,100352,0.99
512,True,16,128,1,5,out_of_smem,,,,,,1.12
512,True,16,128,2,1,ok,0.0584,18.40,214,0,22528,0.41
512,True,16,128,2,2,ok,0.0678,15.84,138,0,38912,0.45
512,True,16,128,2,3,ok,0.1034,10.38,139,0,71680,0.50
512,True,16,128,2,4,out_of_smem,,,,,,0.56
512,True,16,128,2,5,out_of_smem,,,,,,0.63
512,True,16,128,4,1,ok,0.0549,19.56,121,0,22528,0.30
512,True,16,128,4,2,ok,0.0614,17.48,107,0,38912,0.30
512,True,16,128,4,3,ok,0.0850,12.63,106,0,71680,0.34
512,True,16,128,4,4,out_of_smem,,,,,,0.38
512,True,16,128,4,5,out_of_smem,,,,,,0.41
512,True,16,128,8,1,ok,0.0677,15.87,117,0,22528,0.24
512,True,16,128,8,2,ok,0.0645,16.64,80,2,38912,0.25
512,True,16,128,8,3,ok,0.0901,11.92,84,0,71680,0.26
512,True,16,128,8,4,out_of_smem,,,,,,0.29
512,True,16,128,8,5,out_of_smem,,,,,,0.32
512,True,16,128,16,1,ok,0.1137,9.45,91,0,22528,0.22
512,True,16,128,16,2,ok,0.1094,9.81,84,0,38912,0.22
512,True,16,128,16,3,ok,0.1085,9.89,74,0,71680,0.23
512,True,16,128,16,4,out_of_smem,,,,,,0.24
512,True,16,128,16,5,out_of_smem,,,,,,0.25
512,True,16,256,1,1,ok,0.2215,4.85,255,488,34816,1.57
512,True,16,256,1,2,ok,0.2212,4.85,255,100,67584,1.46
512,True,16,256,1,3,out_of_smem,,,,,,1.80
512,True,16,256,1,4,out_of_smem,,,,,,2.31
512,True,16,256,1,5,out_of_smem,,,,,,2.85
512,True,16,256,2,1,ok,0.0922,11.65,255,46,43008,0.81
512,True,16,256,2,2,ok,0.1231,8.72,195,0,75776,0.80
512,True,16,256,2,3,out_of_smem,,,,,,0.96
512,True,16,256,2,4,out_of_smem,,,,,,1.18
512,True,16,256,2,5,out_of_smem,,,,,,1.31
512,True,16,256,4,1,ok,0.0707,15.20,186,0,43008,0.58
512,True,16,256,4,2,ok,0.0942,11.40,188,0,75776,0.50
512,True,16,256,4,3,out_of_smem,,,,,,0.77
512,True,16,256,4,4,out_of_smem,,,,,,0.74
512,True,16,256,4,5,out_of_smem,,,,,,0.97
512,True,16,256,8,1,ok,0.0696,15.42,128,0,43008,0.35
512,True,16,256,8,2,ok,0.0983,10.92,128,2,75776,0.44
512,True,16,256,8,3,out_of_smem,,,,,,0.45
512,True,16,256,8,4,out_of_smem,,,,,,0.60
512,True,16,256,8,5,out_of_smem,,,,,,0.51
512,True,16,256,16,1,ok,0.1098,9.78,108,0,43008,0.31
512,True,16,256,16,2,ok,0.1156,9.29,88,0,75776,0.30
512,True,16,256,16,3,out_of_smem,,,,,,0.36
512,True,16,256,16,4,out_of_smem,,,,,,0.35
512,True,16,256,16,5,out_of_smem,,,,,,0.41
512,True,32,16,1,1,ok,0.0689,15.58,175,0,6144,0.38
512,True,32,16,1,2,ok,0.0543,19.78,168,0,8192,0.42
512,True,32,16,1,3,ok,0.0492,21.85,168,0,12288,0.47
512,True,32,16,1,4,ok,0.0512,20.97,189,0,16384,0.54
512,True,32,16,1,5,ok,0.0553,19.42,189,0,20480,0.48
512,True,32,16,2,1,ok,0.0655,16.38,128,0,7168,0.36
512,True,32,16,2,2,ok,0.0563,19.07,121,0,9216,0.34
512,True,32,16,2,3,ok,0.0512,20.97,128,0,13312,0.38
512,True,32,16,2,4,ok,0.0584,18.40,128,0,17408,0.37
512,True,32,16,2,5,ok,0.0563,19.07,128,0,21504,0.46
512,True,32,16,4,1,ok,0.0870,12.34,108,0,7168,0.34
512,True,32,16,4,2,ok,0.0704,15.26,96,0,9216,0.26
512,True,32,16,4,3,ok,0.0625,17.19,96,0,13312,0.27
512,True,32,16,4,4,ok,0.0635,16.91,96,0,17408,0.28
512,True,32,16,4,5,ok,0.0635,16.91,96,0,21504,0.34
512,True,32,16,8,1,ok,0.1352,7.94,109,0,7168,0.24
512,True,32,16,8,2,ok,0.1188,9.04,103,0,9216,0.25
512,True,32,16,8,3,ok,0.1044,10.28,80,0,13312,0.33
512,True,32,16,8,4,ok,0.1065,10.08,80,0,17408,0.30
512,True,32,16,8,5,ok,0.1075,9.99,80,0,21504,0.29
512,True,32,16,16,1,ok,0.2732,3.93,103,0,7168,0.24
512,True,32,16,16,2,ok,0.2519,4.26,102,0,9216,0.26
512,True,32,16,16,3,ok,0.2396,4.48,87,0,13312,0.26
512,True,32,16,16,4,ok,0.2416,4.44,87,0,17408,0.26
512,True,32,16,16,5,ok,0.2437,4.41,87,0,21504,0.26
512,True,32,32,1,1,ok,0.0563,19.07,204,0,8192,0.41
512,True,32,32,1,2,ok,0.0522,20.56,224,0,12288,0.43
512,True,32,32,1,3,ok,0.0471,22.80,227,0,20480,0.47
512,True,32,32,1,4,ok,0.0553,19.42,231,0,28672,0.50
512,True,32,32,1,5,ok,0.0635,16.91,231,0,36864,0.55
512,True,32,32,2,1,ok,0.0604,17.77,166,0,10240,0.33
512,True,32,32,2,2,ok,0.0547,19.63,134,0,14336,0.34
512,True,32,32,2,3,ok,0.0502,21.40,155,0,22528,0.35
512,True,32,32,2,4,ok,0.0471,22.80,151,0,30720,0.36
512,True,32,32,2,5,ok,0.0584,18.40,151,0,38912,0.37
512,True,32,32,4,1,ok,0.0618,17.38,119,0,10240,0.25
512,True,32,32,4,2,ok,0.0543,19.78,96,0,14336,0.27
512,True,32,32,4,3,ok,0.0461,23.30,96,0,22528,0.29
512,True,32,32,4,4,ok,0.0513,20.95,96,0,30720,0.43
512,True,32,32,4,5,ok,0.0532,20.16,96,0,38912,0.31
512,True,32,32,8,1,ok,0.0850,12.63,108,0,10240,0.24
512,True,32,32,8,2,ok,0.0748,14.36,103,0,14336,0.31
512,True,32,32,8,3,ok,0.0676,15.89,96,0,22528,0.33
512,True,32,32,8,4,ok,0.0676,15.89,97,0,30720,0.28
512,True,32,32,8,5,ok,0.0685,15.68,97,0,38912,0.34
512,True,32,32,16,1,ok,0.1597,6.72,105,0,10240,0.24
512,True,32,32,16,2,ok,0.1485,7.23,105,0,14336,0.26
512,True,32,32,16,3,ok,0.1413,7.60,87,0,22528,0.25
512,True,32,32,16,4,ok,0.1444,7.44,87,0,30720,0.26
512,True,32,32,16,5,ok,0.1464,7.33,87,0,38912,0.38
512,True,32,64,1,1,ok,0.0532,20.16,248,0,12288,0.81
512,True,32,64,1,2,ok,0.0512,20.97,255,0,20480,0.83
512,True,32,64,1,3,ok,0.0625,17.19,255,0,36864,0.90
512,True,32,64,1,4,ok,0.1065,10.08,255,0,53248,0.80
512,True,32,64,1,5,ok,0.1116,9.62,255,14,69632,0.99
512,True,32,64,2,1,ok,0.0522,20.56,164,0,16384,0.46
512,True,32,64,2,2,ok,0.0532,20.16,168,2,24576,0.47
512,True,32,64,2,3,ok,0.0529,20.29,168,4,40960,0.52
512,True,32,64,2,4,ok,0.0778,13.80,168,4,57344,0.66
512,True,32,64,2,5,ok,0.0799,13.44,168,4,73728,0.61
512,True,32,64,4,1,ok,0.0560,19.18,135,0,16384,0.36
512,True,32,64,4,2,ok,0.0451,23.83,126,0,24576,0.33
512,True,32,64,4,3,ok,0.0495,21.68,128,0,40960,0.36
512,True,32,64,4,4,ok,0.0635,16.91,128,0,57344,0.42
512,True,32,64,4,5,ok,0.0655,16.38,128,0,73728,0.45
512,True,32,64,8,1,ok,0.0625,17.19,108,0,16384,0.25
512,True,32,64,8,2,ok,0.0584,18.40,106,0,24576,0.27
512,True,32,64,8,3,ok,0.0516,20.80,99,0,40960,0.28
512,True,32,64,8,4,ok,0.0686,15.65,99,0,57344,0.31
512,True,32,64,8,5,ok,0.0696,15.43,99,0,73728,0.32
512,True,32,64,16,1,ok,0.1044,10.28,108,0,16384,0.29
512,True,32,64,16,2,ok,0.0993,10.81,103,0,24576,0.29
512,True,32,64,16,3,ok,0.0932,11.52,87,0,40960,0.26
512,True,32,64,16,4,ok,0.0963,11.16,87,0,57344,0.31
512,True,32,64,16,5,ok,0.0983,10.92,87,0,73728,0.30
512,True,32,128,1,1,ok,0.0848,12.67,255,122,20480,1.28
512,True,32,128,1,2,ok,0.0911,11.78,255,118,36864,1.09
512,True,32,128,1,3,ok,0.1382,7.77,255,76,69632,1.40
512,True,32,128,1,4,out_of_smem,,,,,,1.65
512,True,32,128,1,5,out_of_smem,,,,,,1.72
512,True,32,128,2,1,ok,0.0553,19.42,250,0,28672,0.78
512,True,32,128,2,2,ok,0.0563,19.07,255,0,45056,0.71
512,True,32,128,2,3,ok,0.0809,13.27,255,0,77824,0.79
512,True,32,128,2,4,out_of_smem,,,,,,0.90
512,True,32,128,2,5,out_of_smem,,,,,,1.19
512,True,32,128,4,1,ok,0.0502,21.40,160,0,28672,0.50
512,True,32,128,4,2,ok,0.0495,21.71,168,2,45056,0.55
512,True,32,128,4,3,ok,0.0625,17.19,168,2,77824,0.62
512,True,32,128,4,4,out_of_smem,,,,,,0.57
512,True,32,128,4,5,out_of_smem,,,,,,0.66
512,True,32,128,8,1,ok,0.0573,18.72,128,2,28672,0.36
512,True,32,128,8,2,ok,0.0502,21.40,128,0,45056,0.47
512,True,32,128,8,3,ok,0.0625,17.19,128,0,77824,0.45
512,True,32,128,8,4,out_of_smem,,,,,,0.43
512,True,32,128,8,5,out_of_smem,,,,,,0.45
512,True,32,128,16,1,ok,0.0860,12.48,108,0,28672,0.36
512,True,32,128,16,2,ok,0.0840,12.79,101,0,45056,0.33
512,True,32,128,16,3,ok,0.0829,12.95,104,0,77824,0.39
512,True,32,128,16,4,out_of_smem,,,,,,0.43
512,True,32,128,16,5,out_of_smem,,,,,,0.44
512,True,32,256,1,1,ok,0.2335,4.60,255,830,36864,3.03
512,True,32,256,1,2,ok,0.3030,3.54,255,662,69632,3.52
512,True,32,256,1,3,out_of_smem,,,,,,3.08
512,True,32,256,1,4,out_of_smem,,,,,,3.59
512,True,32,256,1,5,out_of_smem,,,,,,3.83
512,True,32,256,2,1,ok,0.1178,9.12,255,76,53248,1.21
512,True,32,256,2,2,ok,0.1096,9.80,255,56,86016,1.21
512,True,32,256,2,3,out_of_smem,,,,,,1.37
512,True,32,256,2,4,out_of_smem,,,,,,1.59
512,True,32,256,2,5,out_of_smem,,,,,,1.78
512,True,32,256,4,1,ok,0.0788,13.62,215,0,53248,0.73
512,True,32,256,4,2,ok,0.0696,15.42,255,2,86016,0.73
512,True,32,256,4,3,out_of_smem,,,,,,0.88
512,True,32,256,4,4,out_of_smem,,,,,,0.93
512,True,32,256,4,5,out_of_smem,,,,,,1.11
512,True,32,256,8,1,ok,0.0737,14.56,171,0,53248,0.57
512,True,32,256,8,2,ok,0.0707,15.20,174,0,86016,0.56
512,True,32,256,8,3,out_of_smem,,,,,,0.62
512,True,32,256,8,4,out_of_smem,,,,,,0.62
512,True,32,256,8,5,out_of_smem,,,,,,0.68
512,True,32,256,16,1,ok,0.0860,12.48,125,0,53248,0.39
512,True,32,256,16,2,ok,0.0870,12.34,124,0,86016,0.38
512,True,32,256,16,3,out_of_smem,,,,,,0.45
512,True,32,256,16,4,out_of_smem,,,,,,0.46
512,True,32,256,16,5,out_of_smem,,,,,,0.48
512,True,64,16,1,1,ok,0.0748,14.36,255,2,10240,0.62
512,True,64,16,1,2,ok,0.0666,16.13,255,0,12288,0.61
512,True,64,16,1,3,ok,0.0634,16.93,255,0,16384,0.66
512,True,64,16,1,4,ok,0.0686,15.65,255,0,20480,0.67
512,True,64,16,1,5,ok,0.0696,15.42,255,0,24576,0.66
512,True,64,16,2,1,ok,0.0604,17.77,164,0,10240,0.35
512,True,64,16,2,2,ok,0.0553,19.42,168,0,12288,0.35
512,True,64,16,2,3,ok,0.0532,20.16,168,0,16384,0.41
512,True,64,16,2,4,ok,0.0512,20.97,168,0,20480,0.39
512,True,64,16,2,5,ok,0.0503,21.35,168,0,24576,0.40
512,True,64,16,4,1,ok,0.0574,18.71,116,0,10240,0.26
512,True,64,16,4,2,ok,0.0502,21.40,96,0,12288,0.27
512,True,64,16,4,3,ok,0.0420,25.58,95,0,16384,0.28
512,True,64,16,4,4,ok,0.0410,26.21,95,0,20480,0.30
512,True,64,16,4,5,ok,0.0420,25.58,95,0,24576,0.31
512,True,64,16,8,1,ok,0.0840,12.79,114,0,10240,0.26
512,True,64,16,8,2,ok,0.0696,15.42,94,0,12288,0.27
512,True,64,16,8,3,ok,0.0614,17.48,99,0,16384,0.27
512,True,64,16,8,4,ok,0.0614,17.48,99,0,20480,0.27
512,True,64,16,8,5,ok,0.0612,17.54,99,0,24576,0.29
512,True,64,16,16,1,ok,0.1580,6.80,103,0,10240,0.26
512,True,64,16,16,2,ok,0.1300,8.26,93,0,12288,0.26
512,True,64,16,16,3,ok,0.1116,9.62,97,0,16384,0.28
512,True,64,16,16,4,ok,0.1126,9.53,97,0,20480,0.28
512,True,64,16,16,5,ok,0.1137,9.45,97,0,24576,0.31
512,True,64,32,1,1,ok,0.0748,14.36,255,26,12288,0.74
512,True,64,32,1,2,ok,0.0737,14.56,255,54,16384,0.76
512,True,64,32,1,3,ok,0.0809,13.27,255,56,24576,0.81
512,True,64,32,1,4,ok,0.0819,13.11,255,56,32768,0.89
512,True,64,32,1,5,ok,0.0840,12.79,255,58,40960,0.93
512,True,64,32,2,1,ok,0.0563,19.07,222,0,12288,0.41
512,True,64,32,2,2,ok,0.0500,21.48,205,0,16384,0.42
512,True,64,32,2,3,ok,0.0430,24.97,211,0,24576,0.45
512,True,64,32,2,4,ok,0.0435,24.66,212,0,32768,0.45
512,True,64,32,2,5,ok,0.0492,21.85,216,0,40960,0.50
512,True,64,32,4,1,ok,0.0553,19.42,135,0,12288,0.30
512,True,64,32,4,2,ok,0.0474,22.66,137,0,16384,0.30
512,True,64,32,4,3,ok,0.0410,26.21,137,0,24576,0.00
512,True,64,32,4,4,ok,0.0420,25.58,128,0,32768,0.34
512,True,64,32,4,5,ok,0.0389,27.59,128,0,40960,0.36
512,True,64,32,8,1,ok,0.0686,15.65,128,0,12288,0.29
512,True,64,32,8,2,ok,0.0604,17.77,128,0,16384,0.30
512,True,64,32,8,3,ok,0.0594,18.08,128,0,24576,0.29
512,True,64,32,8,4,ok,0.0563,19.07,128,0,32768,0.33
512,True,64,32,8,5,ok,0.0589,18.22,128,0,40960,0.34
512,True,64,32,16,1,ok,0.1352,7.94,128,0,12288,0.29
512,True,64,32,16,2,ok,0.1055,10.18,126,0,16384,0.30
512,True,64,32,16,3,ok,0.1055,10.18,124,0,24576,0.31
512,True,64,32,16,4,ok,0.1065,10.08,124,0,32768,0.31
512,True,64,32,16,5,ok,0.1075,9.99,124,0,40960,0.31
512,True,64,64,1,1,ok,0.0922,11.65,255,238,16384,1.13
512,True,64,64,1,2,ok,0.0983,10.92,255,226,24576,1.15
512,True,64,64,1,3,ok,0.1137,9.45,255,242,40960,1.25
512,True,64,64,1,4,ok,0.1526,7.04,255,242,57344,1.33
512,True,64,64,1,5,ok,0.1546,6.94,255,242,73728,1.41
512,True,64,64,2,1,ok,0.0502,21.40,250,0,16384,0.60
512,True,64,64,2,2,ok,0.0461,23.30,255,2,24576,0.63
512,True,64,64,2,3,ok,0.0440,24.39,255,2,40960,0.62
512,True,64,64,2,4,ok,0.0616,17.44,255,2,57344,0.69
512,True,64,64,2,5,ok,0.0625,17.19,255,2,73728,0.76
512,True,64,64,4,1,ok,0.0532,20.16,185,0,16384,0.41
512,True,64,64,4,2,ok,0.0420,25.58,168,0,24576,0.41
512,True,64,64,4,3,ok,0.0440,24.39,158,0,40960,0.41
512,True,64,64,4,4,ok,0.0430,24.98,158,0,57344,0.43
512,True,64,64,4,5,ok,0.0461,23.30,176,0,73728,0.55
512,True,64,64,8,1,ok,0.0748,14.36,177,0,16384,0.45
512,True,64,64,8,2,ok,0.0676,15.89,161,0,24576,0.42
512,True,64,64,8,3,ok,0.0604,17.77,153,0,40960,0.48
512,True,64,64,8,4,ok,0.0614,17.48,154,0,57344,0.51
512,True,64,64,8,5,ok,0.0614,17.48,154,0,73728,0.55
512,True,64,64,16,1,ok,0.1208,8.89,128,16,16384,0.40
512,True,64,64,16,2,ok,0.1034,10.38,128,6,24576,0.35
512,True,64,64,16,3,ok,0.1022,10.50,128,2,40960,0.37
512,True,64,64,16,4,ok,0.1025,10.47,128,2,57344,0.45
512,True,64,64,16,5,ok,0.1055,10.18,128,2,73728,0.44
512,True,64,128,1,1,ok,0.1741,6.17,255,686,24576,2.45
512,True,64,128,1,2,ok,0.1833,5.86,255,658,40960,2.26
512,True,64,128,1,3,ok,0.2580,4.16,255,688,73728,2.66
512,True,64,128,1,4,out_of_smem,,,,,,2.69
512,True,64,128,1,5,out_of_smem,,,,,,2.79
512,True,64,128,2,1,ok,0.0696,15.42,255,76,24576,1.09
512,True,64,128,2,2,ok,0.0717,14.97,255,116,40960,1.01
512,True,64,128,2,3,ok,0.0796,13.50,255,74,73728,1.09
512,True,64,128,2,4,out_of_smem,,,,,,1.25
512,True,64,128,2,5,out_of_smem,,,,,,1.35
512,True,64,128,4,1,ok,0.0522,20.56,255,10,24576,0.63
512,True,64,128,4,2,ok,0.0451,23.83,255,0,40960,0.60
512,True,64,128,4,3,ok,0.0451,23.83,206,0,73728,0.77
512,True,64,128,4,4,out_of_smem,,,,,,0.67
512,True,64,128,4,5,out_of_smem,,,,,,0.68
512,True,64,128,8,1,ok,0.0778,13.80,255,10,24576,0.56
512,True,64,128,8,2,ok,0.0667,16.10,250,0,40960,0.55
512,True,64,128,8,3,ok,0.0663,16.19,194,0,73728,0.56
512,True,64,128,8,4,out_of_smem,,,,,,0.58
512,True,64,128,8,5,out_of_smem,,,,,,0.62
512,True,64,128,16,1,ok,0.1946,5.52,128,134,24576,0.50
512,True,64,128,16,2,ok,0.1762,6.09,128,102,40960,0.48
512,True,64,128,16,3,ok,0.1300,8.26,128,36,73728,0.51
512,True,64,128,16,4,out_of_smem,,,,,,0.54
512,True,64,128,16,5,out_of_smem,,,,,,0.57
512,True,64,256,1,1,skipped_regs,,,,,,0.00
512,True,64,256,1,2,skipped_regs,,,,,,0.00
512,True,64,256,1,3,skipped_regs,,,,,,0.00
512,True,64,256,1,4,skipped_regs,,,,,,0.00
512,True,64,256,1,5,skipped_regs,,,,,,0.00
512,True,64,256,2,1,ok,0.1628,6.59,255,600,40960,2.05
512,True,64,256,2,2,ok,0.8192,1.31,40,2582,73728,2.41
512,True,64,256,2,3,out_of_smem,,,,,,2.60
512,True,64,256,2,4,out_of_smem,,,,,,2.46
512,True,64,256,2,5,out_of_smem,,,,,,2.86
512,True,64,256,4,1,ok,0.0952,11.28,255,218,40960,1.13
512,True,64,256,4,2,ok,0.0676,15.89,255,72,73728,1.30
512,True,64,256,4,3,out_of_smem,,,,,,1.33
512,True,64,256,4,4,out_of_smem,,,,,,1.27
512,True,64,256,4,5,out_of_smem,,,,,,1.40
512,True,64,256,8,1,ok,0.1147,9.36,255,150,40960,1.09
512,True,64,256,8,2,ok,0.1065,10.08,255,102,73728,1.14
512,True,64,256,8,3,out_of_smem,,,,,,1.11
512,True,64,256,8,4,out_of_smem,,,,,,1.13
512,True,64,256,8,5,out_of_smem,,,,,,1.15
512,True,64,256,16,1,ok,2.5334,0.42,64,814,40960,1.00
512,True,64,256,16,2,ok,2.1786,0.49,64,836,73728,1.02
512,True,64,256,16,3,out_of_smem,,,,,,0.99
512,True,64,256,16,4,out_of_smem,,,,,,1.02
512,True,64,256,16,5,out_of_smem,,,,,,1.05
512,True,128,16,1,1,ok,0.1894,5.67,255,276,18432,1.28
512,True,128,16,1,2,ok,0.1751,6.13,255,230,20480,1.29
512,True,128,16,1,3,ok,0.1710,6.28,255,228,24576,1.33
512,True,128,16,1,4,ok,0.1700,6.32,255,226,28672,1.35
512,True,128,16,1,5,ok,0.1710,6.28,255,226,32768,1.38
512,True,128,16,2,1,ok,0.0819,13.11,255,0,18432,0.62
512,True,128,16,2,2,ok,0.0684,15.70,255,0,20480,0.57
512,True,128,16,2,3,ok,0.0698,15.39,255,0,24576,0.63
512,True,128,16,2,4,ok,0.0696,15.42,255,0,28672,0.64
512,True,128,16,2,5,ok,0.0707,15.20,255,0,32768,0.66
512,True,128,16,4,1,ok,0.0666,16.13,167,0,18432,0.34
512,True,128,16,4,2,ok,0.0563,19.07,180,0,20480,0.33
512,True,128,16,4,3,ok,0.0584,18.40,168,6,24576,0.36
512,True,128,16,4,4,ok,0.0584,18.40,168,6,28672,0.39
512,True,128,16,4,5,ok,0.0592,18.15,168,6,32768,0.40
512,True,128,16,8,1,ok,0.0655,16.38,113,0,18432,0.28
512,True,128,16,8,2,ok,0.0563,19.07,98,0,20480,0.27
512,True,128,16,8,3,ok,0.0469,22.91,102,0,24576,0.28
512,True,128,16,8,4,ok,0.0451,23.83,102,0,28672,0.29
512,True,128,16,8,5,ok,0.0436,24.64,102,0,32768,0.31
512,True,128,16,16,1,ok,0.1116,9.62,112,0,18432,0.25
512,True,128,16,16,2,ok,0.0930,11.54,94,0,20480,0.26
512,True,128,16,16,3,ok,0.0778,13.80,99,0,24576,0.28
512,True,128,16,16,4,ok,0.0769,13.97,99,0,28672,0.30
512,True,128,16,16,5,ok,0.0778,13.80,99,0,32768,0.30
512,True,128,32,1,1,ok,0.2193,4.90,168,758,20480,1.65
512,True,128,32,1,2,ok,0.2181,4.92,168,764,24576,1.74
512,True,128,32,1,3,ok,0.2192,4.90,168,740,32768,1.82
512,True,128,32,1,4,ok,0.2744,3.91,168,740,40960,1.90
512,True,128,32,1,5,ok,0.2794,3.84,168,740,49152,1.97
512,True,128,32,2,1,ok,0.0870,12.34,255,56,20480,0.79
512,True,128,32,2,2,ok,0.0788,13.62,255,34,24576,0.73
512,True,128,32,2,3,ok,0.0829,12.95,255,50,32768,0.79
512,True,128,32,2,4,ok,0.0707,15.20,255,50,40960,0.81
512,True,128,32,2,5,ok,0.0696,15.42,255,50,49152,0.84
512,True,128,32,4,1,ok,0.0563,19.07,218,0,20480,0.43
512,True,128,32,4,2,ok,0.0481,22.31,192,0,24576,0.43
512,True,128,32,4,3,ok,0.0415,25.86,244,0,32768,0.58
512,True,128,32,4,4,ok,0.0420,25.58,244,0,40960,0.50
512,True,128,32,4,5,ok,0.0420,25.58,244,0,49152,0.56
512,True,128,32,8,1,ok,0.0676,15.89,136,0,20480,0.31
512,True,128,32,8,2,ok,0.0563,19.07,141,0,24576,0.32
512,True,128,32,8,3,ok,0.0481,22.31,154,0,32768,0.32
512,True,128,32,8,4,ok,0.0421,25.50,156,0,40960,0.43
512,True,128,32,8,5,ok,0.0440,24.39,156,0,49152,0.36
512,True,128,32,16,1,ok,0.0932,11.52,128,0,20480,0.32
512,True,128,32,16,2,ok,0.0748,14.36,127,0,24576,0.44
512,True,128,32,16,3,ok,0.0686,15.65,127,0,32768,0.31
512,True,128,32,16,4,ok,0.0705,15.22,124,0,40960,0.33
512,True,128,32,16,5,ok,0.0707,15.20,124,0,49152,0.43
512,True,128,64,1,1,ok,0.4209,2.55,80,1894,24576,3.15
512,True,128,64,1,2,ok,0.4055,2.65,80,1800,32768,2.99
512,True,128,64,1,3,ok,0.4977,2.16,80,1734,49152,3.05
512,True,128,64,1,4,ok,0.5898,1.82,80,1734,65536,3.15
512,True,128,64,1,5,ok,0.5881,1.83,80,1760,81920,3.33
512,True,128,64,2,1,ok,0.1034,10.38,255,242,24576,1.11
512,True,128,64,2,2,ok,0.1014,10.59,255,230,32768,1.12
512,True,128,64,2,3,ok,0.0973,11.04,255,234,49152,1.15
512,True,128,64,2,4,ok,0.1144,9.38,255,238,65536,1.22
512,True,128,64,2,5,ok,0.1147,9.36,255,238,81920,1.25
512,True,128,64,4,1,ok,0.0502,21.40,255,0,24576,0.62
512,True,128,64,4,2,ok,0.0519,20.70,255,14,32768,0.62
512,True,128,64,4,3,ok,0.0430,24.97,255,2,49152,0.62
512,True,128,64,4,4,ok,0.0481,22.31,255,2,65536,0.65
512,True,128,64,4,5,ok,0.0492,21.85,255,2,81920,0.66
512,True,128,64,8,1,ok,0.0584,18.40,175,0,24576,0.38
512,True,128,64,8,2,ok,0.0532,20.16,166,0,32768,0.36
512,True,128,64,8,3,ok,0.0432,24.85,153,0,49152,0.40
512,True,128,64,8,4,ok,0.0471,22.80,153,0,65536,0.40
512,True,128,64,8,5,ok,0.0430,24.97,153,0,81920,0.42
512,True,128,64,16,1,ok,0.0860,12.48,128,16,24576,0.35
512,True,128,64,16,2,ok,0.0736,14.60,128,2,32768,0.36
512,True,128,64,16,3,ok,0.0676,15.89,128,2,49152,0.38
512,True,128,64,16,4,ok,0.0727,14.77,128,6,65536,0.40
512,True,128,64,16,5,ok,0.0727,14.77,128,6,81920,0.39
512,True,128,128,1,1,skipped_regs,,,,,,0.00
512,True,128,128,1,2,skipped_regs,,,,,,0.00
512,True,128,128,1,3,skipped_regs,,,,,,0.00
512,True,128,128,1,4,skipped_regs,,,,,,0.00
512,True,128,128,1,5,skipped_regs,,,,,,0.00
512,True,128,128,2,1,ok,0.7055,1.52,40,2606,32768,2.38
512,True,128,128,2,2,ok,0.7511,1.43,40,2670,49152,2.41
512,True,128,128,2,3,ok,0.7240,1.48,40,2640,81920,2.51
512,True,128,128,2,4,out_of_smem,,,,,,2.62
512,True,128,128,2,5,out_of_smem,,,,,,2.75
512,True,128,128,4,1,ok,0.0666,16.13,255,72,32768,0.99
512,True,128,128,4,2,ok,0.0726,14.79,255,116,49152,0.95
512,True,128,128,4,3,ok,0.0636,16.88,255,84,81920,0.98
512,True,128,128,4,4,out_of_smem,,,,,,1.06
512,True,128,128,4,5,out_of_smem,,,,,,1.15
512,True,128,128,8,1,ok,0.0604,17.77,255,18,32768,0.59
512,True,128,128,8,2,ok,0.0481,22.31,254,0,49152,0.56
512,True,128,128,8,3,ok,0.0440,24.39,203,0,81920,0.61
512,True,128,128,8,4,out_of_smem,,,,,,0.61
512,True,128,128,8,5,out_of_smem,,,,,,0.63
512,True,128,128,16,1,ok,0.1413,7.60,128,128,32768,0.52
512,True,128,128,16,2,ok,0.1219,8.81,128,100,49152,0.53
512,True,128,128,16,3,ok,0.0891,12.05,128,36,81920,0.54
512,True,128,128,16,4,out_of_smem,,,,,,0.57
512,True,128,128,16,5,out_of_smem,,,,,,0.58
512,True,128,256,1,1,skipped_regs,,,,,,0.00
512,True,128,256,1,2,skipped_regs,,,,,,0.00
512,True,128,256,1,3,skipped_regs,,,,,,0.00
512,True,128,256,1,4,skipped_regs,,,,,,0.00
512,True,128,256,1,5,skipped_regs,,,,,,0.00
512,True,128,256,2,1,skipped_regs,,,,,,0.00
512,True,128,256,2,2,skipped_regs,,,,,,0.00
512,True,128,256,2,3,skipped_regs,,,,,,0.00
512,True,128,256,2,4,skipped_regs,,,,,,0.00
512,True,128,256,2,5,skipped_regs,,,,,,0.00
512,True,128,256,4,1,ok,0.1843,5.83,255,548,49152,1.86
512,True,128,256,4,2,ok,0.1597,6.72,255,628,81920,2.05
512,True,128,256,4,3,out_of_smem,,,,,,2.39
512,True,128,256,4,4,out_of_smem,,,,,,2.60
512,True,128,256,4,5,out_of_smem,,,,,,2.67
512,True,128,256,8,1,ok,0.0872,12.31,255,172,49152,1.17
512,True,128,256,8,2,ok,0.0788,13.62,255,108,81920,1.03
512,True,128,256,8,3,out_of_smem,,,,,,1.05
512,True,128,256,8,4,out_of_smem,,,,,,1.13
512,True,128,256,8,5,out_of_smem,,,,,,1.42
512,True,128,256,16,1,ok,1.1916,0.90,64,796,49152,1.19
512,True,128,256,16,2,ok,1.1295,0.95,64,836,81920,1.32
512,True,128,256,16,3,out_of_smem,,,,,,1.13
512,True,128,256,16,4,out_of_smem,,,,,,1.05
512,True,128,256,16,5,out_of_smem,,,,,,1.14
512,True,256,16,1,1,skipped_regs,,,,,,0.00
512,True,256,16,1,2,skipped_regs,,,,,,0.00
512,True,256,16,1,3,skipped_regs,,,,,,0.00
512,True,256,16,1,4,skipped_regs,,,,,,0.00
512,True,256,16,1,5,skipped_regs,,,,,,0.00
512,True,256,16,2,1,ok,0.2008,5.35,255,280,34816,1.26
512,True,256,16,2,2,ok,0.1843,5.83,255,230,36864,1.32
512,True,256,16,2,3,ok,0.1792,5.99,255,226,40960,1.38
512,True,256,16,2,4,ok,0.1827,5.88,255,222,45056,1.32
512,True,256,16,2,5,ok,0.1833,5.86,255,222,49152,1.56
512,True,256,16,4,1,ok,0.0860,12.48,255,0,34816,0.58
512,True,256,16,4,2,ok,0.0717,14.98,255,0,36864,0.62
512,True,256,16,4,3,ok,0.0717,14.98,255,0,40960,0.59
512,True,256,16,4,4,ok,0.0717,14.98,255,0,45056,0.64
512,True,256,16,4,5,ok,0.0717,14.98,255,0,49152,0.66
512,True,256,16,8,1,ok,0.0852,12.60,191,0,34816,0.34
512,True,256,16,8,2,ok,0.0737,14.56,173,0,36864,0.34
512,True,256,16,8,3,ok,0.0635,16.91,170,0,40960,0.37
512,True,256,16,8,4,ok,0.0627,17.12,173,0,45056,0.36
512,True,256,16,8,5,ok,0.0635,16.91,173,0,49152,0.37
512,True,256,16,16,1,ok,0.0881,12.19,112,0,34816,0.30
512,True,256,16,16,2,ok,0.0758,14.17,95,0,36864,0.26
512,True,256,16,16,3,ok,0.0635,16.91,100,0,40960,0.30
512,True,256,16,16,4,ok,0.0625,17.19,100,0,45056,0.27
512,True,256,16,16,5,ok,0.0635,16.91,100,0,49152,0.34
512,True,256,32,1,1,skipped_regs,,,,,,0.00
512,True,256,32,1,2,skipped_regs,,,,,,0.00
512,True,256,32,1,3,skipped_regs,,,,,,0.00
512,True,256,32,1,4,skipped_regs,,,,,,0.00
512,True,256,32,1,5,skipped_regs,,,,,,0.00
512,True,256,32,2,1,ok,0.7741,1.39,40,1788,36864,1.80
512,True,256,32,2,2,ok,0.7383,1.45,40,1750,40960,1.93
512,True,256,32,2,3,ok,0.7772,1.38,40,1774,49152,1.94
512,True,256,32,2,4,ok,0.9824,1.09,40,1758,57344,1.91
512,True,256,32,2,5,ok,0.9844,1.09,40,1758,65536,1.96
512,True,256,32,4,1,ok,0.0840,12.79,255,30,36864,0.72
512,True,256,32,4,2,ok,0.0768,13.97,255,26,40960,0.75
512,True,256,32,4,3,ok,0.0799,13.44,255,36,49152,0.75
512,True,256,32,4,4,ok,0.0758,14.17,255,42,57344,0.76
512,True,256,32,4,5,ok,0.0768,13.98,255,42,65536,0.81
512,True,256,32,8,1,ok,0.0717,14.98,220,0,36864,0.38
512,True,256,32,8,2,ok,0.0573,18.72,244,0,40960,0.43
512,True,256,32,8,3,ok,0.0574,18.69,252,0,49152,0.41
512,True,256,32,8,4,ok,0.0584,18.40,252,0,57344,0.46
512,True,256,32,8,5,ok,0.0594,18.08,252,0,65536,0.42
512,True,256,32,16,1,ok,0.0758,14.17,128,0,36864,0.31
512,True,256,32,16,2,ok,0.0625,17.19,128,0,40960,0.31
512,True,256,32,16,3,ok,0.0563,19.07,127,0,49152,0.32
512,True,256,32,16,4,ok,0.0573,18.72,127,0,57344,0.33
512,True,256,32,16,5,ok,0.0582,18.46,127,0,65536,0.35
512,True,256,64,1,1,skipped_regs,,,,,,0.00
512,True,256,64,1,2,skipped_regs,,,,,,0.00
512,True,256,64,1,3,skipped_regs,,,,,,0.00
512,True,256,64,1,4,skipped_regs,,,,,,0.00
512,True,256,64,1,5,skipped_regs,,,,,,0.00
512,True,256,64,2,1,ok,0.9236,1.16,40,2982,40960,3.21
512,True,256,64,2,2,ok,0.9122,1.18,40,2980,49152,3.08
512,True,256,64,2,3,ok,1.0696,1.00,40,2828,65536,3.10
512,True,256,64,2,4,ok,1.0639,1.01,40,2828,81920,3.20
512,True,256,64,2,5,ok,1.0670,1.01,40,2828,98304,3.24
512,True,256,64,4,1,ok,0.1147,9.36,255,252,40960,1.14
512,True,256,64,4,2,ok,0.1116,9.62,255,236,49152,1.12
512,True,256,64,4,3,ok,0.1157,9.28,255,250,65536,1.12
512,True,256,64,4,4,ok,0.1167,9.20,255,246,81920,1.21
512,True,256,64,4,5,ok,0.1167,9.20,255,246,98304,1.19
512,True,256,64,8,1,ok,0.0676,15.89,255,6,40960,0.60
512,True,256,64,8,2,ok,0.0555,19.36,255,0,49152,0.56
512,True,256,64,8,3,ok,0.0584,18.40,255,0,65536,0.56
512,True,256,64,8,4,ok,0.0625,17.19,255,0,81920,0.61
512,True,256,64,8,5,ok,0.0614,17.48,255,0,98304,0.62
512,True,256,64,16,1,ok,0.0717,14.98,128,16,40960,0.35
512,True,256,64,16,2,ok,0.0607,17.68,128,2,49152,0.38
512,True,256,64,16,3,ok,0.0594,18.08,128,2,65536,0.39
512,True,256,64,16,4,ok,0.0614,17.48,128,2,81920,0.44
512,True,256,64,16,5,ok,0.0625,17.19,128,2,98304,0.44
512,True,256,128,1,1,skipped_regs,,,,,,0.00
512,True,256,128,1,2,skipped_regs,,,,,,0.00
512,True,256,128,1,3,skipped_regs,,,,,,0.00
512,True,256,128,1,4,skipped_regs,,,,,,0.00
512,True,256,128,1,5,skipped_regs,,,,,,0.00
512,True,256,128,2,1,skipped_regs,,,,,,0.00
512,True,256,128,2,2,skipped_regs,,,,,,0.00
512,True,256,128,2,3,skipped_regs,,,,,,0.00
512,True,256,128,2,4,skipped_regs,,,,,,0.00
512,True,256,128,2,5,skipped_regs,,,,,,0.00
512,True,256,128,4,1,ok,0.8704,1.23,40,2642,49152,2.41
512,True,256,128,4,2,ok,0.9359,1.15,40,2696,65536,2.40
512,True,256,128,4,3,ok,0.9492,1.13,40,2752,98304,2.44
512,True,256,128,4,4,out_of_smem,,,,,,2.44
512,True,256,128,4,5,out_of_smem,,,,,,2.61
512,True,256,128,8,1,ok,0.0870,12.34,255,104,49152,0.98
512,True,256,128,8,2,ok,0.0922,11.65,255,128,65536,0.91
512,True,256,128,8,3,ok,0.0860,12.48,255,94,98304,0.96
512,True,256,128,8,4,out_of_smem,,,,,,1.06
512,True,256,128,8,5,out_of_smem,,,,,,1.09
512,True,256,128,16,1,ok,0.1178,9.12,128,138,49152,0.60
512,True,256,128,16,2,ok,0.1043,10.30,128,100,65536,0.54
512,True,256,128,16,3,ok,0.0775,13.86,128,36,98304,0.55
512,True,256,128,16,4,out_of_smem,,,,,,0.57
512,True,256,128,16,5,out_of_smem,,,,,,0.57
512,True,256,256,1,1,skipped_regs,,,,,,0.00
512,True,256,256,1,2,skipped_regs,,,,,,0.00
512,True,256,256,1,3,skipped_regs,,,,,,0.00
512,True,256,256,1,4,skipped_regs,,,,,,0.00
512,True,256,256,1,5,skipped_regs,,,,,,0.00
512,True,256,256,2,1,skipped_regs,,,,,,0.00
512,True,256,256,2,2,skipped_regs,,,,,,0.00
512,True,256,256,2,3,skipped_regs,,,,,,0.00
512,True,256,256,2,4,skipped_regs,,,,,,0.00
512,True,256,256,2,5,skipped_regs,,,,,,0.00
512,True,256,256,4,1,skipped_regs,,,,,,0.00
512,True,256,256,4,2,skipped_regs,,,,,,0.00
512,True,256,256,4,3,skipped_regs,,,,,,0.00
512,True,256,256,4,4,skipped_regs,,,,,,0.00
512,True,256,256,4,5,skipped_regs,,,,,,0.00
512,True,256,256,8,1,ok,0.2012,5.34,255,588,65536,1.69
512,True,256,256,8,2,ok,0.9472,1.13,40,2618,98304,2.09
512,True,256,256,8,3,out_of_smem,,,,,,2.15
512,True,256,256,8,4,out_of_smem,,,,,,2.19
512,True,256,256,8,5,out_of_smem,,,,,,2.31
512,True,256,256,16,1,ok,0.5610,1.91,64,808,65536,0.99
512,True,256,256,16,2,ok,0.5939,1.81,64,832,98304,0.97
512,True,256,256,16,3,out_of_smem,,,,,,0.93
512,True,256,256,16,4,out_of_smem,,,,,,0.91
512,True,256,256,16,5,out_of_smem,,,,,,0.91
1024,True,16,16,1,1,ok,0.1434,29.96,122,0,4096,0.47
1024,True,16,16,1,2,ok,0.1381,31.09,113,0,6144,0.47
1024,True,16,16,1,3,ok,0.1300,33.03,124,0,10240,0.48
1024,True,16,16,1,4,ok,0.1331,32.26,125,0,14336,0.25
1024,True,16,16,1,5,ok,0.1372,31.30,126,0,18432,0.26
1024,True,16,16,2,1,ok,0.1751,24.53,80,0,4608,0.18
1024,True,16,16,2,2,ok,0.1535,27.98,72,0,6656,0.19
1024,True,16,16,2,3,ok,0.1505,28.53,96,0,10752,0.21
1024,True,16,16,2,4,ok,0.1608,26.72,95,0,14848,0.21
1024,True,16,16,2,5,ok,0.1723,24.93,95,0,18944,0.23
1024,True,16,16,4,1,ok,0.2365,18.16,71,0,4608,0.17
1024,True,16,16,4,2,ok,0.2232,19.24,64,0,6656,0.18
1024,True,16,16,4,3,ok,0.2243,19.15,64,0,10752,0.18
1024,True,16,16,4,4,ok,0.2263,18.98,64,0,14848,0.19
1024,True,16,16,4,5,ok,0.2294,18.72,64,0,18944,0.20
1024,True,16,16,8,1,ok,0.4454,9.64,80,0,4608,0.17
1024,True,16,16,8,2,ok,0.4321,9.94,80,0,6656,0.17
1024,True,16,16,8,3,ok,0.4741,9.06,97,0,10752,0.18
1024,True,16,16,8,4,ok,0.4321,9.94,80,0,14848,0.19
1024,True,16,16,8,5,ok,0.4358,9.86,80,0,18944,0.20
1024,True,16,16,16,1,ok,1.1428,3.76,99,0,4608,0.17
1024,True,16,16,16,2,ok,1.1684,3.68,96,0,6656,0.18
1024,True,16,16,16,3,ok,1.0936,3.93,111,0,10752,0.17
1024,True,16,16,16,4,ok,1.0680,4.02,114,0,14848,0.19
1024,True,16,16,16,5,ok,1.0752,3.99,114,0,18944,0.21
1024,True,16,32,1,1,ok,0.1208,35.54,128,2,6144,0.28
1024,True,16,32,1,2,ok,0.1331,32.26,168,0,10240,0.27
1024,True,16,32,1,3,ok,0.1321,32.51,168,0,18432,0.30
1024,True,16,32,1,4,ok,0.1536,27.96,168,0,26624,0.34
1024,True,16,32,1,5,ok,0.2145,20.03,168,0,34816,0.36
1024,True,16,32,2,1,ok,0.1444,29.75,128,0,7168,0.22
1024,True,16,32,2,2,ok,0.1341,32.02,96,0,11264,0.22
1024,True,16,32,2,3,ok,0.1313,32.71,100,0,19456,0.31
1024,True,16,32,2,4,ok,0.1567,27.41,100,0,27648,0.33
1024,True,16,32,2,5,ok,0.2017,21.29,100,0,35840,0.34
1024,True,16,32,4,1,ok,0.1628,26.38,80,0,7168,0.24
1024,True,16,32,4,2,ok,0.1466,29.30,72,0,11264,0.20
1024,True,16,32,4,3,ok,0.1475,29.13,72,0,19456,0.22
1024,True,16,32,4,4,ok,0.1679,25.58,72,0,27648,0.22
1024,True,16,32,4,5,ok,0.2017,21.29,72,0,35840,0.24
1024,True,16,32,8,1,ok,0.2632,16.32,80,0,7168,0.18
1024,True,16,32,8,2,ok,0.2417,17.77,64,0,11264,0.19
1024,True,16,32,8,3,ok,0.2444,17.57,80,0,19456,0.20
1024,True,16,32,8,4,ok,0.2734,15.71,97,0,27648,0.20
1024,True,16,32,8,5,ok,0.2775,15.48,97,0,35840,0.21
1024,True,16,32,16,1,ok,0.6766,6.35,99,0,7168,0.18
1024,True,16,32,16,2,ok,0.6584,6.52,101,0,11264,0.18
1024,True,16,32,16,3,ok,0.6021,7.13,100,0,19456,0.20
1024,True,16,32,16,4,ok,0.6144,6.99,100,0,27648,0.20
1024,True,16,32,16,5,ok,0.6216,6.91,100,0,35840,0.21
1024,True,16,64,1,1,ok,0.1229,34.95,212,0,10240,0.40
1024,True,16,64,1,2,ok,0.1372,31.30,165,0,18432,0.37
1024,True,16,64,1,3,ok,0.1915,22.43,149,0,34816,0.45
1024,True,16,64,1,4,ok,0.3697,11.62,156,0,51200,0.52
1024,True,16,64,1,5,ok,0.3891,11.04,152,0,67584,0.58
1024,True,16,64,2,1,ok,0.1243,34.55,123,0,12288,0.30
1024,True,16,64,2,2,ok,0.1382,31.07,99,0,20480,0.28
1024,True,16,64,2,3,ok,0.1697,25.31,100,0,36864,0.32
1024,True,16,64,2,4,ok,0.3031,14.17,100,0,53248,0.39
1024,True,16,64,2,5,ok,0.3103,13.84,102,0,69632,0.37
1024,True,16,64,4,1,ok,0.1360,31.58,95,0,12288,0.25
1024,True,16,64,4,2,ok,0.1352,31.78,96,0,20480,0.23
1024,True,16,64,4,3,ok,0.1577,27.24,96,0,36864,0.26
1024,True,16,64,4,4,ok,0.2488,17.26,96,0,53248,0.28
1024,True,16,64,4,5,ok,0.2560,16.78,104,0,69632,0.28
1024,True,16,64,8,1,ok,0.1803,23.82,80,0,12288,0.19
1024,True,16,64,8,2,ok,0.1760,24.41,76,0,20480,0.20
1024,True,16,64,8,3,ok,0.1874,22.92,80,0,36864,0.22
1024,True,16,64,8,4,ok,0.2785,15.42,80,0,53248,0.23
1024,True,16,64,8,5,ok,0.2859,15.02,80,0,69632,0.23
1024,True,16,64,16,1,ok,0.4321,9.94,95,0,12288,0.17
1024,True,16,64,16,2,ok,0.4106,10.46,95,0,20480,0.19
1024,True,16,64,16,3,ok,0.3809,11.28,93,0,36864,0.19
1024,True,16,64,16,4,ok,0.3901,11.01,95,0,53248,0.20
1024,True,16,64,16,5,ok,0.3983,10.78,95,0,69632,0.22
1024,True,16,128,1,1,ok,0.1771,24.25,255,56,18432,0.68
1024,True,16,128,1,2,ok,0.2304,18.64,255,0,34816,0.68
1024,True,16,128,1,3,ok,0.4188,10.26,197,0,67584,0.81
1024,True,16,128,1,4,ok,0.4567,9.40,197,0,100352,0.99
1024,True,16,128,1,5,out_of_smem,,,,,,1.12
1024,True,16,128,2,1,ok,0.1444,29.75,214,0,22528,0.41
1024,True,16,128,2,2,ok,0.1935,22.19,138,0,38912,0.45
1024,True,16,128,2,3,ok,0.2857,15.03,139,0,71680,0.50
1024,True,16,128,2,4,out_of_smem,,,,,,0.56
1024,True,16,128,2,5,out_of_smem,,,,,,0.63
1024,True,16,128,4,1,ok,0.1341,32.02,121,0,22528,0.30
1024,True,16,128,4,2,ok,0.1638,26.21,107,0,38912,0.30
1024,True,16,128,4,3,ok,0.2215,19.39,106,0,71680,0.34
1024,True,16,128,4,4,out_of_smem,,,,,,0.38
1024,True,16,128,4,5,out_of_smem,,,,,,0.41
1024,True,16,128,8,1,ok,0.1806,23.78,117,0,22528,0.24
1024,True,16,128,8,2,ok,0.1772,24.24,80,2,38912,0.25
1024,True,16,128,8,3,ok,0.2416,17.78,84,0,71680,0.26
1024,True,16,128,8,4,out_of_smem,,,,,,0.29
1024,True,16,128,8,5,out_of_smem,,,,,,0.32
1024,True,16,128,16,1,ok,0.3348,12.83,91,0,22528,0.22
1024,True,16,128,16,2,ok,0.3226,13.32,84,0,38912,0.22
1024,True,16,128,16,3,ok,0.3055,14.06,74,0,71680,0.23
1024,True,16,128,16,4,out_of_smem,,,,,,0.24
1024,True,16,128,16,5,out_of_smem,,,,,,0.25
1024,True,16,256,1,1,ok,0.5294,8.11,255,488,34816,1.57
1024,True,16,256,1,2,ok,0.5919,7.26,255,100,67584,1.46
1024,True,16,256,1,3,out_of_smem,,,,,,1.80
1024,True,16,256,1,4,out_of_smem,,,,,,2.31
1024,True,16,256,1,5,out_of_smem,,,,,,2.85
1024,True,16,256,2,1,ok,0.2451,17.52,255,46,43008,0.81
1024,True,16,256,2,2,ok,0.3533,12.16,195,0,75776,0.80
1024,True,16,256,2,3,out_of_smem,,,,,,0.96
1024,True,16,256,2,4,out_of_smem,,,,,,1.18
1024,True,16,256,2,5,out_of_smem,,,,,,1.31
1024,True,16,256,4,1,ok,0.1874,22.92,186,0,43008,0.58
1024,True,16,256,4,2,ok,0.2693,15.95,188,0,75776,0.50
1024,True,16,256,4,3,out_of_smem,,,,,,0.77
1024,True,16,256,4,4,out_of_smem,,,,,,0.74
1024,True,16,256,4,5,out_of_smem,,,,,,0.97
1024,True,16,256,8,1,ok,0.1884,22.80,128,0,43008,0.35
1024,True,16,256,8,2,ok,0.2807,15.30,128,2,75776,0.44
1024,True,16,256,8,3,out_of_smem,,,,,,0.45
1024,True,16,256,8,4,out_of_smem,,,,,,0.60
1024,True,16,256,8,5,out_of_smem,,,,,,0.51
1024,True,16,256,16,1,ok,0.3174,13.53,108,0,43008,0.31
1024,True,16,256,16,2,ok,0.3287,13.07,88,0,75776,0.30
1024,True,16,256,16,3,out_of_smem,,,,,,0.36
1024,True,16,256,16,4,out_of_smem,,,,,,0.35
1024,True,16,256,16,5,out_of_smem,,,,,,0.41
1024,True,32,16,1,1,ok,0.1690,25.42,175,0,6144,0.38
1024,True,32,16,1,2,ok,0.1249,34.38,168,0,8192,0.42
1024,True,32,16,1,3,ok,0.1249,34.38,168,0,12288,0.47
1024,True,32,16,1,4,ok,0.1291,33.28,189,0,16384,0.54
1024,True,32,16,1,5,ok,0.1372,31.31,189,0,20480,0.48
1024,True,32,16,2,1,ok,0.1618,26.55,128,0,7168,0.36
1024,True,32,16,2,2,ok,0.1352,31.78,121,0,9216,0.34
1024,True,32,16,2,3,ok,0.1350,31.81,128,0,13312,0.38
1024,True,32,16,2,4,ok,0.1475,29.13,128,0,17408,0.37
1024,True,32,16,2,5,ok,0.1618,26.55,128,0,21504,0.46
1024,True,32,16,4,1,ok,0.2355,18.24,108,0,7168,0.34
1024,True,32,16,4,2,ok,0.1958,21.93,96,0,9216,0.26
1024,True,32,16,4,3,ok,0.1864,23.05,96,0,13312,0.27
1024,True,32,16,4,4,ok,0.1874,22.92,96,0,17408,0.28
1024,True,32,16,4,5,ok,0.1905,22.55,96,0,21504,0.34
1024,True,32,16,8,1,ok,0.4209,10.21,109,0,7168,0.24
1024,True,32,16,8,2,ok,0.3849,11.16,103,0,9216,0.25
1024,True,32,16,8,3,ok,0.3441,12.48,80,0,13312,0.33
1024,True,32,16,8,4,ok,0.3460,12.41,80,0,17408,0.30
1024,True,32,16,8,5,ok,0.3502,12.26,80,0,21504,0.29
1024,True,32,16,16,1,ok,0.9103,4.72,103,0,7168,0.24
1024,True,32,16,16,2,ok,0.8724,4.92,102,0,9216,0.26
1024,True,32,16,16,3,ok,0.8387,5.12,87,0,13312,0.26
1024,True,32,16,16,4,ok,0.8428,5.10,87,0,17408,0.26
1024,True,32,16,16,5,ok,0.8479,5.07,87,0,21504,0.26
1024,True,32,32,1,1,ok,0.1263,34.00,204,0,8192,0.41
1024,True,32,32,1,2,ok,0.1229,34.95,224,0,12288,0.43
1024,True,32,32,1,3,ok,0.1249,34.38,227,0,20480,0.47
1024,True,32,32,1,4,ok,0.1388,30.93,231,0,28672,0.50
1024,True,32,32,1,5,ok,0.1842,23.31,231,0,36864,0.55
1024,True,32,32,2,1,ok,0.1321,32.51,166,0,10240,0.33
1024,True,32,32,2,2,ok,0.1188,36.16,134,0,14336,0.34
1024,True,32,32,2,3,ok,0.1152,37.29,155,0,22528,0.35
1024,True,32,32,2,4,ok,0.1290,33.29,151,0,30720,0.36
1024,True,32,32,2,5,ok,0.1628,26.38,151,0,38912,0.37
1024,True,32,32,4,1,ok,0.1491,28.80,119,0,10240,0.25
1024,True,32,32,4,2,ok,0.1239,34.66,96,0,14336,0.27
1024,True,32,32,4,3,ok,0.1219,35.25,96,0,22528,0.29
1024,True,32,32,4,4,ok,0.1300,33.03,96,0,30720,0.43
1024,True,32,32,4,5,ok,0.1505,28.53,96,0,38912,0.31
1024,True,32,32,8,1,ok,0.2417,17.77,108,0,10240,0.24
1024,True,32,32,8,2,ok,0.2228,19.28,103,0,14336,0.31
1024,True,32,32,8,3,ok,0.2130,20.16,96,0,22528,0.33
1024,True,32,32,8,4,ok,0.2106,20.40,97,0,30720,0.28
1024,True,32,32,8,5,ok,0.2130,20.16,97,0,38912,0.34
1024,True,32,32,16,1,ok,0.5151,8.34,105,0,10240,0.24
1024,True,32,32,16,2,ok,0.4956,8.67,105,0,14336,0.26
1024,True,32,32,16,3,ok,0.4782,8.98,87,0,22528,0.25
1024,True,32,32,16,4,ok,0.4854,8.85,87,0,30720,0.26
1024,True,32,32,16,5,ok,0.4905,8.76,87,0,38912,0.38
1024,True,32,64,1,1,ok,0.1249,34.38,248,0,12288,0.81
1024,True,32,64,1,2,ok,0.1280,33.55,255,0,20480,0.83
1024,True,32,64,1,3,ok,0.1720,24.97,255,0,36864,0.90
1024,True,32,64,1,4,ok,0.3268,13.14,255,0,53248,0.80
1024,True,32,64,1,5,ok,0.3399,12.64,255,14,69632,0.99
1024,True,32,64,2,1,ok,0.1157,37.12,164,0,16384,0.46
1024,True,32,64,2,2,ok,0.1167,36.79,168,2,24576,0.47
1024,True,32,64,2,3,ok,0.1382,31.07,168,4,40960,0.52
1024,True,32,64,2,4,ok,0.2324,18.48,168,4,57344,0.66
1024,True,32,64,2,5,ok,0.2365,18.16,168,4,73728,0.61
1024,True,32,64,4,1,ok,0.1249,34.38,135,0,16384,0.36
1024,True,32,64,4,2,ok,0.1075,39.95,126,0,24576,0.33
1024,True,32,64,4,3,ok,0.1191,36.07,128,0,40960,0.36
1024,True,32,64,4,4,ok,0.1784,24.08,128,0,57344,0.42
1024,True,32,64,4,5,ok,0.1864,23.05,128,0,73728,0.45
1024,True,32,64,8,1,ok,0.1587,27.06,108,0,16384,0.25
1024,True,32,64,8,2,ok,0.1495,28.73,106,0,24576,0.27
1024,True,32,64,8,3,ok,0.1462,29.38,99,0,40960,0.28
1024,True,32,64,8,4,ok,0.2007,21.40,99,0,57344,0.31
1024,True,32,64,8,5,ok,0.2017,21.29,99,0,73728,0.32
1024,True,32,64,16,1,ok,0.3185,13.49,108,0,16384,0.29
1024,True,32,64,16,2,ok,0.3082,13.93,103,0,24576,0.29
1024,True,32,64,16,3,ok,0.2918,14.72,87,0,40960,0.26
1024,True,32,64,16,4,ok,0.2980,14.41,87,0,57344,0.31
1024,True,32,64,16,5,ok,0.3021,14.22,87,0,73728,0.30
1024,True,32,128,1,1,ok,0.1843,23.30,255,122,20480,1.28
1024,True,32,128,1,2,ok,0.2386,18.00,255,118,36864,1.09
1024,True,32,128,1,3,ok,0.4028,10.66,255,76,69632,1.40
1024,True,32,128,1,4,out_of_smem,,,,,,1.65
1024,True,32,128,1,5,out_of_smem,,,,,,1.72
1024,True,32,128,2,1,ok,0.1352,31.78,250,0,28672,0.78
1024,True,32,128,2,2,ok,0.1482,28.98,255,0,45056,0.71
1024,True,32,128,2,3,ok,0.2304,18.64,255,0,77824,0.79
1024,True,32,128,2,4,out_of_smem,,,,,,0.90
1024,True,32,128,2,5,out_of_smem,,,,,,1.19
1024,True,32,128,4,1,ok,0.1116,38.48,160,0,28672,0.50
1024,True,32,128,4,2,ok,0.1208,35.54,168,2,45056,0.55
1024,True,32,128,4,3,ok,0.1587,27.06,168,2,77824,0.62
1024,True,32,128,4,4,out_of_smem,,,,,,0.57
1024,True,32,128,4,5,out_of_smem,,,,,,0.66
1024,True,32,128,8,1,ok,0.1321,32.51,128,2,28672,0.36
1024,True,32,128,8,2,ok,0.1260,34.10,128,0,45056,0.47
1024,True,32,128,8,3,ok,0.1638,26.21,128,0,77824,0.45
1024,True,32,128,8,4,out_of_smem,,,,,,0.43
1024,True,32,128,8,5,out_of_smem,,,,,,0.45
1024,True,32,128,16,1,ok,0.2520,17.05,108,0,28672,0.36
1024,True,32,128,16,2,ok,0.2458,17.48,101,0,45056,0.33
1024,True,32,128,16,3,ok,0.2367,18.15,104,0,77824,0.39
1024,True,32,128,16,4,out_of_smem,,,,,,0.43
1024,True,32,128,16,5,out_of_smem,,,,,,0.44
1024,True,32,256,1,1,ok,0.5612,7.65,255,830,36864,3.03
1024,True,32,256,1,2,ok,0.7721,5.56,255,662,69632,3.52
1024,True,32,256,1,3,out_of_smem,,,,,,3.08
1024,True,32,256,1,4,out_of_smem,,,,,,3.59
1024,True,32,256,1,5,out_of_smem,,,,,,3.83
1024,True,32,256,2,1,ok,0.3236,13.27,255,76,53248,1.21
1024,True,32,256,2,2,ok,0.2949,14.56,255,56,86016,1.21
1024,True,32,256,2,3,out_of_smem,,,,,,1.37
1024,True,32,256,2,4,out_of_smem,,,,,,1.59
1024,True,32,256,2,5,out_of_smem,,,,,,1.78
1024,True,32,256,4,1,ok,0.2017,21.29,215,0,53248,0.73
1024,True,32,256,4,2,ok,0.1853,23.17,255,2,86016,0.73
1024,True,32,256,4,3,out_of_smem,,,,,,0.88
1024,True,32,256,4,4,out_of_smem,,,,,,0.93
1024,True,32,256,4,5,out_of_smem,,,,,,1.11
1024,True,32,256,8,1,ok,0.1936,22.18,171,0,53248,0.57
1024,True,32,256,8,2,ok,0.1876,22.90,174,0,86016,0.56
1024,True,32,256,8,3,out_of_smem,,,,,,0.62
1024,True,32,256,8,4,out_of_smem,,,,,,0.62
1024,True,32,256,8,5,out_of_smem,,,,,,0.68
1024,True,32,256,16,1,ok,0.2376,18.08,125,0,53248,0.39
1024,True,32,256,16,2,ok,0.2420,17.75,124,0,86016,0.38
1024,True,32,256,16,3,out_of_smem,,,,,,0.45
1024,True,32,256,16,4,out_of_smem,,,,,,0.46
1024,True,32,256,16,5,out_of_smem,,,,,,0.48
1024,True,64,16,1,1,ok,0.1638,26.21,255,2,10240,0.62
1024,True,64,16,1,2,ok,0.1454,29.54,255,0,12288,0.61
1024,True,64,16,1,3,ok,0.1526,28.15,255,0,16384,0.66
1024,True,64,16,1,4,ok,0.1577,27.24,255,0,20480,0.67
1024,True,64,16,1,5,ok,0.1597,26.89,255,0,24576,0.66
1024,True,64,16,2,1,ok,0.1403,30.62,164,0,10240,0.35
1024,True,64,16,2,2,ok,0.1219,35.25,168,0,12288,0.35
1024,True,64,16,2,3,ok,0.1178,36.47,168,0,16384,0.41
1024,True,64,16,2,4,ok,0.1188,36.16,168,0,20480,0.39
1024,True,64,16,2,5,ok,0.1198,35.85,168,0,24576,0.40
1024,True,64,16,4,1,ok,0.1352,31.78,116,0,10240,0.26
1024,True,64,16,4,2,ok,0.1081,39.74,96,0,12288,0.27
1024,True,64,16,4,3,ok,0.1024,41.94,95,0,16384,0.28
1024,True,64,16,4,4,ok,0.0982,43.72,95,0,20480,0.30
1024,True,64,16,4,5,ok,0.1004,42.80,95,0,24576,0.31
1024,True,64,16,8,1,ok,0.2243,19.15,114,0,10240,0.26
1024,True,64,16,8,2,ok,0.1874,22.92,94,0,12288,0.27
1024,True,64,16,8,3,ok,0.1792,23.97,99,0,16384,0.27
1024,True,64,16,8,4,ok,0.1792,23.97,99,0,20480,0.27
1024,True,64,16,8,5,ok,0.1802,23.83,99,0,24576,0.29
1024,True,64,16,16,1,ok,0.4854,8.85,103,0,10240,0.26
1024,True,64,16,16,2,ok,0.3912,10.98,93,0,12288,0.26
1024,True,64,16,16,3,ok,0.3587,11.97,97,0,16384,0.28
1024,True,64,16,16,4,ok,0.3604,11.92,97,0,20480,0.28
1024,True,64,16,16,5,ok,0.3635,11.81,97,0,24576,0.31
1024,True,64,32,1,1,ok,0.1575,27.27,255,26,12288,0.74
1024,True,64,32,1,2,ok,0.1763,24.36,255,54,16384,0.76
1024,True,64,32,1,3,ok,0.1754,24.49,255,56,24576,0.81
1024,True,64,32,1,4,ok,0.1834,23.42,255,56,32768,0.89
1024,True,64,32,1,5,ok,0.2324,18.48,255,58,40960,0.93
1024,True,64,32,2,1,ok,0.1290,33.29,222,0,12288,0.41
1024,True,64,32,2,2,ok,0.1137,37.79,205,0,16384,0.42
1024,True,64,32,2,3,ok,0.1082,39.71,211,0,24576,0.45
1024,True,64,32,2,4,ok,0.1096,39.20,212,0,32768,0.45
1024,True,64,32,2,5,ok,0.1147,37.45,216,0,40960,0.50
1024,True,64,32,4,1,ok,0.1150,37.33,135,0,12288,0.30
1024,True,64,32,4,2,ok,0.0995,43.17,137,0,16384,0.30
1024,True,64,32,4,3,ok,0.0922,46.60,137,0,24576,0.00
1024,True,64,32,4,4,ok,0.0922,46.60,128,0,32768,0.34
1024,True,64,32,4,5,ok,0.0942,45.59,128,0,40960,0.36
1024,True,64,32,8,1,ok,0.1833,23.43,128,0,12288,0.29
1024,True,64,32,8,2,ok,0.1618,26.55,128,0,16384,0.30
1024,True,64,32,8,3,ok,0.1638,26.21,128,0,24576,0.29
1024,True,64,32,8,4,ok,0.1638,26.21,128,0,32768,0.33
1024,True,64,32,8,5,ok,0.1638,26.21,128,0,40960,0.34
1024,True,64,32,16,1,ok,0.4261,10.08,128,0,12288,0.29
1024,True,64,32,16,2,ok,0.3287,13.07,126,0,16384,0.30
1024,True,64,32,16,3,ok,0.3359,12.79,124,0,24576,0.31
1024,True,64,32,16,4,ok,0.3379,12.71,124,0,32768,0.31
1024,True,64,32,16,5,ok,0.3400,12.63,124,0,40960,0.31
1024,True,64,64,1,1,ok,0.2160,19.88,255,238,16384,1.13
1024,True,64,64,1,2,ok,0.2048,20.97,255,226,24576,1.15
1024,True,64,64,1,3,ok,0.2888,14.87,255,242,40960,1.25
1024,True,64,64,1,4,ok,0.4577,9.38,255,242,57344,1.33
1024,True,64,64,1,5,ok,0.4608,9.32,255,242,73728,1.41
1024,True,64,64,2,1,ok,0.1188,36.15,250,0,16384,0.60
1024,True,64,64,2,2,ok,0.1064,40.35,255,2,24576,0.63
1024,True,64,64,2,3,ok,0.1097,39.14,255,2,40960,0.62
1024,True,64,64,2,4,ok,0.1700,25.27,255,2,57344,0.69
1024,True,64,64,2,5,ok,0.1710,25.12,255,2,73728,0.76
1024,True,64,64,4,1,ok,0.1116,38.48,185,0,16384,0.41
1024,True,64,64,4,2,ok,0.0952,45.10,168,0,24576,0.41
1024,True,64,64,4,3,ok,0.0922,46.60,158,0,40960,0.41
1024,True,64,64,4,4,ok,0.1054,40.73,158,0,57344,0.43
1024,True,64,64,4,5,ok,0.1065,40.33,176,0,73728,0.55
1024,True,64,64,8,1,ok,0.2089,20.56,177,0,16384,0.45
1024,True,64,64,8,2,ok,0.1846,23.27,161,0,24576,0.42
1024,True,64,64,8,3,ok,0.1710,25.12,153,0,40960,0.48
1024,True,64,64,8,4,ok,0.1710,25.12,154,0,57344,0.51
1024,True,64,64,8,5,ok,0.1740,24.68,154,0,73728,0.55
1024,True,64,64,16,1,ok,0.3697,11.62,128,16,16384,0.40
1024,True,64,64,16,2,ok,0.3174,13.53,128,6,24576,0.35
1024,True,64,64,16,3,ok,0.3205,13.40,128,2,40960,0.37
1024,True,64,64,16,4,ok,0.3226,13.32,128,2,57344,0.45
1024,True,64,64,16,5,ok,0.3277,13.11,128,2,73728,0.44
1024,True,64,128,1,1,ok,0.3512,12.23,255,686,24576,2.45
1024,True,64,128,1,2,ok,0.4219,10.18,255,658,40960,2.26
1024,True,64,128,1,3,ok,0.7066,6.08,255,688,73728,2.66
1024,True,64,128,1,4,out_of_smem,,,,,,2.69
1024,True,64,128,1,5,out_of_smem,,,,,,2.79
1024,True,64,128,2,1,ok,0.1403,30.62,255,76,24576,1.09
1024,True,64,128,2,2,ok,0.1556,27.59,255,116,40960,1.01
1024,True,64,128,2,3,ok,0.2109,20.36,255,74,73728,1.09
1024,True,64,128,2,4,out_of_smem,,,,,,1.25
1024,True,64,128,2,5,out_of_smem,,,,,,1.35
1024,True,64,128,4,1,ok,0.1096,39.20,255,10,24576,0.63
1024,True,64,128,4,2,ok,0.0954,45.02,255,0,40960,0.60
1024,True,64,128,4,3,ok,0.1082,39.71,206,0,73728,0.77
1024,True,64,128,4,4,out_of_smem,,,,,,0.67
1024,True,64,128,4,5,out_of_smem,,,,,,0.68
1024,True,64,128,8,1,ok,0.2120,20.26,255,10,24576,0.56
1024,True,64,128,8,2,ok,0.1864,23.05,250,0,40960,0.55
1024,True,64,128,8,3,ok,0.1812,23.70,194,0,73728,0.56
1024,True,64,128,8,4,out_of_smem,,,,,,0.58
1024,True,64,128,8,5,out_of_smem,,,,,,0.62
1024,True,64,128,16,1,ok,0.5007,8.58,128,134,24576,0.50
1024,True,64,128,16,2,ok,0.4547,9.45,128,102,40960,0.48
1024,True,64,128,16,3,ok,0.3714,11.56,128,36,73728,0.51
1024,True,64,128,16,4,out_of_smem,,,,,,0.54
1024,True,64,128,16,5,out_of_smem,,,,,,0.57
1024,True,64,256,1,1,skipped_regs,,,,,,0.00
1024,True,64,256,1,2,skipped_regs,,,,,,0.00
1024,True,64,256,1,3,skipped_regs,,,,,,0.00
1024,True,64,256,1,4,skipped_regs,,,,,,0.00
1024,True,64,256,1,5,skipped_regs,,,,,,0.00
1024,True,64,256,2,1,ok,0.3582,11.99,255,600,40960,2.05
1024,True,64,256,2,2,ok,2.2231,1.93,40,2582,73728,2.41
1024,True,64,256,2,3,out_of_smem,,,,,,2.60
1024,True,64,256,2,4,out_of_smem,,,,,,2.46
1024,True,64,256,2,5,out_of_smem,,,,,,2.86
1024,True,64,256,4,1,ok,0.1956,21.96,255,218,40960,1.13
1024,True,64,256,4,2,ok,0.1556,27.59,255,72,73728,1.30
1024,True,64,256,4,3,out_of_smem,,,,,,1.33
1024,True,64,256,4,4,out_of_smem,,,,,,1.27
1024,True,64,256,4,5,out_of_smem,,,,,,1.40
1024,True,64,256,8,1,ok,0.2684,16.00,255,150,40960,1.09
1024,True,64,256,8,2,ok,0.2550,16.84,255,102,73728,1.14
1024,True,64,256,8,3,out_of_smem,,,,,,1.11
1024,True,64,256,8,4,out_of_smem,,,,,,1.13
1024,True,64,256,8,5,out_of_smem,,,,,,1.15
1024,True,64,256,16,1,ok,8.4214,0.51,64,814,40960,1.00
1024,True,64,256,16,2,ok,6.9444,0.62,64,836,73728,1.02
1024,True,64,256,16,3,out_of_smem,,,,,,0.99
1024,True,64,256,16,4,out_of_smem,,,,,,1.02
1024,True,64,256,16,5,out_of_smem,,,,,,1.05
1024,True,128,16,1,1,ok,0.3994,10.75,255,276,18432,1.28
1024,True,128,16,1,2,ok,0.4035,10.65,255,230,20480,1.29
1024,True,128,16,1,3,ok,0.3901,11.01,255,228,24576,1.33
1024,True,128,16,1,4,ok,0.4384,9.80,255,226,28672,1.35
1024,True,128,16,1,5,ok,0.4393,9.78,255,226,32768,1.38
1024,True,128,16,2,1,ok,0.1649,26.05,255,0,18432,0.62
1024,True,128,16,2,2,ok,0.1321,32.51,255,0,20480,0.57
1024,True,128,16,2,3,ok,0.1355,31.71,255,0,24576,0.63
1024,True,128,16,2,4,ok,0.1454,29.54,255,0,28672,0.64
1024,True,128,16,2,5,ok,0.1454,29.54,255,0,32768,0.66
1024,True,128,16,4,1,ok,0.1413,30.39,167,0,18432,0.34
1024,True,128,16,4,2,ok,0.1280,33.55,180,0,20480,0.33
1024,True,128,16,4,3,ok,0.1208,35.54,168,6,24576,0.36
1024,True,128,16,4,4,ok,0.1190,36.09,168,6,28672,0.39
1024,True,128,16,4,5,ok,0.1198,35.85,168,6,32768,0.40
1024,True,128,16,8,1,ok,0.1556,27.59,113,0,18432,0.28
1024,True,128,16,8,2,ok,0.1331,32.26,98,0,20480,0.27
1024,True,128,16,8,3,ok,0.1164,36.89,102,0,24576,0.28
1024,True,128,16,8,4,ok,0.1157,37.12,102,0,28672,0.29
1024,True,128,16,8,5,ok,0.1165,36.87,102,0,32768,0.31
1024,True,128,16,16,1,ok,0.3079,13.95,112,0,18432,0.25
1024,True,128,16,16,2,ok,0.2499,17.19,94,0,20480,0.26
1024,True,128,16,16,3,ok,0.2263,18.98,99,0,24576,0.28
1024,True,128,16,16,4,ok,0.2263,18.98,99,0,28672,0.30
1024,True,128,16,16,5,ok,0.2273,18.89,99,0,32768,0.30
1024,True,128,32,1,1,ok,0.5478,7.84,168,758,20480,1.65
1024,True,128,32,1,2,ok,0.5448,7.88,168,764,24576,1.74
1024,True,128,32,1,3,ok,0.5721,7.51,168,740,32768,1.82
1024,True,128,32,1,4,ok,0.6574,6.53,168,740,40960,1.90
1024,True,128,32,1,5,ok,0.6598,6.51,168,740,49152,1.97
1024,True,128,32,2,1,ok,0.1734,24.77,255,56,20480,0.79
1024,True,128,32,2,2,ok,0.1485,28.93,255,34,24576,0.73
1024,True,128,32,2,3,ok,0.1621,26.50,255,50,32768,0.79
1024,True,128,32,2,4,ok,0.1592,26.98,255,50,40960,0.81
1024,True,128,32,2,5,ok,0.1618,26.55,255,50,49152,0.84
1024,True,128,32,4,1,ok,0.1311,32.77,218,0,20480,0.43
1024,True,128,32,4,2,ok,0.1075,39.95,192,0,24576,0.43
1024,True,128,32,4,3,ok,0.1085,39.59,244,0,32768,0.58
1024,True,128,32,4,4,ok,0.1075,39.95,244,0,40960,0.50
1024,True,128,32,4,5,ok,0.1096,39.20,244,0,49152,0.56
1024,True,128,32,8,1,ok,0.1628,26.38,136,0,20480,0.31
1024,True,128,32,8,2,ok,0.1280,33.55,141,0,24576,0.32
1024,True,128,32,8,3,ok,0.1075,39.95,154,0,32768,0.32
1024,True,128,32,8,4,ok,0.1065,40.33,156,0,40960,0.43
1024,True,128,32,8,5,ok,0.1065,40.33,156,0,49152,0.36
1024,True,128,32,16,1,ok,0.2611,16.45,128,0,20480,0.32
1024,True,128,32,16,2,ok,0.2017,21.29,127,0,24576,0.44
1024,True,128,32,16,3,ok,0.1956,21.96,127,0,32768,0.31
1024,True,128,32,16,4,ok,0.2009,21.38,124,0,40960,0.33
1024,True,128,32,16,5,ok,0.2008,21.39,124,0,49152,0.43
1024,True,128,64,1,1,ok,1.3875,3.10,80,1894,24576,3.15
1024,True,128,64,1,2,ok,1.2257,3.50,80,1800,32768,2.99
1024,True,128,64,1,3,ok,1.1631,3.69,80,1734,49152,3.05
1024,True,128,64,1,4,ok,1.6548,2.60,80,1734,65536,3.15
1024,True,128,64,1,5,ok,1.6450,2.61,80,1760,81920,3.33
1024,True,128,64,2,1,ok,0.2146,20.01,255,242,24576,1.11
1024,True,128,64,2,2,ok,0.2118,20.28,255,230,32768,1.12
1024,True,128,64,2,3,ok,0.2161,19.88,255,234,49152,1.15
1024,True,128,64,2,4,ok,0.2980,14.41,255,238,65536,1.22
1024,True,128,64,2,5,ok,0.3011,14.27,255,238,81920,1.25
1024,True,128,64,4,1,ok,0.1188,36.16,255,0,24576,0.62
1024,True,128,64,4,2,ok,0.1106,38.84,255,14,32768,0.62
1024,True,128,64,4,3,ok,0.1044,41.12,255,2,49152,0.62
1024,True,128,64,4,4,ok,0.1096,39.20,255,2,65536,0.65
1024,True,128,64,4,5,ok,0.1106,38.84,255,2,81920,0.66
1024,True,128,64,8,1,ok,0.1372,31.30,175,0,24576,0.38
1024,True,128,64,8,2,ok,0.1219,35.25,166,0,32768,0.36
1024,True,128,64,8,3,ok,0.1075,39.95,153,0,49152,0.40
1024,True,128,64,8,4,ok,0.1065,40.33,153,0,65536,0.40
1024,True,128,64,8,5,ok,0.1076,39.93,153,0,81920,0.42
1024,True,128,64,16,1,ok,0.2263,18.98,128,16,24576,0.35
1024,True,128,64,16,2,ok,0.1974,21.75,128,2,32768,0.36
1024,True,128,64,16,3,ok,0.1864,23.05,128,2,49152,0.38
1024,True,128,64,16,4,ok,0.1925,22.31,128,6,65536,0.40
1024,True,128,64,16,5,ok,0.1935,22.19,128,6,81920,0.39
1024,True,128,128,1,1,skipped_regs,,,,,,0.00
1024,True,128,128,1,2,skipped_regs,,,,,,0.00
1024,True,128,128,1,3,skipped_regs,,,,,,0.00
1024,True,128,128,1,4,skipped_regs,,,,,,0.00
1024,True,128,128,1,5,skipped_regs,,,,,,0.00
1024,True,128,128,2,1,ok,2.7417,1.57,40,2606,32768,2.38
1024,True,128,128,2,2,ok,2.4381,1.76,40,2670,49152,2.41
1024,True,128,128,2,3,ok,2.0210,2.13,40,2640,81920,2.51
1024,True,128,128,2,4,out_of_smem,,,,,,2.62
1024,True,128,128,2,5,out_of_smem,,,,,,2.75
1024,True,128,128,4,1,ok,0.1368,31.40,255,72,32768,0.99
1024,True,128,128,4,2,ok,0.1403,30.62,255,116,49152,0.95
1024,True,128,128,4,3,ok,0.1341,32.02,255,84,81920,0.98
1024,True,128,128,4,4,out_of_smem,,,,,,1.06
1024,True,128,128,4,5,out_of_smem,,,,,,1.15
1024,True,128,128,8,1,ok,0.1311,32.77,255,18,32768,0.59
1024,True,128,128,8,2,ok,0.1116,38.48,254,0,49152,0.56
1024,True,128,128,8,3,ok,0.1074,39.99,203,0,81920,0.61
1024,True,128,128,8,4,out_of_smem,,,,,,0.61
1024,True,128,128,8,5,out_of_smem,,,,,,0.63
1024,True,128,128,16,1,ok,0.3103,13.84,128,128,32768,0.52
1024,True,128,128,16,2,ok,0.2693,15.95,128,100,49152,0.53
1024,True,128,128,16,3,ok,0.2171,19.78,128,36,81920,0.54
1024,True,128,128,16,4,out_of_smem,,,,,,0.57
1024,True,128,128,16,5,out_of_smem,,,,,,0.58
1024,True,128,256,1,1,skipped_regs,,,,,,0.00
1024,True,128,256,1,2,skipped_regs,,,,,,0.00
1024,True,128,256,1,3,skipped_regs,,,,,,0.00
1024,True,128,256,1,4,skipped_regs,,,,,,0.00
1024,True,128,256,1,5,skipped_regs,,,,,,0.00
1024,True,128,256,2,1,skipped_regs,,,,,,0.00
1024,True,128,256,2,2,skipped_regs,,,,,,0.00
1024,True,128,256,2,3,skipped_regs,,,,,,0.00
1024,True,128,256,2,4,skipped_regs,,,,,,0.00
1024,True,128,256,2,5,skipped_regs,,,,,,0.00
1024,True,128,256,4,1,ok,0.4426,9.70,255,548,49152,1.86
1024,True,128,256,4,2,ok,0.3451,12.45,255,628,81920,2.05
1024,True,128,256,4,3,out_of_smem,,,,,,2.39
1024,True,128,256,4,4,out_of_smem,,,,,,2.60
1024,True,128,256,4,5,out_of_smem,,,,,,2.67
1024,True,128,256,8,1,ok,0.1720,24.97,255,172,49152,1.17
1024,True,128,256,8,2,ok,0.1556,27.59,255,108,81920,1.03
1024,True,128,256,8,3,out_of_smem,,,,,,1.05
1024,True,128,256,8,4,out_of_smem,,,,,,1.13
1024,True,128,256,8,5,out_of_smem,,,,,,1.42
1024,True,128,256,16,1,ok,4.0499,1.06,64,796,49152,1.19
1024,True,128,256,16,2,ok,3.6239,1.19,64,836,81920,1.32
1024,True,128,256,16,3,out_of_smem,,,,,,1.13
1024,True,128,256,16,4,out_of_smem,,,,,,1.05
1024,True,128,256,16,5,out_of_smem,,,,,,1.14
1024,True,256,16,1,1,skipped_regs,,,,,,0.00
1024,True,256,16,1,2,skipped_regs,,,,,,0.00
1024,True,256,16,1,3,skipped_regs,,,,,,0.00
1024,True,256,16,1,4,skipped_regs,,,,,,0.00
1024,True,256,16,1,5,skipped_regs,,,,,,0.00
1024,True,256,16,2,1,ok,0.4588,9.36,255,280,34816,1.26
1024,True,256,16,2,2,ok,0.4229,10.16,255,230,36864,1.32
1024,True,256,16,2,3,ok,0.4086,10.51,255,226,40960,1.38
1024,True,256,16,2,4,ok,0.4168,10.31,255,222,45056,1.32
1024,True,256,16,2,5,ok,0.4157,10.33,255,222,49152,1.56
1024,True,256,16,4,1,ok,0.1669,25.73,255,0,34816,0.58
1024,True,256,16,4,2,ok,0.1350,31.81,255,0,36864,0.62
1024,True,256,16,4,3,ok,0.1352,31.78,255,0,40960,0.59
1024,True,256,16,4,4,ok,0.1344,31.95,255,0,45056,0.64
1024,True,256,16,4,5,ok,0.1352,31.78,255,0,49152,0.66
1024,True,256,16,8,1,ok,0.2028,21.18,191,0,34816,0.34
1024,True,256,16,8,2,ok,0.1710,25.12,173,0,36864,0.34
1024,True,256,16,8,3,ok,0.1445,29.72,170,0,40960,0.37
1024,True,256,16,8,4,ok,0.1464,29.33,173,0,45056,0.36
1024,True,256,16,8,5,ok,0.1464,29.33,173,0,49152,0.37
1024,True,256,16,16,1,ok,0.2099,20.46,112,0,34816,0.30
1024,True,256,16,16,2,ok,0.1751,24.53,95,0,36864,0.26
1024,True,256,16,16,3,ok,0.1464,29.33,100,0,40960,0.30
1024,True,256,16,16,4,ok,0.1464,29.33,100,0,45056,0.27
1024,True,256,16,16,5,ok,0.1475,29.13,100,0,49152,0.34
1024,True,256,32,1,1,skipped_regs,,,,,,0.00
1024,True,256,32,1,2,skipped_regs,,,,,,0.00
1024,True,256,32,1,3,skipped_regs,,,,,,0.00
1024,True,256,32,1,4,skipped_regs,,,,,,0.00
1024,True,256,32,1,5,skipped_regs,,,,,,0.00
1024,True,256,32,2,1,ok,2.6876,1.60,40,1788,36864,1.80
1024,True,256,32,2,2,ok,2.6948,1.59,40,1750,40960,1.93
1024,True,256,32,2,3,ok,2.6854,1.60,40,1774,49152,1.94
1024,True,256,32,2,4,ok,2.3828,1.80,40,1758,57344,1.91
1024,True,256,32,2,5,ok,2.4125,1.78,40,1758,65536,1.96
1024,True,256,32,4,1,ok,0.1608,26.72,255,30,36864,0.72
1024,True,256,32,4,2,ok,0.1454,29.54,255,26,40960,0.75
1024,True,256,32,4,3,ok,0.1454,29.54,255,36,49152,0.75
1024,True,256,32,4,4,ok,0.1626,26.42,255,42,57344,0.76
1024,True,256,32,4,5,ok,0.1628,26.38,255,42,65536,0.81
1024,True,256,32,8,1,ok,0.1669,25.73,220,0,36864,0.38
1024,True,256,32,8,2,ok,0.1300,33.03,244,0,40960,0.43
1024,True,256,32,8,3,ok,0.1300,33.03,252,0,49152,0.41
1024,True,256,32,8,4,ok,0.1309,32.81,252,0,57344,0.46
1024,True,256,32,8,5,ok,0.1303,32.95,252,0,65536,0.42
1024,True,256,32,16,1,ok,0.1782,24.11,128,0,36864,0.31
1024,True,256,32,16,2,ok,0.1382,31.07,128,0,40960,0.31
1024,True,256,32,16,3,ok,0.1280,33.55,127,0,49152,0.32
1024,True,256,32,16,4,ok,0.1290,33.29,127,0,57344,0.33
1024,True,256,32,16,5,ok,0.1290,33.29,127,0,65536,0.35
1024,True,256,64,1,1,skipped_regs,,,,,,0.00
1024,True,256,64,1,2,skipped_regs,,,,,,0.00
1024,True,256,64,1,3,skipped_regs,,,,,,0.00
1024,True,256,64,1,4,skipped_regs,,,,,,0.00
1024,True,256,64,1,5,skipped_regs,,,,,,0.00
1024,True,256,64,2,1,ok,3.1962,1.34,40,2982,40960,3.21
1024,True,256,64,2,2,ok,3.2558,1.32,40,2980,49152,3.08
1024,True,256,64,2,3,ok,2.8611,1.50,40,2828,65536,3.10
1024,True,256,64,2,4,ok,2.6988,1.59,40,2828,81920,3.20
1024,True,256,64,2,5,ok,2.6563,1.62,40,2828,98304,3.24
1024,True,256,64,4,1,ok,0.2443,17.58,255,252,40960,1.14
1024,True,256,64,4,2,ok,0.2120,20.26,255,236,49152,1.12
1024,True,256,64,4,3,ok,0.2345,18.32,255,250,65536,1.12
1024,True,256,64,4,4,ok,0.2355,18.24,255,246,81920,1.21
1024,True,256,64,4,5,ok,0.2364,18.17,255,246,98304,1.19
1024,True,256,64,8,1,ok,0.1505,28.54,255,6,40960,0.60
1024,True,256,64,8,2,ok,0.1249,34.38,255,0,49152,0.56
1024,True,256,64,8,3,ok,0.1280,33.55,255,0,65536,0.56
1024,True,256,64,8,4,ok,0.1290,33.29,255,0,81920,0.61
1024,True,256,64,8,5,ok,0.1300,33.03,255,0,98304,0.62
1024,True,256,64,16,1,ok,0.1564,27.46,128,16,40960,0.35
1024,True,256,64,16,2,ok,0.1362,31.54,128,2,49152,0.38
1024,True,256,64,16,3,ok,0.1280,33.55,128,2,65536,0.39
1024,True,256,64,16,4,ok,0.1281,33.52,128,2,81920,0.44
1024,True,256,64,16,5,ok,0.1294,33.19,128,2,98304,0.44
1024,True,256,128,1,1,skipped_regs,,,,,,0.00
1024,True,256,128,1,2,skipped_regs,,,,,,0.00
1024,True,256,128,1,3,skipped_regs,,,,,,0.00
1024,True,256,128,1,4,skipped_regs,,,,,,0.00
1024,True,256,128,1,5,skipped_regs,,,,,,0.00
1024,True,256,128,2,1,skipped_regs,,,,,,0.00
1024,True,256,128,2,2,skipped_regs,,,,,,0.00
1024,True,256,128,2,3,skipped_regs,,,,,,0.00
1024,True,256,128,2,4,skipped_regs,,,,,,0.00
1024,True,256,128,2,5,skipped_regs,,,,,,0.00
1024,True,256,128,4,1,ok,3.0924,1.39,40,2642,49152,2.41
1024,True,256,128,4,2,ok,2.8232,1.52,40,2696,65536,2.40
1024,True,256,128,4,3,ok,2.9174,1.47,40,2752,98304,2.44
1024,True,256,128,4,4,out_of_smem,,,,,,2.44
1024,True,256,128,4,5,out_of_smem,,,,,,2.61
1024,True,256,128,8,1,ok,0.1690,25.42,255,104,49152,0.98
1024,True,256,128,8,2,ok,0.1731,24.82,255,128,65536,0.91
1024,True,256,128,8,3,ok,0.1587,27.06,255,94,98304,0.96
1024,True,256,128,8,4,out_of_smem,,,,,,1.06
1024,True,256,128,8,5,out_of_smem,,,,,,1.09
1024,True,256,128,16,1,ok,0.2171,19.78,128,138,49152,0.60
1024,True,256,128,16,2,ok,0.1925,22.31,128,100,65536,0.54
1024,True,256,128,16,3,ok,0.1465,29.31,128,36,98304,0.55
1024,True,256,128,16,4,out_of_smem,,,,,,0.57
1024,True,256,128,16,5,out_of_smem,,,,,,0.57
1024,True,256,256,1,1,skipped_regs,,,,,,0.00
1024,True,256,256,1,2,skipped_regs,,,,,,0.00
1024,True,256,256,1,3,skipped_regs,,,,,,0.00
1024,True,256,256,1,4,skipped_regs,,,,,,0.00
1024,True,256,256,1,5,skipped_regs,,,,,,0.00
1024,True,256,256,2,1,skipped_regs,,,,,,0.00
1024,True,256,256,2,2,skipped_regs,,,,,,0.00
1024,True,256,256,2,3,skipped_regs,,,,,,0.00
1024,True,256,256,2,4,skipped_regs,,,,,,0.00
1024,True,256,256,2,5,skipped_regs,,,,,,0.00
1024,True,256,256,4,1,skipped_regs,,,,,,0.00
1024,True,256,256,4,2,skipped_regs,,,,,,0.00
1024,True,256,256,4,3,skipped_regs,,,,,,0.00
1024,True,256,256,4,4,skipped_regs,,,,,,0.00
1024,True,256,256,4,5,skipped_regs,,,,,,0.00
1024,True,256,256,8,1,ok,0.4680,9.18,255,588,65536,1.69
1024,True,256,256,8,2,ok,3.0362,1.41,40,2618,98304,2.09
1024,True,256,256,8,3,out_of_smem,,,,,,2.15
1024,True,256,256,8,4,out_of_smem,,,,,,2.19
1024,True,256,256,8,5,out_of_smem,,,,,,2.31
1024,True,256,256,16,1,ok,1.6927,2.54,64,808,65536,0.99
1024,True,256,256,16,2,ok,1.7971,2.39,64,832,98304,0.97
1024,True,256,256,16,3,out_of_smem,,,,,,0.93
1024,True,256,256,16,4,out_of_smem,,,,,,0.91
1024,True,256,256,16,5,out_of_smem,,,,,,0.91
2048,True,16,16,1,1,ok,0.4260,40.33,122,0,4096,0.47
2048,True,16,16,1,2,ok,0.4762,36.08,113,0,6144,0.47
2048,True,16,16,1,3,ok,0.4596,37.38,124,0,10240,0.48
2048,True,16,16,1,4,ok,0.4680,36.71,125,0,14336,0.25
2048,True,16,16,1,5,ok,0.4772,36.00,126,0,18432,0.26
2048,True,16,16,2,1,ok,0.5637,30.48,80,0,4608,0.18
2048,True,16,16,2,2,ok,0.5222,32.90,72,0,6656,0.19
2048,True,16,16,2,3,ok,0.5253,32.70,96,0,10752,0.21
2048,True,16,16,2,4,ok,0.5642,30.45,95,0,14848,0.21
2048,True,16,16,2,5,ok,0.6042,28.44,95,0,18944,0.23
2048,True,16,16,4,1,ok,0.7946,21.62,71,0,4608,0.17
2048,True,16,16,4,2,ok,0.8069,21.29,64,0,6656,0.18
2048,True,16,16,4,3,ok,0.8100,21.21,64,0,10752,0.18
2048,True,16,16,4,4,ok,0.8264,20.79,64,0,14848,0.19
2048,True,16,16,4,5,ok,0.8397,20.46,64,0,18944,0.20
2048,True,16,16,8,1,ok,1.5872,10.82,80,0,4608,0.17
2048,True,16,16,8,2,ok,1.6241,10.58,80,0,6656,0.17
2048,True,16,16,8,3,ok,1.7874,9.61,97,0,10752,0.18
2048,True,16,16,8,4,ok,1.6189,10.61,80,0,14848,0.19
2048,True,16,16,8,5,ok,1.6261,10.56,80,0,18944,0.20
2048,True,16,16,16,1,ok,4.3459,3.95,99,0,4608,0.17
2048,True,16,16,16,2,ok,4.6500,3.69,96,0,6656,0.18
2048,True,16,16,16,3,ok,4.2946,4.00,111,0,10752,0.17
2048,True,16,16,16,4,ok,4.2465,4.05,114,0,14848,0.19
2048,True,16,16,16,5,ok,4.0847,4.21,114,0,18944,0.21
2048,True,16,32,1,1,ok,0.4137,41.53,128,2,6144,0.28
2048,True,16,32,1,2,ok,0.4700,36.55,168,0,10240,0.27
2048,True,16,32,1,3,ok,0.4649,36.95,168,0,18432,0.30
2048,True,16,32,1,4,ok,0.5335,32.20,168,0,26624,0.34
2048,True,16,32,1,5,ok,0.7506,22.89,168,0,34816,0.36
2048,True,16,32,2,1,ok,0.4465,38.48,128,0,7168,0.22
2048,True,16,32,2,2,ok,0.4782,35.93,96,0,11264,0.22
2048,True,16,32,2,3,ok,0.4659,36.87,100,0,19456,0.31
2048,True,16,32,2,4,ok,0.5396,31.84,100,0,27648,0.33
2048,True,16,32,2,5,ok,0.7055,24.35,100,0,35840,0.34
2048,True,16,32,4,1,ok,0.5417,31.71,80,0,7168,0.24
2048,True,16,32,4,2,ok,0.5161,33.29,72,0,11264,0.20
2048,True,16,32,4,3,ok,0.5181,33.16,72,0,19456,0.22
2048,True,16,32,4,4,ok,0.5857,29.33,72,0,27648,0.22
2048,True,16,32,4,5,ok,0.7096,24.21,72,0,35840,0.24
2048,True,16,32,8,1,ok,0.9093,18.89,80,0,7168,0.18
2048,True,16,32,8,2,ok,0.8786,19.55,64,0,11264,0.19
2048,True,16,32,8,3,ok,0.8858,19.40,80,0,19456,0.20
2048,True,16,32,8,4,ok,0.9909,17.34,97,0,27648,0.20
2048,True,16,32,8,5,ok,0.9974,17.23,97,0,35840,0.21
2048,True,16,32,16,1,ok,2.4965,6.88,99,0,7168,0.18
2048,True,16,32,16,2,ok,2.4525,7.01,101,0,11264,0.18
2048,True,16,32,16,3,ok,2.2385,7.67,100,0,19456,0.20
2048,True,16,32,16,4,ok,2.2641,7.59,100,0,27648,0.20
2048,True,16,32,16,5,ok,2.2774,7.54,100,0,35840,0.21
2048,True,16,64,1,1,ok,0.4035,42.58,212,0,10240,0.40
2048,True,16,64,1,2,ok,0.4751,36.16,165,0,18432,0.37
2048,True,16,64,1,3,ok,0.6472,26.55,149,0,34816,0.45
2048,True,16,64,1,4,ok,1.2718,13.51,156,0,51200,0.52
2048,True,16,64,1,5,ok,1.3087,13.13,152,0,67584,0.58
2048,True,16,64,2,1,ok,0.4346,39.53,123,0,12288,0.30
2048,True,16,64,2,2,ok,0.4751,36.16,99,0,20480,0.28
2048,True,16,64,2,3,ok,0.5683,30.23,100,0,36864,0.32
2048,True,16,64,2,4,ok,1.0455,16.43,100,0,53248,0.39
2048,True,16,64,2,5,ok,1.0598,16.21,102,0,69632,0.37
2048,True,16,64,4,1,ok,0.4680,36.71,95,0,12288,0.25
2048,True,16,64,4,2,ok,0.4700,36.55,96,0,20480,0.23
2048,True,16,64,4,3,ok,0.5274,32.58,96,0,36864,0.26
2048,True,16,64,4,4,ok,0.8480,20.26,96,0,53248,0.28
2048,True,16,64,4,5,ok,0.8563,20.06,104,0,69632,0.28
2048,True,16,64,8,1,ok,0.6187,27.77,80,0,12288,0.19
2048,True,16,64,8,2,ok,0.6021,28.53,76,0,20480,0.20
2048,True,16,64,8,3,ok,0.6420,26.76,80,0,36864,0.22
2048,True,16,64,8,4,ok,0.9615,17.87,80,0,53248,0.23
2048,True,16,64,8,5,ok,0.9789,17.55,80,0,69632,0.23
2048,True,16,64,16,1,ok,1.5432,11.13,95,0,12288,0.17
2048,True,16,64,16,2,ok,1.4639,11.74,95,0,20480,0.19
2048,True,16,64,16,3,ok,1.3548,12.68,93,0,36864,0.19
2048,True,16,64,16,4,ok,1.3766,12.48,95,0,53248,0.20
2048,True,16,64,16,5,ok,1.3910,12.35,95,0,69632,0.22
2048,True,16,128,1,1,ok,0.5844,29.40,255,56,18432,0.68
2048,True,16,128,1,2,ok,0.7639,22.49,255,0,34816,0.68
2048,True,16,128,1,3,ok,1.3537,12.69,197,0,67584,0.81
2048,True,16,128,1,4,ok,1.4305,12.01,197,0,100352,0.99
2048,True,16,128,1,5,out_of_smem,,,,,,1.12
2048,True,16,128,2,1,ok,0.4936,34.81,214,0,22528,0.41
2048,True,16,128,2,2,ok,0.6728,25.54,138,0,38912,0.45
2048,True,16,128,2,3,ok,0.9216,18.64,139,0,71680,0.50
2048,True,16,128,2,4,out_of_smem,,,,,,0.56
2048,True,16,128,2,5,out_of_smem,,,,,,0.63
2048,True,16,128,4,1,ok,0.4731,36.31,121,0,22528,0.30
2048,True,16,128,4,2,ok,0.5571,30.84,107,0,38912,0.30
2048,True,16,128,4,3,ok,0.6851,25.08,106,0,71680,0.34
2048,True,16,128,4,4,out_of_smem,,,,,,0.38
2048,True,16,128,4,5,out_of_smem,,,,,,0.41
2048,True,16,128,8,1,ok,0.6113,28.10,117,0,22528,0.24
2048,True,16,128,8,2,ok,0.5924,29.00,80,2,38912,0.25
2048,True,16,128,8,3,ok,0.7680,22.37,84,0,71680,0.26
2048,True,16,128,8,4,out_of_smem,,,,,,0.29
2048,True,16,128,8,5,out_of_smem,,,,,,0.32
2048,True,16,128,16,1,ok,1.1469,14.98,91,0,22528,0.22
2048,True,16,128,16,2,ok,1.0840,15.85,84,0,38912,0.22
2048,True,16,128,16,3,ok,0.9974,17.23,74,0,71680,0.23
2048,True,16,128,16,4,out_of_smem,,,,,,0.24
2048,True,16,128,16,5,out_of_smem,,,,,,0.25
2048,True,16,256,1,1,ok,1.5555,11.04,255,488,34816,1.57
2048,True,16,256,1,2,ok,1.8099,9.49,255,100,67584,1.46
2048,True,16,256,1,3,out_of_smem,,,,,,1.80
2048,True,16,256,1,4,out_of_smem,,,,,,2.31
2048,True,16,256,1,5,out_of_smem,,,,,,2.85
2048,True,16,256,2,1,ok,0.8038,21.37,255,46,43008,0.81
2048,True,16,256,2,2,ok,1.1358,15.13,195,0,75776,0.80
2048,True,16,256,2,3,out_of_smem,,,,,,0.96
2048,True,16,256,2,4,out_of_smem,,,,,,1.18
2048,True,16,256,2,5,out_of_smem,,,,,,1.31
2048,True,16,256,4,1,ok,0.6318,27.19,186,0,43008,0.58
2048,True,16,256,4,2,ok,0.8497,20.22,188,0,75776,0.50
2048,True,16,256,4,3,out_of_smem,,,,,,0.77
2048,True,16,256,4,4,out_of_smem,,,,,,0.74
2048,True,16,256,4,5,out_of_smem,,,,,,0.97
2048,True,16,256,8,1,ok,0.6277,27.37,128,0,43008,0.35
2048,True,16,256,8,2,ok,0.8888,19.33,128,2,75776,0.44
2048,True,16,256,8,3,out_of_smem,,,,,,0.45
2048,True,16,256,8,4,out_of_smem,,,,,,0.60
2048,True,16,256,8,5,out_of_smem,,,,,,0.51
2048,True,16,256,16,1,ok,1.0291,16.69,108,0,43008,0.31
2048,True,16,256,16,2,ok,1.0455,16.43,88,0,75776,0.30
2048,True,16,256,16,3,out_of_smem,,,,,,0.36
2048,True,16,256,16,4,out_of_smem,,,,,,0.35
2048,True,16,256,16,5,out_of_smem,,,,,,0.41
2048,True,32,16,1,1,ok,0.4936,34.81,175,0,6144,0.38
2048,True,32,16,1,2,ok,0.3809,45.10,168,0,8192,0.42
2048,True,32,16,1,3,ok,0.3929,43.73,168,0,12288,0.47
2048,True,32,16,1,4,ok,0.4191,40.99,189,0,16384,0.54
2048,True,32,16,1,5,ok,0.4545,37.80,189,0,20480,0.48
2048,True,32,16,2,1,ok,0.4772,36.00,128,0,7168,0.36
2048,True,32,16,2,2,ok,0.4270,40.23,121,0,9216,0.34
2048,True,32,16,2,3,ok,0.4433,38.75,128,0,13312,0.38
2048,True,32,16,2,4,ok,0.4930,34.85,128,0,17408,0.37
2048,True,32,16,2,5,ok,0.5509,31.18,128,0,21504,0.46
2048,True,32,16,4,1,ok,0.7608,22.58,108,0,7168,0.34
2048,True,32,16,4,2,ok,0.6698,25.65,96,0,9216,0.26
2048,True,32,16,4,3,ok,0.6525,26.33,96,0,13312,0.27
2048,True,32,16,4,4,ok,0.6537,26.28,96,0,17408,0.28
2048,True,32,16,4,5,ok,0.6684,25.70,96,0,21504,0.34
2048,True,32,16,8,1,ok,1.4444,11.89,109,0,7168,0.24
2048,True,32,16,8,2,ok,1.3967,12.30,103,0,9216,0.25
2048,True,32,16,8,3,ok,1.2534,13.71,80,0,13312,0.33
2048,True,32,16,8,4,ok,1.2737,13.49,80,0,17408,0.30
2048,True,32,16,8,5,ok,1.2626,13.61,80,0,21504,0.29
2048,True,32,16,16,1,ok,3.5640,4.82,103,0,7168,0.24
2048,True,32,16,16,2,ok,3.3991,5.05,102,0,9216,0.26
2048,True,32,16,16,3,ok,3.1410,5.47,87,0,13312,0.26
2048,True,32,16,16,4,ok,3.2333,5.31,87,0,17408,0.26
2048,True,32,16,16,5,ok,3.1519,5.45,87,0,21504,0.26
2048,True,32,32,1,1,ok,0.3799,45.22,204,0,8192,0.41
2048,True,32,32,1,2,ok,0.3806,45.14,224,0,12288,0.43
2048,True,32,32,1,3,ok,0.4076,42.15,227,0,20480,0.47
2048,True,32,32,1,4,ok,0.4677,36.73,231,0,28672,0.50
2048,True,32,32,1,5,ok,0.6359,27.02,231,0,36864,0.55
2048,True,32,32,2,1,ok,0.3871,44.38,166,0,10240,0.33
2048,True,32,32,2,2,ok,0.3758,45.71,134,0,14336,0.34
2048,True,32,32,2,3,ok,0.3809,45.10,155,0,22528,0.35
2048,True,32,32,2,4,ok,0.4362,39.38,151,0,30720,0.36
2048,True,32,32,2,5,ok,0.5652,30.39,151,0,38912,0.37
2048,True,32,32,4,1,ok,0.4622,37.17,119,0,10240,0.25
2048,True,32,32,4,2,ok,0.4086,42.05,96,0,14336,0.27
2048,True,32,32,4,3,ok,0.4163,41.26,96,0,22528,0.29
2048,True,32,32,4,4,ok,0.4444,38.66,96,0,30720,0.43
2048,True,32,32,4,5,ok,0.5181,33.16,96,0,38912,0.31
2048,True,32,32,8,1,ok,0.8039,21.37,108,0,10240,0.24
2048,True,32,32,8,2,ok,0.7853,21.88,103,0,14336,0.31
2048,True,32,32,8,3,ok,0.7700,22.31,96,0,22528,0.33
2048,True,32,32,8,4,ok,0.7516,22.86,97,0,30720,0.28
2048,True,32,32,8,5,ok,0.7567,22.70,97,0,38912,0.34
2048,True,32,32,16,1,ok,1.8852,9.11,105,0,10240,0.24
2048,True,32,32,16,2,ok,1.8258,9.41,105,0,14336,0.26
2048,True,32,32,16,3,ok,1.7674,9.72,87,0,22528,0.25
2048,True,32,32,16,4,ok,1.7777,9.66,87,0,30720,0.26
2048,True,32,32,16,5,ok,1.7859,9.62,87,0,38912,0.38
2048,True,32,64,1,1,ok,0.3901,44.03,248,0,12288,0.81
2048,True,32,64,1,2,ok,0.4004,42.91,255,0,20480,0.83
2048,True,32,64,1,3,ok,0.5828,29.48,255,0,36864,0.90
2048,True,32,64,1,4,ok,1.1377,15.10,255,0,53248,0.80
2048,True,32,64,1,5,ok,1.1653,14.74,255,14,69632,0.99
2048,True,32,64,2,1,ok,0.3573,48.08,164,0,16384,0.46
2048,True,32,64,2,2,ok,0.3717,46.22,168,2,24576,0.47
2048,True,32,64,2,3,ok,0.4628,37.12,168,4,40960,0.52
2048,True,32,64,2,4,ok,0.8030,21.39,168,4,57344,0.66
2048,True,32,64,2,5,ok,0.8110,21.18,168,4,73728,0.61
2048,True,32,64,4,1,ok,0.3850,44.62,135,0,16384,0.36
2048,True,32,64,4,2,ok,0.3543,48.49,126,0,24576,0.33
2048,True,32,64,4,3,ok,0.3921,43.81,128,0,40960,0.36
2048,True,32,64,4,4,ok,0.6103,28.15,128,0,57344,0.42
2048,True,32,64,4,5,ok,0.6328,27.15,128,0,73728,0.45
2048,True,32,64,8,1,ok,0.5155,33.33,108,0,16384,0.25
2048,True,32,64,8,2,ok,0.5028,34.17,106,0,24576,0.27
2048,True,32,64,8,3,ok,0.4956,34.67,99,0,40960,0.28
2048,True,32,64,8,4,ok,0.6877,24.98,99,0,57344,0.31
2048,True,32,64,8,5,ok,0.6902,24.89,99,0,73728,0.32
2048,True,32,64,16,1,ok,1.1223,15.31,108,0,16384,0.29
2048,True,32,64,16,2,ok,1.0918,15.74,103,0,24576,0.29
2048,True,32,64,16,3,ok,1.0353,16.59,87,0,40960,0.26
2048,True,32,64,16,4,ok,1.0476,16.40,87,0,57344,0.31
2048,True,32,64,16,5,ok,1.0547,16.29,87,0,73728,0.30
2048,True,32,128,1,1,ok,0.5673,30.28,255,122,20480,1.28
2048,True,32,128,1,2,ok,0.7617,22.56,255,118,36864,1.09
2048,True,32,128,1,3,ok,1.3466,12.76,255,76,69632,1.40
2048,True,32,128,1,4,out_of_smem,,,,,,1.65
2048,True,32,128,1,5,out_of_smem,,,,,,1.72
2048,True,32,128,2,1,ok,0.4403,39.02,250,0,28672,0.78
2048,True,32,128,2,2,ok,0.4874,35.25,255,0,45056,0.71
2048,True,32,128,2,3,ok,0.7660,22.43,255,0,77824,0.79
2048,True,32,128,2,4,out_of_smem,,,,,,0.90
2048,True,32,128,2,5,out_of_smem,,,,,,1.19
2048,True,32,128,4,1,ok,0.3604,47.66,160,0,28672,0.50
2048,True,32,128,4,2,ok,0.3820,44.98,168,2,45056,0.55
2048,True,32,128,4,3,ok,0.5007,34.31,168,2,77824,0.62
2048,True,32,128,4,4,out_of_smem,,,,,,0.57
2048,True,32,128,4,5,out_of_smem,,,,,,0.66
2048,True,32,128,8,1,ok,0.4132,41.58,128,2,28672,0.36
2048,True,32,128,8,2,ok,0.4035,42.58,128,0,45056,0.47
2048,True,32,128,8,3,ok,0.5284,32.51,128,0,77824,0.45
2048,True,32,128,8,4,out_of_smem,,,,,,0.43
2048,True,32,128,8,5,out_of_smem,,,,,,0.45
2048,True,32,128,16,1,ok,0.8591,20.00,108,0,28672,0.36
2048,True,32,128,16,2,ok,0.8346,20.59,101,0,45056,0.33
2048,True,32,128,16,3,ok,0.7956,21.59,104,0,77824,0.39
2048,True,32,128,16,4,out_of_smem,,,,,,0.43
2048,True,32,128,16,5,out_of_smem,,,,,,0.44
2048,True,32,256,1,1,ok,1.6969,10.12,255,830,36864,3.03
2048,True,32,256,1,2,ok,2.3567,7.29,255,662,69632,3.52
2048,True,32,256,1,3,out_of_smem,,,,,,3.08
2048,True,32,256,1,4,out_of_smem,,,,,,3.59
2048,True,32,256,1,5,out_of_smem,,,,,,3.83
2048,True,32,256,2,1,ok,1.0527,16.32,255,76,53248,1.21
2048,True,32,256,2,2,ok,0.9329,18.42,255,56,86016,1.21
2048,True,32,256,2,3,out_of_smem,,,,,,1.37
2048,True,32,256,2,4,out_of_smem,,,,,,1.59
2048,True,32,256,2,5,out_of_smem,,,,,,1.78
2048,True,32,256,4,1,ok,0.6349,27.06,215,0,53248,0.73
2048,True,32,256,4,2,ok,0.5898,29.13,255,2,86016,0.73
2048,True,32,256,4,3,out_of_smem,,,,,,0.88
2048,True,32,256,4,4,out_of_smem,,,,,,0.93
2048,True,32,256,4,5,out_of_smem,,,,,,1.11
2048,True,32,256,8,1,ok,0.6156,27.91,171,0,53248,0.57
2048,True,32,256,8,2,ok,0.5963,28.81,174,0,86016,0.56
2048,True,32,256,8,3,out_of_smem,,,,,,0.62
2048,True,32,256,8,4,out_of_smem,,,,,,0.62
2048,True,32,256,8,5,out_of_smem,,,,,,0.68
2048,True,32,256,16,1,ok,0.7629,22.52,125,0,53248,0.39
2048,True,32,256,16,2,ok,0.7772,22.10,124,0,86016,0.38
2048,True,32,256,16,3,out_of_smem,,,,,,0.45
2048,True,32,256,16,4,out_of_smem,,,,,,0.46
2048,True,32,256,16,5,out_of_smem,,,,,,0.48
2048,True,64,16,1,1,ok,0.4641,37.02,255,2,10240,0.62
2048,True,64,16,1,2,ok,0.4439,38.70,255,0,12288,0.61
2048,True,64,16,1,3,ok,0.4639,37.04,255,0,16384,0.66
2048,True,64,16,1,4,ok,0.4865,35.32,255,0,20480,0.67
2048,True,64,16,1,5,ok,0.4844,35.47,255,0,24576,0.66
2048,True,64,16,2,1,ok,0.3840,44.74,164,0,10240,0.35
2048,True,64,16,2,2,ok,0.3619,47.48,168,0,12288,0.35
2048,True,64,16,2,3,ok,0.3587,47.90,168,0,16384,0.41
2048,True,64,16,2,4,ok,0.3700,46.43,168,0,20480,0.39
2048,True,64,16,2,5,ok,0.3717,46.22,168,0,24576,0.40
2048,True,64,16,4,1,ok,0.3738,45.96,116,0,10240,0.26
2048,True,64,16,4,2,ok,0.3211,53.51,96,0,12288,0.27
2048,True,64,16,4,3,ok,0.3115,55.15,95,0,16384,0.28
2048,True,64,16,4,4,ok,0.3099,55.43,95,0,20480,0.30
2048,True,64,16,4,5,ok,0.3114,55.17,95,0,24576,0.31
2048,True,64,16,8,1,ok,0.6993,24.57,114,0,10240,0.26
2048,True,64,16,8,2,ok,0.6328,27.15,94,0,12288,0.27
2048,True,64,16,8,3,ok,0.6190,27.75,99,0,16384,0.27
2048,True,64,16,8,4,ok,0.6159,27.90,99,0,20480,0.27
2048,True,64,16,8,5,ok,0.6159,27.89,99,0,24576,0.29
2048,True,64,16,16,1,ok,1.7044,10.08,103,0,10240,0.26
2048,True,64,16,16,2,ok,1.3384,12.84,93,0,12288,0.26
2048,True,64,16,16,3,ok,1.2748,13.48,97,0,16384,0.28
2048,True,64,16,16,4,ok,1.2787,13.44,97,0,20480,0.28
2048,True,64,16,16,5,ok,1.2882,13.34,97,0,24576,0.31
2048,True,64,32,1,1,ok,0.4669,36.79,255,26,12288,0.74
2048,True,64,32,1,2,ok,0.5018,34.24,255,54,16384,0.76
2048,True,64,32,1,3,ok,0.5132,33.47,255,56,24576,0.81
2048,True,64,32,1,4,ok,0.5734,29.96,255,56,32768,0.89
2048,True,64,32,1,5,ok,0.7639,22.49,255,58,40960,0.93
2048,True,64,32,2,1,ok,0.3718,46.20,222,0,12288,0.41
2048,True,64,32,2,2,ok,0.3390,50.67,205,0,16384,0.42
2048,True,64,32,2,3,ok,0.3287,52.27,211,0,24576,0.45
2048,True,64,32,2,4,ok,0.3416,50.29,212,0,32768,0.45
2048,True,64,32,2,5,ok,0.3759,45.70,216,0,40960,0.50
2048,True,64,32,4,1,ok,0.3338,51.46,135,0,12288,0.30
2048,True,64,32,4,2,ok,0.3041,56.49,137,0,16384,0.30
2048,True,64,32,4,3,ok,0.2980,57.65,137,0,24576,0.00
2048,True,64,32,4,4,ok,0.2959,58.05,128,0,32768,0.34
2048,True,64,32,4,5,ok,0.3029,56.72,128,0,40960,0.36
2048,True,64,32,8,1,ok,0.6185,27.78,128,0,12288,0.29
2048,True,64,32,8,2,ok,0.5499,31.24,128,0,16384,0.30
2048,True,64,32,8,3,ok,0.5591,30.73,128,0,24576,0.29
2048,True,64,32,8,4,ok,0.5594,30.71,128,0,32768,0.33
2048,True,64,32,8,5,ok,0.5622,30.56,128,0,40960,0.34
2048,True,64,32,16,1,ok,1.5101,11.38,128,0,12288,0.29
2048,True,64,32,16,2,ok,1.1646,14.75,126,0,16384,0.30
2048,True,64,32,16,3,ok,1.1938,14.39,124,0,24576,0.31
2048,True,64,32,16,4,ok,1.1971,14.35,124,0,32768,0.31
2048,True,64,32,16,5,ok,1.2022,14.29,124,0,40960,0.31
2048,True,64,64,1,1,ok,0.5919,29.02,255,238,16384,1.13
2048,True,64,64,1,2,ok,0.5878,29.23,255,226,24576,1.15
2048,True,64,64,1,3,ok,0.9144,18.79,255,242,40960,1.25
2048,True,64,64,1,4,ok,1.5698,10.94,255,242,57344,1.33
2048,True,64,64,1,5,ok,1.5677,10.96,255,242,73728,1.41
2048,True,64,64,2,1,ok,0.3604,47.66,250,0,16384,0.60
2048,True,64,64,2,2,ok,0.3191,53.84,255,2,24576,0.63
2048,True,64,64,2,3,ok,0.3560,48.26,255,2,40960,0.62
2048,True,64,64,2,4,ok,0.5693,30.17,255,2,57344,0.69
2048,True,64,64,2,5,ok,0.5724,30.01,255,2,73728,0.76
2048,True,64,64,4,1,ok,0.3369,50.99,185,0,16384,0.41
2048,True,64,64,4,2,ok,0.2959,58.05,168,0,24576,0.41
2048,True,64,64,4,3,ok,0.2951,58.21,158,0,40960,0.41
2048,True,64,64,4,4,ok,0.3338,51.46,158,0,57344,0.43
2048,True,64,64,4,5,ok,0.3369,50.99,176,0,73728,0.55
2048,True,64,64,8,1,ok,0.7066,24.31,177,0,16384,0.45
2048,True,64,64,8,2,ok,0.6267,27.41,161,0,24576,0.42
2048,True,64,64,8,3,ok,0.5847,29.38,153,0,40960,0.48
2048,True,64,64,8,4,ok,0.5857,29.33,154,0,57344,0.51
2048,True,64,64,8,5,ok,0.5939,28.93,154,0,73728,0.55
2048,True,64,64,16,1,ok,1.2974,13.24,128,16,16384,0.40
2048,True,64,64,16,2,ok,1.1090,15.49,128,6,24576,0.35
2048,True,64,64,16,3,ok,1.1305,15.20,128,2,40960,0.37
2048,True,64,64,16,4,ok,1.1346,15.14,128,2,57344,0.45
2048,True,64,64,16,5,ok,1.1479,14.97,128,2,73728,0.44
2048,True,64,128,1,1,ok,0.9226,18.62,255,686,24576,2.45
2048,True,64,128,1,2,ok,1.2739,13.49,255,658,40960,2.26
2048,True,64,128,1,3,ok,2.3122,7.43,255,688,73728,2.66
2048,True,64,128,1,4,out_of_smem,,,,,,2.69
2048,True,64,128,1,5,out_of_smem,,,,,,2.79
2048,True,64,128,2,1,ok,0.3902,44.03,255,76,24576,1.09
2048,True,64,128,2,2,ok,0.4611,37.26,255,116,40960,1.01
2048,True,64,128,2,3,ok,0.6810,25.23,255,74,73728,1.09
2048,True,64,128,2,4,out_of_smem,,,,,,1.25
2048,True,64,128,2,5,out_of_smem,,,,,,1.35
2048,True,64,128,4,1,ok,0.3401,50.51,255,10,24576,0.63
2048,True,64,128,4,2,ok,0.3011,57.07,255,0,40960,0.60
2048,True,64,128,4,3,ok,0.3308,51.94,206,0,73728,0.77
2048,True,64,128,4,4,out_of_smem,,,,,,0.67
2048,True,64,128,4,5,out_of_smem,,,,,,0.68
2048,True,64,128,8,1,ok,0.7025,24.46,255,10,24576,0.56
2048,True,64,128,8,2,ok,0.6238,27.54,250,0,40960,0.55
2048,True,64,128,8,3,ok,0.5950,28.88,194,0,73728,0.56
2048,True,64,128,8,4,out_of_smem,,,,,,0.58
2048,True,64,128,8,5,out_of_smem,,,,,,0.62
2048,True,64,128,16,1,ok,1.6671,10.31,128,134,24576,0.50
2048,True,64,128,16,2,ok,1.4915,11.52,128,102,40960,0.48
2048,True,64,128,16,3,ok,1.2484,13.76,128,36,73728,0.51
2048,True,64,128,16,4,out_of_smem,,,,,,0.54
2048,True,64,128,16,5,out_of_smem,,,,,,0.57
2048,True,64,256,1,1,skipped_regs,,,,,,0.00
2048,True,64,256,1,2,skipped_regs,,,,,,0.00
2048,True,64,256,1,3,skipped_regs,,,,,,0.00
2048,True,64,256,1,4,skipped_regs,,,,,,0.00
2048,True,64,256,1,5,skipped_regs,,,,,,0.00
2048,True,64,256,2,1,ok,0.9308,18.46,255,600,40960,2.05
2048,True,64,256,2,2,ok,7.1404,2.41,40,2582,73728,2.41
2048,True,64,256,2,3,out_of_smem,,,,,,2.60
2048,True,64,256,2,4,out_of_smem,,,,,,2.46
2048,True,64,256,2,5,out_of_smem,,,,,,2.86
2048,True,64,256,4,1,ok,0.5020,34.22,255,218,40960,1.13
2048,True,64,256,4,2,ok,0.4536,37.87,255,72,73728,1.30
2048,True,64,256,4,3,out_of_smem,,,,,,1.33
2048,True,64,256,4,4,out_of_smem,,,,,,1.27
2048,True,64,256,4,5,out_of_smem,,,,,,1.40
2048,True,64,256,8,1,ok,0.8284,20.74,255,150,40960,1.09
2048,True,64,256,8,2,ok,0.7780,22.08,255,102,73728,1.14
2048,True,64,256,8,3,out_of_smem,,,,,,1.11
2048,True,64,256,8,4,out_of_smem,,,,,,1.13
2048,True,64,256,8,5,out_of_smem,,,,,,1.15
2048,True,64,256,16,1,ok,29.1441,0.59,64,814,40960,1.00
2048,True,64,256,16,2,ok,24.7747,0.69,64,836,73728,1.02
2048,True,64,256,16,3,out_of_smem,,,,,,0.99
2048,True,64,256,16,4,out_of_smem,,,,,,1.02
2048,True,64,256,16,5,out_of_smem,,,,,,1.05
2048,True,128,16,1,1,ok,1.1848,14.50,255,276,18432,1.28
2048,True,128,16,1,2,ok,1.1750,14.62,255,230,20480,1.29
2048,True,128,16,1,3,ok,1.1080,15.51,255,228,24576,1.33
2048,True,128,16,1,4,ok,1.2462,13.79,255,226,28672,1.35
2048,True,128,16,1,5,ok,1.2513,13.73,255,226,32768,1.38
2048,True,128,16,2,1,ok,0.4771,36.01,255,0,18432,0.62
2048,True,128,16,2,2,ok,0.4086,42.05,255,0,20480,0.57
2048,True,128,16,2,3,ok,0.4168,41.22,255,0,24576,0.63
2048,True,128,16,2,4,ok,0.4311,39.86,255,0,28672,0.64
2048,True,128,16,2,5,ok,0.4291,40.04,255,0,32768,0.66
2048,True,128,16,4,1,ok,0.3880,44.27,167,0,18432,0.34
2048,True,128,16,4,2,ok,0.3594,47.80,180,0,20480,0.33
2048,True,128,16,4,3,ok,0.3482,49.34,168,6,24576,0.36
2048,True,128,16,4,4,ok,0.3490,49.23,168,6,28672,0.39
2048,True,128,16,4,5,ok,0.3502,49.06,168,6,32768,0.40
2048,True,128,16,8,1,ok,0.4403,39.02,113,0,18432,0.28
2048,True,128,16,8,2,ok,0.3795,45.27,98,0,20480,0.27
2048,True,128,16,8,3,ok,0.3564,48.21,102,0,24576,0.28
2048,True,128,16,8,4,ok,0.3557,48.30,102,0,28672,0.29
2048,True,128,16,8,5,ok,0.3579,48.00,102,0,32768,0.31
2048,True,128,16,16,1,ok,0.9567,17.96,112,0,18432,0.25
2048,True,128,16,16,2,ok,0.7648,22.46,94,0,20480,0.26
2048,True,128,16,16,3,ok,0.7475,22.98,99,0,24576,0.28
2048,True,128,16,16,4,ok,0.7496,22.92,99,0,28672,0.30
2048,True,128,16,16,5,ok,0.7516,22.86,99,0,32768,0.30
2048,True,128,32,1,1,ok,1.5369,11.18,168,758,20480,1.65
2048,True,128,32,1,2,ok,1.5688,10.95,168,764,24576,1.74
2048,True,128,32,1,3,ok,1.6676,10.30,168,740,32768,1.82
2048,True,128,32,1,4,ok,1.9743,8.70,168,740,40960,1.90
2048,True,128,32,1,5,ok,1.9833,8.66,168,740,49152,1.97
2048,True,128,32,2,1,ok,0.4792,35.85,255,56,20480,0.79
2048,True,128,32,2,2,ok,0.4389,39.14,255,34,24576,0.73
2048,True,128,32,2,3,ok,0.4499,38.19,255,50,32768,0.79
2048,True,128,32,2,4,ok,0.4913,34.97,255,50,40960,0.81
2048,True,128,32,2,5,ok,0.4854,35.39,255,50,49152,0.84
2048,True,128,32,4,1,ok,0.3656,46.99,218,0,20480,0.43
2048,True,128,32,4,2,ok,0.3205,53.61,192,0,24576,0.43
2048,True,128,32,4,3,ok,0.3297,52.10,244,0,32768,0.58
2048,True,128,32,4,4,ok,0.3297,52.10,244,0,40960,0.50
2048,True,128,32,4,5,ok,0.3308,51.94,244,0,49152,0.56
2048,True,128,32,8,1,ok,0.4710,36.47,136,0,20480,0.31
2048,True,128,32,8,2,ok,0.3604,47.66,141,0,24576,0.32
2048,True,128,32,8,3,ok,0.3277,52.43,154,0,32768,0.32
2048,True,128,32,8,4,ok,0.3277,52.42,156,0,40960,0.43
2048,True,128,32,8,5,ok,0.3287,52.27,156,0,49152,0.36
2048,True,128,32,16,1,ok,0.8417,20.41,128,0,20480,0.32
2048,True,128,32,16,2,ok,0.6502,26.42,127,0,24576,0.44
2048,True,128,32,16,3,ok,0.6400,26.84,127,0,32768,0.31
2048,True,128,32,16,4,ok,0.6595,26.05,124,0,40960,0.33
2048,True,128,32,16,5,ok,0.6605,26.01,124,0,49152,0.43
2048,True,128,64,1,1,ok,4.9572,3.47,80,1894,24576,3.15
2048,True,128,64,1,2,ok,3.8492,4.46,80,1800,32768,2.99
2048,True,128,64,1,3,ok,3.6224,4.74,80,1734,49152,3.05
2048,True,128,64,1,4,ok,5.3919,3.19,80,1734,65536,3.15
2048,True,128,64,1,5,ok,5.4159,3.17,80,1760,81920,3.33
2048,True,128,64,2,1,ok,0.5748,29.89,255,242,24576,1.11
2048,True,128,64,2,2,ok,0.5378,31.94,255,230,32768,1.12
2048,True,128,64,2,3,ok,0.6170,27.85,255,234,49152,1.15
2048,True,128,64,2,4,ok,0.9452,18.18,255,238,65536,1.22
2048,True,128,64,2,5,ok,0.9482,18.12,255,238,81920,1.25
2048,True,128,64,4,1,ok,0.3451,49.78,255,0,24576,0.62
2048,True,128,64,4,2,ok,0.3204,53.63,255,14,32768,0.62
2048,True,128,64,4,3,ok,0.3154,54.47,255,2,49152,0.62
2048,True,128,64,4,4,ok,0.3328,51.62,255,2,65536,0.65
2048,True,128,64,4,5,ok,0.3348,51.31,255,2,81920,0.66
2048,True,128,64,8,1,ok,0.3995,43.01,175,0,24576,0.38
2048,True,128,64,8,2,ok,0.3574,48.07,166,0,32768,0.36
2048,True,128,64,8,3,ok,0.3318,51.78,153,0,49152,0.40
2048,True,128,64,8,4,ok,0.3267,52.59,153,0,65536,0.40
2048,True,128,64,8,5,ok,0.3297,52.10,153,0,81920,0.42
2048,True,128,64,16,1,ok,0.7199,23.87,128,16,24576,0.35
2048,True,128,64,16,2,ok,0.6298,27.28,128,2,32768,0.36
2048,True,128,64,16,3,ok,0.6062,28.34,128,2,49152,0.38
2048,True,128,64,16,4,ok,0.6175,27.82,128,6,65536,0.40
2048,True,128,64,16,5,ok,0.6203,27.70,128,6,81920,0.39
2048,True,128,128,1,1,skipped_regs,,,,,,0.00
2048,True,128,128,1,2,skipped_regs,,,,,,0.00
2048,True,128,128,1,3,skipped_regs,,,,,,0.00
2048,True,128,128,1,4,skipped_regs,,,,,,0.00
2048,True,128,128,1,5,skipped_regs,,,,,,0.00
2048,True,128,128,2,1,ok,9.7802,1.76,40,2606,32768,2.38
2048,True,128,128,2,2,ok,8.8392,1.94,40,2670,49152,2.41
2048,True,128,128,2,3,ok,6.5032,2.64,40,2640,81920,2.51
2048,True,128,128,2,4,out_of_smem,,,,,,2.62
2048,True,128,128,2,5,out_of_smem,,,,,,2.75
2048,True,128,128,4,1,ok,0.3753,45.78,255,72,32768,0.99
2048,True,128,128,4,2,ok,0.3748,45.84,255,116,49152,0.95
2048,True,128,128,4,3,ok,0.3901,44.03,255,84,81920,0.98
2048,True,128,128,4,4,out_of_smem,,,,,,1.06
2048,True,128,128,4,5,out_of_smem,,,,,,1.15
2048,True,128,128,8,1,ok,0.3874,44.34,255,18,32768,0.59
2048,True,128,128,8,2,ok,0.3389,50.69,254,0,49152,0.56
2048,True,128,128,8,3,ok,0.3226,53.26,203,0,81920,0.61
2048,True,128,128,8,4,out_of_smem,,,,,,0.61
2048,True,128,128,8,5,out_of_smem,,,,,,0.63
2048,True,128,128,16,1,ok,0.9083,18.91,128,128,32768,0.52
2048,True,128,128,16,2,ok,0.7956,21.59,128,100,49152,0.53
2048,True,128,128,16,3,ok,0.6769,25.38,128,36,81920,0.54
2048,True,128,128,16,4,out_of_smem,,,,,,0.57
2048,True,128,128,16,5,out_of_smem,,,,,,0.58
2048,True,128,256,1,1,skipped_regs,,,,,,0.00
2048,True,128,256,1,2,skipped_regs,,,,,,0.00
2048,True,128,256,1,3,skipped_regs,,,,,,0.00
2048,True,128,256,1,4,skipped_regs,,,,,,0.00
2048,True,128,256,1,5,skipped_regs,,,,,,0.00
2048,True,128,256,2,1,skipped_regs,,,,,,0.00
2048,True,128,256,2,2,skipped_regs,,,,,,0.00
2048,True,128,256,2,3,skipped_regs,,,,,,0.00
2048,True,128,256,2,4,skipped_regs,,,,,,0.00
2048,True,128,256,2,5,skipped_regs,,,,,,0.00
2048,True,128,256,4,1,ok,1.3193,13.02,255,548,49152,1.86
2048,True,128,256,4,2,ok,0.9258,18.56,255,628,81920,2.05
2048,True,128,256,4,3,out_of_smem,,,,,,2.39
2048,True,128,256,4,4,out_of_smem,,,,,,2.60
2048,True,128,256,4,5,out_of_smem,,,,,,2.67
2048,True,128,256,8,1,ok,0.4546,37.79,255,172,49152,1.17
2048,True,128,256,8,2,ok,0.4260,40.33,255,108,81920,1.03
2048,True,128,256,8,3,out_of_smem,,,,,,1.05
2048,True,128,256,8,4,out_of_smem,,,,,,1.13
2048,True,128,256,8,5,out_of_smem,,,,,,1.42
2048,True,128,256,16,1,ok,14.5705,1.18,64,796,49152,1.19
2048,True,128,256,16,2,ok,12.4836,1.38,64,836,81920,1.32
2048,True,128,256,16,3,out_of_smem,,,,,,1.13
2048,True,128,256,16,4,out_of_smem,,,,,,1.05
2048,True,128,256,16,5,out_of_smem,,,,,,1.14
2048,True,256,16,1,1,skipped_regs,,,,,,0.00
2048,True,256,16,1,2,skipped_regs,,,,,,0.00
2048,True,256,16,1,3,skipped_regs,,,,,,0.00
2048,True,256,16,1,4,skipped_regs,,,,,,0.00
2048,True,256,16,1,5,skipped_regs,,,,,,0.00
2048,True,256,16,2,1,ok,1.3061,13.15,255,280,34816,1.26
2048,True,256,16,2,2,ok,1.2370,13.89,255,230,36864,1.32
2048,True,256,16,2,3,ok,1.2005,14.31,255,226,40960,1.38
2048,True,256,16,2,4,ok,1.2038,14.27,255,222,45056,1.32
2048,True,256,16,2,5,ok,1.2022,14.29,255,222,49152,1.56
2048,True,256,16,4,1,ok,0.4710,36.47,255,0,34816,0.58
2048,True,256,16,4,2,ok,0.4137,41.53,255,0,36864,0.62
2048,True,256,16,4,3,ok,0.4137,41.53,255,0,40960,0.59
2048,True,256,16,4,4,ok,0.4147,41.43,255,0,45056,0.64
2048,True,256,16,4,5,ok,0.4209,40.82,255,0,49152,0.66
2048,True,256,16,8,1,ok,0.5765,29.80,191,0,34816,0.34
2048,True,256,16,8,2,ok,0.4741,36.24,173,0,36864,0.34
2048,True,256,16,8,3,ok,0.4311,39.85,170,0,40960,0.37
2048,True,256,16,8,4,ok,0.4372,39.29,173,0,45056,0.36
2048,True,256,16,8,5,ok,0.4381,39.21,173,0,49152,0.37
2048,True,256,16,16,1,ok,0.5949,28.88,112,0,34816,0.30
2048,True,256,16,16,2,ok,0.4844,35.47,95,0,36864,0.26
2048,True,256,16,16,3,ok,0.4454,38.57,100,0,40960,0.30
2048,True,256,16,16,4,ok,0.4454,38.57,100,0,45056,0.27
2048,True,256,16,16,5,ok,0.4473,38.41,100,0,49152,0.34
2048,True,256,32,1,1,skipped_regs,,,,,,0.00
2048,True,256,32,1,2,skipped_regs,,,,,,0.00
2048,True,256,32,1,3,skipped_regs,,,,,,0.00
2048,True,256,32,1,4,skipped_regs,,,,,,0.00
2048,True,256,32,1,5,skipped_regs,,,,,,0.00
2048,True,256,32,2,1,ok,9.4075,1.83,40,1788,36864,1.80
2048,True,256,32,2,2,ok,9.5160,1.81,40,1750,40960,1.93
2048,True,256,32,2,3,ok,9.4269,1.82,40,1774,49152,1.94
2048,True,256,32,2,4,ok,7.3825,2.33,40,1758,57344,1.91
2048,True,256,32,2,5,ok,7.4334,2.31,40,1758,65536,1.96
2048,True,256,32,4,1,ok,0.4516,38.04,255,30,36864,0.72
2048,True,256,32,4,2,ok,0.4216,40.75,255,26,40960,0.75
2048,True,256,32,4,3,ok,0.4260,40.33,255,36,49152,0.75
2048,True,256,32,4,4,ok,0.4700,36.55,255,42,57344,0.76
2048,True,256,32,4,5,ok,0.4690,36.63,255,42,65536,0.81
2048,True,256,32,8,1,ok,0.4690,36.63,220,0,36864,0.38
2048,True,256,32,8,2,ok,0.3809,45.10,244,0,40960,0.43
2048,True,256,32,8,3,ok,0.3800,45.21,252,0,49152,0.41
2048,True,256,32,8,4,ok,0.3809,45.10,252,0,57344,0.46
2048,True,256,32,8,5,ok,0.3809,45.10,252,0,65536,0.42
2048,True,256,32,16,1,ok,0.5130,33.49,128,0,36864,0.31
2048,True,256,32,16,2,ok,0.3922,43.80,128,0,40960,0.31
2048,True,256,32,16,3,ok,0.3797,45.25,127,0,49152,0.32
2048,True,256,32,16,4,ok,0.3799,45.22,127,0,57344,0.33
2048,True,256,32,16,5,ok,0.3799,45.22,127,0,65536,0.35
2048,True,256,64,1,1,skipped_regs,,,,,,0.00
2048,True,256,64,1,2,skipped_regs,,,,,,0.00
2048,True,256,64,1,3,skipped_regs,,,,,,0.00
2048,True,256,64,1,4,skipped_regs,,,,,,0.00
2048,True,256,64,1,5,skipped_regs,,,,,,0.00
2048,True,256,64,2,1,ok,11.2532,1.53,40,2982,40960,3.21
2048,True,256,64,2,2,ok,11.2389,1.53,40,2980,49152,3.08
2048,True,256,64,2,3,ok,8.7014,1.97,40,2828,65536,3.10
2048,True,256,64,2,4,ok,8.5542,2.01,40,2828,81920,3.20
2048,True,256,64,2,5,ok,8.6364,1.99,40,2828,98304,3.24
2048,True,256,64,4,1,ok,0.6472,26.55,255,252,40960,1.14
2048,True,256,64,4,2,ok,0.5827,29.49,255,236,49152,1.12
2048,True,256,64,4,3,ok,0.6554,26.21,255,250,65536,1.12
2048,True,256,64,4,4,ok,0.6564,26.17,255,246,81920,1.21
2048,True,256,64,4,5,ok,0.6584,26.09,255,246,98304,1.19
2048,True,256,64,8,1,ok,0.4157,41.32,255,6,40960,0.60
2048,True,256,64,8,2,ok,0.3666,46.86,255,0,49152,0.56
2048,True,256,64,8,3,ok,0.3738,45.96,255,0,65536,0.56
2048,True,256,64,8,4,ok,0.3758,45.71,255,0,81920,0.61
2048,True,256,64,8,5,ok,0.3762,45.67,255,0,98304,0.62
2048,True,256,64,16,1,ok,0.4372,39.29,128,16,40960,0.35
2048,True,256,64,16,2,ok,0.3830,44.86,128,2,49152,0.38
2048,True,256,64,16,3,ok,0.3748,45.84,128,2,65536,0.39
2048,True,256,64,16,4,ok,0.3758,45.71,128,2,81920,0.44
2048,True,256,64,16,5,ok,0.3762,45.67,128,2,98304,0.44
2048,True,256,128,1,1,skipped_regs,,,,,,0.00
2048,True,256,128,1,2,skipped_regs,,,,,,0.00
2048,True,256,128,1,3,skipped_regs,,,,,,0.00
2048,True,256,128,1,4,skipped_regs,,,,,,0.00
2048,True,256,128,1,5,skipped_regs,,,,,,0.00
2048,True,256,128,2,1,skipped_regs,,,,,,0.00
2048,True,256,128,2,2,skipped_regs,,,,,,0.00
2048,True,256,128,2,3,skipped_regs,,,,,,0.00
2048,True,256,128,2,4,skipped_regs,,,,,,0.00
2048,True,256,128,2,5,skipped_regs,,,,,,0.00
2048,True,256,128,4,1,ok,11.2253,1.53,40,2642,49152,2.41
2048,True,256,128,4,2,ok,9.7147,1.77,40,2696,65536,2.40
2048,True,256,128,4,3,ok,10.2044,1.68,40,2752,98304,2.44
2048,True,256,128,4,4,out_of_smem,,,,,,2.44
2048,True,256,128,4,5,out_of_smem,,,,,,2.61
2048,True,256,128,8,1,ok,0.4556,37.70,255,104,49152,0.98
2048,True,256,128,8,2,ok,0.4547,37.79,255,128,65536,0.91
2048,True,256,128,8,3,ok,0.4239,40.52,255,94,98304,0.96
2048,True,256,128,8,4,out_of_smem,,,,,,1.06
2048,True,256,128,8,5,out_of_smem,,,,,,1.09
2048,True,256,128,16,1,ok,0.5386,31.90,128,138,49152,0.60
2048,True,256,128,16,2,ok,0.4905,35.03,128,100,65536,0.54
2048,True,256,128,16,3,ok,0.4014,42.80,128,36,98304,0.55
2048,True,256,128,16,4,out_of_smem,,,,,,0.57
2048,True,256,128,16,5,out_of_smem,,,,,,0.57
2048,True,256,256,1,1,skipped_regs,,,,,,0.00
2048,True,256,256,1,2,skipped_regs,,,,,,0.00
2048,True,256,256,1,3,skipped_regs,,,,,,0.00
2048,True,256,256,1,4,skipped_regs,,,,,,0.00
2048,True,256,256,1,5,skipped_regs,,,,,,0.00
2048,True,256,256,2,1,skipped_regs,,,,,,0.00
2048,True,256,256,2,2,skipped_regs,,,,,,0.00
2048,True,256,256,2,3,skipped_regs,,,,,,0.00
2048,True,256,256,2,4,skipped_regs,,,,,,0.00
2048,True,256,256,2,5,skipped_regs,,,,,,0.00
2048,True,256,256,4,1,skipped_regs,,,,,,0.00
2048,True,256,256,4,2,skipped_regs,,,,,,0.00
2048,True,256,256,4,3,skipped_regs,,,,,,0.00
2048,True,256,256,4,4,skipped_regs,,,,,,0.00
2048,True,256,256,4,5,skipped_regs,,,,,,0.00
2048,True,256,256,8,1,ok,1.3804,12.45,255,588,65536,1.69
2048,True,256,256,8,2,ok,10.8572,1.58,40,2618,98304,2.09
2048,True,256,256,8,3,out_of_smem,,,,,,2.15
2048,True,256,256,8,4,out_of_smem,,,,,,2.19
2048,True,256,256,8,5,out_of_smem,,,,,,2.31
2048,True,256,256,16,1,ok,5.9993,2.86,64,808,65536,0.99
2048,True,256,256,16,2,ok,6.2790,2.74,64,832,98304,0.97
2048,True,256,256,16,3,out_of_smem,,,,,,0.93
2048,True,256,256,16,4,out_of_smem,,,,,,0.91
2048,True,256,256,16,5,out_of_smem,,,,,,0.91
4096,True,16,16,1,1,ok,1.5454,44.47,122,0,4096,0.47
4096,True,16,16,1,2,ok,1.8468,37.21,113,0,6144,0.47
4096,True,16,16,1,3,ok,1.7799,38.61,124,0,10240,0.48
4096,True,16,16,1,4,ok,1.8063,38.04,125,0,14336,0.25
4096,True,16,16,1,5,ok,1.8248,37.66,126,0,18432,0.26
4096,True,16,16,2,1,ok,2.1192,32.43,80,0,4608,0.18
4096,True,16,16,2,2,ok,2.0362,33.75,72,0,6656,0.19
4096,True,16,16,2,3,ok,2.0920,32.85,96,0,10752,0.21
4096,True,16,16,2,4,ok,2.1821,31.49,95,0,14848,0.21
4096,True,16,16,2,5,ok,2.3665,29.04,95,0,18944,0.23
4096,True,16,16,4,1,ok,3.1017,22.16,71,0,4608,0.17
4096,True,16,16,4,2,ok,3.1683,21.69,64,0,6656,0.18
4096,True,16,16,4,3,ok,3.2120,21.39,64,0,10752,0.18
4096,True,16,16,4,4,ok,3.4560,19.88,64,0,14848,0.19
4096,True,16,16,4,5,ok,3.4857,19.71,64,0,18944,0.20
4096,True,16,16,8,1,ok,6.3519,10.82,80,0,4608,0.17
4096,True,16,16,8,2,ok,6.5341,10.52,80,0,6656,0.17
4096,True,16,16,8,3,ok,7.1357,9.63,97,0,10752,0.18
4096,True,16,16,8,4,ok,6.5152,10.55,80,0,14848,0.19
4096,True,16,16,8,5,ok,6.5070,10.56,80,0,18944,0.20
4096,True,16,16,16,1,ok,17.6538,3.89,99,0,4608,0.17
4096,True,16,16,16,2,ok,18.1388,3.79,96,0,6656,0.18
4096,True,16,16,16,3,ok,16.8776,4.07,111,0,10752,0.17
4096,True,16,16,16,4,ok,16.5530,4.15,114,0,14848,0.19
4096,True,16,16,16,5,ok,16.4738,4.17,114,0,18944,0.21
4096,True,16,32,1,1,ok,1.6108,42.66,128,2,6144,0.28
4096,True,16,32,1,2,ok,1.7981,38.22,168,0,10240,0.27
4096,True,16,32,1,3,ok,1.7889,38.41,168,0,18432,0.30
4096,True,16,32,1,4,ok,2.0131,34.14,168,0,26624,0.34
4096,True,16,32,1,5,ok,2.8298,24.28,168,0,34816,0.36
4096,True,16,32,2,1,ok,1.6742,41.05,128,0,7168,0.22
4096,True,16,32,2,2,ok,1.8289,37.57,96,0,11264,0.22
4096,True,16,32,2,3,ok,1.8237,37.68,100,0,19456,0.31
4096,True,16,32,2,4,ok,2.0654,33.27,100,0,27648,0.33
4096,True,16,32,2,5,ok,2.6327,26.10,100,0,35840,0.34
4096,True,16,32,4,1,ok,2.1299,32.26,80,0,7168,0.24
4096,True,16,32,4,2,ok,2.0465,33.58,72,0,11264,0.20
4096,True,16,32,4,3,ok,2.0285,33.88,72,0,19456,0.22
4096,True,16,32,4,4,ok,2.2777,30.17,72,0,27648,0.22
4096,True,16,32,4,5,ok,2.7033,25.42,72,0,35840,0.24
4096,True,16,32,8,1,ok,3.5420,19.40,80,0,7168,0.18
4096,True,16,32,8,2,ok,3.4678,19.82,64,0,11264,0.19
4096,True,16,32,8,3,ok,3.4734,19.78,80,0,19456,0.20
4096,True,16,32,8,4,ok,3.8369,17.91,97,0,27648,0.20
4096,True,16,32,8,5,ok,4.0230,17.08,97,0,35840,0.21
4096,True,16,32,16,1,ok,10.0301,6.85,99,0,7168,0.18
4096,True,16,32,16,2,ok,9.8959,6.94,101,0,11264,0.18
4096,True,16,32,16,3,ok,8.9464,7.68,100,0,19456,0.20
4096,True,16,32,16,4,ok,8.9995,7.64,100,0,27648,0.20
4096,True,16,32,16,5,ok,9.0900,7.56,100,0,35840,0.21
4096,True,16,64,1,1,ok,1.5596,44.06,212,0,10240,0.40
4096,True,16,64,1,2,ok,1.8237,37.68,165,0,18432,0.37
4096,True,16,64,1,3,ok,2.4033,28.59,149,0,34816,0.45
4096,True,16,64,1,4,ok,4.7750,14.39,156,0,51200,0.52
4096,True,16,64,1,5,ok,4.7647,14.42,152,0,67584,0.58
4096,True,16,64,2,1,ok,1.6973,40.49,123,0,12288,0.30
4096,True,16,64,2,2,ok,1.8452,37.24,99,0,20480,0.28
4096,True,16,64,2,3,ok,2.0772,33.08,100,0,36864,0.32
4096,True,16,64,2,4,ok,3.9552,17.37,100,0,53248,0.39
4096,True,16,64,2,5,ok,3.9000,17.62,102,0,69632,0.37
4096,True,16,64,4,1,ok,1.8155,37.85,95,0,12288,0.25
4096,True,16,64,4,2,ok,1.8196,37.77,96,0,20480,0.23
4096,True,16,64,4,3,ok,1.9794,34.72,96,0,36864,0.26
4096,True,16,64,4,4,ok,3.1334,21.93,96,0,53248,0.28
4096,True,16,64,4,5,ok,3.1174,22.04,104,0,69632,0.28
4096,True,16,64,8,1,ok,2.4182,28.42,80,0,12288,0.19
4096,True,16,64,8,2,ok,2.3188,29.64,76,0,20480,0.20
4096,True,16,64,8,3,ok,2.4580,27.96,80,0,36864,0.22
4096,True,16,64,8,4,ok,3.5809,19.19,80,0,53248,0.23
4096,True,16,64,8,5,ok,3.7704,18.23,80,0,69632,0.23
4096,True,16,64,16,1,ok,6.0999,11.27,95,0,12288,0.17
4096,True,16,64,16,2,ok,5.7492,11.95,95,0,20480,0.19
4096,True,16,64,16,3,ok,5.2664,13.05,93,0,36864,0.19
4096,True,16,64,16,4,ok,5.3632,12.81,95,0,53248,0.20
4096,True,16,64,16,5,ok,5.4565,12.59,95,0,69632,0.22
4096,True,16,128,1,1,ok,2.2344,30.76,255,56,18432,0.68
4096,True,16,128,1,2,ok,2.7694,24.81,255,0,34816,0.68
4096,True,16,128,1,3,ok,4.7973,14.32,197,0,67584,0.81
4096,True,16,128,1,4,ok,5.1282,13.40,197,0,100352,0.99
4096,True,16,128,1,5,out_of_smem,,,,,,1.12
4096,True,16,128,2,1,ok,1.8978,36.21,214,0,22528,0.41
4096,True,16,128,2,2,ok,2.4781,27.73,138,0,38912,0.45
4096,True,16,128,2,3,ok,3.2492,21.15,139,0,71680,0.50
4096,True,16,128,2,4,out_of_smem,,,,,,0.56
4096,True,16,128,2,5,out_of_smem,,,,,,0.63
4096,True,16,128,4,1,ok,1.8565,37.02,121,0,22528,0.30
4096,True,16,128,4,2,ok,2.0869,32.93,107,0,38912,0.30
4096,True,16,128,4,3,ok,2.3561,29.17,106,0,71680,0.34
4096,True,16,128,4,4,out_of_smem,,,,,,0.38
4096,True,16,128,4,5,out_of_smem,,,,,,0.41
4096,True,16,128,8,1,ok,2.3388,29.38,117,0,22528,0.24
4096,True,16,128,8,2,ok,2.1863,31.43,80,2,38912,0.25
4096,True,16,128,8,3,ok,2.6941,25.51,84,0,71680,0.26
4096,True,16,128,8,4,out_of_smem,,,,,,0.29
4096,True,16,128,8,5,out_of_smem,,,,,,0.32
4096,True,16,128,16,1,ok,4.2516,16.16,91,0,22528,0.22
4096,True,16,128,16,2,ok,4.1306,16.64,84,0,38912,0.22
4096,True,16,128,16,3,ok,3.5871,19.16,74,0,71680,0.23
4096,True,16,128,16,4,out_of_smem,,,,,,0.24
4096,True,16,128,16,5,out_of_smem,,,,,,0.25
4096,True,16,256,1,1,ok,5.5439,12.40,255,488,34816,1.57
4096,True,16,256,1,2,ok,6.3247,10.87,255,100,67584,1.46
4096,True,16,256,1,3,out_of_smem,,,,,,1.80
4096,True,16,256,1,4,out_of_smem,,,,,,2.31
4096,True,16,256,1,5,out_of_smem,,,,,,2.85
4096,True,16,256,2,1,ok,2.9129,23.59,255,46,43008,0.81
4096,True,16,256,2,2,ok,4.1492,16.56,195,0,75776,0.80
4096,True,16,256,2,3,out_of_smem,,,,,,0.96
4096,True,16,256,2,4,out_of_smem,,,,,,1.18
4096,True,16,256,2,5,out_of_smem,,,,,,1.31
4096,True,16,256,4,1,ok,2.3519,29.22,186,0,43008,0.58
4096,True,16,256,4,2,ok,2.9112,23.60,188,0,75776,0.50
4096,True,16,256,4,3,out_of_smem,,,,,,0.77
4096,True,16,256,4,4,out_of_smem,,,,,,0.74
4096,True,16,256,4,5,out_of_smem,,,,,,0.97
4096,True,16,256,8,1,ok,2.3363,29.41,128,0,43008,0.35
4096,True,16,256,8,2,ok,3.0537,22.50,128,2,75776,0.44
4096,True,16,256,8,3,out_of_smem,,,,,,0.45
4096,True,16,256,8,4,out_of_smem,,,,,,0.60
4096,True,16,256,8,5,out_of_smem,,,,,,0.51
4096,True,16,256,16,1,ok,3.6890,18.63,108,0,43008,0.31
4096,True,16,256,16,2,ok,3.6547,18.80,88,0,75776,0.30
4096,True,16,256,16,3,out_of_smem,,,,,,0.36
4096,True,16,256,16,4,out_of_smem,,,,,,0.35
4096,True,16,256,16,5,out_of_smem,,,,,,0.41
4096,True,32,16,1,1,ok,1.5923,43.16,175,0,6144,0.38
4096,True,32,16,1,2,ok,1.3292,51.70,168,0,8192,0.42
4096,True,32,16,1,3,ok,1.4049,48.91,168,0,12288,0.47
4096,True,32,16,1,4,ok,1.5220,45.15,189,0,16384,0.54
4096,True,32,16,1,5,ok,1.6568,41.48,189,0,20480,0.48
4096,True,32,16,2,1,ok,1.6635,41.31,128,0,7168,0.36
4096,True,32,16,2,2,ok,1.5893,43.24,121,0,9216,0.34
4096,True,32,16,2,3,ok,1.6794,40.92,128,0,13312,0.38
4096,True,32,16,2,4,ok,1.8357,37.43,128,0,17408,0.37
4096,True,32,16,2,5,ok,2.0425,33.64,128,0,21504,0.46
4096,True,32,16,4,1,ok,2.7296,25.18,108,0,7168,0.34
4096,True,32,16,4,2,ok,2.5600,26.84,96,0,9216,0.26
4096,True,32,16,4,3,ok,2.4945,27.55,96,0,13312,0.27
4096,True,32,16,4,4,ok,2.5283,27.18,96,0,17408,0.28
4096,True,32,16,4,5,ok,2.6225,26.20,96,0,21504,0.34
4096,True,32,16,8,1,ok,5.6822,12.09,109,0,7168,0.24
4096,True,32,16,8,2,ok,5.5188,12.45,103,0,9216,0.25
4096,True,32,16,8,3,ok,5.0806,13.53,80,0,13312,0.33
4096,True,32,16,8,4,ok,5.0303,13.66,80,0,17408,0.30
4096,True,32,16,8,5,ok,5.0074,13.72,80,0,21504,0.29
4096,True,32,16,16,1,ok,13.4390,5.11,103,0,7168,0.24
4096,True,32,16,16,2,ok,13.3038,5.17,102,0,9216,0.26
4096,True,32,16,16,3,ok,12.6208,5.44,87,0,13312,0.26
4096,True,32,16,16,4,ok,12.5932,5.46,87,0,17408,0.26
4096,True,32,16,16,5,ok,12.7293,5.40,87,0,21504,0.26
4096,True,32,32,1,1,ok,1.3302,51.66,204,0,8192,0.41
4096,True,32,32,1,2,ok,1.3499,50.91,224,0,12288,0.43
4096,True,32,32,1,3,ok,1.4920,46.06,227,0,20480,0.47
4096,True,32,32,1,4,ok,1.7317,39.68,231,0,28672,0.50
4096,True,32,32,1,5,ok,2.3962,28.68,231,0,36864,0.55
4096,True,32,32,2,1,ok,1.3578,50.61,166,0,10240,0.33
4096,True,32,32,2,2,ok,1.3820,49.73,134,0,14336,0.34
4096,True,32,32,2,3,ok,1.4090,48.77,155,0,22528,0.35
4096,True,32,32,2,4,ok,1.6108,42.66,151,0,30720,0.36
4096,True,32,32,2,5,ok,2.0982,32.75,151,0,38912,0.37
4096,True,32,32,4,1,ok,1.6906,40.65,119,0,10240,0.25
4096,True,32,32,4,2,ok,1.5384,44.67,96,0,14336,0.27
4096,True,32,32,4,3,ok,1.5821,43.44,96,0,22528,0.29
4096,True,32,32,4,4,ok,1.6922,40.61,96,0,30720,0.43
4096,True,32,32,4,5,ok,1.9692,34.90,96,0,38912,0.31
4096,True,32,32,8,1,ok,3.0435,22.58,108,0,10240,0.24
4096,True,32,32,8,2,ok,3.0106,22.83,103,0,14336,0.31
4096,True,32,32,8,3,ok,2.9521,23.28,96,0,22528,0.33
4096,True,32,32,8,4,ok,2.9039,23.66,97,0,30720,0.28
4096,True,32,32,8,5,ok,2.9240,23.50,97,0,38912,0.34
4096,True,32,32,16,1,ok,7.4158,9.27,105,0,10240,0.24
4096,True,32,32,16,2,ok,7.3687,9.33,105,0,14336,0.26
4096,True,32,32,16,3,ok,6.9990,9.82,87,0,22528,0.25
4096,True,32,32,16,4,ok,7.1219,9.65,87,0,30720,0.26
4096,True,32,32,16,5,ok,6.9811,9.84,87,0,38912,0.38
4096,True,32,64,1,1,ok,1.3844,49.64,248,0,12288,0.81
4096,True,32,64,1,2,ok,1.4290,48.09,255,0,20480,0.83
4096,True,32,64,1,3,ok,2.1573,31.85,255,0,36864,0.90
4096,True,32,64,1,4,ok,4.2272,16.26,255,0,53248,0.80
4096,True,32,64,1,5,ok,4.2844,16.04,255,14,69632,0.99
4096,True,32,64,2,1,ok,1.3087,52.51,164,0,16384,0.46
4096,True,32,64,2,2,ok,1.3674,50.25,168,2,24576,0.47
4096,True,32,64,2,3,ok,1.6748,41.03,168,4,40960,0.52
4096,True,32,64,2,4,ok,2.9983,22.92,168,4,57344,0.66
4096,True,32,64,2,5,ok,3.0126,22.81,168,4,73728,0.61
4096,True,32,64,4,1,ok,1.4228,48.30,135,0,16384,0.36
4096,True,32,64,4,2,ok,1.3240,51.90,126,0,24576,0.33
4096,True,32,64,4,3,ok,1.4602,47.06,128,0,40960,0.36
4096,True,32,64,4,4,ok,2.2538,30.49,128,0,57344,0.42
4096,True,32,64,4,5,ok,2.3337,29.45,128,0,73728,0.45
4096,True,32,64,8,1,ok,1.9480,35.28,108,0,16384,0.25
4096,True,32,64,8,2,ok,1.8954,36.26,106,0,24576,0.27
4096,True,32,64,8,3,ok,1.8852,36.45,99,0,40960,0.28
4096,True,32,64,8,4,ok,2.5641,26.80,99,0,57344,0.31
4096,True,32,64,8,5,ok,2.5434,27.02,99,0,73728,0.32
4096,True,32,64,16,1,ok,4.2216,16.28,108,0,16384,0.29
4096,True,32,64,16,2,ok,4.2020,16.35,103,0,24576,0.29
4096,True,32,64,16,3,ok,3.9765,17.28,87,0,40960,0.26
4096,True,32,64,16,4,ok,3.9148,17.55,87,0,57344,0.31
4096,True,32,64,16,5,ok,3.9270,17.50,87,0,73728,0.30
4096,True,32,128,1,1,ok,2.0252,33.93,255,122,20480,1.28
4096,True,32,128,1,2,ok,2.7279,25.19,255,118,36864,1.09
4096,True,32,128,1,3,ok,4.8683,14.12,255,76,69632,1.40
4096,True,32,128,1,4,out_of_smem,,,,,,1.65
4096,True,32,128,1,5,out_of_smem,,,,,,1.72
4096,True,32,128,2,1,ok,1.5985,42.99,250,0,28672,0.78
4096,True,32,128,2,2,ok,1.7428,39.43,255,0,45056,0.71
4096,True,32,128,2,3,ok,2.7720,24.79,255,0,77824,0.79
4096,True,32,128,2,4,out_of_smem,,,,,,0.90
4096,True,32,128,2,5,out_of_smem,,,,,,1.19
4096,True,32,128,4,1,ok,1.3292,51.70,160,0,28672,0.50
4096,True,32,128,4,2,ok,1.3824,49.71,168,2,45056,0.55
4096,True,32,128,4,3,ok,1.7684,38.86,168,2,77824,0.62
4096,True,32,128,4,4,out_of_smem,,,,,,0.57
4096,True,32,128,4,5,out_of_smem,,,,,,0.66
4096,True,32,128,8,1,ok,1.5340,44.80,128,2,28672,0.36
4096,True,32,128,8,2,ok,1.4848,46.28,128,0,45056,0.47
4096,True,32,128,8,3,ok,1.8980,36.21,128,0,77824,0.45
4096,True,32,128,8,4,out_of_smem,,,,,,0.43
4096,True,32,128,8,5,out_of_smem,,,,,,0.45
4096,True,32,128,16,1,ok,3.1718,21.67,108,0,28672,0.36
4096,True,32,128,16,2,ok,3.0561,22.49,101,0,45056,0.33
4096,True,32,128,16,3,ok,2.8892,23.78,104,0,77824,0.39
4096,True,32,128,16,4,out_of_smem,,,,,,0.43
4096,True,32,128,16,5,out_of_smem,,,,,,0.44
4096,True,32,256,1,1,ok,6.0711,11.32,255,830,36864,3.03
4096,True,32,256,1,2,ok,8.4388,8.14,255,662,69632,3.52
4096,True,32,256,1,3,out_of_smem,,,,,,3.08
4096,True,32,256,1,4,out_of_smem,,,,,,3.59
4096,True,32,256,1,5,out_of_smem,,,,,,3.83
4096,True,32,256,2,1,ok,3.7668,18.24,255,76,53248,1.21
4096,True,32,256,2,2,ok,3.2174,21.36,255,56,86016,1.21
4096,True,32,256,2,3,out_of_smem,,,,,,1.37
4096,True,32,256,2,4,out_of_smem,,,,,,1.59
4096,True,32,256,2,5,out_of_smem,,,,,,1.78
4096,True,32,256,4,1,ok,2.2478,30.57,215,0,53248,0.73
4096,True,32,256,4,2,ok,2.0731,33.15,255,2,86016,0.73
4096,True,32,256,4,3,out_of_smem,,,,,,0.88
4096,True,32,256,4,4,out_of_smem,,,,,,0.93
4096,True,32,256,4,5,out_of_smem,,,,,,1.11
4096,True,32,256,8,1,ok,2.1980,31.26,171,0,53248,0.57
4096,True,32,256,8,2,ok,2.0900,32.88,174,0,86016,0.56
4096,True,32,256,8,3,out_of_smem,,,,,,0.62
4096,True,32,256,8,4,out_of_smem,,,,,,0.62
4096,True,32,256,8,5,out_of_smem,,,,,,0.68
4096,True,32,256,16,1,ok,2.7156,25.31,125,0,53248,0.39
4096,True,32,256,16,2,ok,2.7310,25.16,124,0,86016,0.38
4096,True,32,256,16,3,out_of_smem,,,,,,0.45
4096,True,32,256,16,4,out_of_smem,,,,,,0.46
4096,True,32,256,16,5,out_of_smem,,,,,,0.48
4096,True,64,16,1,1,ok,1.5350,44.77,255,2,10240,0.62
4096,True,64,16,1,2,ok,1.4382,47.78,255,0,12288,0.61
4096,True,64,16,1,3,ok,1.5427,44.55,255,0,16384,0.66
4096,True,64,16,1,4,ok,1.6983,40.46,255,0,20480,0.67
4096,True,64,16,1,5,ok,1.6867,40.74,255,0,24576,0.66
4096,True,64,16,2,1,ok,1.3024,52.77,164,0,10240,0.35
4096,True,64,16,2,2,ok,1.2319,55.78,168,0,12288,0.35
4096,True,64,16,2,3,ok,1.2529,54.85,168,0,16384,0.41
4096,True,64,16,2,4,ok,1.2923,53.18,168,0,20480,0.39
4096,True,64,16,2,5,ok,1.3087,52.51,168,0,24576,0.40
4096,True,64,16,4,1,ok,1.2515,54.91,116,0,10240,0.26
4096,True,64,16,4,2,ok,1.1520,59.65,96,0,12288,0.27
4096,True,64,16,4,3,ok,1.1377,60.40,95,0,16384,0.28
4096,True,64,16,4,4,ok,1.1356,60.51,95,0,20480,0.30
4096,True,64,16,4,5,ok,1.1312,60.75,95,0,24576,0.31
4096,True,64,16,8,1,ok,2.4986,27.50,114,0,10240,0.26
4096,True,64,16,8,2,ok,2.3818,28.85,94,0,12288,0.27
4096,True,64,16,8,3,ok,2.3654,29.05,99,0,16384,0.27
4096,True,64,16,8,4,ok,2.3624,29.09,99,0,20480,0.27
4096,True,64,16,8,5,ok,2.3757,28.93,99,0,24576,0.29
4096,True,64,16,16,1,ok,6.5884,10.43,103,0,10240,0.26
4096,True,64,16,16,2,ok,5.1702,13.29,93,0,12288,0.26
4096,True,64,16,16,3,ok,4.8599,14.14,97,0,16384,0.28
4096,True,64,16,16,4,ok,5.0483,13.61,97,0,20480,0.28
4096,True,64,16,16,5,ok,4.8876,14.06,97,0,24576,0.31
4096,True,64,32,1,1,ok,1.5224,45.14,255,26,12288,0.74
4096,True,64,32,1,2,ok,1.6687,41.18,255,54,16384,0.76
4096,True,64,32,1,3,ok,1.7613,39.02,255,56,24576,0.81
4096,True,64,32,1,4,ok,2.0470,33.57,255,56,32768,0.89
4096,True,64,32,1,5,ok,2.7607,24.89,255,58,40960,0.93
4096,True,64,32,2,1,ok,1.2652,54.32,222,0,12288,0.41
4096,True,64,32,2,2,ok,1.1827,58.10,205,0,16384,0.42
4096,True,64,32,2,3,ok,1.1622,59.13,211,0,24576,0.45
4096,True,64,32,2,4,ok,1.2124,56.68,212,0,32768,0.45
4096,True,64,32,2,5,ok,1.3335,51.53,216,0,40960,0.50
4096,True,64,32,4,1,ok,1.1745,58.51,135,0,12288,0.30
4096,True,64,32,4,2,ok,1.1121,61.79,137,0,16384,0.30
4096,True,64,32,4,3,ok,1.0998,62.48,137,0,24576,0.00
4096,True,64,32,4,4,ok,1.0871,63.21,128,0,32768,0.34
4096,True,64,32,4,5,ok,1.1196,61.38,128,0,40960,0.36
4096,True,64,32,8,1,ok,2.3091,29.76,128,0,12288,0.29
4096,True,64,32,8,2,ok,2.0797,33.04,128,0,16384,0.30
4096,True,64,32,8,3,ok,2.1242,32.35,128,0,24576,0.29
4096,True,64,32,8,4,ok,2.1217,32.39,128,0,32768,0.33
4096,True,64,32,8,5,ok,2.1171,32.46,128,0,40960,0.34
4096,True,64,32,16,1,ok,5.8870,11.67,128,0,12288,0.29
4096,True,64,32,16,2,ok,4.5763,15.02,126,0,16384,0.30
4096,True,64,32,16,3,ok,4.7079,14.60,124,0,24576,0.31
4096,True,64,32,16,4,ok,4.6899,14.65,124,0,32768,0.31
4096,True,64,32,16,5,ok,4.7258,14.54,124,0,40960,0.31
4096,True,64,64,1,1,ok,2.0296,33.86,255,238,16384,1.13
4096,True,64,64,1,2,ok,1.9961,34.43,255,226,24576,1.15
4096,True,64,64,1,3,ok,3.2850,20.92,255,242,40960,1.25
4096,True,64,64,1,4,ok,5.9587,11.53,255,242,57344,1.33
4096,True,64,64,1,5,ok,5.9853,11.48,255,242,73728,1.41
4096,True,64,64,2,1,ok,1.2687,54.16,250,0,16384,0.60
4096,True,64,64,2,2,ok,1.1131,61.74,255,2,24576,0.63
4096,True,64,64,2,3,ok,1.2544,54.78,255,2,40960,0.62
4096,True,64,64,2,4,ok,2.1023,32.69,255,2,57344,0.69
4096,True,64,64,2,5,ok,2.1051,32.64,255,2,73728,0.76
4096,True,64,64,4,1,ok,1.2006,57.24,185,0,16384,0.41
4096,True,64,64,4,2,ok,1.0813,63.55,168,0,24576,0.41
4096,True,64,64,4,3,ok,1.0829,63.46,158,0,40960,0.41
4096,True,64,64,4,4,ok,1.2186,56.39,158,0,57344,0.43
4096,True,64,64,4,5,ok,1.2221,56.23,176,0,73728,0.55
4096,True,64,64,8,1,ok,2.6327,26.10,177,0,16384,0.45
4096,True,64,64,8,2,ok,2.3337,29.45,161,0,24576,0.42
4096,True,64,64,8,3,ok,2.1760,31.58,153,0,40960,0.48
4096,True,64,64,8,4,ok,2.1666,31.72,154,0,57344,0.51
4096,True,64,64,8,5,ok,2.1940,31.32,154,0,73728,0.55
4096,True,64,64,16,1,ok,5.0780,13.53,128,16,16384,0.40
4096,True,64,64,16,2,ok,4.2496,16.17,128,6,24576,0.35
4096,True,64,64,16,3,ok,4.3525,15.79,128,2,40960,0.37
4096,True,64,64,16,4,ok,4.2706,16.09,128,2,57344,0.45
4096,True,64,64,16,5,ok,4.4933,15.29,128,2,73728,0.44
4096,True,64,128,1,1,ok,3.2737,20.99,255,686,24576,2.45
4096,True,64,128,1,2,ok,4.4617,15.40,255,658,40960,2.26
4096,True,64,128,1,3,ok,8.4766,8.11,255,688,73728,2.66
4096,True,64,128,1,4,out_of_smem,,,,,,2.69
4096,True,64,128,1,5,out_of_smem,,,,,,2.79
4096,True,64,128,2,1,ok,1.3102,52.45,255,76,24576,1.09
4096,True,64,128,2,2,ok,1.6092,42.70,255,116,40960,1.01
4096,True,64,128,2,3,ok,2.4279,28.30,255,74,73728,1.09
4096,True,64,128,2,4,out_of_smem,,,,,,1.25
4096,True,64,128,2,5,out_of_smem,,,,,,1.35
4096,True,64,128,4,1,ok,1.2339,55.69,255,10,24576,0.63
4096,True,64,128,4,2,ok,1.0908,63.00,255,0,40960,0.60
4096,True,64,128,4,3,ok,1.1622,59.13,206,0,73728,0.77
4096,True,64,128,4,4,out_of_smem,,,,,,0.67
4096,True,64,128,4,5,out_of_smem,,,,,,0.68
4096,True,64,128,8,1,ok,2.5600,26.84,255,10,24576,0.56
4096,True,64,128,8,2,ok,2.2852,30.07,250,0,40960,0.55
4096,True,64,128,8,3,ok,2.1571,31.86,194,0,73728,0.56
4096,True,64,128,8,4,out_of_smem,,,,,,0.58
4096,True,64,128,8,5,out_of_smem,,,,,,0.62
4096,True,64,128,16,1,ok,6.3681,10.79,128,134,24576,0.50
4096,True,64,128,16,2,ok,5.6515,12.16,128,102,40960,0.48
4096,True,64,128,16,3,ok,4.6350,14.83,128,36,73728,0.51
4096,True,64,128,16,4,out_of_smem,,,,,,0.54
4096,True,64,128,16,5,out_of_smem,,,,,,0.57
4096,True,64,256,1,1,skipped_regs,,,,,,0.00
4096,True,64,256,1,2,skipped_regs,,,,,,0.00
4096,True,64,256,1,3,skipped_regs,,,,,,0.00
4096,True,64,256,1,4,skipped_regs,,,,,,0.00
4096,True,64,256,1,5,skipped_regs,,,,,,0.00
4096,True,64,256,2,1,ok,3.1212,22.02,255,600,40960,2.05
4096,True,64,256,2,2,ok,24.6467,2.79,40,2582,73728,2.41
4096,True,64,256,2,3,out_of_smem,,,,,,2.60
4096,True,64,256,2,4,out_of_smem,,,,,,2.46
4096,True,64,256,2,5,out_of_smem,,,,,,2.86
4096,True,64,256,4,1,ok,1.6916,40.62,255,218,40960,1.13
4096,True,64,256,4,2,ok,1.5473,44.41,255,72,73728,1.30
4096,True,64,256,4,3,out_of_smem,,,,,,1.33
4096,True,64,256,4,4,out_of_smem,,,,,,1.27
4096,True,64,256,4,5,out_of_smem,,,,,,1.40
4096,True,64,256,8,1,ok,2.9850,23.02,255,150,40960,1.09
4096,True,64,256,8,2,ok,2.7397,25.08,255,102,73728,1.14
4096,True,64,256,8,3,out_of_smem,,,,,,1.11
4096,True,64,256,8,4,out_of_smem,,,,,,1.13
4096,True,64,256,8,5,out_of_smem,,,,,,1.15
4096,True,64,256,16,1,ok,109.9756,0.62,64,814,40960,1.00
4096,True,64,256,16,2,ok,92.2393,0.75,64,836,73728,1.02
4096,True,64,256,16,3,out_of_smem,,,,,,0.99
4096,True,64,256,16,4,out_of_smem,,,,,,1.02
4096,True,64,256,16,5,out_of_smem,,,,,,1.05
4096,True,128,16,1,1,ok,3.8917,17.66,255,276,18432,1.28
4096,True,128,16,1,2,ok,3.9204,17.53,255,230,20480,1.29
4096,True,128,16,1,3,ok,3.6956,18.59,255,228,24576,1.33
4096,True,128,16,1,4,ok,4.2039,16.35,255,226,28672,1.35
4096,True,128,16,1,5,ok,4.2148,16.30,255,226,32768,1.38
4096,True,128,16,2,1,ok,1.5253,45.05,255,0,18432,0.62
4096,True,128,16,2,2,ok,1.3292,51.70,255,0,20480,0.57
4096,True,128,16,2,3,ok,1.3414,51.23,255,0,24576,0.63
4096,True,128,16,2,4,ok,1.4184,48.45,255,0,28672,0.64
4096,True,128,16,2,5,ok,1.4265,48.17,255,0,32768,0.66
4096,True,128,16,4,1,ok,1.2882,53.35,167,0,18432,0.34
4096,True,128,16,4,2,ok,1.2222,56.22,180,0,20480,0.33
4096,True,128,16,4,3,ok,1.1858,57.95,168,6,24576,0.36
4096,True,128,16,4,4,ok,1.1930,57.60,168,6,28672,0.39
4096,True,128,16,4,5,ok,1.1998,57.28,168,6,32768,0.40
4096,True,128,16,8,1,ok,1.5120,45.45,113,0,18432,0.28
4096,True,128,16,8,2,ok,1.3025,52.76,98,0,20480,0.27
4096,True,128,16,8,3,ok,1.2621,54.45,102,0,24576,0.28
4096,True,128,16,8,4,ok,1.2644,54.35,102,0,28672,0.29
4096,True,128,16,8,5,ok,1.2577,54.64,102,0,32768,0.31
4096,True,128,16,16,1,ok,3.5610,19.30,112,0,18432,0.25
4096,True,128,16,16,2,ok,2.6557,25.88,94,0,20480,0.26
4096,True,128,16,16,3,ok,2.7054,25.40,99,0,24576,0.28
4096,True,128,16,16,4,ok,2.7116,25.34,99,0,28672,0.30
4096,True,128,16,16,5,ok,2.7105,25.35,99,0,32768,0.30
4096,True,128,32,1,1,ok,5.3207,12.92,168,758,20480,1.65
4096,True,128,32,1,2,ok,5.4610,12.58,168,764,24576,1.74
4096,True,128,32,1,3,ok,5.5962,12.28,168,740,32768,1.82
4096,True,128,32,1,4,ok,7.0467,9.75,168,740,40960,1.90
4096,True,128,32,1,5,ok,6.9499,9.89,168,740,49152,1.97
4096,True,128,32,2,1,ok,1.5274,44.99,255,56,20480,0.79
4096,True,128,32,2,2,ok,1.4054,48.90,255,34,24576,0.73
4096,True,128,32,2,3,ok,1.4817,46.38,255,50,32768,0.79
4096,True,128,32,2,4,ok,1.6783,40.95,255,50,40960,0.81
4096,True,128,32,2,5,ok,1.6706,41.13,255,50,49152,0.84
4096,True,128,32,4,1,ok,1.2278,55.97,218,0,20480,0.43
4096,True,128,32,4,2,ok,1.1131,61.74,192,0,24576,0.43
4096,True,128,32,4,3,ok,1.1459,59.97,244,0,32768,0.58
4096,True,128,32,4,4,ok,1.1500,59.76,244,0,40960,0.50
4096,True,128,32,4,5,ok,1.1530,59.60,244,0,49152,0.56
4096,True,128,32,8,1,ok,1.5293,44.93,136,0,20480,0.31
4096,True,128,32,8,2,ok,1.2145,56.58,141,0,24576,0.32
4096,True,128,32,8,3,ok,1.1479,59.87,154,0,32768,0.32
4096,True,128,32,8,4,ok,1.1561,59.44,156,0,40960,0.43
4096,True,128,32,8,5,ok,1.1571,59.39,156,0,49152,0.36
4096,True,128,32,16,1,ok,3.0177,22.77,128,0,20480,0.32
4096,True,128,32,16,2,ok,2.3204,29.62,127,0,24576,0.44
4096,True,128,32,16,3,ok,2.2992,29.89,127,0,32768,0.31
4096,True,128,32,16,4,ok,2.3772,28.91,124,0,40960,0.33
4096,True,128,32,16,5,ok,2.3813,28.86,124,0,49152,0.43
4096,True,128,64,1,1,ok,18.4003,3.73,80,1894,24576,3.15
4096,True,128,64,1,2,ok,13.5322,5.08,80,1800,32768,2.99
4096,True,128,64,1,3,ok,12.2276,5.62,80,1734,49152,3.05
4096,True,128,64,1,4,ok,19.1036,3.60,80,1734,65536,3.15
4096,True,128,64,1,5,ok,19.1857,3.58,80,1760,81920,3.33
4096,True,128,64,2,1,ok,1.8776,36.60,255,242,24576,1.11
4096,True,128,64,2,2,ok,1.7746,38.72,255,230,32768,1.12
4096,True,128,64,2,3,ok,2.1320,32.23,255,234,49152,1.15
4096,True,128,64,2,4,ok,3.3474,20.53,255,238,65536,1.22
4096,True,128,64,2,5,ok,3.4980,19.65,255,238,81920,1.25
4096,True,128,64,4,1,ok,1.1960,57.46,255,0,24576,0.62
4096,True,128,64,4,2,ok,1.0981,62.58,255,14,32768,0.62
4096,True,128,64,4,3,ok,1.1053,62.17,255,2,49152,0.62
4096,True,128,64,4,4,ok,1.1684,58.82,255,2,65536,0.65
4096,True,128,64,4,5,ok,1.1715,58.66,255,2,81920,0.66
4096,True,128,64,8,1,ok,1.3885,49.49,175,0,24576,0.38
4096,True,128,64,8,2,ok,1.2503,54.96,166,0,32768,0.36
4096,True,128,64,8,3,ok,1.1715,58.66,153,0,49152,0.40
4096,True,128,64,8,4,ok,1.1520,59.65,153,0,65536,0.40
4096,True,128,64,8,5,ok,1.1612,59.18,153,0,81920,0.42
4096,True,128,64,16,1,ok,2.5728,26.71,128,16,24576,0.35
4096,True,128,64,16,2,ok,2.4177,28.42,128,2,32768,0.36
4096,True,128,64,16,3,ok,2.1678,31.70,128,2,49152,0.38
4096,True,128,64,16,4,ok,2.1986,31.26,128,6,65536,0.40
4096,True,128,64,16,5,ok,2.2052,31.16,128,6,81920,0.39
4096,True,128,128,1,1,skipped_regs,,,,,,0.00
4096,True,128,128,1,2,skipped_regs,,,,,,0.00
4096,True,128,128,1,3,skipped_regs,,,,,,0.00
4096,True,128,128,1,4,skipped_regs,,,,,,0.00
4096,True,128,128,1,5,skipped_regs,,,,,,0.00
4096,True,128,128,2,1,ok,37.6294,1.83,40,2606,32768,2.38
4096,True,128,128,2,2,ok,32.4531,2.12,40,2670,49152,2.41
4096,True,128,128,2,3,ok,23.7585,2.89,40,2640,81920,2.51
4096,True,128,128,2,4,out_of_smem,,,,,,2.62
4096,True,128,128,2,5,out_of_smem,,,,,,2.75
4096,True,128,128,4,1,ok,1.2636,54.38,255,72,32768,0.99
4096,True,128,128,4,2,ok,1.2620,54.45,255,116,49152,0.95
4096,True,128,128,4,3,ok,1.3404,51.27,255,84,81920,0.98
4096,True,128,128,4,4,out_of_smem,,,,,,1.06
4096,True,128,128,4,5,out_of_smem,,,,,,1.15
4096,True,128,128,8,1,ok,1.3425,51.19,255,18,32768,0.59
4096,True,128,128,8,2,ok,1.1848,58.00,254,0,49152,0.56
4096,True,128,128,8,3,ok,1.1274,60.95,203,0,81920,0.61
4096,True,128,128,8,4,out_of_smem,,,,,,0.61
4096,True,128,128,8,5,out_of_smem,,,,,,0.63
4096,True,128,128,16,1,ok,3.2845,20.92,128,128,32768,0.52
4096,True,128,128,16,2,ok,2.8319,24.27,128,100,49152,0.53
4096,True,128,128,16,3,ok,2.4105,28.51,128,36,81920,0.54
4096,True,128,128,16,4,out_of_smem,,,,,,0.57
4096,True,128,128,16,5,out_of_smem,,,,,,0.58
4096,True,128,256,1,1,skipped_regs,,,,,,0.00
4096,True,128,256,1,2,skipped_regs,,,,,,0.00
4096,True,128,256,1,3,skipped_regs,,,,,,0.00
4096,True,128,256,1,4,skipped_regs,,,,,,0.00
4096,True,128,256,1,5,skipped_regs,,,,,,0.00
4096,True,128,256,2,1,skipped_regs,,,,,,0.00
4096,True,128,256,2,2,skipped_regs,,,,,,0.00
4096,True,128,256,2,3,skipped_regs,,,,,,0.00
4096,True,128,256,2,4,skipped_regs,,,,,,0.00
4096,True,128,256,2,5,skipped_regs,,,,,,0.00
4096,True,128,256,4,1,ok,4.6449,14.79,255,548,49152,1.86
4096,True,128,256,4,2,ok,3.0886,22.25,255,628,81920,2.05
4096,True,128,256,4,3,out_of_smem,,,,,,2.39
4096,True,128,256,4,4,out_of_smem,,,,,,2.60
4096,True,128,256,4,5,out_of_smem,,,,,,2.67
4096,True,128,256,8,1,ok,1.5290,44.94,255,172,49152,1.17
4096,True,128,256,8,2,ok,1.4193,48.42,255,108,81920,1.03
4096,True,128,256,8,3,out_of_smem,,,,,,1.05
4096,True,128,256,8,4,out_of_smem,,,,,,1.13
4096,True,128,256,8,5,out_of_smem,,,,,,1.42
4096,True,128,256,16,1,ok,53.9915,1.27,64,796,49152,1.19
4096,True,128,256,16,2,ok,46.5037,1.48,64,836,81920,1.32
4096,True,128,256,16,3,out_of_smem,,,,,,1.13
4096,True,128,256,16,4,out_of_smem,,,,,,1.05
4096,True,128,256,16,5,out_of_smem,,,,,,1.14
4096,True,256,16,1,1,skipped_regs,,,,,,0.00
4096,True,256,16,1,2,skipped_regs,,,,,,0.00
4096,True,256,16,1,3,skipped_regs,,,,,,0.00
4096,True,256,16,1,4,skipped_regs,,,,,,0.00
4096,True,256,16,1,5,skipped_regs,,,,,,0.00
4096,True,256,16,2,1,ok,4.1385,16.60,255,280,34816,1.26
4096,True,256,16,2,2,ok,4.0556,16.94,255,230,36864,1.32
4096,True,256,16,2,3,ok,3.7391,18.38,255,226,40960,1.38
4096,True,256,16,2,4,ok,3.7765,18.20,255,222,45056,1.32
4096,True,256,16,2,5,ok,3.7750,18.20,255,222,49152,1.56
4096,True,256,16,4,1,ok,1.4787,46.47,255,0,34816,0.58
4096,True,256,16,4,2,ok,1.3578,50.61,255,0,36864,0.62
4096,True,256,16,4,3,ok,1.3322,51.58,255,0,40960,0.59
4096,True,256,16,4,4,ok,1.3363,51.42,255,0,45056,0.64
4096,True,256,16,4,5,ok,1.3501,50.90,255,0,49152,0.66
4096,True,256,16,8,1,ok,1.8212,37.73,191,0,34816,0.34
4096,True,256,16,8,2,ok,1.4807,46.41,173,0,36864,0.34
4096,True,256,16,8,3,ok,1.4336,47.93,170,0,40960,0.37
4096,True,256,16,8,4,ok,1.4561,47.19,173,0,45056,0.36
4096,True,256,16,8,5,ok,1.4602,47.06,173,0,49152,0.37
4096,True,256,16,16,1,ok,1.9036,36.10,112,0,34816,0.30
4096,True,256,16,16,2,ok,1.5145,45.37,95,0,36864,0.26
4096,True,256,16,16,3,ok,1.4890,46.15,100,0,40960,0.30
4096,True,256,16,16,4,ok,1.4912,46.08,100,0,45056,0.27
4096,True,256,16,16,5,ok,1.4940,46.00,100,0,49152,0.34
4096,True,256,32,1,1,skipped_regs,,,,,,0.00
4096,True,256,32,1,2,skipped_regs,,,,,,0.00
4096,True,256,32,1,3,skipped_regs,,,,,,0.00
4096,True,256,32,1,4,skipped_regs,,,,,,0.00
4096,True,256,32,1,5,skipped_regs,,,,,,0.00
4096,True,256,32,2,1,ok,34.0690,2.02,40,1788,36864,1.80
4096,True,256,32,2,2,ok,34.6778,1.98,40,1750,40960,1.93
4096,True,256,32,2,3,ok,34.9861,1.96,40,1774,49152,1.94
4096,True,256,32,2,4,ok,24.6057,2.79,40,1758,57344,1.91
4096,True,256,32,2,5,ok,24.8986,2.76,40,1758,65536,1.96
4096,True,256,32,4,1,ok,1.4003,49.07,255,30,36864,0.72
4096,True,256,32,4,2,ok,1.3343,51.50,255,26,40960,0.75
4096,True,256,32,4,3,ok,1.3481,50.98,255,36,49152,0.75
4096,True,256,32,4,4,ok,1.5514,44.30,255,42,57344,0.76
4096,True,256,32,4,5,ok,1.5511,44.30,255,42,65536,0.81
4096,True,256,32,8,1,ok,1.4909,46.09,220,0,36864,0.38
4096,True,256,32,8,2,ok,1.2585,54.60,244,0,40960,0.43
4096,True,256,32,8,3,ok,1.2585,54.60,252,0,49152,0.41
4096,True,256,32,8,4,ok,1.2585,54.60,252,0,57344,0.46
4096,True,256,32,8,5,ok,1.2564,54.69,252,0,65536,0.42
4096,True,256,32,16,1,ok,1.6772,40.97,128,0,36864,0.31
4096,True,256,32,16,2,ok,1.2796,53.70,128,0,40960,0.31
4096,True,256,32,16,3,ok,1.2595,54.56,127,0,49152,0.32
4096,True,256,32,16,4,ok,1.2604,54.52,127,0,57344,0.33
4096,True,256,32,16,5,ok,1.2589,54.59,127,0,65536,0.35
4096,True,256,64,1,1,skipped_regs,,,,,,0.00
4096,True,256,64,1,2,skipped_regs,,,,,,0.00
4096,True,256,64,1,3,skipped_regs,,,,,,0.00
4096,True,256,64,1,4,skipped_regs,,,,,,0.00
4096,True,256,64,1,5,skipped_regs,,,,,,0.00
4096,True,256,64,2,1,ok,41.8350,1.64,40,2982,40960,3.21
4096,True,256,64,2,2,ok,41.7701,1.65,40,2980,49152,3.08
4096,True,256,64,2,3,ok,29.1840,2.35,40,2828,65536,3.10
4096,True,256,64,2,4,ok,30.3708,2.26,40,2828,81920,3.20
4096,True,256,64,2,5,ok,29.9565,2.29,40,2828,98304,3.24
4096,True,256,64,4,1,ok,1.9927,34.49,255,252,40960,1.14
4096,True,256,64,4,2,ok,1.8376,37.40,255,236,49152,1.12
4096,True,256,64,4,3,ok,2.1268,32.31,255,250,65536,1.12
4096,True,256,64,4,4,ok,2.1356,32.18,255,246,81920,1.21
4096,True,256,64,4,5,ok,2.1341,32.20,255,246,98304,1.19
4096,True,256,64,8,1,ok,1.3425,51.19,255,6,40960,0.60
4096,True,256,64,8,2,ok,1.2104,56.78,255,0,49152,0.56
4096,True,256,64,8,3,ok,1.2366,55.57,255,0,65536,0.56
4096,True,256,64,8,4,ok,1.2411,55.37,255,0,81920,0.61
4096,True,256,64,8,5,ok,1.2431,55.28,255,0,98304,0.62
4096,True,256,64,16,1,ok,1.4193,48.42,128,16,40960,0.35
4096,True,256,64,16,2,ok,1.2431,55.28,128,2,49152,0.38
4096,True,256,64,16,3,ok,1.2390,55.46,128,2,65536,0.39
4096,True,256,64,16,4,ok,1.2411,55.37,128,2,81920,0.44
4096,True,256,64,16,5,ok,1.2442,55.23,128,2,98304,0.44
4096,True,256,128,1,1,skipped_regs,,,,,,0.00
4096,True,256,128,1,2,skipped_regs,,,,,,0.00
4096,True,256,128,1,3,skipped_regs,,,,,,0.00
4096,True,256,128,1,4,skipped_regs,,,,,,0.00
4096,True,256,128,1,5,skipped_regs,,,,,,0.00
4096,True,256,128,2,1,skipped_regs,,,,,,0.00
4096,True,256,128,2,2,skipped_regs,,,,,,0.00
4096,True,256,128,2,3,skipped_regs,,,,,,0.00
4096,True,256,128,2,4,skipped_regs,,,,,,0.00
4096,True,256,128,2,5,skipped_regs,,,,,,0.00
4096,True,256,128,4,1,ok,41.5764,1.65,40,2642,49152,2.41
4096,True,256,128,4,2,ok,36.6863,1.87,40,2696,65536,2.40
4096,True,256,128,4,3,ok,37.7421,1.82,40,2752,98304,2.44
4096,True,256,128,4,4,out_of_smem,,,,,,2.44
4096,True,256,128,4,5,out_of_smem,,,,,,2.61
4096,True,256,128,8,1,ok,1.4612,47.03,255,104,49152,0.98
4096,True,256,128,8,2,ok,1.4582,47.13,255,128,65536,0.91
4096,True,256,128,8,3,ok,1.3548,50.72,255,94,98304,0.96
4096,True,256,128,8,4,out_of_smem,,,,,,1.06
4096,True,256,128,8,5,out_of_smem,,,,,,1.09
4096,True,256,128,16,1,ok,1.7295,39.73,128,138,49152,0.60
4096,True,256,128,16,2,ok,1.5721,43.71,128,100,65536,0.54
4096,True,256,128,16,3,ok,1.3034,52.72,128,36,98304,0.55
4096,True,256,128,16,4,out_of_smem,,,,,,0.57
4096,True,256,128,16,5,out_of_smem,,,,,,0.57
4096,True,256,256,1,1,skipped_regs,,,,,,0.00
4096,True,256,256,1,2,skipped_regs,,,,,,0.00
4096,True,256,256,1,3,skipped_regs,,,,,,0.00
4096,True,256,256,1,4,skipped_regs,,,,,,0.00
4096,True,256,256,1,5,skipped_regs,,,,,,0.00
4096,True,256,256,2,1,skipped_regs,,,,,,0.00
4096,True,256,256,2,2,skipped_regs,,,,,,0.00
4096,True,256,256,2,3,skipped_regs,,,,,,0.00
4096,True,256,256,2,4,skipped_regs,,,,,,0.00
4096,True,256,256,2,5,skipped_regs,,,,,,0.00
4096,True,256,256,4,1,skipped_regs,,,,,,0.00
4096,True,256,256,4,2,skipped_regs,,,,,,0.00
4096,True,256,256,4,3,skipped_regs,,,,,,0.00
4096,True,256,256,4,4,skipped_regs,,,,,,0.00
4096,True,256,256,4,5,skipped_regs,,,,,,0.00
4096,True,256,256,8,1,ok,4.6395,14.81,255,588,65536,1.69
4096,True,256,256,8,2,ok,40.7237,1.69,40,2618,98304,2.09
4096,True,256,256,8,3,out_of_smem,,,,,,2.15
4096,True,256,256,8,4,out_of_smem,,,,,,2.19
4096,True,256,256,8,5,out_of_smem,,,,,,2.31
4096,True,256,256,16,1,ok,22.2579,3.09,64,808,65536,0.99
4096,True,256,256,16,2,ok,23.0800,2.98,64,832,98304,0.97
4096,True,256,256,16,3,out_of_smem,,,,,,0.93
4096,True,256,256,16,4,out_of_smem,,,,,,0.91
4096,True,256,256,16,5,out_of_smem,,,,,,0.91
