version,path,config,B,Nq,Nk,D,dtype,causal,status,max_err_O,max_err_L
v0_baseline,apply,default,1,200,96,64,bfloat16,True,pass,7.48e-03,4.61e-07
v0_baseline,config,"(16, 16, 4, 3)",1,200,96,64,bfloat16,True,pass,7.48e-03,4.61e-07
v0_baseline,config,"(64, 32, 4, 3)",1,200,96,64,bfloat16,True,pass,7.48e-03,4.61e-07
v0_baseline,config,"(64, 16, 4, 5)",1,200,96,64,bfloat16,True,pass,7.48e-03,5.51e-07
v0_baseline,apply,default,1,200,96,64,bfloat16,False,pass,1.88e-03,4.69e-07
v0_baseline,config,"(16, 16, 4, 3)",1,200,96,64,bfloat16,False,pass,1.88e-03,4.69e-07
v0_baseline,config,"(64, 32, 4, 3)",1,200,96,64,bfloat16,False,pass,1.88e-03,4.69e-07
v0_baseline,config,"(64, 16, 4, 5)",1,200,96,64,bfloat16,False,pass,1.88e-03,4.69e-07
v0_baseline,apply,default,1,200,96,64,float32,True,pass,2.32e-03,2.15e-03
v0_baseline,config,"(16, 16, 4, 3)",1,200,96,64,float32,True,pass,2.32e-03,2.15e-03
v0_baseline,config,"(64, 32, 4, 3)",1,200,96,64,float32,True,pass,2.32e-03,2.15e-03
v0_baseline,config,"(64, 16, 4, 5)",1,200,96,64,float32,True,pass,2.32e-03,2.15e-03
v0_baseline,apply,default,1,200,96,64,float32,False,pass,1.49e-03,1.54e-03
v0_baseline,config,"(16, 16, 4, 3)",1,200,96,64,float32,False,pass,1.49e-03,1.54e-03
v0_baseline,config,"(64, 32, 4, 3)",1,200,96,64,float32,False,pass,1.49e-03,1.54e-03
v0_baseline,config,"(64, 16, 4, 5)",1,200,96,64,float32,False,pass,1.49e-03,1.54e-03
v0_baseline,apply,default,1,96,200,64,bfloat16,True,pass,7.48e-03,4.61e-07
v0_baseline,config,"(16, 16, 4, 3)",1,96,200,64,bfloat16,True,pass,7.48e-03,4.61e-07
v0_baseline,config,"(64, 32, 4, 3)",1,96,200,64,bfloat16,True,pass,7.48e-03,4.61e-07
v0_baseline,config,"(64, 16, 4, 5)",1,96,200,64,bfloat16,True,pass,7.48e-03,5.51e-07
v0_baseline,apply,default,1,96,200,64,bfloat16,False,pass,1.18e-03,5.13e-07
v0_baseline,config,"(16, 16, 4, 3)",1,96,200,64,bfloat16,False,pass,1.18e-03,5.13e-07
v0_baseline,config,"(64, 32, 4, 3)",1,96,200,64,bfloat16,False,pass,1.18e-03,4.49e-07
v0_baseline,config,"(64, 16, 4, 5)",1,96,200,64,bfloat16,False,pass,1.18e-03,5.13e-07
v0_baseline,apply,default,1,96,200,64,float32,True,pass,2.32e-03,2.15e-03
v0_baseline,config,"(16, 16, 4, 3)",1,96,200,64,float32,True,pass,2.32e-03,2.15e-03
v0_baseline,config,"(64, 32, 4, 3)",1,96,200,64,float32,True,pass,2.32e-03,2.15e-03
v0_baseline,config,"(64, 16, 4, 5)",1,96,200,64,float32,True,pass,2.32e-03,2.15e-03
v0_baseline,apply,default,1,96,200,64,float32,False,pass,1.44e-03,1.43e-03
v0_baseline,config,"(16, 16, 4, 3)",1,96,200,64,float32,False,pass,1.44e-03,1.43e-03
v0_baseline,config,"(64, 32, 4, 3)",1,96,200,64,float32,False,pass,1.44e-03,1.43e-03
v0_baseline,config,"(64, 16, 4, 5)",1,96,200,64,float32,False,pass,1.44e-03,1.43e-03
v0_baseline,apply,default,1,37,53,32,bfloat16,True,pass,7.09e-03,4.44e-07
v0_baseline,config,"(16, 16, 4, 3)",1,37,53,32,bfloat16,True,pass,7.09e-03,4.44e-07
v0_baseline,config,"(64, 32, 4, 3)",1,37,53,32,bfloat16,True,pass,7.09e-03,4.44e-07
v0_baseline,config,"(64, 16, 4, 5)",1,37,53,32,bfloat16,True,pass,7.09e-03,2.40e-07
v0_baseline,apply,default,1,37,53,32,bfloat16,False,pass,1.96e-03,4.18e-07
v0_baseline,config,"(16, 16, 4, 3)",1,37,53,32,bfloat16,False,pass,1.96e-03,4.18e-07
v0_baseline,config,"(64, 32, 4, 3)",1,37,53,32,bfloat16,False,pass,2.06e-03,3.83e-07
v0_baseline,config,"(64, 16, 4, 5)",1,37,53,32,bfloat16,False,pass,1.96e-03,4.18e-07
v0_baseline,apply,default,1,37,53,32,float32,True,pass,2.32e-03,1.60e-03
v0_baseline,config,"(16, 16, 4, 3)",1,37,53,32,float32,True,pass,2.32e-03,1.60e-03
v0_baseline,config,"(64, 32, 4, 3)",1,37,53,32,float32,True,pass,2.32e-03,1.60e-03
v0_baseline,config,"(64, 16, 4, 5)",1,37,53,32,float32,True,pass,2.32e-03,1.60e-03
v0_baseline,apply,default,1,37,53,32,float32,False,pass,1.68e-03,2.10e-03
v0_baseline,config,"(16, 16, 4, 3)",1,37,53,32,float32,False,pass,1.68e-03,2.10e-03
v0_baseline,config,"(64, 32, 4, 3)",1,37,53,32,float32,False,pass,1.68e-03,2.10e-03
v0_baseline,config,"(64, 16, 4, 5)",1,37,53,32,float32,False,pass,1.68e-03,2.10e-03
v0_baseline,apply,default,1,53,37,32,bfloat16,True,pass,7.09e-03,4.44e-07
v0_baseline,config,"(16, 16, 4, 3)",1,53,37,32,bfloat16,True,pass,7.09e-03,4.44e-07
v0_baseline,config,"(64, 32, 4, 3)",1,53,37,32,bfloat16,True,pass,7.09e-03,4.44e-07
v0_baseline,config,"(64, 16, 4, 5)",1,53,37,32,bfloat16,True,pass,7.09e-03,3.13e-07
v0_baseline,apply,default,1,53,37,32,bfloat16,False,pass,2.28e-03,3.40e-07
v0_baseline,config,"(16, 16, 4, 3)",1,53,37,32,bfloat16,False,pass,2.28e-03,3.40e-07
v0_baseline,config,"(64, 32, 4, 3)",1,53,37,32,bfloat16,False,pass,2.28e-03,3.40e-07
v0_baseline,config,"(64, 16, 4, 5)",1,53,37,32,bfloat16,False,pass,2.28e-03,3.40e-07
v0_baseline,apply,default,1,53,37,32,float32,True,pass,2.32e-03,1.60e-03
v0_baseline,config,"(16, 16, 4, 3)",1,53,37,32,float32,True,pass,2.32e-03,1.60e-03
v0_baseline,config,"(64, 32, 4, 3)",1,53,37,32,float32,True,pass,2.32e-03,1.60e-03
v0_baseline,config,"(64, 16, 4, 5)",1,53,37,32,float32,True,pass,2.32e-03,1.60e-03
v0_baseline,apply,default,1,53,37,32,float32,False,pass,1.58e-03,1.42e-03
v0_baseline,config,"(16, 16, 4, 3)",1,53,37,32,float32,False,pass,1.58e-03,1.42e-03
v0_baseline,config,"(64, 32, 4, 3)",1,53,37,32,float32,False,pass,1.65e-03,1.42e-03
v0_baseline,config,"(64, 16, 4, 5)",1,53,37,32,float32,False,pass,1.58e-03,1.42e-03
v0_baseline,apply,default,2,100,100,16,bfloat16,True,pass,8.93e-03,4.11e-07
v0_baseline,config,"(16, 16, 4, 3)",2,100,100,16,bfloat16,True,pass,8.93e-03,4.11e-07
v0_baseline,config,"(64, 32, 4, 3)",2,100,100,16,bfloat16,True,pass,8.93e-03,4.11e-07
v0_baseline,config,"(64, 16, 4, 5)",2,100,100,16,bfloat16,True,pass,8.93e-03,4.11e-07
v0_baseline,apply,default,2,100,100,16,bfloat16,False,pass,2.25e-03,4.10e-07
v0_baseline,config,"(16, 16, 4, 3)",2,100,100,16,bfloat16,False,pass,2.25e-03,4.10e-07
v0_baseline,config,"(64, 32, 4, 3)",2,100,100,16,bfloat16,False,pass,2.25e-03,4.10e-07
v0_baseline,config,"(64, 16, 4, 5)",2,100,100,16,bfloat16,False,pass,2.25e-03,4.10e-07
v0_baseline,apply,default,2,100,100,16,float32,True,pass,2.04e-03,2.38e-03
v0_baseline,config,"(16, 16, 4, 3)",2,100,100,16,float32,True,pass,2.04e-03,2.38e-03
v0_baseline,config,"(64, 32, 4, 3)",2,100,100,16,float32,True,pass,2.04e-03,2.38e-03
v0_baseline,config,"(64, 16, 4, 5)",2,100,100,16,float32,True,pass,2.04e-03,2.38e-03
v0_baseline,apply,default,2,100,100,16,float32,False,pass,1.52e-03,2.25e-03
v0_baseline,config,"(16, 16, 4, 3)",2,100,100,16,float32,False,pass,1.52e-03,2.25e-03
v0_baseline,config,"(64, 32, 4, 3)",2,100,100,16,float32,False,pass,1.55e-03,2.25e-03
v0_baseline,config,"(64, 16, 4, 5)",2,100,100,16,float32,False,pass,1.52e-03,2.25e-03
v0_baseline,apply,default,2,64,128,16,bfloat16,True,pass,8.93e-03,3.80e-07
v0_baseline,config,"(16, 16, 4, 3)",2,64,128,16,bfloat16,True,pass,8.93e-03,3.80e-07
v0_baseline,config,"(64, 32, 4, 3)",2,64,128,16,bfloat16,True,pass,8.93e-03,4.55e-07
v0_baseline,config,"(64, 16, 4, 5)",2,64,128,16,bfloat16,True,pass,8.93e-03,3.80e-07
v0_baseline,apply,default,2,64,128,16,bfloat16,False,pass,1.55e-03,5.09e-07
v0_baseline,config,"(16, 16, 4, 3)",2,64,128,16,bfloat16,False,pass,1.55e-03,5.09e-07
v0_baseline,config,"(64, 32, 4, 3)",2,64,128,16,bfloat16,False,pass,1.55e-03,3.95e-07
v0_baseline,config,"(64, 16, 4, 5)",2,64,128,16,bfloat16,False,pass,1.55e-03,5.09e-07
v0_baseline,apply,default,2,64,128,16,float32,True,pass,1.97e-03,2.38e-03
v0_baseline,config,"(16, 16, 4, 3)",2,64,128,16,float32,True,pass,1.97e-03,2.38e-03
v0_baseline,config,"(64, 32, 4, 3)",2,64,128,16,float32,True,pass,1.97e-03,2.38e-03
v0_baseline,config,"(64, 16, 4, 5)",2,64,128,16,float32,True,pass,1.97e-03,2.38e-03
v0_baseline,apply,default,2,64,128,16,float32,False,pass,1.11e-03,2.13e-03
v0_baseline,config,"(16, 16, 4, 3)",2,64,128,16,float32,False,pass,1.11e-03,2.13e-03
v0_baseline,config,"(64, 32, 4, 3)",2,64,128,16,float32,False,pass,1.12e-03,2.13e-03
v0_baseline,config,"(64, 16, 4, 5)",2,64,128,16,float32,False,pass,1.11e-03,2.13e-03
v0_baseline,apply,default,2,128,64,16,bfloat16,True,pass,8.93e-03,4.53e-07
v0_baseline,config,"(16, 16, 4, 3)",2,128,64,16,bfloat16,True,pass,8.93e-03,4.53e-07
v0_baseline,config,"(64, 32, 4, 3)",2,128,64,16,bfloat16,True,pass,8.93e-03,4.20e-07
v0_baseline,config,"(64, 16, 4, 5)",2,128,64,16,bfloat16,True,pass,8.93e-03,4.53e-07
v0_baseline,apply,default,2,128,64,16,bfloat16,False,pass,2.25e-03,4.63e-07
v0_baseline,config,"(16, 16, 4, 3)",2,128,64,16,bfloat16,False,pass,2.25e-03,4.63e-07
v0_baseline,config,"(64, 32, 4, 3)",2,128,64,16,bfloat16,False,pass,2.25e-03,4.20e-07
v0_baseline,config,"(64, 16, 4, 5)",2,128,64,16,bfloat16,False,pass,2.25e-03,4.63e-07
v0_baseline,apply,default,2,128,64,16,float32,True,pass,1.97e-03,2.38e-03
v0_baseline,config,"(16, 16, 4, 3)",2,128,64,16,float32,True,pass,1.97e-03,2.38e-03
v0_baseline,config,"(64, 32, 4, 3)",2,128,64,16,float32,True,pass,1.97e-03,2.38e-03
v0_baseline,config,"(64, 16, 4, 5)",2,128,64,16,float32,True,pass,1.97e-03,2.38e-03
v0_baseline,apply,default,2,128,64,16,float32,False,pass,1.99e-03,2.35e-03
v0_baseline,config,"(16, 16, 4, 3)",2,128,64,16,float32,False,pass,1.99e-03,2.35e-03
v0_baseline,config,"(64, 32, 4, 3)",2,128,64,16,float32,False,pass,2.03e-03,2.35e-03
v0_baseline,config,"(64, 16, 4, 5)",2,128,64,16,float32,False,pass,1.99e-03,2.35e-03
v0_baseline,apply,default,1,1,77,64,bfloat16,True,pass,0.00e+00,1.49e-08
v0_baseline,config,"(16, 16, 4, 3)",1,1,77,64,bfloat16,True,pass,0.00e+00,1.49e-08
v0_baseline,config,"(64, 32, 4, 3)",1,1,77,64,bfloat16,True,pass,0.00e+00,1.49e-08
v0_baseline,config,"(64, 16, 4, 5)",1,1,77,64,bfloat16,True,pass,0.00e+00,1.49e-08
v0_baseline,apply,default,1,1,77,64,bfloat16,False,pass,1.51e-03,1.18e-07
v0_baseline,config,"(16, 16, 4, 3)",1,1,77,64,bfloat16,False,pass,1.51e-03,1.18e-07
v0_baseline,config,"(64, 32, 4, 3)",1,1,77,64,bfloat16,False,pass,1.51e-03,1.18e-07
v0_baseline,config,"(64, 16, 4, 5)",1,1,77,64,bfloat16,False,pass,1.51e-03,1.18e-07
v0_baseline,apply,default,1,1,77,64,float32,True,pass,1.54e-03,6.14e-04
v0_baseline,config,"(16, 16, 4, 3)",1,1,77,64,float32,True,pass,1.54e-03,6.14e-04
v0_baseline,config,"(64, 32, 4, 3)",1,1,77,64,float32,True,pass,1.54e-03,6.14e-04
v0_baseline,config,"(64, 16, 4, 5)",1,1,77,64,float32,True,pass,1.54e-03,6.14e-04
v0_baseline,apply,default,1,1,77,64,float32,False,pass,4.63e-04,6.90e-04
v0_baseline,config,"(16, 16, 4, 3)",1,1,77,64,float32,False,pass,4.63e-04,6.90e-04
v0_baseline,config,"(64, 32, 4, 3)",1,1,77,64,float32,False,pass,4.63e-04,6.90e-04
v0_baseline,config,"(64, 16, 4, 5)",1,1,77,64,float32,False,pass,4.63e-04,6.90e-04
v0_baseline,apply,default,1,77,1,64,bfloat16,True,pass,0.00e+00,4.92e-07
v0_baseline,config,"(16, 16, 4, 3)",1,77,1,64,bfloat16,True,pass,0.00e+00,4.92e-07
v0_baseline,config,"(64, 32, 4, 3)",1,77,1,64,bfloat16,True,pass,0.00e+00,4.92e-07
v0_baseline,config,"(64, 16, 4, 5)",1,77,1,64,bfloat16,True,pass,0.00e+00,4.92e-07
v0_baseline,apply,default,1,77,1,64,bfloat16,False,pass,0.00e+00,4.92e-07
v0_baseline,config,"(16, 16, 4, 3)",1,77,1,64,bfloat16,False,pass,0.00e+00,4.92e-07
v0_baseline,config,"(64, 32, 4, 3)",1,77,1,64,bfloat16,False,pass,0.00e+00,4.92e-07
v0_baseline,config,"(64, 16, 4, 5)",1,77,1,64,bfloat16,False,pass,0.00e+00,4.92e-07
v0_baseline,apply,default,1,77,1,64,float32,True,pass,1.54e-03,2.03e-03
v0_baseline,config,"(16, 16, 4, 3)",1,77,1,64,float32,True,pass,1.54e-03,2.03e-03
v0_baseline,config,"(64, 32, 4, 3)",1,77,1,64,float32,True,pass,1.54e-03,2.03e-03
v0_baseline,config,"(64, 16, 4, 5)",1,77,1,64,float32,True,pass,1.54e-03,2.03e-03
v0_baseline,apply,default,1,77,1,64,float32,False,pass,1.54e-03,2.03e-03
v0_baseline,config,"(16, 16, 4, 3)",1,77,1,64,float32,False,pass,1.54e-03,2.03e-03
v0_baseline,config,"(64, 32, 4, 3)",1,77,1,64,float32,False,pass,1.54e-03,2.03e-03
v0_baseline,config,"(64, 16, 4, 5)",1,77,1,64,float32,False,pass,1.54e-03,2.03e-03
v0_baseline,apply,default,1,130,257,64,bfloat16,True,pass,7.48e-03,5.27e-07
v0_baseline,config,"(16, 16, 4, 3)",1,130,257,64,bfloat16,True,pass,7.48e-03,5.27e-07
v0_baseline,config,"(64, 32, 4, 3)",1,130,257,64,bfloat16,True,pass,7.48e-03,4.61e-07
v0_baseline,config,"(64, 16, 4, 5)",1,130,257,64,bfloat16,True,pass,7.48e-03,5.51e-07
v0_baseline,apply,default,1,130,257,64,bfloat16,False,pass,1.60e-03,5.77e-07
v0_baseline,config,"(16, 16, 4, 3)",1,130,257,64,bfloat16,False,pass,1.60e-03,5.77e-07
v0_baseline,config,"(64, 32, 4, 3)",1,130,257,64,bfloat16,False,pass,1.60e-03,5.77e-07
v0_baseline,config,"(64, 16, 4, 5)",1,130,257,64,bfloat16,False,pass,1.60e-03,5.92e-07
v0_baseline,apply,default,1,130,257,64,float32,True,pass,2.32e-03,2.15e-03
v0_baseline,config,"(16, 16, 4, 3)",1,130,257,64,float32,True,pass,2.32e-03,2.15e-03
v0_baseline,config,"(64, 32, 4, 3)",1,130,257,64,float32,True,pass,2.32e-03,2.15e-03
v0_baseline,config,"(64, 16, 4, 5)",1,130,257,64,float32,True,pass,2.32e-03,2.15e-03
v0_baseline,apply,default,1,130,257,64,float32,False,pass,1.26e-03,1.33e-03
v0_baseline,config,"(16, 16, 4, 3)",1,130,257,64,float32,False,pass,1.26e-03,1.33e-03
v0_baseline,config,"(64, 32, 4, 3)",1,130,257,64,float32,False,pass,1.25e-03,1.33e-03
v0_baseline,config,"(64, 16, 4, 5)",1,130,257,64,float32,False,pass,1.26e-03,1.33e-03
v0_baseline,apply,default,1,257,130,64,bfloat16,True,pass,7.48e-03,5.27e-07
v0_baseline,config,"(16, 16, 4, 3)",1,257,130,64,bfloat16,True,pass,7.48e-03,5.27e-07
v0_baseline,config,"(64, 32, 4, 3)",1,257,130,64,bfloat16,True,pass,7.48e-03,4.70e-07
v0_baseline,config,"(64, 16, 4, 5)",1,257,130,64,bfloat16,True,pass,7.48e-03,5.51e-07
v0_baseline,apply,default,1,257,130,64,bfloat16,False,pass,2.36e-03,4.70e-07
v0_baseline,config,"(16, 16, 4, 3)",1,257,130,64,bfloat16,False,pass,2.36e-03,4.70e-07
v0_baseline,config,"(64, 32, 4, 3)",1,257,130,64,bfloat16,False,pass,2.36e-03,4.70e-07
v0_baseline,config,"(64, 16, 4, 5)",1,257,130,64,bfloat16,False,pass,2.36e-03,4.70e-07
v0_baseline,apply,default,1,257,130,64,float32,True,pass,2.32e-03,2.15e-03
v0_baseline,config,"(16, 16, 4, 3)",1,257,130,64,float32,True,pass,2.32e-03,2.15e-03
v0_baseline,config,"(64, 32, 4, 3)",1,257,130,64,float32,True,pass,2.32e-03,2.15e-03
v0_baseline,config,"(64, 16, 4, 5)",1,257,130,64,float32,True,pass,2.32e-03,2.15e-03
v0_baseline,apply,default,1,257,130,64,float32,False,pass,1.17e-03,1.42e-03
v0_baseline,config,"(16, 16, 4, 3)",1,257,130,64,float32,False,pass,1.17e-03,1.42e-03
v0_baseline,config,"(64, 32, 4, 3)",1,257,130,64,float32,False,pass,1.17e-03,1.42e-03
v0_baseline,config,"(64, 16, 4, 5)",1,257,130,64,float32,False,pass,1.17e-03,1.42e-03
v0_baseline,apply,default,1,333,1000,64,bfloat16,True,pass,7.48e-03,5.47e-07
v0_baseline,config,"(16, 16, 4, 3)",1,333,1000,64,bfloat16,True,pass,7.48e-03,5.47e-07
v0_baseline,config,"(64, 32, 4, 3)",1,333,1000,64,bfloat16,True,pass,7.48e-03,4.73e-07
v0_baseline,config,"(64, 16, 4, 5)",1,333,1000,64,bfloat16,True,pass,7.48e-03,5.51e-07
v0_baseline,apply,default,1,333,1000,64,bfloat16,False,pass,7.14e-04,7.50e-07
v0_baseline,config,"(16, 16, 4, 3)",1,333,1000,64,bfloat16,False,pass,7.14e-04,7.50e-07
v0_baseline,config,"(64, 32, 4, 3)",1,333,1000,64,bfloat16,False,pass,7.14e-04,6.59e-07
v0_baseline,config,"(64, 16, 4, 5)",1,333,1000,64,bfloat16,False,pass,7.14e-04,7.50e-07
v0_baseline,apply,default,1,333,1000,64,float32,True,pass,2.32e-03,2.15e-03
v0_baseline,config,"(16, 16, 4, 3)",1,333,1000,64,float32,True,pass,2.32e-03,2.15e-03
v0_baseline,config,"(64, 32, 4, 3)",1,333,1000,64,float32,True,pass,2.32e-03,2.15e-03
v0_baseline,config,"(64, 16, 4, 5)",1,333,1000,64,float32,True,pass,2.32e-03,2.15e-03
v0_baseline,apply,default,1,333,1000,64,float32,False,pass,5.35e-04,1.32e-03
v0_baseline,config,"(16, 16, 4, 3)",1,333,1000,64,float32,False,pass,5.35e-04,1.32e-03
v0_baseline,config,"(64, 32, 4, 3)",1,333,1000,64,float32,False,pass,5.35e-04,1.32e-03
v0_baseline,config,"(64, 16, 4, 5)",1,333,1000,64,float32,False,pass,5.35e-04,1.32e-03
v0_baseline,apply,default,1,1000,333,64,bfloat16,True,pass,7.48e-03,6.31e-07
v0_baseline,config,"(16, 16, 4, 3)",1,1000,333,64,bfloat16,True,pass,7.48e-03,6.31e-07
v0_baseline,config,"(64, 32, 4, 3)",1,1000,333,64,bfloat16,True,pass,7.48e-03,5.91e-07
v0_baseline,config,"(64, 16, 4, 5)",1,1000,333,64,bfloat16,True,pass,7.48e-03,5.93e-07
v0_baseline,apply,default,1,1000,333,64,bfloat16,False,pass,1.22e-03,6.31e-07
v0_baseline,config,"(16, 16, 4, 3)",1,1000,333,64,bfloat16,False,pass,1.22e-03,6.31e-07
v0_baseline,config,"(64, 32, 4, 3)",1,1000,333,64,bfloat16,False,pass,1.27e-03,5.91e-07
v0_baseline,config,"(64, 16, 4, 5)",1,1000,333,64,bfloat16,False,pass,1.22e-03,5.94e-07
v0_baseline,apply,default,1,1000,333,64,float32,True,pass,2.32e-03,2.15e-03
v0_baseline,config,"(16, 16, 4, 3)",1,1000,333,64,float32,True,pass,2.32e-03,2.15e-03
v0_baseline,config,"(64, 32, 4, 3)",1,1000,333,64,float32,True,pass,2.32e-03,2.15e-03
v0_baseline,config,"(64, 16, 4, 5)",1,1000,333,64,float32,True,pass,2.32e-03,2.15e-03
v0_baseline,apply,default,1,1000,333,64,float32,False,pass,1.03e-03,1.31e-03
v0_baseline,config,"(16, 16, 4, 3)",1,1000,333,64,float32,False,pass,1.03e-03,1.31e-03
v0_baseline,config,"(64, 32, 4, 3)",1,1000,333,64,float32,False,pass,1.03e-03,1.31e-03
v0_baseline,config,"(64, 16, 4, 5)",1,1000,333,64,float32,False,pass,1.03e-03,1.31e-03
v0_baseline,apply,default,1,200,96,128,bfloat16,True,pass,6.52e-03,6.08e-07
v0_baseline,config,"(16, 16, 4, 3)",1,200,96,128,bfloat16,True,pass,6.52e-03,6.08e-07
v0_baseline,config,"(64, 32, 4, 3)",1,200,96,128,bfloat16,True,pass,6.52e-03,6.08e-07
v0_baseline,config,"(64, 16, 4, 5)",1,200,96,128,bfloat16,True,pass,6.52e-03,6.08e-07
v0_baseline,apply,default,1,200,96,128,bfloat16,False,pass,2.40e-03,6.08e-07
v0_baseline,config,"(16, 16, 4, 3)",1,200,96,128,bfloat16,False,pass,2.40e-03,6.08e-07
v0_baseline,config,"(64, 32, 4, 3)",1,200,96,128,bfloat16,False,pass,2.11e-03,6.08e-07
v0_baseline,config,"(64, 16, 4, 5)",1,200,96,128,bfloat16,False,pass,2.40e-03,6.08e-07
v0_baseline,apply,default,1,200,96,128,float32,True,pass,1.94e-03,1.84e-03
v0_baseline,config,"(16, 16, 4, 3)",1,200,96,128,float32,True,pass,1.94e-03,1.84e-03
v0_baseline,config,"(64, 32, 4, 3)",1,200,96,128,float32,True,out_of_resources,,
v0_baseline,config,"(64, 16, 4, 5)",1,200,96,128,float32,True,out_of_resources,,
v0_baseline,apply,default,1,200,96,128,float32,False,pass,1.87e-03,1.61e-03
v0_baseline,config,"(16, 16, 4, 3)",1,200,96,128,float32,False,pass,1.87e-03,1.61e-03
v0_baseline,config,"(64, 32, 4, 3)",1,200,96,128,float32,False,out_of_resources,,
v0_baseline,config,"(64, 16, 4, 5)",1,200,96,128,float32,False,out_of_resources,,
v0_baseline,apply,default,1,96,200,128,bfloat16,True,pass,6.52e-03,5.90e-07
v0_baseline,config,"(16, 16, 4, 3)",1,96,200,128,bfloat16,True,pass,6.52e-03,5.90e-07
v0_baseline,config,"(64, 32, 4, 3)",1,96,200,128,bfloat16,True,pass,6.52e-03,5.90e-07
v0_baseline,config,"(64, 16, 4, 5)",1,96,200,128,bfloat16,True,pass,6.52e-03,5.90e-07
v0_baseline,apply,default,1,96,200,128,bfloat16,False,pass,1.43e-03,6.35e-07
v0_baseline,config,"(16, 16, 4, 3)",1,96,200,128,bfloat16,False,pass,1.43e-03,6.35e-07
v0_baseline,config,"(64, 32, 4, 3)",1,96,200,128,bfloat16,False,pass,1.31e-03,5.10e-07
v0_baseline,config,"(64, 16, 4, 5)",1,96,200,128,bfloat16,False,pass,1.43e-03,6.35e-07
v0_baseline,apply,default,1,96,200,128,float32,True,pass,1.94e-03,1.84e-03
v0_baseline,config,"(16, 16, 4, 3)",1,96,200,128,float32,True,pass,1.94e-03,1.84e-03
v0_baseline,config,"(64, 32, 4, 3)",1,96,200,128,float32,True,out_of_resources,,
v0_baseline,config,"(64, 16, 4, 5)",1,96,200,128,float32,True,out_of_resources,,
v0_baseline,apply,default,1,96,200,128,float32,False,pass,1.32e-03,1.24e-03
v0_baseline,config,"(16, 16, 4, 3)",1,96,200,128,float32,False,pass,1.32e-03,1.24e-03
v0_baseline,config,"(64, 32, 4, 3)",1,96,200,128,float32,False,out_of_resources,,
v0_baseline,config,"(64, 16, 4, 5)",1,96,200,128,float32,False,out_of_resources,,
v0_baseline,apply,default,1,128,128,64,bfloat16,True,pass,7.48e-03,5.27e-07
v0_baseline,config,"(16, 16, 4, 3)",1,128,128,64,bfloat16,True,pass,7.48e-03,5.27e-07
v0_baseline,config,"(64, 32, 4, 3)",1,128,128,64,bfloat16,True,pass,7.48e-03,4.61e-07
v0_baseline,config,"(64, 16, 4, 5)",1,128,128,64,bfloat16,True,pass,7.48e-03,5.51e-07
v0_baseline,apply,default,1,128,128,64,bfloat16,False,pass,1.43e-03,4.24e-07
v0_baseline,config,"(16, 16, 4, 3)",1,128,128,64,bfloat16,False,pass,1.43e-03,4.24e-07
v0_baseline,config,"(64, 32, 4, 3)",1,128,128,64,bfloat16,False,pass,1.43e-03,4.31e-07
v0_baseline,config,"(64, 16, 4, 5)",1,128,128,64,bfloat16,False,pass,1.43e-03,4.38e-07
v0_baseline,apply,default,1,128,128,64,float32,True,pass,2.32e-03,2.15e-03
v0_baseline,config,"(16, 16, 4, 3)",1,128,128,64,float32,True,pass,2.32e-03,2.15e-03
v0_baseline,config,"(64, 32, 4, 3)",1,128,128,64,float32,True,pass,2.32e-03,2.15e-03
v0_baseline,config,"(64, 16, 4, 5)",1,128,128,64,float32,True,pass,2.32e-03,2.15e-03
v0_baseline,apply,default,1,128,128,64,float32,False,pass,1.17e-03,1.43e-03
v0_baseline,config,"(16, 16, 4, 3)",1,128,128,64,float32,False,pass,1.17e-03,1.43e-03
v0_baseline,config,"(64, 32, 4, 3)",1,128,128,64,float32,False,pass,1.17e-03,1.43e-03
v0_baseline,config,"(64, 16, 4, 5)",1,128,128,64,float32,False,pass,1.17e-03,1.43e-03
v1_tiles,apply,default,1,200,96,64,bfloat16,True,pass,7.48e-03,4.61e-07
v1_tiles,config,"(16, 16, 4, 3)",1,200,96,64,bfloat16,True,pass,7.48e-03,4.61e-07
v1_tiles,config,"(64, 32, 4, 3)",1,200,96,64,bfloat16,True,pass,7.48e-03,4.61e-07
v1_tiles,config,"(64, 16, 4, 5)",1,200,96,64,bfloat16,True,pass,7.48e-03,5.51e-07
v1_tiles,apply,default,1,200,96,64,bfloat16,False,pass,1.88e-03,4.69e-07
v1_tiles,config,"(16, 16, 4, 3)",1,200,96,64,bfloat16,False,pass,1.88e-03,4.69e-07
v1_tiles,config,"(64, 32, 4, 3)",1,200,96,64,bfloat16,False,pass,1.88e-03,4.69e-07
v1_tiles,config,"(64, 16, 4, 5)",1,200,96,64,bfloat16,False,pass,1.88e-03,4.69e-07
v1_tiles,apply,default,1,200,96,64,float32,True,pass,2.32e-03,2.15e-03
v1_tiles,config,"(16, 16, 4, 3)",1,200,96,64,float32,True,pass,2.32e-03,2.15e-03
v1_tiles,config,"(64, 32, 4, 3)",1,200,96,64,float32,True,pass,2.32e-03,2.15e-03
v1_tiles,config,"(64, 16, 4, 5)",1,200,96,64,float32,True,pass,2.32e-03,2.15e-03
v1_tiles,apply,default,1,200,96,64,float32,False,pass,1.49e-03,1.54e-03
v1_tiles,config,"(16, 16, 4, 3)",1,200,96,64,float32,False,pass,1.49e-03,1.54e-03
v1_tiles,config,"(64, 32, 4, 3)",1,200,96,64,float32,False,pass,1.49e-03,1.54e-03
v1_tiles,config,"(64, 16, 4, 5)",1,200,96,64,float32,False,pass,1.49e-03,1.54e-03
v1_tiles,apply,default,1,96,200,64,bfloat16,True,pass,7.48e-03,4.61e-07
v1_tiles,config,"(16, 16, 4, 3)",1,96,200,64,bfloat16,True,pass,7.48e-03,4.61e-07
v1_tiles,config,"(64, 32, 4, 3)",1,96,200,64,bfloat16,True,pass,7.48e-03,4.61e-07
v1_tiles,config,"(64, 16, 4, 5)",1,96,200,64,bfloat16,True,pass,7.48e-03,5.51e-07
v1_tiles,apply,default,1,96,200,64,bfloat16,False,pass,1.18e-03,4.49e-07
v1_tiles,config,"(16, 16, 4, 3)",1,96,200,64,bfloat16,False,pass,1.18e-03,5.13e-07
v1_tiles,config,"(64, 32, 4, 3)",1,96,200,64,bfloat16,False,pass,1.18e-03,4.49e-07
v1_tiles,config,"(64, 16, 4, 5)",1,96,200,64,bfloat16,False,pass,1.18e-03,5.13e-07
v1_tiles,apply,default,1,96,200,64,float32,True,pass,2.32e-03,2.15e-03
v1_tiles,config,"(16, 16, 4, 3)",1,96,200,64,float32,True,pass,2.32e-03,2.15e-03
v1_tiles,config,"(64, 32, 4, 3)",1,96,200,64,float32,True,pass,2.32e-03,2.15e-03
v1_tiles,config,"(64, 16, 4, 5)",1,96,200,64,float32,True,pass,2.32e-03,2.15e-03
v1_tiles,apply,default,1,96,200,64,float32,False,pass,1.44e-03,1.43e-03
v1_tiles,config,"(16, 16, 4, 3)",1,96,200,64,float32,False,pass,1.44e-03,1.43e-03
v1_tiles,config,"(64, 32, 4, 3)",1,96,200,64,float32,False,pass,1.44e-03,1.43e-03
v1_tiles,config,"(64, 16, 4, 5)",1,96,200,64,float32,False,pass,1.44e-03,1.43e-03
v1_tiles,apply,default,1,37,53,32,bfloat16,True,pass,7.09e-03,4.44e-07
v1_tiles,config,"(16, 16, 4, 3)",1,37,53,32,bfloat16,True,pass,7.09e-03,4.44e-07
v1_tiles,config,"(64, 32, 4, 3)",1,37,53,32,bfloat16,True,pass,7.09e-03,4.44e-07
v1_tiles,config,"(64, 16, 4, 5)",1,37,53,32,bfloat16,True,pass,7.09e-03,2.40e-07
v1_tiles,apply,default,1,37,53,32,bfloat16,False,pass,2.06e-03,3.83e-07
v1_tiles,config,"(16, 16, 4, 3)",1,37,53,32,bfloat16,False,pass,1.96e-03,4.18e-07
v1_tiles,config,"(64, 32, 4, 3)",1,37,53,32,bfloat16,False,pass,2.06e-03,3.83e-07
v1_tiles,config,"(64, 16, 4, 5)",1,37,53,32,bfloat16,False,pass,1.96e-03,4.18e-07
v1_tiles,apply,default,1,37,53,32,float32,True,pass,2.32e-03,1.60e-03
v1_tiles,config,"(16, 16, 4, 3)",1,37,53,32,float32,True,pass,2.32e-03,1.60e-03
v1_tiles,config,"(64, 32, 4, 3)",1,37,53,32,float32,True,pass,2.32e-03,1.60e-03
v1_tiles,config,"(64, 16, 4, 5)",1,37,53,32,float32,True,pass,2.32e-03,1.60e-03
v1_tiles,apply,default,1,37,53,32,float32,False,pass,1.68e-03,2.10e-03
v1_tiles,config,"(16, 16, 4, 3)",1,37,53,32,float32,False,pass,1.68e-03,2.10e-03
v1_tiles,config,"(64, 32, 4, 3)",1,37,53,32,float32,False,pass,1.68e-03,2.10e-03
v1_tiles,config,"(64, 16, 4, 5)",1,37,53,32,float32,False,pass,1.68e-03,2.10e-03
v1_tiles,apply,default,1,53,37,32,bfloat16,True,pass,7.09e-03,4.44e-07
v1_tiles,config,"(16, 16, 4, 3)",1,53,37,32,bfloat16,True,pass,7.09e-03,4.44e-07
v1_tiles,config,"(64, 32, 4, 3)",1,53,37,32,bfloat16,True,pass,7.09e-03,4.44e-07
v1_tiles,config,"(64, 16, 4, 5)",1,53,37,32,bfloat16,True,pass,7.09e-03,3.13e-07
v1_tiles,apply,default,1,53,37,32,bfloat16,False,pass,2.28e-03,3.40e-07
v1_tiles,config,"(16, 16, 4, 3)",1,53,37,32,bfloat16,False,pass,2.28e-03,3.40e-07
v1_tiles,config,"(64, 32, 4, 3)",1,53,37,32,bfloat16,False,pass,2.28e-03,3.40e-07
v1_tiles,config,"(64, 16, 4, 5)",1,53,37,32,bfloat16,False,pass,2.28e-03,3.40e-07
v1_tiles,apply,default,1,53,37,32,float32,True,pass,2.32e-03,1.60e-03
v1_tiles,config,"(16, 16, 4, 3)",1,53,37,32,float32,True,pass,2.32e-03,1.60e-03
v1_tiles,config,"(64, 32, 4, 3)",1,53,37,32,float32,True,pass,2.32e-03,1.60e-03
v1_tiles,config,"(64, 16, 4, 5)",1,53,37,32,float32,True,pass,2.32e-03,1.60e-03
v1_tiles,apply,default,1,53,37,32,float32,False,pass,1.65e-03,1.42e-03
v1_tiles,config,"(16, 16, 4, 3)",1,53,37,32,float32,False,pass,1.58e-03,1.42e-03
v1_tiles,config,"(64, 32, 4, 3)",1,53,37,32,float32,False,pass,1.65e-03,1.42e-03
v1_tiles,config,"(64, 16, 4, 5)",1,53,37,32,float32,False,pass,1.58e-03,1.42e-03
v1_tiles,apply,default,2,100,100,16,bfloat16,True,pass,8.93e-03,4.11e-07
v1_tiles,config,"(16, 16, 4, 3)",2,100,100,16,bfloat16,True,pass,8.93e-03,4.11e-07
v1_tiles,config,"(64, 32, 4, 3)",2,100,100,16,bfloat16,True,pass,8.93e-03,4.11e-07
v1_tiles,config,"(64, 16, 4, 5)",2,100,100,16,bfloat16,True,pass,8.93e-03,4.11e-07
v1_tiles,apply,default,2,100,100,16,bfloat16,False,pass,2.25e-03,4.10e-07
v1_tiles,config,"(16, 16, 4, 3)",2,100,100,16,bfloat16,False,pass,2.25e-03,4.10e-07
v1_tiles,config,"(64, 32, 4, 3)",2,100,100,16,bfloat16,False,pass,2.25e-03,4.10e-07
v1_tiles,config,"(64, 16, 4, 5)",2,100,100,16,bfloat16,False,pass,2.25e-03,4.10e-07
v1_tiles,apply,default,2,100,100,16,float32,True,pass,2.04e-03,2.38e-03
v1_tiles,config,"(16, 16, 4, 3)",2,100,100,16,float32,True,pass,2.04e-03,2.38e-03
v1_tiles,config,"(64, 32, 4, 3)",2,100,100,16,float32,True,pass,2.04e-03,2.38e-03
v1_tiles,config,"(64, 16, 4, 5)",2,100,100,16,float32,True,pass,2.04e-03,2.38e-03
v1_tiles,apply,default,2,100,100,16,float32,False,pass,1.55e-03,2.25e-03
v1_tiles,config,"(16, 16, 4, 3)",2,100,100,16,float32,False,pass,1.52e-03,2.25e-03
v1_tiles,config,"(64, 32, 4, 3)",2,100,100,16,float32,False,pass,1.55e-03,2.25e-03
v1_tiles,config,"(64, 16, 4, 5)",2,100,100,16,float32,False,pass,1.52e-03,2.25e-03
v1_tiles,apply,default,2,64,128,16,bfloat16,True,pass,8.93e-03,4.55e-07
v1_tiles,config,"(16, 16, 4, 3)",2,64,128,16,bfloat16,True,pass,8.93e-03,3.80e-07
v1_tiles,config,"(64, 32, 4, 3)",2,64,128,16,bfloat16,True,pass,8.93e-03,4.55e-07
v1_tiles,config,"(64, 16, 4, 5)",2,64,128,16,bfloat16,True,pass,8.93e-03,3.80e-07
v1_tiles,apply,default,2,64,128,16,bfloat16,False,pass,1.55e-03,3.95e-07
v1_tiles,config,"(16, 16, 4, 3)",2,64,128,16,bfloat16,False,pass,1.55e-03,5.09e-07
v1_tiles,config,"(64, 32, 4, 3)",2,64,128,16,bfloat16,False,pass,1.55e-03,3.95e-07
v1_tiles,config,"(64, 16, 4, 5)",2,64,128,16,bfloat16,False,pass,1.55e-03,5.09e-07
v1_tiles,apply,default,2,64,128,16,float32,True,pass,1.97e-03,2.38e-03
v1_tiles,config,"(16, 16, 4, 3)",2,64,128,16,float32,True,pass,1.97e-03,2.38e-03
v1_tiles,config,"(64, 32, 4, 3)",2,64,128,16,float32,True,pass,1.97e-03,2.38e-03
v1_tiles,config,"(64, 16, 4, 5)",2,64,128,16,float32,True,pass,1.97e-03,2.38e-03
v1_tiles,apply,default,2,64,128,16,float32,False,pass,1.12e-03,2.13e-03
v1_tiles,config,"(16, 16, 4, 3)",2,64,128,16,float32,False,pass,1.11e-03,2.13e-03
v1_tiles,config,"(64, 32, 4, 3)",2,64,128,16,float32,False,pass,1.12e-03,2.13e-03
v1_tiles,config,"(64, 16, 4, 5)",2,64,128,16,float32,False,pass,1.11e-03,2.13e-03
v1_tiles,apply,default,2,128,64,16,bfloat16,True,pass,8.93e-03,4.20e-07
v1_tiles,config,"(16, 16, 4, 3)",2,128,64,16,bfloat16,True,pass,8.93e-03,4.53e-07
v1_tiles,config,"(64, 32, 4, 3)",2,128,64,16,bfloat16,True,pass,8.93e-03,4.20e-07
v1_tiles,config,"(64, 16, 4, 5)",2,128,64,16,bfloat16,True,pass,8.93e-03,4.53e-07
v1_tiles,apply,default,2,128,64,16,bfloat16,False,pass,2.25e-03,4.20e-07
v1_tiles,config,"(16, 16, 4, 3)",2,128,64,16,bfloat16,False,pass,2.25e-03,4.63e-07
v1_tiles,config,"(64, 32, 4, 3)",2,128,64,16,bfloat16,False,pass,2.25e-03,4.20e-07
v1_tiles,config,"(64, 16, 4, 5)",2,128,64,16,bfloat16,False,pass,2.25e-03,4.63e-07
v1_tiles,apply,default,2,128,64,16,float32,True,pass,1.97e-03,2.38e-03
v1_tiles,config,"(16, 16, 4, 3)",2,128,64,16,float32,True,pass,1.97e-03,2.38e-03
v1_tiles,config,"(64, 32, 4, 3)",2,128,64,16,float32,True,pass,1.97e-03,2.38e-03
v1_tiles,config,"(64, 16, 4, 5)",2,128,64,16,float32,True,pass,1.97e-03,2.38e-03
v1_tiles,apply,default,2,128,64,16,float32,False,pass,2.03e-03,2.35e-03
v1_tiles,config,"(16, 16, 4, 3)",2,128,64,16,float32,False,pass,1.99e-03,2.35e-03
v1_tiles,config,"(64, 32, 4, 3)",2,128,64,16,float32,False,pass,2.03e-03,2.35e-03
v1_tiles,config,"(64, 16, 4, 5)",2,128,64,16,float32,False,pass,1.99e-03,2.35e-03
v1_tiles,apply,default,1,1,77,64,bfloat16,True,pass,0.00e+00,1.49e-08
v1_tiles,config,"(16, 16, 4, 3)",1,1,77,64,bfloat16,True,pass,0.00e+00,1.49e-08
v1_tiles,config,"(64, 32, 4, 3)",1,1,77,64,bfloat16,True,pass,0.00e+00,1.49e-08
v1_tiles,config,"(64, 16, 4, 5)",1,1,77,64,bfloat16,True,pass,0.00e+00,1.49e-08
v1_tiles,apply,default,1,1,77,64,bfloat16,False,pass,1.51e-03,1.18e-07
v1_tiles,config,"(16, 16, 4, 3)",1,1,77,64,bfloat16,False,pass,1.51e-03,1.18e-07
v1_tiles,config,"(64, 32, 4, 3)",1,1,77,64,bfloat16,False,pass,1.51e-03,1.18e-07
v1_tiles,config,"(64, 16, 4, 5)",1,1,77,64,bfloat16,False,pass,1.51e-03,1.18e-07
v1_tiles,apply,default,1,1,77,64,float32,True,pass,1.54e-03,6.14e-04
v1_tiles,config,"(16, 16, 4, 3)",1,1,77,64,float32,True,pass,1.54e-03,6.14e-04
v1_tiles,config,"(64, 32, 4, 3)",1,1,77,64,float32,True,pass,1.54e-03,6.14e-04
v1_tiles,config,"(64, 16, 4, 5)",1,1,77,64,float32,True,pass,1.54e-03,6.14e-04
v1_tiles,apply,default,1,1,77,64,float32,False,pass,4.63e-04,6.90e-04
v1_tiles,config,"(16, 16, 4, 3)",1,1,77,64,float32,False,pass,4.63e-04,6.90e-04
v1_tiles,config,"(64, 32, 4, 3)",1,1,77,64,float32,False,pass,4.63e-04,6.90e-04
v1_tiles,config,"(64, 16, 4, 5)",1,1,77,64,float32,False,pass,4.63e-04,6.90e-04
v1_tiles,apply,default,1,77,1,64,bfloat16,True,pass,0.00e+00,4.92e-07
v1_tiles,config,"(16, 16, 4, 3)",1,77,1,64,bfloat16,True,pass,0.00e+00,4.92e-07
v1_tiles,config,"(64, 32, 4, 3)",1,77,1,64,bfloat16,True,pass,0.00e+00,4.92e-07
v1_tiles,config,"(64, 16, 4, 5)",1,77,1,64,bfloat16,True,pass,0.00e+00,4.92e-07
v1_tiles,apply,default,1,77,1,64,bfloat16,False,pass,0.00e+00,4.92e-07
v1_tiles,config,"(16, 16, 4, 3)",1,77,1,64,bfloat16,False,pass,0.00e+00,4.92e-07
v1_tiles,config,"(64, 32, 4, 3)",1,77,1,64,bfloat16,False,pass,0.00e+00,4.92e-07
v1_tiles,config,"(64, 16, 4, 5)",1,77,1,64,bfloat16,False,pass,0.00e+00,4.92e-07
v1_tiles,apply,default,1,77,1,64,float32,True,pass,1.54e-03,2.03e-03
v1_tiles,config,"(16, 16, 4, 3)",1,77,1,64,float32,True,pass,1.54e-03,2.03e-03
v1_tiles,config,"(64, 32, 4, 3)",1,77,1,64,float32,True,pass,1.54e-03,2.03e-03
v1_tiles,config,"(64, 16, 4, 5)",1,77,1,64,float32,True,pass,1.54e-03,2.03e-03
v1_tiles,apply,default,1,77,1,64,float32,False,pass,1.54e-03,2.03e-03
v1_tiles,config,"(16, 16, 4, 3)",1,77,1,64,float32,False,pass,1.54e-03,2.03e-03
v1_tiles,config,"(64, 32, 4, 3)",1,77,1,64,float32,False,pass,1.54e-03,2.03e-03
v1_tiles,config,"(64, 16, 4, 5)",1,77,1,64,float32,False,pass,1.54e-03,2.03e-03
v1_tiles,apply,default,1,130,257,64,bfloat16,True,pass,7.48e-03,4.61e-07
v1_tiles,config,"(16, 16, 4, 3)",1,130,257,64,bfloat16,True,pass,7.48e-03,5.27e-07
v1_tiles,config,"(64, 32, 4, 3)",1,130,257,64,bfloat16,True,pass,7.48e-03,4.61e-07
v1_tiles,config,"(64, 16, 4, 5)",1,130,257,64,bfloat16,True,pass,7.48e-03,5.51e-07
v1_tiles,apply,default,1,130,257,64,bfloat16,False,pass,1.60e-03,5.77e-07
v1_tiles,config,"(16, 16, 4, 3)",1,130,257,64,bfloat16,False,pass,1.60e-03,5.77e-07
v1_tiles,config,"(64, 32, 4, 3)",1,130,257,64,bfloat16,False,pass,1.60e-03,5.77e-07
v1_tiles,config,"(64, 16, 4, 5)",1,130,257,64,bfloat16,False,pass,1.60e-03,5.92e-07
v1_tiles,apply,default,1,130,257,64,float32,True,pass,2.32e-03,2.15e-03
v1_tiles,config,"(16, 16, 4, 3)",1,130,257,64,float32,True,pass,2.32e-03,2.15e-03
v1_tiles,config,"(64, 32, 4, 3)",1,130,257,64,float32,True,pass,2.32e-03,2.15e-03
v1_tiles,config,"(64, 16, 4, 5)",1,130,257,64,float32,True,pass,2.32e-03,2.15e-03
v1_tiles,apply,default,1,130,257,64,float32,False,pass,1.25e-03,1.33e-03
v1_tiles,config,"(16, 16, 4, 3)",1,130,257,64,float32,False,pass,1.26e-03,1.33e-03
v1_tiles,config,"(64, 32, 4, 3)",1,130,257,64,float32,False,pass,1.25e-03,1.33e-03
v1_tiles,config,"(64, 16, 4, 5)",1,130,257,64,float32,False,pass,1.26e-03,1.33e-03
v1_tiles,apply,default,1,257,130,64,bfloat16,True,pass,7.48e-03,4.70e-07
v1_tiles,config,"(16, 16, 4, 3)",1,257,130,64,bfloat16,True,pass,7.48e-03,5.27e-07
v1_tiles,config,"(64, 32, 4, 3)",1,257,130,64,bfloat16,True,pass,7.48e-03,4.70e-07
v1_tiles,config,"(64, 16, 4, 5)",1,257,130,64,bfloat16,True,pass,7.48e-03,5.51e-07
v1_tiles,apply,default,1,257,130,64,bfloat16,False,pass,2.36e-03,4.70e-07
v1_tiles,config,"(16, 16, 4, 3)",1,257,130,64,bfloat16,False,pass,2.36e-03,4.70e-07
v1_tiles,config,"(64, 32, 4, 3)",1,257,130,64,bfloat16,False,pass,2.36e-03,4.70e-07
v1_tiles,config,"(64, 16, 4, 5)",1,257,130,64,bfloat16,False,pass,2.36e-03,4.70e-07
v1_tiles,apply,default,1,257,130,64,float32,True,pass,2.32e-03,2.15e-03
v1_tiles,config,"(16, 16, 4, 3)",1,257,130,64,float32,True,pass,2.32e-03,2.15e-03
v1_tiles,config,"(64, 32, 4, 3)",1,257,130,64,float32,True,pass,2.32e-03,2.15e-03
v1_tiles,config,"(64, 16, 4, 5)",1,257,130,64,float32,True,pass,2.32e-03,2.15e-03
v1_tiles,apply,default,1,257,130,64,float32,False,pass,1.17e-03,1.42e-03
v1_tiles,config,"(16, 16, 4, 3)",1,257,130,64,float32,False,pass,1.17e-03,1.42e-03
v1_tiles,config,"(64, 32, 4, 3)",1,257,130,64,float32,False,pass,1.17e-03,1.42e-03
v1_tiles,config,"(64, 16, 4, 5)",1,257,130,64,float32,False,pass,1.17e-03,1.42e-03
v1_tiles,apply,default,1,333,1000,64,bfloat16,True,pass,7.48e-03,4.73e-07
v1_tiles,config,"(16, 16, 4, 3)",1,333,1000,64,bfloat16,True,pass,7.48e-03,5.47e-07
v1_tiles,config,"(64, 32, 4, 3)",1,333,1000,64,bfloat16,True,pass,7.48e-03,4.73e-07
v1_tiles,config,"(64, 16, 4, 5)",1,333,1000,64,bfloat16,True,pass,7.48e-03,5.51e-07
v1_tiles,apply,default,1,333,1000,64,bfloat16,False,pass,7.14e-04,6.59e-07
v1_tiles,config,"(16, 16, 4, 3)",1,333,1000,64,bfloat16,False,pass,7.14e-04,7.50e-07
v1_tiles,config,"(64, 32, 4, 3)",1,333,1000,64,bfloat16,False,pass,7.14e-04,6.59e-07
v1_tiles,config,"(64, 16, 4, 5)",1,333,1000,64,bfloat16,False,pass,7.14e-04,7.50e-07
v1_tiles,apply,default,1,333,1000,64,float32,True,pass,2.32e-03,2.15e-03
v1_tiles,config,"(16, 16, 4, 3)",1,333,1000,64,float32,True,pass,2.32e-03,2.15e-03
v1_tiles,config,"(64, 32, 4, 3)",1,333,1000,64,float32,True,pass,2.32e-03,2.15e-03
v1_tiles,config,"(64, 16, 4, 5)",1,333,1000,64,float32,True,pass,2.32e-03,2.15e-03
v1_tiles,apply,default,1,333,1000,64,float32,False,pass,5.35e-04,1.32e-03
v1_tiles,config,"(16, 16, 4, 3)",1,333,1000,64,float32,False,pass,5.35e-04,1.32e-03
v1_tiles,config,"(64, 32, 4, 3)",1,333,1000,64,float32,False,pass,5.35e-04,1.32e-03
v1_tiles,config,"(64, 16, 4, 5)",1,333,1000,64,float32,False,pass,5.35e-04,1.32e-03
v1_tiles,apply,default,1,1000,333,64,bfloat16,True,pass,7.48e-03,5.91e-07
v1_tiles,config,"(16, 16, 4, 3)",1,1000,333,64,bfloat16,True,pass,7.48e-03,6.31e-07
v1_tiles,config,"(64, 32, 4, 3)",1,1000,333,64,bfloat16,True,pass,7.48e-03,5.91e-07
v1_tiles,config,"(64, 16, 4, 5)",1,1000,333,64,bfloat16,True,pass,7.48e-03,5.93e-07
v1_tiles,apply,default,1,1000,333,64,bfloat16,False,pass,1.27e-03,5.91e-07
v1_tiles,config,"(16, 16, 4, 3)",1,1000,333,64,bfloat16,False,pass,1.22e-03,6.31e-07
v1_tiles,config,"(64, 32, 4, 3)",1,1000,333,64,bfloat16,False,pass,1.27e-03,5.91e-07
v1_tiles,config,"(64, 16, 4, 5)",1,1000,333,64,bfloat16,False,pass,1.22e-03,5.94e-07
v1_tiles,apply,default,1,1000,333,64,float32,True,pass,2.32e-03,2.15e-03
v1_tiles,config,"(16, 16, 4, 3)",1,1000,333,64,float32,True,pass,2.32e-03,2.15e-03
v1_tiles,config,"(64, 32, 4, 3)",1,1000,333,64,float32,True,pass,2.32e-03,2.15e-03
v1_tiles,config,"(64, 16, 4, 5)",1,1000,333,64,float32,True,pass,2.32e-03,2.15e-03
v1_tiles,apply,default,1,1000,333,64,float32,False,pass,1.03e-03,1.31e-03
v1_tiles,config,"(16, 16, 4, 3)",1,1000,333,64,float32,False,pass,1.03e-03,1.31e-03
v1_tiles,config,"(64, 32, 4, 3)",1,1000,333,64,float32,False,pass,1.03e-03,1.31e-03
v1_tiles,config,"(64, 16, 4, 5)",1,1000,333,64,float32,False,pass,1.03e-03,1.31e-03
v1_tiles,apply,default,1,200,96,128,bfloat16,True,pass,6.52e-03,6.08e-07
v1_tiles,config,"(16, 16, 4, 3)",1,200,96,128,bfloat16,True,pass,6.52e-03,6.08e-07
v1_tiles,config,"(64, 32, 4, 3)",1,200,96,128,bfloat16,True,pass,6.52e-03,6.08e-07
v1_tiles,config,"(64, 16, 4, 5)",1,200,96,128,bfloat16,True,pass,6.52e-03,6.08e-07
v1_tiles,apply,default,1,200,96,128,bfloat16,False,pass,2.11e-03,6.08e-07
v1_tiles,config,"(16, 16, 4, 3)",1,200,96,128,bfloat16,False,pass,2.40e-03,6.08e-07
v1_tiles,config,"(64, 32, 4, 3)",1,200,96,128,bfloat16,False,pass,2.11e-03,6.08e-07
v1_tiles,config,"(64, 16, 4, 5)",1,200,96,128,bfloat16,False,pass,2.40e-03,6.08e-07
v1_tiles,apply,default,1,200,96,128,float32,True,pass,1.94e-03,1.84e-03
v1_tiles,config,"(16, 16, 4, 3)",1,200,96,128,float32,True,pass,1.94e-03,1.84e-03
v1_tiles,config,"(64, 32, 4, 3)",1,200,96,128,float32,True,out_of_resources,,
v1_tiles,config,"(64, 16, 4, 5)",1,200,96,128,float32,True,out_of_resources,,
v1_tiles,apply,default,1,200,96,128,float32,False,pass,1.87e-03,1.61e-03
v1_tiles,config,"(16, 16, 4, 3)",1,200,96,128,float32,False,pass,1.87e-03,1.61e-03
v1_tiles,config,"(64, 32, 4, 3)",1,200,96,128,float32,False,out_of_resources,,
v1_tiles,config,"(64, 16, 4, 5)",1,200,96,128,float32,False,out_of_resources,,
v1_tiles,apply,default,1,96,200,128,bfloat16,True,pass,6.52e-03,5.90e-07
v1_tiles,config,"(16, 16, 4, 3)",1,96,200,128,bfloat16,True,pass,6.52e-03,5.90e-07
v1_tiles,config,"(64, 32, 4, 3)",1,96,200,128,bfloat16,True,pass,6.52e-03,5.90e-07
v1_tiles,config,"(64, 16, 4, 5)",1,96,200,128,bfloat16,True,pass,6.52e-03,5.90e-07
v1_tiles,apply,default,1,96,200,128,bfloat16,False,pass,1.31e-03,5.10e-07
v1_tiles,config,"(16, 16, 4, 3)",1,96,200,128,bfloat16,False,pass,1.43e-03,6.35e-07
v1_tiles,config,"(64, 32, 4, 3)",1,96,200,128,bfloat16,False,pass,1.31e-03,5.10e-07
v1_tiles,config,"(64, 16, 4, 5)",1,96,200,128,bfloat16,False,pass,1.43e-03,6.35e-07
v1_tiles,apply,default,1,96,200,128,float32,True,pass,1.94e-03,1.84e-03
v1_tiles,config,"(16, 16, 4, 3)",1,96,200,128,float32,True,pass,1.94e-03,1.84e-03
v1_tiles,config,"(64, 32, 4, 3)",1,96,200,128,float32,True,out_of_resources,,
v1_tiles,config,"(64, 16, 4, 5)",1,96,200,128,float32,True,out_of_resources,,
v1_tiles,apply,default,1,96,200,128,float32,False,pass,1.32e-03,1.24e-03
v1_tiles,config,"(16, 16, 4, 3)",1,96,200,128,float32,False,pass,1.32e-03,1.24e-03
v1_tiles,config,"(64, 32, 4, 3)",1,96,200,128,float32,False,out_of_resources,,
v1_tiles,config,"(64, 16, 4, 5)",1,96,200,128,float32,False,out_of_resources,,
v1_tiles,apply,default,1,128,128,64,bfloat16,True,pass,7.48e-03,4.61e-07
v1_tiles,config,"(16, 16, 4, 3)",1,128,128,64,bfloat16,True,pass,7.48e-03,5.27e-07
v1_tiles,config,"(64, 32, 4, 3)",1,128,128,64,bfloat16,True,pass,7.48e-03,4.61e-07
v1_tiles,config,"(64, 16, 4, 5)",1,128,128,64,bfloat16,True,pass,7.48e-03,5.51e-07
v1_tiles,apply,default,1,128,128,64,bfloat16,False,pass,1.43e-03,4.31e-07
v1_tiles,config,"(16, 16, 4, 3)",1,128,128,64,bfloat16,False,pass,1.43e-03,4.24e-07
v1_tiles,config,"(64, 32, 4, 3)",1,128,128,64,bfloat16,False,pass,1.43e-03,4.31e-07
v1_tiles,config,"(64, 16, 4, 5)",1,128,128,64,bfloat16,False,pass,1.43e-03,4.38e-07
v1_tiles,apply,default,1,128,128,64,float32,True,pass,2.32e-03,2.15e-03
v1_tiles,config,"(16, 16, 4, 3)",1,128,128,64,float32,True,pass,2.32e-03,2.15e-03
v1_tiles,config,"(64, 32, 4, 3)",1,128,128,64,float32,True,pass,2.32e-03,2.15e-03
v1_tiles,config,"(64, 16, 4, 5)",1,128,128,64,float32,True,pass,2.32e-03,2.15e-03
v1_tiles,apply,default,1,128,128,64,float32,False,pass,1.17e-03,1.43e-03
v1_tiles,config,"(16, 16, 4, 3)",1,128,128,64,float32,False,pass,1.17e-03,1.43e-03
v1_tiles,config,"(64, 32, 4, 3)",1,128,128,64,float32,False,pass,1.17e-03,1.43e-03
v1_tiles,config,"(64, 16, 4, 5)",1,128,128,64,float32,False,pass,1.17e-03,1.43e-03
v2_autotune,apply,default,1,200,96,64,bfloat16,True,pass,7.48e-03,4.61e-07
v2_autotune,config,"(16, 16, 4, 3)",1,200,96,64,bfloat16,True,pass,7.48e-03,4.61e-07
v2_autotune,config,"(64, 32, 4, 3)",1,200,96,64,bfloat16,True,pass,7.48e-03,4.61e-07
v2_autotune,config,"(64, 16, 4, 5)",1,200,96,64,bfloat16,True,pass,7.48e-03,5.51e-07
v2_autotune,apply,default,1,200,96,64,bfloat16,False,pass,1.88e-03,4.69e-07
v2_autotune,config,"(16, 16, 4, 3)",1,200,96,64,bfloat16,False,pass,1.88e-03,4.69e-07
v2_autotune,config,"(64, 32, 4, 3)",1,200,96,64,bfloat16,False,pass,1.88e-03,4.69e-07
v2_autotune,config,"(64, 16, 4, 5)",1,200,96,64,bfloat16,False,pass,1.88e-03,4.69e-07
v2_autotune,apply,default,1,200,96,64,float32,True,pass,2.32e-03,2.15e-03
v2_autotune,config,"(16, 16, 4, 3)",1,200,96,64,float32,True,pass,2.32e-03,2.15e-03
v2_autotune,config,"(64, 32, 4, 3)",1,200,96,64,float32,True,pass,2.32e-03,2.15e-03
v2_autotune,config,"(64, 16, 4, 5)",1,200,96,64,float32,True,pass,2.32e-03,2.15e-03
v2_autotune,apply,default,1,200,96,64,float32,False,pass,1.49e-03,1.54e-03
v2_autotune,config,"(16, 16, 4, 3)",1,200,96,64,float32,False,pass,1.49e-03,1.54e-03
v2_autotune,config,"(64, 32, 4, 3)",1,200,96,64,float32,False,pass,1.49e-03,1.54e-03
v2_autotune,config,"(64, 16, 4, 5)",1,200,96,64,float32,False,pass,1.49e-03,1.54e-03
v2_autotune,apply,default,1,96,200,64,bfloat16,True,pass,7.48e-03,4.61e-07
v2_autotune,config,"(16, 16, 4, 3)",1,96,200,64,bfloat16,True,pass,7.48e-03,4.61e-07
v2_autotune,config,"(64, 32, 4, 3)",1,96,200,64,bfloat16,True,pass,7.48e-03,4.61e-07
v2_autotune,config,"(64, 16, 4, 5)",1,96,200,64,bfloat16,True,pass,7.48e-03,5.51e-07
v2_autotune,apply,default,1,96,200,64,bfloat16,False,pass,1.18e-03,4.49e-07
v2_autotune,config,"(16, 16, 4, 3)",1,96,200,64,bfloat16,False,pass,1.18e-03,5.13e-07
v2_autotune,config,"(64, 32, 4, 3)",1,96,200,64,bfloat16,False,pass,1.18e-03,4.49e-07
v2_autotune,config,"(64, 16, 4, 5)",1,96,200,64,bfloat16,False,pass,1.18e-03,5.13e-07
v2_autotune,apply,default,1,96,200,64,float32,True,pass,2.32e-03,2.15e-03
v2_autotune,config,"(16, 16, 4, 3)",1,96,200,64,float32,True,pass,2.32e-03,2.15e-03
v2_autotune,config,"(64, 32, 4, 3)",1,96,200,64,float32,True,pass,2.32e-03,2.15e-03
v2_autotune,config,"(64, 16, 4, 5)",1,96,200,64,float32,True,pass,2.32e-03,2.15e-03
v2_autotune,apply,default,1,96,200,64,float32,False,pass,1.44e-03,1.43e-03
v2_autotune,config,"(16, 16, 4, 3)",1,96,200,64,float32,False,pass,1.44e-03,1.43e-03
v2_autotune,config,"(64, 32, 4, 3)",1,96,200,64,float32,False,pass,1.44e-03,1.43e-03
v2_autotune,config,"(64, 16, 4, 5)",1,96,200,64,float32,False,pass,1.44e-03,1.43e-03
v2_autotune,apply,default,1,37,53,32,bfloat16,True,pass,7.09e-03,4.44e-07
v2_autotune,config,"(16, 16, 4, 3)",1,37,53,32,bfloat16,True,pass,7.09e-03,4.44e-07
v2_autotune,config,"(64, 32, 4, 3)",1,37,53,32,bfloat16,True,pass,7.09e-03,4.44e-07
v2_autotune,config,"(64, 16, 4, 5)",1,37,53,32,bfloat16,True,pass,7.09e-03,2.40e-07
v2_autotune,apply,default,1,37,53,32,bfloat16,False,pass,2.06e-03,3.83e-07
v2_autotune,config,"(16, 16, 4, 3)",1,37,53,32,bfloat16,False,pass,1.96e-03,4.18e-07
v2_autotune,config,"(64, 32, 4, 3)",1,37,53,32,bfloat16,False,pass,2.06e-03,3.83e-07
v2_autotune,config,"(64, 16, 4, 5)",1,37,53,32,bfloat16,False,pass,1.96e-03,4.18e-07
v2_autotune,apply,default,1,37,53,32,float32,True,pass,2.32e-03,1.60e-03
v2_autotune,config,"(16, 16, 4, 3)",1,37,53,32,float32,True,pass,2.32e-03,1.60e-03
v2_autotune,config,"(64, 32, 4, 3)",1,37,53,32,float32,True,pass,2.32e-03,1.60e-03
v2_autotune,config,"(64, 16, 4, 5)",1,37,53,32,float32,True,pass,2.32e-03,1.60e-03
v2_autotune,apply,default,1,37,53,32,float32,False,pass,1.68e-03,2.10e-03
v2_autotune,config,"(16, 16, 4, 3)",1,37,53,32,float32,False,pass,1.68e-03,2.10e-03
v2_autotune,config,"(64, 32, 4, 3)",1,37,53,32,float32,False,pass,1.68e-03,2.10e-03
v2_autotune,config,"(64, 16, 4, 5)",1,37,53,32,float32,False,pass,1.68e-03,2.10e-03
v2_autotune,apply,default,1,53,37,32,bfloat16,True,pass,7.09e-03,3.13e-07
v2_autotune,config,"(16, 16, 4, 3)",1,53,37,32,bfloat16,True,pass,7.09e-03,4.44e-07
v2_autotune,config,"(64, 32, 4, 3)",1,53,37,32,bfloat16,True,pass,7.09e-03,4.44e-07
v2_autotune,config,"(64, 16, 4, 5)",1,53,37,32,bfloat16,True,pass,7.09e-03,3.13e-07
v2_autotune,apply,default,1,53,37,32,bfloat16,False,pass,2.28e-03,3.40e-07
v2_autotune,config,"(16, 16, 4, 3)",1,53,37,32,bfloat16,False,pass,2.28e-03,3.40e-07
v2_autotune,config,"(64, 32, 4, 3)",1,53,37,32,bfloat16,False,pass,2.28e-03,3.40e-07
v2_autotune,config,"(64, 16, 4, 5)",1,53,37,32,bfloat16,False,pass,2.28e-03,3.40e-07
v2_autotune,apply,default,1,53,37,32,float32,True,pass,2.32e-03,1.60e-03
v2_autotune,config,"(16, 16, 4, 3)",1,53,37,32,float32,True,pass,2.32e-03,1.60e-03
v2_autotune,config,"(64, 32, 4, 3)",1,53,37,32,float32,True,pass,2.32e-03,1.60e-03
v2_autotune,config,"(64, 16, 4, 5)",1,53,37,32,float32,True,pass,2.32e-03,1.60e-03
v2_autotune,apply,default,1,53,37,32,float32,False,pass,1.65e-03,1.42e-03
v2_autotune,config,"(16, 16, 4, 3)",1,53,37,32,float32,False,pass,1.58e-03,1.42e-03
v2_autotune,config,"(64, 32, 4, 3)",1,53,37,32,float32,False,pass,1.65e-03,1.42e-03
v2_autotune,config,"(64, 16, 4, 5)",1,53,37,32,float32,False,pass,1.58e-03,1.42e-03
v2_autotune,apply,default,2,100,100,16,bfloat16,True,pass,8.93e-03,4.11e-07
v2_autotune,config,"(16, 16, 4, 3)",2,100,100,16,bfloat16,True,pass,8.93e-03,4.11e-07
v2_autotune,config,"(64, 32, 4, 3)",2,100,100,16,bfloat16,True,pass,8.93e-03,4.11e-07
v2_autotune,config,"(64, 16, 4, 5)",2,100,100,16,bfloat16,True,pass,8.93e-03,4.11e-07
v2_autotune,apply,default,2,100,100,16,bfloat16,False,pass,2.25e-03,4.10e-07
v2_autotune,config,"(16, 16, 4, 3)",2,100,100,16,bfloat16,False,pass,2.25e-03,4.10e-07
v2_autotune,config,"(64, 32, 4, 3)",2,100,100,16,bfloat16,False,pass,2.25e-03,4.10e-07
v2_autotune,config,"(64, 16, 4, 5)",2,100,100,16,bfloat16,False,pass,2.25e-03,4.10e-07
v2_autotune,apply,default,2,100,100,16,float32,True,pass,2.04e-03,2.38e-03
v2_autotune,config,"(16, 16, 4, 3)",2,100,100,16,float32,True,pass,2.04e-03,2.38e-03
v2_autotune,config,"(64, 32, 4, 3)",2,100,100,16,float32,True,pass,2.04e-03,2.38e-03
v2_autotune,config,"(64, 16, 4, 5)",2,100,100,16,float32,True,pass,2.04e-03,2.38e-03
v2_autotune,apply,default,2,100,100,16,float32,False,pass,1.55e-03,2.25e-03
v2_autotune,config,"(16, 16, 4, 3)",2,100,100,16,float32,False,pass,1.52e-03,2.25e-03
v2_autotune,config,"(64, 32, 4, 3)",2,100,100,16,float32,False,pass,1.55e-03,2.25e-03
v2_autotune,config,"(64, 16, 4, 5)",2,100,100,16,float32,False,pass,1.52e-03,2.25e-03
v2_autotune,apply,default,2,64,128,16,bfloat16,True,pass,8.93e-03,4.55e-07
v2_autotune,config,"(16, 16, 4, 3)",2,64,128,16,bfloat16,True,pass,8.93e-03,3.80e-07
v2_autotune,config,"(64, 32, 4, 3)",2,64,128,16,bfloat16,True,pass,8.93e-03,4.55e-07
v2_autotune,config,"(64, 16, 4, 5)",2,64,128,16,bfloat16,True,pass,8.93e-03,3.80e-07
v2_autotune,apply,default,2,64,128,16,bfloat16,False,pass,1.55e-03,3.95e-07
v2_autotune,config,"(16, 16, 4, 3)",2,64,128,16,bfloat16,False,pass,1.55e-03,5.09e-07
v2_autotune,config,"(64, 32, 4, 3)",2,64,128,16,bfloat16,False,pass,1.55e-03,3.95e-07
v2_autotune,config,"(64, 16, 4, 5)",2,64,128,16,bfloat16,False,pass,1.55e-03,5.09e-07
v2_autotune,apply,default,2,64,128,16,float32,True,pass,1.97e-03,2.38e-03
v2_autotune,config,"(16, 16, 4, 3)",2,64,128,16,float32,True,pass,1.97e-03,2.38e-03
v2_autotune,config,"(64, 32, 4, 3)",2,64,128,16,float32,True,pass,1.97e-03,2.38e-03
v2_autotune,config,"(64, 16, 4, 5)",2,64,128,16,float32,True,pass,1.97e-03,2.38e-03
v2_autotune,apply,default,2,64,128,16,float32,False,pass,1.12e-03,2.13e-03
v2_autotune,config,"(16, 16, 4, 3)",2,64,128,16,float32,False,pass,1.11e-03,2.13e-03
v2_autotune,config,"(64, 32, 4, 3)",2,64,128,16,float32,False,pass,1.12e-03,2.13e-03
v2_autotune,config,"(64, 16, 4, 5)",2,64,128,16,float32,False,pass,1.11e-03,2.13e-03
v2_autotune,apply,default,2,128,64,16,bfloat16,True,pass,8.93e-03,4.20e-07
v2_autotune,config,"(16, 16, 4, 3)",2,128,64,16,bfloat16,True,pass,8.93e-03,4.53e-07
v2_autotune,config,"(64, 32, 4, 3)",2,128,64,16,bfloat16,True,pass,8.93e-03,4.20e-07
v2_autotune,config,"(64, 16, 4, 5)",2,128,64,16,bfloat16,True,pass,8.93e-03,4.53e-07
v2_autotune,apply,default,2,128,64,16,bfloat16,False,pass,2.25e-03,4.20e-07
v2_autotune,config,"(16, 16, 4, 3)",2,128,64,16,bfloat16,False,pass,2.25e-03,4.63e-07
v2_autotune,config,"(64, 32, 4, 3)",2,128,64,16,bfloat16,False,pass,2.25e-03,4.20e-07
v2_autotune,config,"(64, 16, 4, 5)",2,128,64,16,bfloat16,False,pass,2.25e-03,4.63e-07
v2_autotune,apply,default,2,128,64,16,float32,True,pass,1.97e-03,2.38e-03
v2_autotune,config,"(16, 16, 4, 3)",2,128,64,16,float32,True,pass,1.97e-03,2.38e-03
v2_autotune,config,"(64, 32, 4, 3)",2,128,64,16,float32,True,pass,1.97e-03,2.38e-03
v2_autotune,config,"(64, 16, 4, 5)",2,128,64,16,float32,True,pass,1.97e-03,2.38e-03
v2_autotune,apply,default,2,128,64,16,float32,False,pass,2.03e-03,2.35e-03
v2_autotune,config,"(16, 16, 4, 3)",2,128,64,16,float32,False,pass,1.99e-03,2.35e-03
v2_autotune,config,"(64, 32, 4, 3)",2,128,64,16,float32,False,pass,2.03e-03,2.35e-03
v2_autotune,config,"(64, 16, 4, 5)",2,128,64,16,float32,False,pass,1.99e-03,2.35e-03
v2_autotune,apply,default,1,1,77,64,bfloat16,True,pass,0.00e+00,1.49e-08
v2_autotune,config,"(16, 16, 4, 3)",1,1,77,64,bfloat16,True,pass,0.00e+00,1.49e-08
v2_autotune,config,"(64, 32, 4, 3)",1,1,77,64,bfloat16,True,pass,0.00e+00,1.49e-08
v2_autotune,config,"(64, 16, 4, 5)",1,1,77,64,bfloat16,True,pass,0.00e+00,1.49e-08
v2_autotune,apply,default,1,1,77,64,bfloat16,False,pass,1.51e-03,1.18e-07
v2_autotune,config,"(16, 16, 4, 3)",1,1,77,64,bfloat16,False,pass,1.51e-03,1.18e-07
v2_autotune,config,"(64, 32, 4, 3)",1,1,77,64,bfloat16,False,pass,1.51e-03,1.18e-07
v2_autotune,config,"(64, 16, 4, 5)",1,1,77,64,bfloat16,False,pass,1.51e-03,1.18e-07
v2_autotune,apply,default,1,1,77,64,float32,True,pass,1.54e-03,6.14e-04
v2_autotune,config,"(16, 16, 4, 3)",1,1,77,64,float32,True,pass,1.54e-03,6.14e-04
v2_autotune,config,"(64, 32, 4, 3)",1,1,77,64,float32,True,pass,1.54e-03,6.14e-04
v2_autotune,config,"(64, 16, 4, 5)",1,1,77,64,float32,True,pass,1.54e-03,6.14e-04
v2_autotune,apply,default,1,1,77,64,float32,False,pass,4.63e-04,6.90e-04
v2_autotune,config,"(16, 16, 4, 3)",1,1,77,64,float32,False,pass,4.63e-04,6.90e-04
v2_autotune,config,"(64, 32, 4, 3)",1,1,77,64,float32,False,pass,4.63e-04,6.90e-04
v2_autotune,config,"(64, 16, 4, 5)",1,1,77,64,float32,False,pass,4.63e-04,6.90e-04
v2_autotune,apply,default,1,77,1,64,bfloat16,True,pass,0.00e+00,4.92e-07
v2_autotune,config,"(16, 16, 4, 3)",1,77,1,64,bfloat16,True,pass,0.00e+00,4.92e-07
v2_autotune,config,"(64, 32, 4, 3)",1,77,1,64,bfloat16,True,pass,0.00e+00,4.92e-07
v2_autotune,config,"(64, 16, 4, 5)",1,77,1,64,bfloat16,True,pass,0.00e+00,4.92e-07
v2_autotune,apply,default,1,77,1,64,bfloat16,False,pass,0.00e+00,4.92e-07
v2_autotune,config,"(16, 16, 4, 3)",1,77,1,64,bfloat16,False,pass,0.00e+00,4.92e-07
v2_autotune,config,"(64, 32, 4, 3)",1,77,1,64,bfloat16,False,pass,0.00e+00,4.92e-07
v2_autotune,config,"(64, 16, 4, 5)",1,77,1,64,bfloat16,False,pass,0.00e+00,4.92e-07
v2_autotune,apply,default,1,77,1,64,float32,True,pass,1.54e-03,2.03e-03
v2_autotune,config,"(16, 16, 4, 3)",1,77,1,64,float32,True,pass,1.54e-03,2.03e-03
v2_autotune,config,"(64, 32, 4, 3)",1,77,1,64,float32,True,pass,1.54e-03,2.03e-03
v2_autotune,config,"(64, 16, 4, 5)",1,77,1,64,float32,True,pass,1.54e-03,2.03e-03
v2_autotune,apply,default,1,77,1,64,float32,False,pass,1.54e-03,2.03e-03
v2_autotune,config,"(16, 16, 4, 3)",1,77,1,64,float32,False,pass,1.54e-03,2.03e-03
v2_autotune,config,"(64, 32, 4, 3)",1,77,1,64,float32,False,pass,1.54e-03,2.03e-03
v2_autotune,config,"(64, 16, 4, 5)",1,77,1,64,float32,False,pass,1.54e-03,2.03e-03
v2_autotune,apply,default,1,130,257,64,bfloat16,True,pass,7.48e-03,4.61e-07
v2_autotune,config,"(16, 16, 4, 3)",1,130,257,64,bfloat16,True,pass,7.48e-03,5.27e-07
v2_autotune,config,"(64, 32, 4, 3)",1,130,257,64,bfloat16,True,pass,7.48e-03,4.61e-07
v2_autotune,config,"(64, 16, 4, 5)",1,130,257,64,bfloat16,True,pass,7.48e-03,5.51e-07
v2_autotune,apply,default,1,130,257,64,bfloat16,False,pass,1.60e-03,5.77e-07
v2_autotune,config,"(16, 16, 4, 3)",1,130,257,64,bfloat16,False,pass,1.60e-03,5.77e-07
v2_autotune,config,"(64, 32, 4, 3)",1,130,257,64,bfloat16,False,pass,1.60e-03,5.77e-07
v2_autotune,config,"(64, 16, 4, 5)",1,130,257,64,bfloat16,False,pass,1.60e-03,5.92e-07
v2_autotune,apply,default,1,130,257,64,float32,True,pass,2.32e-03,2.15e-03
v2_autotune,config,"(16, 16, 4, 3)",1,130,257,64,float32,True,pass,2.32e-03,2.15e-03
v2_autotune,config,"(64, 32, 4, 3)",1,130,257,64,float32,True,pass,2.32e-03,2.15e-03
v2_autotune,config,"(64, 16, 4, 5)",1,130,257,64,float32,True,pass,2.32e-03,2.15e-03
v2_autotune,apply,default,1,130,257,64,float32,False,pass,1.25e-03,1.33e-03
v2_autotune,config,"(16, 16, 4, 3)",1,130,257,64,float32,False,pass,1.26e-03,1.33e-03
v2_autotune,config,"(64, 32, 4, 3)",1,130,257,64,float32,False,pass,1.25e-03,1.33e-03
v2_autotune,config,"(64, 16, 4, 5)",1,130,257,64,float32,False,pass,1.26e-03,1.33e-03
v2_autotune,apply,default,1,257,130,64,bfloat16,True,pass,7.48e-03,4.70e-07
v2_autotune,config,"(16, 16, 4, 3)",1,257,130,64,bfloat16,True,pass,7.48e-03,5.27e-07
v2_autotune,config,"(64, 32, 4, 3)",1,257,130,64,bfloat16,True,pass,7.48e-03,4.70e-07
v2_autotune,config,"(64, 16, 4, 5)",1,257,130,64,bfloat16,True,pass,7.48e-03,5.51e-07
v2_autotune,apply,default,1,257,130,64,bfloat16,False,pass,2.36e-03,4.70e-07
v2_autotune,config,"(16, 16, 4, 3)",1,257,130,64,bfloat16,False,pass,2.36e-03,4.70e-07
v2_autotune,config,"(64, 32, 4, 3)",1,257,130,64,bfloat16,False,pass,2.36e-03,4.70e-07
v2_autotune,config,"(64, 16, 4, 5)",1,257,130,64,bfloat16,False,pass,2.36e-03,4.70e-07
v2_autotune,apply,default,1,257,130,64,float32,True,pass,2.32e-03,2.15e-03
v2_autotune,config,"(16, 16, 4, 3)",1,257,130,64,float32,True,pass,2.32e-03,2.15e-03
v2_autotune,config,"(64, 32, 4, 3)",1,257,130,64,float32,True,pass,2.32e-03,2.15e-03
v2_autotune,config,"(64, 16, 4, 5)",1,257,130,64,float32,True,pass,2.32e-03,2.15e-03
v2_autotune,apply,default,1,257,130,64,float32,False,pass,1.17e-03,1.42e-03
v2_autotune,config,"(16, 16, 4, 3)",1,257,130,64,float32,False,pass,1.17e-03,1.42e-03
v2_autotune,config,"(64, 32, 4, 3)",1,257,130,64,float32,False,pass,1.17e-03,1.42e-03
v2_autotune,config,"(64, 16, 4, 5)",1,257,130,64,float32,False,pass,1.17e-03,1.42e-03
v2_autotune,apply,default,1,333,1000,64,bfloat16,True,pass,7.48e-03,4.73e-07
v2_autotune,config,"(16, 16, 4, 3)",1,333,1000,64,bfloat16,True,pass,7.48e-03,5.47e-07
v2_autotune,config,"(64, 32, 4, 3)",1,333,1000,64,bfloat16,True,pass,7.48e-03,4.73e-07
v2_autotune,config,"(64, 16, 4, 5)",1,333,1000,64,bfloat16,True,pass,7.48e-03,5.51e-07
v2_autotune,apply,default,1,333,1000,64,bfloat16,False,pass,7.14e-04,6.59e-07
v2_autotune,config,"(16, 16, 4, 3)",1,333,1000,64,bfloat16,False,pass,7.14e-04,7.50e-07
v2_autotune,config,"(64, 32, 4, 3)",1,333,1000,64,bfloat16,False,pass,7.14e-04,6.59e-07
v2_autotune,config,"(64, 16, 4, 5)",1,333,1000,64,bfloat16,False,pass,7.14e-04,7.50e-07
v2_autotune,apply,default,1,333,1000,64,float32,True,pass,2.32e-03,2.15e-03
v2_autotune,config,"(16, 16, 4, 3)",1,333,1000,64,float32,True,pass,2.32e-03,2.15e-03
v2_autotune,config,"(64, 32, 4, 3)",1,333,1000,64,float32,True,pass,2.32e-03,2.15e-03
v2_autotune,config,"(64, 16, 4, 5)",1,333,1000,64,float32,True,pass,2.32e-03,2.15e-03
v2_autotune,apply,default,1,333,1000,64,float32,False,pass,5.35e-04,1.32e-03
v2_autotune,config,"(16, 16, 4, 3)",1,333,1000,64,float32,False,pass,5.35e-04,1.32e-03
v2_autotune,config,"(64, 32, 4, 3)",1,333,1000,64,float32,False,pass,5.35e-04,1.32e-03
v2_autotune,config,"(64, 16, 4, 5)",1,333,1000,64,float32,False,pass,5.35e-04,1.32e-03
v2_autotune,apply,default,1,1000,333,64,bfloat16,True,pass,7.48e-03,5.91e-07
v2_autotune,config,"(16, 16, 4, 3)",1,1000,333,64,bfloat16,True,pass,7.48e-03,6.31e-07
v2_autotune,config,"(64, 32, 4, 3)",1,1000,333,64,bfloat16,True,pass,7.48e-03,5.91e-07
v2_autotune,config,"(64, 16, 4, 5)",1,1000,333,64,bfloat16,True,pass,7.48e-03,5.93e-07
v2_autotune,apply,default,1,1000,333,64,bfloat16,False,pass,1.27e-03,5.91e-07
v2_autotune,config,"(16, 16, 4, 3)",1,1000,333,64,bfloat16,False,pass,1.22e-03,6.31e-07
v2_autotune,config,"(64, 32, 4, 3)",1,1000,333,64,bfloat16,False,pass,1.27e-03,5.91e-07
v2_autotune,config,"(64, 16, 4, 5)",1,1000,333,64,bfloat16,False,pass,1.22e-03,5.94e-07
v2_autotune,apply,default,1,1000,333,64,float32,True,pass,2.32e-03,2.15e-03
v2_autotune,config,"(16, 16, 4, 3)",1,1000,333,64,float32,True,pass,2.32e-03,2.15e-03
v2_autotune,config,"(64, 32, 4, 3)",1,1000,333,64,float32,True,pass,2.32e-03,2.15e-03
v2_autotune,config,"(64, 16, 4, 5)",1,1000,333,64,float32,True,pass,2.32e-03,2.15e-03
v2_autotune,apply,default,1,1000,333,64,float32,False,pass,1.03e-03,1.31e-03
v2_autotune,config,"(16, 16, 4, 3)",1,1000,333,64,float32,False,pass,1.03e-03,1.31e-03
v2_autotune,config,"(64, 32, 4, 3)",1,1000,333,64,float32,False,pass,1.03e-03,1.31e-03
v2_autotune,config,"(64, 16, 4, 5)",1,1000,333,64,float32,False,pass,1.03e-03,1.31e-03
v2_autotune,apply,default,1,200,96,128,bfloat16,True,pass,6.52e-03,6.08e-07
v2_autotune,config,"(16, 16, 4, 3)",1,200,96,128,bfloat16,True,pass,6.52e-03,6.08e-07
v2_autotune,config,"(64, 32, 4, 3)",1,200,96,128,bfloat16,True,pass,6.52e-03,6.08e-07
v2_autotune,config,"(64, 16, 4, 5)",1,200,96,128,bfloat16,True,pass,6.52e-03,6.08e-07
v2_autotune,apply,default,1,200,96,128,bfloat16,False,pass,2.11e-03,6.08e-07
v2_autotune,config,"(16, 16, 4, 3)",1,200,96,128,bfloat16,False,pass,2.40e-03,6.08e-07
v2_autotune,config,"(64, 32, 4, 3)",1,200,96,128,bfloat16,False,pass,2.11e-03,6.08e-07
v2_autotune,config,"(64, 16, 4, 5)",1,200,96,128,bfloat16,False,pass,2.40e-03,6.08e-07
v2_autotune,apply,default,1,200,96,128,float32,True,pass,1.94e-03,1.84e-03
v2_autotune,config,"(16, 16, 4, 3)",1,200,96,128,float32,True,pass,1.94e-03,1.84e-03
v2_autotune,config,"(64, 32, 4, 3)",1,200,96,128,float32,True,out_of_resources,,
v2_autotune,config,"(64, 16, 4, 5)",1,200,96,128,float32,True,out_of_resources,,
v2_autotune,apply,default,1,200,96,128,float32,False,pass,1.87e-03,1.61e-03
v2_autotune,config,"(16, 16, 4, 3)",1,200,96,128,float32,False,pass,1.87e-03,1.61e-03
v2_autotune,config,"(64, 32, 4, 3)",1,200,96,128,float32,False,out_of_resources,,
v2_autotune,config,"(64, 16, 4, 5)",1,200,96,128,float32,False,out_of_resources,,
v2_autotune,apply,default,1,96,200,128,bfloat16,True,pass,6.52e-03,5.90e-07
v2_autotune,config,"(16, 16, 4, 3)",1,96,200,128,bfloat16,True,pass,6.52e-03,5.90e-07
v2_autotune,config,"(64, 32, 4, 3)",1,96,200,128,bfloat16,True,pass,6.52e-03,5.90e-07
v2_autotune,config,"(64, 16, 4, 5)",1,96,200,128,bfloat16,True,pass,6.52e-03,5.90e-07
v2_autotune,apply,default,1,96,200,128,bfloat16,False,pass,1.31e-03,5.10e-07
v2_autotune,config,"(16, 16, 4, 3)",1,96,200,128,bfloat16,False,pass,1.43e-03,6.35e-07
v2_autotune,config,"(64, 32, 4, 3)",1,96,200,128,bfloat16,False,pass,1.31e-03,5.10e-07
v2_autotune,config,"(64, 16, 4, 5)",1,96,200,128,bfloat16,False,pass,1.43e-03,6.35e-07
v2_autotune,apply,default,1,96,200,128,float32,True,pass,1.94e-03,1.84e-03
v2_autotune,config,"(16, 16, 4, 3)",1,96,200,128,float32,True,pass,1.94e-03,1.84e-03
v2_autotune,config,"(64, 32, 4, 3)",1,96,200,128,float32,True,out_of_resources,,
v2_autotune,config,"(64, 16, 4, 5)",1,96,200,128,float32,True,out_of_resources,,
v2_autotune,apply,default,1,96,200,128,float32,False,pass,1.32e-03,1.24e-03
v2_autotune,config,"(16, 16, 4, 3)",1,96,200,128,float32,False,pass,1.32e-03,1.24e-03
v2_autotune,config,"(64, 32, 4, 3)",1,96,200,128,float32,False,out_of_resources,,
v2_autotune,config,"(64, 16, 4, 5)",1,96,200,128,float32,False,out_of_resources,,
v2_autotune,apply,default,1,128,128,64,bfloat16,True,pass,7.48e-03,4.61e-07
v2_autotune,config,"(16, 16, 4, 3)",1,128,128,64,bfloat16,True,pass,7.48e-03,5.27e-07
v2_autotune,config,"(64, 32, 4, 3)",1,128,128,64,bfloat16,True,pass,7.48e-03,4.61e-07
v2_autotune,config,"(64, 16, 4, 5)",1,128,128,64,bfloat16,True,pass,7.48e-03,5.51e-07
v2_autotune,apply,default,1,128,128,64,bfloat16,False,pass,1.43e-03,4.31e-07
v2_autotune,config,"(16, 16, 4, 3)",1,128,128,64,bfloat16,False,pass,1.43e-03,4.24e-07
v2_autotune,config,"(64, 32, 4, 3)",1,128,128,64,bfloat16,False,pass,1.43e-03,4.31e-07
v2_autotune,config,"(64, 16, 4, 5)",1,128,128,64,bfloat16,False,pass,1.43e-03,4.38e-07
v2_autotune,apply,default,1,128,128,64,float32,True,pass,2.32e-03,2.15e-03
v2_autotune,config,"(16, 16, 4, 3)",1,128,128,64,float32,True,pass,2.32e-03,2.15e-03
v2_autotune,config,"(64, 32, 4, 3)",1,128,128,64,float32,True,pass,2.32e-03,2.15e-03
v2_autotune,config,"(64, 16, 4, 5)",1,128,128,64,float32,True,pass,2.32e-03,2.15e-03
v2_autotune,apply,default,1,128,128,64,float32,False,pass,1.17e-03,1.43e-03
v2_autotune,config,"(16, 16, 4, 3)",1,128,128,64,float32,False,pass,1.17e-03,1.43e-03
v2_autotune,config,"(64, 32, 4, 3)",1,128,128,64,float32,False,pass,1.17e-03,1.43e-03
v2_autotune,config,"(64, 16, 4, 5)",1,128,128,64,float32,False,pass,1.17e-03,1.43e-03
v3_causal_skip,apply,default,1,200,96,64,bfloat16,True,pass,7.48e-03,4.61e-07
v3_causal_skip,config,"(64, 32, 4, 3)",1,200,96,64,bfloat16,True,pass,7.48e-03,4.61e-07
v3_causal_skip,config,"(64, 32, 4, 4)",1,200,96,64,bfloat16,True,pass,7.48e-03,4.61e-07
v3_causal_skip,config,"(64, 32, 4, 5)",1,200,96,64,bfloat16,True,pass,7.48e-03,4.61e-07
v3_causal_skip,config,"(64, 128, 4, 2)",1,200,96,64,bfloat16,True,pass,7.48e-03,4.32e-07
v3_causal_skip,config,"(64, 32, 4, 2)",1,200,96,64,bfloat16,True,pass,7.48e-03,4.61e-07
v3_causal_skip,config,"(64, 64, 4, 3)",1,200,96,64,bfloat16,True,pass,7.48e-03,4.61e-07
v3_causal_skip,config,"(128, 64, 4, 2)",1,200,96,64,bfloat16,True,pass,7.48e-03,4.61e-07
v3_causal_skip,config,"(16, 64, 1, 3)",1,200,96,64,bfloat16,True,pass,7.48e-03,4.61e-07
v3_causal_skip,config,"(32, 128, 2, 2)",1,200,96,64,bfloat16,True,pass,7.48e-03,4.44e-07
v3_causal_skip,config,"(128, 32, 8, 3)",1,200,96,64,bfloat16,True,pass,7.48e-03,4.61e-07
v3_causal_skip,apply,default,1,200,96,64,bfloat16,False,pass,1.88e-03,4.69e-07
v3_causal_skip,config,"(64, 32, 4, 3)",1,200,96,64,bfloat16,False,pass,1.88e-03,4.69e-07
v3_causal_skip,config,"(64, 32, 4, 4)",1,200,96,64,bfloat16,False,pass,1.88e-03,4.69e-07
v3_causal_skip,config,"(64, 32, 4, 5)",1,200,96,64,bfloat16,False,pass,1.88e-03,4.69e-07
v3_causal_skip,config,"(64, 128, 4, 2)",1,200,96,64,bfloat16,False,pass,1.88e-03,4.75e-07
v3_causal_skip,config,"(64, 32, 4, 2)",1,200,96,64,bfloat16,False,pass,1.88e-03,4.69e-07
v3_causal_skip,config,"(64, 64, 4, 3)",1,200,96,64,bfloat16,False,pass,1.88e-03,4.69e-07
v3_causal_skip,config,"(128, 64, 4, 2)",1,200,96,64,bfloat16,False,pass,1.88e-03,4.69e-07
v3_causal_skip,config,"(16, 64, 1, 3)",1,200,96,64,bfloat16,False,pass,1.88e-03,4.69e-07
v3_causal_skip,config,"(32, 128, 2, 2)",1,200,96,64,bfloat16,False,pass,1.88e-03,4.69e-07
v3_causal_skip,config,"(128, 32, 8, 3)",1,200,96,64,bfloat16,False,pass,1.88e-03,4.69e-07
v3_causal_skip,apply,default,1,200,96,64,float32,True,pass,2.32e-03,2.15e-03
v3_causal_skip,config,"(64, 32, 4, 3)",1,200,96,64,float32,True,pass,2.32e-03,2.15e-03
v3_causal_skip,config,"(64, 32, 4, 4)",1,200,96,64,float32,True,pass,2.32e-03,2.15e-03
v3_causal_skip,config,"(64, 32, 4, 5)",1,200,96,64,float32,True,pass,2.32e-03,2.15e-03
v3_causal_skip,config,"(64, 128, 4, 2)",1,200,96,64,float32,True,pass,2.32e-03,2.15e-03
v3_causal_skip,config,"(64, 32, 4, 2)",1,200,96,64,float32,True,pass,2.32e-03,2.15e-03
v3_causal_skip,config,"(64, 64, 4, 3)",1,200,96,64,float32,True,pass,2.32e-03,2.15e-03
v3_causal_skip,config,"(128, 64, 4, 2)",1,200,96,64,float32,True,pass,2.32e-03,2.15e-03
v3_causal_skip,config,"(16, 64, 1, 3)",1,200,96,64,float32,True,pass,2.32e-03,2.15e-03
v3_causal_skip,config,"(32, 128, 2, 2)",1,200,96,64,float32,True,pass,2.32e-03,2.15e-03
v3_causal_skip,config,"(128, 32, 8, 3)",1,200,96,64,float32,True,pass,2.32e-03,2.15e-03
v3_causal_skip,apply,default,1,200,96,64,float32,False,pass,1.49e-03,1.54e-03
v3_causal_skip,config,"(64, 32, 4, 3)",1,200,96,64,float32,False,pass,1.49e-03,1.54e-03
v3_causal_skip,config,"(64, 32, 4, 4)",1,200,96,64,float32,False,pass,1.49e-03,1.54e-03
v3_causal_skip,config,"(64, 32, 4, 5)",1,200,96,64,float32,False,pass,1.49e-03,1.54e-03
v3_causal_skip,config,"(64, 128, 4, 2)",1,200,96,64,float32,False,pass,1.49e-03,1.54e-03
v3_causal_skip,config,"(64, 32, 4, 2)",1,200,96,64,float32,False,pass,1.49e-03,1.54e-03
v3_causal_skip,config,"(64, 64, 4, 3)",1,200,96,64,float32,False,pass,1.49e-03,1.54e-03
v3_causal_skip,config,"(128, 64, 4, 2)",1,200,96,64,float32,False,pass,1.49e-03,1.54e-03
v3_causal_skip,config,"(16, 64, 1, 3)",1,200,96,64,float32,False,pass,1.49e-03,1.54e-03
v3_causal_skip,config,"(32, 128, 2, 2)",1,200,96,64,float32,False,pass,1.49e-03,1.54e-03
v3_causal_skip,config,"(128, 32, 8, 3)",1,200,96,64,float32,False,pass,1.49e-03,1.54e-03
v3_causal_skip,apply,default,1,96,200,64,bfloat16,True,pass,7.48e-03,4.61e-07
v3_causal_skip,config,"(64, 32, 4, 3)",1,96,200,64,bfloat16,True,pass,7.48e-03,4.61e-07
v3_causal_skip,config,"(64, 32, 4, 4)",1,96,200,64,bfloat16,True,pass,7.48e-03,4.61e-07
v3_causal_skip,config,"(64, 32, 4, 5)",1,96,200,64,bfloat16,True,pass,7.48e-03,4.61e-07
v3_causal_skip,config,"(64, 128, 4, 2)",1,96,200,64,bfloat16,True,pass,7.48e-03,3.92e-07
v3_causal_skip,config,"(64, 32, 4, 2)",1,96,200,64,bfloat16,True,pass,7.48e-03,4.61e-07
v3_causal_skip,config,"(64, 64, 4, 3)",1,96,200,64,bfloat16,True,pass,7.48e-03,4.61e-07
v3_causal_skip,config,"(128, 64, 4, 2)",1,96,200,64,bfloat16,True,pass,7.48e-03,4.61e-07
v3_causal_skip,config,"(16, 64, 1, 3)",1,96,200,64,bfloat16,True,pass,7.48e-03,4.61e-07
v3_causal_skip,config,"(32, 128, 2, 2)",1,96,200,64,bfloat16,True,pass,7.48e-03,4.44e-07
v3_causal_skip,config,"(128, 32, 8, 3)",1,96,200,64,bfloat16,True,pass,7.48e-03,4.61e-07
v3_causal_skip,apply,default,1,96,200,64,bfloat16,False,pass,1.18e-03,4.49e-07
v3_causal_skip,config,"(64, 32, 4, 3)",1,96,200,64,bfloat16,False,pass,1.18e-03,4.49e-07
v3_causal_skip,config,"(64, 32, 4, 4)",1,96,200,64,bfloat16,False,pass,1.18e-03,4.49e-07
v3_causal_skip,config,"(64, 32, 4, 5)",1,96,200,64,bfloat16,False,pass,1.18e-03,4.49e-07
v3_causal_skip,config,"(64, 128, 4, 2)",1,96,200,64,bfloat16,False,pass,1.18e-03,4.96e-07
v3_causal_skip,config,"(64, 32, 4, 2)",1,96,200,64,bfloat16,False,pass,1.18e-03,4.49e-07
v3_causal_skip,config,"(64, 64, 4, 3)",1,96,200,64,bfloat16,False,pass,1.18e-03,5.13e-07
v3_causal_skip,config,"(128, 64, 4, 2)",1,96,200,64,bfloat16,False,pass,1.18e-03,5.13e-07
v3_causal_skip,config,"(16, 64, 1, 3)",1,96,200,64,bfloat16,False,pass,1.18e-03,5.13e-07
v3_causal_skip,config,"(32, 128, 2, 2)",1,96,200,64,bfloat16,False,pass,1.18e-03,5.13e-07
v3_causal_skip,config,"(128, 32, 8, 3)",1,96,200,64,bfloat16,False,pass,1.18e-03,4.49e-07
v3_causal_skip,apply,default,1,96,200,64,float32,True,pass,2.32e-03,2.15e-03
v3_causal_skip,config,"(64, 32, 4, 3)",1,96,200,64,float32,True,pass,2.32e-03,2.15e-03
v3_causal_skip,config,"(64, 32, 4, 4)",1,96,200,64,float32,True,pass,2.32e-03,2.15e-03
v3_causal_skip,config,"(64, 32, 4, 5)",1,96,200,64,float32,True,pass,2.32e-03,2.15e-03
v3_causal_skip,config,"(64, 128, 4, 2)",1,96,200,64,float32,True,pass,2.32e-03,2.15e-03
v3_causal_skip,config,"(64, 32, 4, 2)",1,96,200,64,float32,True,pass,2.32e-03,2.15e-03
v3_causal_skip,config,"(64, 64, 4, 3)",1,96,200,64,float32,True,pass,2.32e-03,2.15e-03
v3_causal_skip,config,"(128, 64, 4, 2)",1,96,200,64,float32,True,pass,2.32e-03,2.15e-03
v3_causal_skip,config,"(16, 64, 1, 3)",1,96,200,64,float32,True,pass,2.32e-03,2.15e-03
v3_causal_skip,config,"(32, 128, 2, 2)",1,96,200,64,float32,True,pass,2.32e-03,2.15e-03
v3_causal_skip,config,"(128, 32, 8, 3)",1,96,200,64,float32,True,pass,2.32e-03,2.15e-03
v3_causal_skip,apply,default,1,96,200,64,float32,False,pass,1.44e-03,1.43e-03
v3_causal_skip,config,"(64, 32, 4, 3)",1,96,200,64,float32,False,pass,1.44e-03,1.43e-03
v3_causal_skip,config,"(64, 32, 4, 4)",1,96,200,64,float32,False,pass,1.44e-03,1.43e-03
v3_causal_skip,config,"(64, 32, 4, 5)",1,96,200,64,float32,False,pass,1.44e-03,1.43e-03
v3_causal_skip,config,"(64, 128, 4, 2)",1,96,200,64,float32,False,pass,1.46e-03,1.43e-03
v3_causal_skip,config,"(64, 32, 4, 2)",1,96,200,64,float32,False,pass,1.44e-03,1.43e-03
v3_causal_skip,config,"(64, 64, 4, 3)",1,96,200,64,float32,False,pass,1.46e-03,1.43e-03
v3_causal_skip,config,"(128, 64, 4, 2)",1,96,200,64,float32,False,pass,1.46e-03,1.43e-03
v3_causal_skip,config,"(16, 64, 1, 3)",1,96,200,64,float32,False,pass,1.46e-03,1.43e-03
v3_causal_skip,config,"(32, 128, 2, 2)",1,96,200,64,float32,False,pass,1.46e-03,1.43e-03
v3_causal_skip,config,"(128, 32, 8, 3)",1,96,200,64,float32,False,pass,1.44e-03,1.43e-03
v3_causal_skip,apply,default,1,37,53,32,bfloat16,True,pass,7.09e-03,4.44e-07
v3_causal_skip,config,"(64, 32, 4, 3)",1,37,53,32,bfloat16,True,pass,7.09e-03,4.44e-07
v3_causal_skip,config,"(64, 32, 4, 4)",1,37,53,32,bfloat16,True,pass,7.09e-03,4.44e-07
v3_causal_skip,config,"(64, 32, 4, 5)",1,37,53,32,bfloat16,True,pass,7.09e-03,4.44e-07
v3_causal_skip,config,"(64, 128, 4, 2)",1,37,53,32,bfloat16,True,pass,7.09e-03,4.44e-07
v3_causal_skip,config,"(64, 32, 4, 2)",1,37,53,32,bfloat16,True,pass,7.09e-03,4.44e-07
v3_causal_skip,config,"(64, 64, 4, 3)",1,37,53,32,bfloat16,True,pass,7.09e-03,4.44e-07
v3_causal_skip,config,"(128, 64, 4, 2)",1,37,53,32,bfloat16,True,pass,7.09e-03,4.44e-07
v3_causal_skip,config,"(16, 64, 1, 3)",1,37,53,32,bfloat16,True,pass,7.09e-03,4.44e-07
v3_causal_skip,config,"(32, 128, 2, 2)",1,37,53,32,bfloat16,True,pass,7.09e-03,4.44e-07
v3_causal_skip,config,"(128, 32, 8, 3)",1,37,53,32,bfloat16,True,pass,7.09e-03,4.44e-07
v3_causal_skip,apply,default,1,37,53,32,bfloat16,False,pass,2.06e-03,3.83e-07
v3_causal_skip,config,"(64, 32, 4, 3)",1,37,53,32,bfloat16,False,pass,2.06e-03,3.83e-07
v3_causal_skip,config,"(64, 32, 4, 4)",1,37,53,32,bfloat16,False,pass,2.06e-03,3.83e-07
v3_causal_skip,config,"(64, 32, 4, 5)",1,37,53,32,bfloat16,False,pass,2.06e-03,3.83e-07
v3_causal_skip,config,"(64, 128, 4, 2)",1,37,53,32,bfloat16,False,pass,2.63e-03,4.18e-07
v3_causal_skip,config,"(64, 32, 4, 2)",1,37,53,32,bfloat16,False,pass,2.06e-03,3.83e-07
v3_causal_skip,config,"(64, 64, 4, 3)",1,37,53,32,bfloat16,False,pass,2.63e-03,4.18e-07
v3_causal_skip,config,"(128, 64, 4, 2)",1,37,53,32,bfloat16,False,pass,2.63e-03,4.18e-07
v3_causal_skip,config,"(16, 64, 1, 3)",1,37,53,32,bfloat16,False,pass,2.63e-03,4.18e-07
v3_causal_skip,config,"(32, 128, 2, 2)",1,37,53,32,bfloat16,False,pass,2.63e-03,4.18e-07
v3_causal_skip,config,"(128, 32, 8, 3)",1,37,53,32,bfloat16,False,pass,2.06e-03,3.83e-07
v3_causal_skip,apply,default,1,37,53,32,float32,True,pass,2.32e-03,1.60e-03
v3_causal_skip,config,"(64, 32, 4, 3)",1,37,53,32,float32,True,pass,2.32e-03,1.60e-03
v3_causal_skip,config,"(64, 32, 4, 4)",1,37,53,32,float32,True,pass,2.32e-03,1.60e-03
v3_causal_skip,config,"(64, 32, 4, 5)",1,37,53,32,float32,True,pass,2.32e-03,1.60e-03
v3_causal_skip,config,"(64, 128, 4, 2)",1,37,53,32,float32,True,pass,2.32e-03,1.60e-03
v3_causal_skip,config,"(64, 32, 4, 2)",1,37,53,32,float32,True,pass,2.32e-03,1.60e-03
v3_causal_skip,config,"(64, 64, 4, 3)",1,37,53,32,float32,True,pass,2.32e-03,1.60e-03
v3_causal_skip,config,"(128, 64, 4, 2)",1,37,53,32,float32,True,pass,2.32e-03,1.60e-03
v3_causal_skip,config,"(16, 64, 1, 3)",1,37,53,32,float32,True,pass,2.32e-03,1.60e-03
v3_causal_skip,config,"(32, 128, 2, 2)",1,37,53,32,float32,True,pass,2.32e-03,1.60e-03
v3_causal_skip,config,"(128, 32, 8, 3)",1,37,53,32,float32,True,pass,2.32e-03,1.60e-03
v3_causal_skip,apply,default,1,37,53,32,float32,False,pass,1.68e-03,2.10e-03
v3_causal_skip,config,"(64, 32, 4, 3)",1,37,53,32,float32,False,pass,1.68e-03,2.10e-03
v3_causal_skip,config,"(64, 32, 4, 4)",1,37,53,32,float32,False,pass,1.68e-03,2.10e-03
v3_causal_skip,config,"(64, 32, 4, 5)",1,37,53,32,float32,False,pass,1.68e-03,2.10e-03
v3_causal_skip,config,"(64, 128, 4, 2)",1,37,53,32,float32,False,pass,1.71e-03,2.10e-03
v3_causal_skip,config,"(64, 32, 4, 2)",1,37,53,32,float32,False,pass,1.68e-03,2.10e-03
v3_causal_skip,config,"(64, 64, 4, 3)",1,37,53,32,float32,False,pass,1.71e-03,2.10e-03
v3_causal_skip,config,"(128, 64, 4, 2)",1,37,53,32,float32,False,pass,1.71e-03,2.10e-03
v3_causal_skip,config,"(16, 64, 1, 3)",1,37,53,32,float32,False,pass,1.71e-03,2.10e-03
v3_causal_skip,config,"(32, 128, 2, 2)",1,37,53,32,float32,False,pass,1.71e-03,2.10e-03
v3_causal_skip,config,"(128, 32, 8, 3)",1,37,53,32,float32,False,pass,1.68e-03,2.10e-03
v3_causal_skip,apply,default,1,53,37,32,bfloat16,True,pass,7.09e-03,4.44e-07
v3_causal_skip,config,"(64, 32, 4, 3)",1,53,37,32,bfloat16,True,pass,7.09e-03,4.44e-07
v3_causal_skip,config,"(64, 32, 4, 4)",1,53,37,32,bfloat16,True,pass,7.09e-03,4.44e-07
v3_causal_skip,config,"(64, 32, 4, 5)",1,53,37,32,bfloat16,True,pass,7.09e-03,4.44e-07
v3_causal_skip,config,"(64, 128, 4, 2)",1,53,37,32,bfloat16,True,pass,7.09e-03,4.44e-07
v3_causal_skip,config,"(64, 32, 4, 2)",1,53,37,32,bfloat16,True,pass,7.09e-03,4.44e-07
v3_causal_skip,config,"(64, 64, 4, 3)",1,53,37,32,bfloat16,True,pass,7.09e-03,4.44e-07
v3_causal_skip,config,"(128, 64, 4, 2)",1,53,37,32,bfloat16,True,pass,7.09e-03,4.44e-07
v3_causal_skip,config,"(16, 64, 1, 3)",1,53,37,32,bfloat16,True,pass,7.09e-03,4.44e-07
v3_causal_skip,config,"(32, 128, 2, 2)",1,53,37,32,bfloat16,True,pass,7.09e-03,4.44e-07
v3_causal_skip,config,"(128, 32, 8, 3)",1,53,37,32,bfloat16,True,pass,7.09e-03,4.44e-07
v3_causal_skip,apply,default,1,53,37,32,bfloat16,False,pass,2.28e-03,3.40e-07
v3_causal_skip,config,"(64, 32, 4, 3)",1,53,37,32,bfloat16,False,pass,2.28e-03,3.40e-07
v3_causal_skip,config,"(64, 32, 4, 4)",1,53,37,32,bfloat16,False,pass,2.28e-03,3.40e-07
v3_causal_skip,config,"(64, 32, 4, 5)",1,53,37,32,bfloat16,False,pass,2.28e-03,3.40e-07
v3_causal_skip,config,"(64, 128, 4, 2)",1,53,37,32,bfloat16,False,pass,2.28e-03,3.86e-07
v3_causal_skip,config,"(64, 32, 4, 2)",1,53,37,32,bfloat16,False,pass,2.28e-03,3.40e-07
v3_causal_skip,config,"(64, 64, 4, 3)",1,53,37,32,bfloat16,False,pass,2.28e-03,3.86e-07
v3_causal_skip,config,"(128, 64, 4, 2)",1,53,37,32,bfloat16,False,pass,2.28e-03,3.86e-07
v3_causal_skip,config,"(16, 64, 1, 3)",1,53,37,32,bfloat16,False,pass,2.28e-03,3.86e-07
v3_causal_skip,config,"(32, 128, 2, 2)",1,53,37,32,bfloat16,False,pass,2.28e-03,3.86e-07
v3_causal_skip,config,"(128, 32, 8, 3)",1,53,37,32,bfloat16,False,pass,2.28e-03,3.40e-07
v3_causal_skip,apply,default,1,53,37,32,float32,True,pass,2.32e-03,1.60e-03
v3_causal_skip,config,"(64, 32, 4, 3)",1,53,37,32,float32,True,pass,2.32e-03,1.60e-03
v3_causal_skip,config,"(64, 32, 4, 4)",1,53,37,32,float32,True,pass,2.32e-03,1.60e-03
v3_causal_skip,config,"(64, 32, 4, 5)",1,53,37,32,float32,True,pass,2.32e-03,1.60e-03
v3_causal_skip,config,"(64, 128, 4, 2)",1,53,37,32,float32,True,pass,2.32e-03,1.60e-03
v3_causal_skip,config,"(64, 32, 4, 2)",1,53,37,32,float32,True,pass,2.32e-03,1.60e-03
v3_causal_skip,config,"(64, 64, 4, 3)",1,53,37,32,float32,True,pass,2.32e-03,1.60e-03
v3_causal_skip,config,"(128, 64, 4, 2)",1,53,37,32,float32,True,pass,2.32e-03,1.60e-03
v3_causal_skip,config,"(16, 64, 1, 3)",1,53,37,32,float32,True,pass,2.32e-03,1.60e-03
v3_causal_skip,config,"(32, 128, 2, 2)",1,53,37,32,float32,True,pass,2.32e-03,1.60e-03
v3_causal_skip,config,"(128, 32, 8, 3)",1,53,37,32,float32,True,pass,2.32e-03,1.60e-03
v3_causal_skip,apply,default,1,53,37,32,float32,False,pass,1.65e-03,1.42e-03
v3_causal_skip,config,"(64, 32, 4, 3)",1,53,37,32,float32,False,pass,1.65e-03,1.42e-03
v3_causal_skip,config,"(64, 32, 4, 4)",1,53,37,32,float32,False,pass,1.65e-03,1.42e-03
v3_causal_skip,config,"(64, 32, 4, 5)",1,53,37,32,float32,False,pass,1.65e-03,1.42e-03
v3_causal_skip,config,"(64, 128, 4, 2)",1,53,37,32,float32,False,pass,1.65e-03,1.42e-03
v3_causal_skip,config,"(64, 32, 4, 2)",1,53,37,32,float32,False,pass,1.65e-03,1.42e-03
v3_causal_skip,config,"(64, 64, 4, 3)",1,53,37,32,float32,False,pass,1.65e-03,1.42e-03
v3_causal_skip,config,"(128, 64, 4, 2)",1,53,37,32,float32,False,pass,1.65e-03,1.42e-03
v3_causal_skip,config,"(16, 64, 1, 3)",1,53,37,32,float32,False,pass,1.65e-03,1.42e-03
v3_causal_skip,config,"(32, 128, 2, 2)",1,53,37,32,float32,False,pass,1.65e-03,1.42e-03
v3_causal_skip,config,"(128, 32, 8, 3)",1,53,37,32,float32,False,pass,1.65e-03,1.42e-03
v3_causal_skip,apply,default,2,100,100,16,bfloat16,True,pass,8.93e-03,4.11e-07
v3_causal_skip,config,"(64, 32, 4, 3)",2,100,100,16,bfloat16,True,pass,8.93e-03,4.11e-07
v3_causal_skip,config,"(64, 32, 4, 4)",2,100,100,16,bfloat16,True,pass,8.93e-03,4.11e-07
v3_causal_skip,config,"(64, 32, 4, 5)",2,100,100,16,bfloat16,True,pass,8.93e-03,4.11e-07
v3_causal_skip,config,"(64, 128, 4, 2)",2,100,100,16,bfloat16,True,pass,8.93e-03,3.91e-07
v3_causal_skip,config,"(64, 32, 4, 2)",2,100,100,16,bfloat16,True,pass,8.93e-03,4.11e-07
v3_causal_skip,config,"(64, 64, 4, 3)",2,100,100,16,bfloat16,True,pass,8.93e-03,3.91e-07
v3_causal_skip,config,"(128, 64, 4, 2)",2,100,100,16,bfloat16,True,pass,8.93e-03,3.91e-07
v3_causal_skip,config,"(16, 64, 1, 3)",2,100,100,16,bfloat16,True,pass,8.93e-03,3.91e-07
v3_causal_skip,config,"(32, 128, 2, 2)",2,100,100,16,bfloat16,True,pass,8.93e-03,3.91e-07
v3_causal_skip,config,"(128, 32, 8, 3)",2,100,100,16,bfloat16,True,pass,8.93e-03,4.11e-07
v3_causal_skip,apply,default,2,100,100,16,bfloat16,False,pass,2.25e-03,4.10e-07
v3_causal_skip,config,"(64, 32, 4, 3)",2,100,100,16,bfloat16,False,pass,2.25e-03,4.10e-07
v3_causal_skip,config,"(64, 32, 4, 4)",2,100,100,16,bfloat16,False,pass,2.25e-03,4.10e-07
v3_causal_skip,config,"(64, 32, 4, 5)",2,100,100,16,bfloat16,False,pass,2.25e-03,4.10e-07
v3_causal_skip,config,"(64, 128, 4, 2)",2,100,100,16,bfloat16,False,pass,2.25e-03,4.80e-07
v3_causal_skip,config,"(64, 32, 4, 2)",2,100,100,16,bfloat16,False,pass,2.25e-03,4.10e-07
v3_causal_skip,config,"(64, 64, 4, 3)",2,100,100,16,bfloat16,False,pass,2.25e-03,3.96e-07
v3_causal_skip,config,"(128, 64, 4, 2)",2,100,100,16,bfloat16,False,pass,2.25e-03,3.96e-07
v3_causal_skip,config,"(16, 64, 1, 3)",2,100,100,16,bfloat16,False,pass,2.25e-03,3.96e-07
v3_causal_skip,config,"(32, 128, 2, 2)",2,100,100,16,bfloat16,False,pass,2.25e-03,4.80e-07
v3_causal_skip,config,"(128, 32, 8, 3)",2,100,100,16,bfloat16,False,pass,2.25e-03,4.10e-07
v3_causal_skip,apply,default,2,100,100,16,float32,True,pass,2.04e-03,2.38e-03
v3_causal_skip,config,"(64, 32, 4, 3)",2,100,100,16,float32,True,pass,2.04e-03,2.38e-03
v3_causal_skip,config,"(64, 32, 4, 4)",2,100,100,16,float32,True,pass,2.04e-03,2.38e-03
v3_causal_skip,config,"(64, 32, 4, 5)",2,100,100,16,float32,True,pass,2.04e-03,2.38e-03
v3_causal_skip,config,"(64, 128, 4, 2)",2,100,100,16,float32,True,pass,2.04e-03,2.38e-03
v3_causal_skip,config,"(64, 32, 4, 2)",2,100,100,16,float32,True,pass,2.04e-03,2.38e-03
v3_causal_skip,config,"(64, 64, 4, 3)",2,100,100,16,float32,True,pass,2.04e-03,2.38e-03
v3_causal_skip,config,"(128, 64, 4, 2)",2,100,100,16,float32,True,pass,2.04e-03,2.38e-03
v3_causal_skip,config,"(16, 64, 1, 3)",2,100,100,16,float32,True,pass,2.04e-03,2.38e-03
v3_causal_skip,config,"(32, 128, 2, 2)",2,100,100,16,float32,True,pass,2.04e-03,2.38e-03
v3_causal_skip,config,"(128, 32, 8, 3)",2,100,100,16,float32,True,pass,2.04e-03,2.38e-03
v3_causal_skip,apply,default,2,100,100,16,float32,False,pass,1.55e-03,2.25e-03
v3_causal_skip,config,"(64, 32, 4, 3)",2,100,100,16,float32,False,pass,1.55e-03,2.25e-03
v3_causal_skip,config,"(64, 32, 4, 4)",2,100,100,16,float32,False,pass,1.55e-03,2.25e-03
v3_causal_skip,config,"(64, 32, 4, 5)",2,100,100,16,float32,False,pass,1.55e-03,2.25e-03
v3_causal_skip,config,"(64, 128, 4, 2)",2,100,100,16,float32,False,pass,1.55e-03,2.25e-03
v3_causal_skip,config,"(64, 32, 4, 2)",2,100,100,16,float32,False,pass,1.55e-03,2.25e-03
v3_causal_skip,config,"(64, 64, 4, 3)",2,100,100,16,float32,False,pass,1.55e-03,2.25e-03
v3_causal_skip,config,"(128, 64, 4, 2)",2,100,100,16,float32,False,pass,1.55e-03,2.25e-03
v3_causal_skip,config,"(16, 64, 1, 3)",2,100,100,16,float32,False,pass,1.55e-03,2.25e-03
v3_causal_skip,config,"(32, 128, 2, 2)",2,100,100,16,float32,False,pass,1.55e-03,2.25e-03
v3_causal_skip,config,"(128, 32, 8, 3)",2,100,100,16,float32,False,pass,1.55e-03,2.25e-03
v3_causal_skip,apply,default,2,64,128,16,bfloat16,True,pass,8.93e-03,4.55e-07
v3_causal_skip,config,"(64, 32, 4, 3)",2,64,128,16,bfloat16,True,pass,8.93e-03,4.55e-07
v3_causal_skip,config,"(64, 32, 4, 4)",2,64,128,16,bfloat16,True,pass,8.93e-03,4.55e-07
v3_causal_skip,config,"(64, 32, 4, 5)",2,64,128,16,bfloat16,True,pass,8.93e-03,4.55e-07
v3_causal_skip,config,"(64, 128, 4, 2)",2,64,128,16,bfloat16,True,pass,8.93e-03,3.98e-07
v3_causal_skip,config,"(64, 32, 4, 2)",2,64,128,16,bfloat16,True,pass,8.93e-03,4.55e-07
v3_causal_skip,config,"(64, 64, 4, 3)",2,64,128,16,bfloat16,True,pass,8.93e-03,3.98e-07
v3_causal_skip,config,"(128, 64, 4, 2)",2,64,128,16,bfloat16,True,pass,8.93e-03,3.98e-07
v3_causal_skip,config,"(16, 64, 1, 3)",2,64,128,16,bfloat16,True,pass,8.93e-03,3.98e-07
v3_causal_skip,config,"(32, 128, 2, 2)",2,64,128,16,bfloat16,True,pass,8.93e-03,3.98e-07
v3_causal_skip,config,"(128, 32, 8, 3)",2,64,128,16,bfloat16,True,pass,8.93e-03,4.55e-07
v3_causal_skip,apply,default,2,64,128,16,bfloat16,False,pass,1.55e-03,3.95e-07
v3_causal_skip,config,"(64, 32, 4, 3)",2,64,128,16,bfloat16,False,pass,1.55e-03,3.95e-07
v3_causal_skip,config,"(64, 32, 4, 4)",2,64,128,16,bfloat16,False,pass,1.55e-03,3.95e-07
v3_causal_skip,config,"(64, 32, 4, 5)",2,64,128,16,bfloat16,False,pass,1.55e-03,3.95e-07
v3_causal_skip,config,"(64, 128, 4, 2)",2,64,128,16,bfloat16,False,pass,1.55e-03,3.99e-07
v3_causal_skip,config,"(64, 32, 4, 2)",2,64,128,16,bfloat16,False,pass,1.55e-03,3.95e-07
v3_causal_skip,config,"(64, 64, 4, 3)",2,64,128,16,bfloat16,False,pass,1.55e-03,4.16e-07
v3_causal_skip,config,"(128, 64, 4, 2)",2,64,128,16,bfloat16,False,pass,1.55e-03,4.16e-07
v3_causal_skip,config,"(16, 64, 1, 3)",2,64,128,16,bfloat16,False,pass,1.55e-03,4.16e-07
v3_causal_skip,config,"(32, 128, 2, 2)",2,64,128,16,bfloat16,False,pass,1.55e-03,3.99e-07
v3_causal_skip,config,"(128, 32, 8, 3)",2,64,128,16,bfloat16,False,pass,1.55e-03,3.95e-07
v3_causal_skip,apply,default,2,64,128,16,float32,True,pass,1.97e-03,2.38e-03
v3_causal_skip,config,"(64, 32, 4, 3)",2,64,128,16,float32,True,pass,1.97e-03,2.38e-03
v3_causal_skip,config,"(64, 32, 4, 4)",2,64,128,16,float32,True,pass,1.97e-03,2.38e-03
v3_causal_skip,config,"(64, 32, 4, 5)",2,64,128,16,float32,True,pass,1.97e-03,2.38e-03
v3_causal_skip,config,"(64, 128, 4, 2)",2,64,128,16,float32,True,pass,1.97e-03,2.38e-03
v3_causal_skip,config,"(64, 32, 4, 2)",2,64,128,16,float32,True,pass,1.97e-03,2.38e-03
v3_causal_skip,config,"(64, 64, 4, 3)",2,64,128,16,float32,True,pass,1.97e-03,2.38e-03
v3_causal_skip,config,"(128, 64, 4, 2)",2,64,128,16,float32,True,pass,1.97e-03,2.38e-03
v3_causal_skip,config,"(16, 64, 1, 3)",2,64,128,16,float32,True,pass,1.97e-03,2.38e-03
v3_causal_skip,config,"(32, 128, 2, 2)",2,64,128,16,float32,True,pass,1.97e-03,2.38e-03
v3_causal_skip,config,"(128, 32, 8, 3)",2,64,128,16,float32,True,pass,1.97e-03,2.38e-03
v3_causal_skip,apply,default,2,64,128,16,float32,False,pass,1.12e-03,2.13e-03
v3_causal_skip,config,"(64, 32, 4, 3)",2,64,128,16,float32,False,pass,1.12e-03,2.13e-03
v3_causal_skip,config,"(64, 32, 4, 4)",2,64,128,16,float32,False,pass,1.12e-03,2.13e-03
v3_causal_skip,config,"(64, 32, 4, 5)",2,64,128,16,float32,False,pass,1.12e-03,2.13e-03
v3_causal_skip,config,"(64, 128, 4, 2)",2,64,128,16,float32,False,pass,1.12e-03,2.13e-03
v3_causal_skip,config,"(64, 32, 4, 2)",2,64,128,16,float32,False,pass,1.12e-03,2.13e-03
v3_causal_skip,config,"(64, 64, 4, 3)",2,64,128,16,float32,False,pass,1.12e-03,2.13e-03
v3_causal_skip,config,"(128, 64, 4, 2)",2,64,128,16,float32,False,pass,1.12e-03,2.13e-03
v3_causal_skip,config,"(16, 64, 1, 3)",2,64,128,16,float32,False,pass,1.12e-03,2.13e-03
v3_causal_skip,config,"(32, 128, 2, 2)",2,64,128,16,float32,False,pass,1.12e-03,2.13e-03
v3_causal_skip,config,"(128, 32, 8, 3)",2,64,128,16,float32,False,pass,1.12e-03,2.13e-03
v3_causal_skip,apply,default,2,128,64,16,bfloat16,True,pass,8.93e-03,4.20e-07
v3_causal_skip,config,"(64, 32, 4, 3)",2,128,64,16,bfloat16,True,pass,8.93e-03,4.20e-07
v3_causal_skip,config,"(64, 32, 4, 4)",2,128,64,16,bfloat16,True,pass,8.93e-03,4.20e-07
v3_causal_skip,config,"(64, 32, 4, 5)",2,128,64,16,bfloat16,True,pass,8.93e-03,4.20e-07
v3_causal_skip,config,"(64, 128, 4, 2)",2,128,64,16,bfloat16,True,pass,8.93e-03,3.91e-07
v3_causal_skip,config,"(64, 32, 4, 2)",2,128,64,16,bfloat16,True,pass,8.93e-03,4.20e-07
v3_causal_skip,config,"(64, 64, 4, 3)",2,128,64,16,bfloat16,True,pass,8.93e-03,3.91e-07
v3_causal_skip,config,"(128, 64, 4, 2)",2,128,64,16,bfloat16,True,pass,8.93e-03,3.91e-07
v3_causal_skip,config,"(16, 64, 1, 3)",2,128,64,16,bfloat16,True,pass,8.93e-03,3.91e-07
v3_causal_skip,config,"(32, 128, 2, 2)",2,128,64,16,bfloat16,True,pass,8.93e-03,3.91e-07
v3_causal_skip,config,"(128, 32, 8, 3)",2,128,64,16,bfloat16,True,pass,8.93e-03,4.20e-07
v3_causal_skip,apply,default,2,128,64,16,bfloat16,False,pass,2.25e-03,4.20e-07
v3_causal_skip,config,"(64, 32, 4, 3)",2,128,64,16,bfloat16,False,pass,2.25e-03,4.20e-07
v3_causal_skip,config,"(64, 32, 4, 4)",2,128,64,16,bfloat16,False,pass,2.25e-03,4.20e-07
v3_causal_skip,config,"(64, 32, 4, 5)",2,128,64,16,bfloat16,False,pass,2.25e-03,4.20e-07
v3_causal_skip,config,"(64, 128, 4, 2)",2,128,64,16,bfloat16,False,pass,2.25e-03,3.85e-07
v3_causal_skip,config,"(64, 32, 4, 2)",2,128,64,16,bfloat16,False,pass,2.25e-03,4.20e-07
v3_causal_skip,config,"(64, 64, 4, 3)",2,128,64,16,bfloat16,False,pass,2.25e-03,3.85e-07
v3_causal_skip,config,"(128, 64, 4, 2)",2,128,64,16,bfloat16,False,pass,2.25e-03,3.85e-07
v3_causal_skip,config,"(16, 64, 1, 3)",2,128,64,16,bfloat16,False,pass,2.25e-03,3.85e-07
v3_causal_skip,config,"(32, 128, 2, 2)",2,128,64,16,bfloat16,False,pass,2.25e-03,3.85e-07
v3_causal_skip,config,"(128, 32, 8, 3)",2,128,64,16,bfloat16,False,pass,2.25e-03,4.20e-07
v3_causal_skip,apply,default,2,128,64,16,float32,True,pass,1.97e-03,2.38e-03
v3_causal_skip,config,"(64, 32, 4, 3)",2,128,64,16,float32,True,pass,1.97e-03,2.38e-03
v3_causal_skip,config,"(64, 32, 4, 4)",2,128,64,16,float32,True,pass,1.97e-03,2.38e-03
v3_causal_skip,config,"(64, 32, 4, 5)",2,128,64,16,float32,True,pass,1.97e-03,2.38e-03
v3_causal_skip,config,"(64, 128, 4, 2)",2,128,64,16,float32,True,pass,1.97e-03,2.38e-03
v3_causal_skip,config,"(64, 32, 4, 2)",2,128,64,16,float32,True,pass,1.97e-03,2.38e-03
v3_causal_skip,config,"(64, 64, 4, 3)",2,128,64,16,float32,True,pass,1.97e-03,2.38e-03
v3_causal_skip,config,"(128, 64, 4, 2)",2,128,64,16,float32,True,pass,1.97e-03,2.38e-03
v3_causal_skip,config,"(16, 64, 1, 3)",2,128,64,16,float32,True,pass,1.97e-03,2.38e-03
v3_causal_skip,config,"(32, 128, 2, 2)",2,128,64,16,float32,True,pass,1.97e-03,2.38e-03
v3_causal_skip,config,"(128, 32, 8, 3)",2,128,64,16,float32,True,pass,1.97e-03,2.38e-03
v3_causal_skip,apply,default,2,128,64,16,float32,False,pass,2.03e-03,2.35e-03
v3_causal_skip,config,"(64, 32, 4, 3)",2,128,64,16,float32,False,pass,2.03e-03,2.35e-03
v3_causal_skip,config,"(64, 32, 4, 4)",2,128,64,16,float32,False,pass,2.03e-03,2.35e-03
v3_causal_skip,config,"(64, 32, 4, 5)",2,128,64,16,float32,False,pass,2.03e-03,2.35e-03
v3_causal_skip,config,"(64, 128, 4, 2)",2,128,64,16,float32,False,pass,2.03e-03,2.35e-03
v3_causal_skip,config,"(64, 32, 4, 2)",2,128,64,16,float32,False,pass,2.03e-03,2.35e-03
v3_causal_skip,config,"(64, 64, 4, 3)",2,128,64,16,float32,False,pass,2.03e-03,2.35e-03
v3_causal_skip,config,"(128, 64, 4, 2)",2,128,64,16,float32,False,pass,2.03e-03,2.35e-03
v3_causal_skip,config,"(16, 64, 1, 3)",2,128,64,16,float32,False,pass,2.03e-03,2.35e-03
v3_causal_skip,config,"(32, 128, 2, 2)",2,128,64,16,float32,False,pass,2.03e-03,2.35e-03
v3_causal_skip,config,"(128, 32, 8, 3)",2,128,64,16,float32,False,pass,2.03e-03,2.35e-03
v3_causal_skip,apply,default,1,1,77,64,bfloat16,True,pass,0.00e+00,1.49e-08
v3_causal_skip,config,"(64, 32, 4, 3)",1,1,77,64,bfloat16,True,pass,0.00e+00,1.49e-08
v3_causal_skip,config,"(64, 32, 4, 4)",1,1,77,64,bfloat16,True,pass,0.00e+00,1.49e-08
v3_causal_skip,config,"(64, 32, 4, 5)",1,1,77,64,bfloat16,True,pass,0.00e+00,1.49e-08
v3_causal_skip,config,"(64, 128, 4, 2)",1,1,77,64,bfloat16,True,pass,0.00e+00,1.49e-08
v3_causal_skip,config,"(64, 32, 4, 2)",1,1,77,64,bfloat16,True,pass,0.00e+00,1.49e-08
v3_causal_skip,config,"(64, 64, 4, 3)",1,1,77,64,bfloat16,True,pass,0.00e+00,1.49e-08
v3_causal_skip,config,"(128, 64, 4, 2)",1,1,77,64,bfloat16,True,pass,0.00e+00,1.49e-08
v3_causal_skip,config,"(16, 64, 1, 3)",1,1,77,64,bfloat16,True,pass,0.00e+00,1.49e-08
v3_causal_skip,config,"(32, 128, 2, 2)",1,1,77,64,bfloat16,True,pass,0.00e+00,1.49e-08
v3_causal_skip,config,"(128, 32, 8, 3)",1,1,77,64,bfloat16,True,pass,0.00e+00,1.49e-08
v3_causal_skip,apply,default,1,1,77,64,bfloat16,False,pass,1.51e-03,1.18e-07
v3_causal_skip,config,"(64, 32, 4, 3)",1,1,77,64,bfloat16,False,pass,1.51e-03,1.18e-07
v3_causal_skip,config,"(64, 32, 4, 4)",1,1,77,64,bfloat16,False,pass,1.51e-03,1.18e-07
v3_causal_skip,config,"(64, 32, 4, 5)",1,1,77,64,bfloat16,False,pass,1.51e-03,1.18e-07
v3_causal_skip,config,"(64, 128, 4, 2)",1,1,77,64,bfloat16,False,pass,6.49e-04,1.18e-07
v3_causal_skip,config,"(64, 32, 4, 2)",1,1,77,64,bfloat16,False,pass,1.51e-03,1.18e-07
v3_causal_skip,config,"(64, 64, 4, 3)",1,1,77,64,bfloat16,False,pass,1.51e-03,1.18e-07
v3_causal_skip,config,"(128, 64, 4, 2)",1,1,77,64,bfloat16,False,pass,1.51e-03,1.18e-07
v3_causal_skip,config,"(16, 64, 1, 3)",1,1,77,64,bfloat16,False,pass,1.51e-03,1.18e-07
v3_causal_skip,config,"(32, 128, 2, 2)",1,1,77,64,bfloat16,False,pass,6.49e-04,1.18e-07
v3_causal_skip,config,"(128, 32, 8, 3)",1,1,77,64,bfloat16,False,pass,1.51e-03,1.18e-07
v3_causal_skip,apply,default,1,1,77,64,float32,True,pass,1.54e-03,6.14e-04
v3_causal_skip,config,"(64, 32, 4, 3)",1,1,77,64,float32,True,pass,1.54e-03,6.14e-04
v3_causal_skip,config,"(64, 32, 4, 4)",1,1,77,64,float32,True,pass,1.54e-03,6.14e-04
v3_causal_skip,config,"(64, 32, 4, 5)",1,1,77,64,float32,True,pass,1.54e-03,6.14e-04
v3_causal_skip,config,"(64, 128, 4, 2)",1,1,77,64,float32,True,pass,1.54e-03,6.14e-04
v3_causal_skip,config,"(64, 32, 4, 2)",1,1,77,64,float32,True,pass,1.54e-03,6.14e-04
v3_causal_skip,config,"(64, 64, 4, 3)",1,1,77,64,float32,True,pass,1.54e-03,6.14e-04
v3_causal_skip,config,"(128, 64, 4, 2)",1,1,77,64,float32,True,pass,1.54e-03,6.14e-04
v3_causal_skip,config,"(16, 64, 1, 3)",1,1,77,64,float32,True,pass,1.54e-03,6.14e-04
v3_causal_skip,config,"(32, 128, 2, 2)",1,1,77,64,float32,True,pass,1.54e-03,6.14e-04
v3_causal_skip,config,"(128, 32, 8, 3)",1,1,77,64,float32,True,pass,1.54e-03,6.14e-04
v3_causal_skip,apply,default,1,1,77,64,float32,False,pass,4.63e-04,6.90e-04
v3_causal_skip,config,"(64, 32, 4, 3)",1,1,77,64,float32,False,pass,4.63e-04,6.90e-04
v3_causal_skip,config,"(64, 32, 4, 4)",1,1,77,64,float32,False,pass,4.63e-04,6.90e-04
v3_causal_skip,config,"(64, 32, 4, 5)",1,1,77,64,float32,False,pass,4.63e-04,6.90e-04
v3_causal_skip,config,"(64, 128, 4, 2)",1,1,77,64,float32,False,pass,4.75e-04,6.90e-04
v3_causal_skip,config,"(64, 32, 4, 2)",1,1,77,64,float32,False,pass,4.63e-04,6.90e-04
v3_causal_skip,config,"(64, 64, 4, 3)",1,1,77,64,float32,False,pass,4.67e-04,6.90e-04
v3_causal_skip,config,"(128, 64, 4, 2)",1,1,77,64,float32,False,pass,4.67e-04,6.90e-04
v3_causal_skip,config,"(16, 64, 1, 3)",1,1,77,64,float32,False,pass,4.67e-04,6.90e-04
v3_causal_skip,config,"(32, 128, 2, 2)",1,1,77,64,float32,False,pass,4.75e-04,6.90e-04
v3_causal_skip,config,"(128, 32, 8, 3)",1,1,77,64,float32,False,pass,4.63e-04,6.90e-04
v3_causal_skip,apply,default,1,77,1,64,bfloat16,True,pass,0.00e+00,4.92e-07
v3_causal_skip,config,"(64, 32, 4, 3)",1,77,1,64,bfloat16,True,pass,0.00e+00,4.92e-07
v3_causal_skip,config,"(64, 32, 4, 4)",1,77,1,64,bfloat16,True,pass,0.00e+00,4.92e-07
v3_causal_skip,config,"(64, 32, 4, 5)",1,77,1,64,bfloat16,True,pass,0.00e+00,4.92e-07
v3_causal_skip,config,"(64, 128, 4, 2)",1,77,1,64,bfloat16,True,pass,0.00e+00,4.92e-07
v3_causal_skip,config,"(64, 32, 4, 2)",1,77,1,64,bfloat16,True,pass,0.00e+00,4.92e-07
v3_causal_skip,config,"(64, 64, 4, 3)",1,77,1,64,bfloat16,True,pass,0.00e+00,4.92e-07
v3_causal_skip,config,"(128, 64, 4, 2)",1,77,1,64,bfloat16,True,pass,0.00e+00,4.92e-07
v3_causal_skip,config,"(16, 64, 1, 3)",1,77,1,64,bfloat16,True,pass,0.00e+00,4.92e-07
v3_causal_skip,config,"(32, 128, 2, 2)",1,77,1,64,bfloat16,True,pass,0.00e+00,4.92e-07
v3_causal_skip,config,"(128, 32, 8, 3)",1,77,1,64,bfloat16,True,pass,0.00e+00,4.92e-07
v3_causal_skip,apply,default,1,77,1,64,bfloat16,False,pass,0.00e+00,4.92e-07
v3_causal_skip,config,"(64, 32, 4, 3)",1,77,1,64,bfloat16,False,pass,0.00e+00,4.92e-07
v3_causal_skip,config,"(64, 32, 4, 4)",1,77,1,64,bfloat16,False,pass,0.00e+00,4.92e-07
v3_causal_skip,config,"(64, 32, 4, 5)",1,77,1,64,bfloat16,False,pass,0.00e+00,4.92e-07
v3_causal_skip,config,"(64, 128, 4, 2)",1,77,1,64,bfloat16,False,pass,0.00e+00,4.92e-07
v3_causal_skip,config,"(64, 32, 4, 2)",1,77,1,64,bfloat16,False,pass,0.00e+00,4.92e-07
v3_causal_skip,config,"(64, 64, 4, 3)",1,77,1,64,bfloat16,False,pass,0.00e+00,4.92e-07
v3_causal_skip,config,"(128, 64, 4, 2)",1,77,1,64,bfloat16,False,pass,0.00e+00,4.92e-07
v3_causal_skip,config,"(16, 64, 1, 3)",1,77,1,64,bfloat16,False,pass,0.00e+00,4.92e-07
v3_causal_skip,config,"(32, 128, 2, 2)",1,77,1,64,bfloat16,False,pass,0.00e+00,4.92e-07
v3_causal_skip,config,"(128, 32, 8, 3)",1,77,1,64,bfloat16,False,pass,0.00e+00,4.92e-07
v3_causal_skip,apply,default,1,77,1,64,float32,True,pass,1.54e-03,2.03e-03
v3_causal_skip,config,"(64, 32, 4, 3)",1,77,1,64,float32,True,pass,1.54e-03,2.03e-03
v3_causal_skip,config,"(64, 32, 4, 4)",1,77,1,64,float32,True,pass,1.54e-03,2.03e-03
v3_causal_skip,config,"(64, 32, 4, 5)",1,77,1,64,float32,True,pass,1.54e-03,2.03e-03
v3_causal_skip,config,"(64, 128, 4, 2)",1,77,1,64,float32,True,pass,1.54e-03,2.03e-03
v3_causal_skip,config,"(64, 32, 4, 2)",1,77,1,64,float32,True,pass,1.54e-03,2.03e-03
v3_causal_skip,config,"(64, 64, 4, 3)",1,77,1,64,float32,True,pass,1.54e-03,2.03e-03
v3_causal_skip,config,"(128, 64, 4, 2)",1,77,1,64,float32,True,pass,1.54e-03,2.03e-03
v3_causal_skip,config,"(16, 64, 1, 3)",1,77,1,64,float32,True,pass,1.54e-03,2.03e-03
v3_causal_skip,config,"(32, 128, 2, 2)",1,77,1,64,float32,True,pass,1.54e-03,2.03e-03
v3_causal_skip,config,"(128, 32, 8, 3)",1,77,1,64,float32,True,pass,1.54e-03,2.03e-03
v3_causal_skip,apply,default,1,77,1,64,float32,False,pass,1.54e-03,2.03e-03
v3_causal_skip,config,"(64, 32, 4, 3)",1,77,1,64,float32,False,pass,1.54e-03,2.03e-03
v3_causal_skip,config,"(64, 32, 4, 4)",1,77,1,64,float32,False,pass,1.54e-03,2.03e-03
v3_causal_skip,config,"(64, 32, 4, 5)",1,77,1,64,float32,False,pass,1.54e-03,2.03e-03
v3_causal_skip,config,"(64, 128, 4, 2)",1,77,1,64,float32,False,pass,1.54e-03,2.03e-03
v3_causal_skip,config,"(64, 32, 4, 2)",1,77,1,64,float32,False,pass,1.54e-03,2.03e-03
v3_causal_skip,config,"(64, 64, 4, 3)",1,77,1,64,float32,False,pass,1.54e-03,2.03e-03
v3_causal_skip,config,"(128, 64, 4, 2)",1,77,1,64,float32,False,pass,1.54e-03,2.03e-03
v3_causal_skip,config,"(16, 64, 1, 3)",1,77,1,64,float32,False,pass,1.54e-03,2.03e-03
v3_causal_skip,config,"(32, 128, 2, 2)",1,77,1,64,float32,False,pass,1.54e-03,2.03e-03
v3_causal_skip,config,"(128, 32, 8, 3)",1,77,1,64,float32,False,pass,1.54e-03,2.03e-03
v3_causal_skip,apply,default,1,130,257,64,bfloat16,True,pass,7.48e-03,4.61e-07
v3_causal_skip,config,"(64, 32, 4, 3)",1,130,257,64,bfloat16,True,pass,7.48e-03,4.61e-07
v3_causal_skip,config,"(64, 32, 4, 4)",1,130,257,64,bfloat16,True,pass,7.48e-03,4.61e-07
v3_causal_skip,config,"(64, 32, 4, 5)",1,130,257,64,bfloat16,True,pass,7.48e-03,4.61e-07
v3_causal_skip,config,"(64, 128, 4, 2)",1,130,257,64,bfloat16,True,pass,7.48e-03,4.96e-07
v3_causal_skip,config,"(64, 32, 4, 2)",1,130,257,64,bfloat16,True,pass,7.48e-03,4.61e-07
v3_causal_skip,config,"(64, 64, 4, 3)",1,130,257,64,bfloat16,True,pass,7.48e-03,4.61e-07
v3_causal_skip,config,"(128, 64, 4, 2)",1,130,257,64,bfloat16,True,pass,7.48e-03,4.61e-07
v3_causal_skip,config,"(16, 64, 1, 3)",1,130,257,64,bfloat16,True,pass,7.48e-03,4.61e-07
v3_causal_skip,config,"(32, 128, 2, 2)",1,130,257,64,bfloat16,True,pass,7.48e-03,4.44e-07
v3_causal_skip,config,"(128, 32, 8, 3)",1,130,257,64,bfloat16,True,pass,7.48e-03,4.61e-07
v3_causal_skip,apply,default,1,130,257,64,bfloat16,False,pass,1.60e-03,5.77e-07
v3_causal_skip,config,"(64, 32, 4, 3)",1,130,257,64,bfloat16,False,pass,1.60e-03,5.77e-07
v3_causal_skip,config,"(64, 32, 4, 4)",1,130,257,64,bfloat16,False,pass,1.60e-03,5.77e-07
v3_causal_skip,config,"(64, 32, 4, 5)",1,130,257,64,bfloat16,False,pass,1.60e-03,5.77e-07
v3_causal_skip,config,"(64, 128, 4, 2)",1,130,257,64,bfloat16,False,pass,1.60e-03,4.91e-07
v3_causal_skip,config,"(64, 32, 4, 2)",1,130,257,64,bfloat16,False,pass,1.60e-03,5.77e-07
v3_causal_skip,config,"(64, 64, 4, 3)",1,130,257,64,bfloat16,False,pass,1.60e-03,5.44e-07
v3_causal_skip,config,"(128, 64, 4, 2)",1,130,257,64,bfloat16,False,pass,1.60e-03,5.44e-07
v3_causal_skip,config,"(16, 64, 1, 3)",1,130,257,64,bfloat16,False,pass,1.60e-03,5.44e-07
v3_causal_skip,config,"(32, 128, 2, 2)",1,130,257,64,bfloat16,False,pass,1.60e-03,5.44e-07
v3_causal_skip,config,"(128, 32, 8, 3)",1,130,257,64,bfloat16,False,pass,1.60e-03,5.77e-07
v3_causal_skip,apply,default,1,130,257,64,float32,True,pass,2.32e-03,2.15e-03
v3_causal_skip,config,"(64, 32, 4, 3)",1,130,257,64,float32,True,pass,2.32e-03,2.15e-03
v3_causal_skip,config,"(64, 32, 4, 4)",1,130,257,64,float32,True,pass,2.32e-03,2.15e-03
v3_causal_skip,config,"(64, 32, 4, 5)",1,130,257,64,float32,True,pass,2.32e-03,2.15e-03
v3_causal_skip,config,"(64, 128, 4, 2)",1,130,257,64,float32,True,pass,2.32e-03,2.15e-03
v3_causal_skip,config,"(64, 32, 4, 2)",1,130,257,64,float32,True,pass,2.32e-03,2.15e-03
v3_causal_skip,config,"(64, 64, 4, 3)",1,130,257,64,float32,True,pass,2.32e-03,2.15e-03
v3_causal_skip,config,"(128, 64, 4, 2)",1,130,257,64,float32,True,pass,2.32e-03,2.15e-03
v3_causal_skip,config,"(16, 64, 1, 3)",1,130,257,64,float32,True,pass,2.32e-03,2.15e-03
v3_causal_skip,config,"(32, 128, 2, 2)",1,130,257,64,float32,True,pass,2.32e-03,2.15e-03
v3_causal_skip,config,"(128, 32, 8, 3)",1,130,257,64,float32,True,pass,2.32e-03,2.15e-03
v3_causal_skip,apply,default,1,130,257,64,float32,False,pass,1.25e-03,1.33e-03
v3_causal_skip,config,"(64, 32, 4, 3)",1,130,257,64,float32,False,pass,1.25e-03,1.33e-03
v3_causal_skip,config,"(64, 32, 4, 4)",1,130,257,64,float32,False,pass,1.25e-03,1.33e-03
v3_causal_skip,config,"(64, 32, 4, 5)",1,130,257,64,float32,False,pass,1.25e-03,1.33e-03
v3_causal_skip,config,"(64, 128, 4, 2)",1,130,257,64,float32,False,pass,1.27e-03,1.33e-03
v3_causal_skip,config,"(64, 32, 4, 2)",1,130,257,64,float32,False,pass,1.25e-03,1.33e-03
v3_causal_skip,config,"(64, 64, 4, 3)",1,130,257,64,float32,False,pass,1.27e-03,1.33e-03
v3_causal_skip,config,"(128, 64, 4, 2)",1,130,257,64,float32,False,pass,1.27e-03,1.33e-03
v3_causal_skip,config,"(16, 64, 1, 3)",1,130,257,64,float32,False,pass,1.27e-03,1.33e-03
v3_causal_skip,config,"(32, 128, 2, 2)",1,130,257,64,float32,False,pass,1.27e-03,1.33e-03
v3_causal_skip,config,"(128, 32, 8, 3)",1,130,257,64,float32,False,pass,1.25e-03,1.33e-03
v3_causal_skip,apply,default,1,257,130,64,bfloat16,True,pass,7.48e-03,4.70e-07
v3_causal_skip,config,"(64, 32, 4, 3)",1,257,130,64,bfloat16,True,pass,7.48e-03,4.70e-07
v3_causal_skip,config,"(64, 32, 4, 4)",1,257,130,64,bfloat16,True,pass,7.48e-03,4.70e-07
v3_causal_skip,config,"(64, 32, 4, 5)",1,257,130,64,bfloat16,True,pass,7.48e-03,4.70e-07
v3_causal_skip,config,"(64, 128, 4, 2)",1,257,130,64,bfloat16,True,pass,7.48e-03,4.96e-07
v3_causal_skip,config,"(64, 32, 4, 2)",1,257,130,64,bfloat16,True,pass,7.48e-03,4.70e-07
v3_causal_skip,config,"(64, 64, 4, 3)",1,257,130,64,bfloat16,True,pass,7.48e-03,4.70e-07
v3_causal_skip,config,"(128, 64, 4, 2)",1,257,130,64,bfloat16,True,pass,7.48e-03,4.70e-07
v3_causal_skip,config,"(16, 64, 1, 3)",1,257,130,64,bfloat16,True,pass,7.48e-03,4.70e-07
v3_causal_skip,config,"(32, 128, 2, 2)",1,257,130,64,bfloat16,True,pass,7.48e-03,4.70e-07
v3_causal_skip,config,"(128, 32, 8, 3)",1,257,130,64,bfloat16,True,pass,7.48e-03,4.70e-07
v3_causal_skip,apply,default,1,257,130,64,bfloat16,False,pass,2.36e-03,4.70e-07
v3_causal_skip,config,"(64, 32, 4, 3)",1,257,130,64,bfloat16,False,pass,2.36e-03,4.70e-07
v3_causal_skip,config,"(64, 32, 4, 4)",1,257,130,64,bfloat16,False,pass,2.36e-03,4.70e-07
v3_causal_skip,config,"(64, 32, 4, 5)",1,257,130,64,bfloat16,False,pass,2.36e-03,4.70e-07
v3_causal_skip,config,"(64, 128, 4, 2)",1,257,130,64,bfloat16,False,pass,1.73e-03,4.82e-07
v3_causal_skip,config,"(64, 32, 4, 2)",1,257,130,64,bfloat16,False,pass,2.36e-03,4.70e-07
v3_causal_skip,config,"(64, 64, 4, 3)",1,257,130,64,bfloat16,False,pass,2.36e-03,4.70e-07
v3_causal_skip,config,"(128, 64, 4, 2)",1,257,130,64,bfloat16,False,pass,2.36e-03,4.70e-07
v3_causal_skip,config,"(16, 64, 1, 3)",1,257,130,64,bfloat16,False,pass,2.36e-03,4.70e-07
v3_causal_skip,config,"(32, 128, 2, 2)",1,257,130,64,bfloat16,False,pass,1.73e-03,4.70e-07
v3_causal_skip,config,"(128, 32, 8, 3)",1,257,130,64,bfloat16,False,pass,2.36e-03,4.70e-07
v3_causal_skip,apply,default,1,257,130,64,float32,True,pass,2.32e-03,2.15e-03
v3_causal_skip,config,"(64, 32, 4, 3)",1,257,130,64,float32,True,pass,2.32e-03,2.15e-03
v3_causal_skip,config,"(64, 32, 4, 4)",1,257,130,64,float32,True,pass,2.32e-03,2.15e-03
v3_causal_skip,config,"(64, 32, 4, 5)",1,257,130,64,float32,True,pass,2.32e-03,2.15e-03
v3_causal_skip,config,"(64, 128, 4, 2)",1,257,130,64,float32,True,pass,2.32e-03,2.15e-03
v3_causal_skip,config,"(64, 32, 4, 2)",1,257,130,64,float32,True,pass,2.32e-03,2.15e-03
v3_causal_skip,config,"(64, 64, 4, 3)",1,257,130,64,float32,True,pass,2.32e-03,2.15e-03
v3_causal_skip,config,"(128, 64, 4, 2)",1,257,130,64,float32,True,pass,2.32e-03,2.15e-03
v3_causal_skip,config,"(16, 64, 1, 3)",1,257,130,64,float32,True,pass,2.32e-03,2.15e-03
v3_causal_skip,config,"(32, 128, 2, 2)",1,257,130,64,float32,True,pass,2.32e-03,2.15e-03
v3_causal_skip,config,"(128, 32, 8, 3)",1,257,130,64,float32,True,pass,2.32e-03,2.15e-03
v3_causal_skip,apply,default,1,257,130,64,float32,False,pass,1.17e-03,1.42e-03
v3_causal_skip,config,"(64, 32, 4, 3)",1,257,130,64,float32,False,pass,1.17e-03,1.42e-03
v3_causal_skip,config,"(64, 32, 4, 4)",1,257,130,64,float32,False,pass,1.17e-03,1.42e-03
v3_causal_skip,config,"(64, 32, 4, 5)",1,257,130,64,float32,False,pass,1.17e-03,1.42e-03
v3_causal_skip,config,"(64, 128, 4, 2)",1,257,130,64,float32,False,pass,1.17e-03,1.42e-03
v3_causal_skip,config,"(64, 32, 4, 2)",1,257,130,64,float32,False,pass,1.17e-03,1.42e-03
v3_causal_skip,config,"(64, 64, 4, 3)",1,257,130,64,float32,False,pass,1.17e-03,1.42e-03
v3_causal_skip,config,"(128, 64, 4, 2)",1,257,130,64,float32,False,pass,1.17e-03,1.42e-03
v3_causal_skip,config,"(16, 64, 1, 3)",1,257,130,64,float32,False,pass,1.17e-03,1.42e-03
v3_causal_skip,config,"(32, 128, 2, 2)",1,257,130,64,float32,False,pass,1.17e-03,1.42e-03
v3_causal_skip,config,"(128, 32, 8, 3)",1,257,130,64,float32,False,pass,1.17e-03,1.42e-03
v3_causal_skip,apply,default,1,333,1000,64,bfloat16,True,pass,7.48e-03,4.73e-07
v3_causal_skip,config,"(64, 32, 4, 3)",1,333,1000,64,bfloat16,True,pass,7.48e-03,4.73e-07
v3_causal_skip,config,"(64, 32, 4, 4)",1,333,1000,64,bfloat16,True,pass,7.48e-03,4.73e-07
v3_causal_skip,config,"(64, 32, 4, 5)",1,333,1000,64,bfloat16,True,pass,7.48e-03,4.73e-07
v3_causal_skip,config,"(64, 128, 4, 2)",1,333,1000,64,bfloat16,True,pass,7.48e-03,5.11e-07
v3_causal_skip,config,"(64, 32, 4, 2)",1,333,1000,64,bfloat16,True,pass,7.48e-03,4.73e-07
v3_causal_skip,config,"(64, 64, 4, 3)",1,333,1000,64,bfloat16,True,pass,7.48e-03,4.73e-07
v3_causal_skip,config,"(128, 64, 4, 2)",1,333,1000,64,bfloat16,True,pass,7.48e-03,4.73e-07
v3_causal_skip,config,"(16, 64, 1, 3)",1,333,1000,64,bfloat16,True,pass,7.48e-03,4.73e-07
v3_causal_skip,config,"(32, 128, 2, 2)",1,333,1000,64,bfloat16,True,pass,7.48e-03,4.73e-07
v3_causal_skip,config,"(128, 32, 8, 3)",1,333,1000,64,bfloat16,True,pass,7.48e-03,4.73e-07
v3_causal_skip,apply,default,1,333,1000,64,bfloat16,False,pass,7.14e-04,6.59e-07
v3_causal_skip,config,"(64, 32, 4, 3)",1,333,1000,64,bfloat16,False,pass,7.14e-04,6.59e-07
v3_causal_skip,config,"(64, 32, 4, 4)",1,333,1000,64,bfloat16,False,pass,7.14e-04,6.59e-07
v3_causal_skip,config,"(64, 32, 4, 5)",1,333,1000,64,bfloat16,False,pass,7.14e-04,6.59e-07
v3_causal_skip,config,"(64, 128, 4, 2)",1,333,1000,64,bfloat16,False,pass,6.87e-04,5.58e-07
v3_causal_skip,config,"(64, 32, 4, 2)",1,333,1000,64,bfloat16,False,pass,7.14e-04,6.59e-07
v3_causal_skip,config,"(64, 64, 4, 3)",1,333,1000,64,bfloat16,False,pass,7.14e-04,6.78e-07
v3_causal_skip,config,"(128, 64, 4, 2)",1,333,1000,64,bfloat16,False,pass,7.14e-04,6.78e-07
v3_causal_skip,config,"(16, 64, 1, 3)",1,333,1000,64,bfloat16,False,pass,7.14e-04,6.78e-07
v3_causal_skip,config,"(32, 128, 2, 2)",1,333,1000,64,bfloat16,False,pass,6.87e-04,5.62e-07
v3_causal_skip,config,"(128, 32, 8, 3)",1,333,1000,64,bfloat16,False,pass,7.14e-04,6.59e-07
v3_causal_skip,apply,default,1,333,1000,64,float32,True,pass,2.32e-03,2.15e-03
v3_causal_skip,config,"(64, 32, 4, 3)",1,333,1000,64,float32,True,pass,2.32e-03,2.15e-03
v3_causal_skip,config,"(64, 32, 4, 4)",1,333,1000,64,float32,True,pass,2.32e-03,2.15e-03
v3_causal_skip,config,"(64, 32, 4, 5)",1,333,1000,64,float32,True,pass,2.32e-03,2.15e-03
v3_causal_skip,config,"(64, 128, 4, 2)",1,333,1000,64,float32,True,pass,2.32e-03,2.15e-03
v3_causal_skip,config,"(64, 32, 4, 2)",1,333,1000,64,float32,True,pass,2.32e-03,2.15e-03
v3_causal_skip,config,"(64, 64, 4, 3)",1,333,1000,64,float32,True,pass,2.32e-03,2.15e-03
v3_causal_skip,config,"(128, 64, 4, 2)",1,333,1000,64,float32,True,pass,2.32e-03,2.15e-03
v3_causal_skip,config,"(16, 64, 1, 3)",1,333,1000,64,float32,True,pass,2.32e-03,2.15e-03
v3_causal_skip,config,"(32, 128, 2, 2)",1,333,1000,64,float32,True,pass,2.32e-03,2.15e-03
v3_causal_skip,config,"(128, 32, 8, 3)",1,333,1000,64,float32,True,pass,2.32e-03,2.15e-03
v3_causal_skip,apply,default,1,333,1000,64,float32,False,pass,5.35e-04,1.32e-03
v3_causal_skip,config,"(64, 32, 4, 3)",1,333,1000,64,float32,False,pass,5.35e-04,1.32e-03
v3_causal_skip,config,"(64, 32, 4, 4)",1,333,1000,64,float32,False,pass,5.35e-04,1.32e-03
v3_causal_skip,config,"(64, 32, 4, 5)",1,333,1000,64,float32,False,pass,5.35e-04,1.32e-03
v3_causal_skip,config,"(64, 128, 4, 2)",1,333,1000,64,float32,False,pass,5.35e-04,1.32e-03
v3_causal_skip,config,"(64, 32, 4, 2)",1,333,1000,64,float32,False,pass,5.35e-04,1.32e-03
v3_causal_skip,config,"(64, 64, 4, 3)",1,333,1000,64,float32,False,pass,5.35e-04,1.32e-03
v3_causal_skip,config,"(128, 64, 4, 2)",1,333,1000,64,float32,False,pass,5.35e-04,1.32e-03
v3_causal_skip,config,"(16, 64, 1, 3)",1,333,1000,64,float32,False,pass,5.35e-04,1.32e-03
v3_causal_skip,config,"(32, 128, 2, 2)",1,333,1000,64,float32,False,pass,5.35e-04,1.32e-03
v3_causal_skip,config,"(128, 32, 8, 3)",1,333,1000,64,float32,False,pass,5.35e-04,1.32e-03
v3_causal_skip,apply,default,1,1000,333,64,bfloat16,True,pass,7.48e-03,5.91e-07
v3_causal_skip,config,"(64, 32, 4, 3)",1,1000,333,64,bfloat16,True,pass,7.48e-03,5.91e-07
v3_causal_skip,config,"(64, 32, 4, 4)",1,1000,333,64,bfloat16,True,pass,7.48e-03,5.91e-07
v3_causal_skip,config,"(64, 32, 4, 5)",1,1000,333,64,bfloat16,True,pass,7.48e-03,5.91e-07
v3_causal_skip,config,"(64, 128, 4, 2)",1,1000,333,64,bfloat16,True,pass,7.48e-03,5.42e-07
v3_causal_skip,config,"(64, 32, 4, 2)",1,1000,333,64,bfloat16,True,pass,7.48e-03,5.91e-07
v3_causal_skip,config,"(64, 64, 4, 3)",1,1000,333,64,bfloat16,True,pass,7.48e-03,4.87e-07
v3_causal_skip,config,"(128, 64, 4, 2)",1,1000,333,64,bfloat16,True,pass,7.48e-03,4.87e-07
v3_causal_skip,config,"(16, 64, 1, 3)",1,1000,333,64,bfloat16,True,pass,7.48e-03,4.87e-07
v3_causal_skip,config,"(32, 128, 2, 2)",1,1000,333,64,bfloat16,True,pass,7.48e-03,4.73e-07
v3_causal_skip,config,"(128, 32, 8, 3)",1,1000,333,64,bfloat16,True,pass,7.48e-03,5.91e-07
v3_causal_skip,apply,default,1,1000,333,64,bfloat16,False,pass,1.27e-03,5.91e-07
v3_causal_skip,config,"(64, 32, 4, 3)",1,1000,333,64,bfloat16,False,pass,1.27e-03,5.91e-07
v3_causal_skip,config,"(64, 32, 4, 4)",1,1000,333,64,bfloat16,False,pass,1.27e-03,5.91e-07
v3_causal_skip,config,"(64, 32, 4, 5)",1,1000,333,64,bfloat16,False,pass,1.27e-03,5.91e-07
v3_causal_skip,config,"(64, 128, 4, 2)",1,1000,333,64,bfloat16,False,pass,1.22e-03,5.50e-07
v3_causal_skip,config,"(64, 32, 4, 2)",1,1000,333,64,bfloat16,False,pass,1.27e-03,5.91e-07
v3_causal_skip,config,"(64, 64, 4, 3)",1,1000,333,64,bfloat16,False,pass,1.27e-03,5.50e-07
v3_causal_skip,config,"(128, 64, 4, 2)",1,1000,333,64,bfloat16,False,pass,1.27e-03,5.50e-07
v3_causal_skip,config,"(16, 64, 1, 3)",1,1000,333,64,bfloat16,False,pass,1.27e-03,5.50e-07
v3_causal_skip,config,"(32, 128, 2, 2)",1,1000,333,64,bfloat16,False,pass,1.22e-03,5.32e-07
v3_causal_skip,config,"(128, 32, 8, 3)",1,1000,333,64,bfloat16,False,pass,1.27e-03,5.91e-07
v3_causal_skip,apply,default,1,1000,333,64,float32,True,pass,2.32e-03,2.15e-03
v3_causal_skip,config,"(64, 32, 4, 3)",1,1000,333,64,float32,True,pass,2.32e-03,2.15e-03
v3_causal_skip,config,"(64, 32, 4, 4)",1,1000,333,64,float32,True,pass,2.32e-03,2.15e-03
v3_causal_skip,config,"(64, 32, 4, 5)",1,1000,333,64,float32,True,pass,2.32e-03,2.15e-03
v3_causal_skip,config,"(64, 128, 4, 2)",1,1000,333,64,float32,True,pass,2.32e-03,2.15e-03
v3_causal_skip,config,"(64, 32, 4, 2)",1,1000,333,64,float32,True,pass,2.32e-03,2.15e-03
v3_causal_skip,config,"(64, 64, 4, 3)",1,1000,333,64,float32,True,pass,2.32e-03,2.15e-03
v3_causal_skip,config,"(128, 64, 4, 2)",1,1000,333,64,float32,True,pass,2.32e-03,2.15e-03
v3_causal_skip,config,"(16, 64, 1, 3)",1,1000,333,64,float32,True,pass,2.32e-03,2.15e-03
v3_causal_skip,config,"(32, 128, 2, 2)",1,1000,333,64,float32,True,pass,2.32e-03,2.15e-03
v3_causal_skip,config,"(128, 32, 8, 3)",1,1000,333,64,float32,True,pass,2.32e-03,2.15e-03
v3_causal_skip,apply,default,1,1000,333,64,float32,False,pass,1.03e-03,1.31e-03
v3_causal_skip,config,"(64, 32, 4, 3)",1,1000,333,64,float32,False,pass,1.03e-03,1.31e-03
v3_causal_skip,config,"(64, 32, 4, 4)",1,1000,333,64,float32,False,pass,1.03e-03,1.31e-03
v3_causal_skip,config,"(64, 32, 4, 5)",1,1000,333,64,float32,False,pass,1.03e-03,1.31e-03
v3_causal_skip,config,"(64, 128, 4, 2)",1,1000,333,64,float32,False,pass,1.05e-03,1.31e-03
v3_causal_skip,config,"(64, 32, 4, 2)",1,1000,333,64,float32,False,pass,1.03e-03,1.31e-03
v3_causal_skip,config,"(64, 64, 4, 3)",1,1000,333,64,float32,False,pass,1.05e-03,1.31e-03
v3_causal_skip,config,"(128, 64, 4, 2)",1,1000,333,64,float32,False,pass,1.05e-03,1.31e-03
v3_causal_skip,config,"(16, 64, 1, 3)",1,1000,333,64,float32,False,pass,1.05e-03,1.31e-03
v3_causal_skip,config,"(32, 128, 2, 2)",1,1000,333,64,float32,False,pass,1.05e-03,1.31e-03
v3_causal_skip,config,"(128, 32, 8, 3)",1,1000,333,64,float32,False,pass,1.03e-03,1.31e-03
v3_causal_skip,apply,default,1,200,96,128,bfloat16,True,pass,6.52e-03,6.08e-07
v3_causal_skip,config,"(64, 32, 4, 3)",1,200,96,128,bfloat16,True,pass,6.52e-03,6.08e-07
v3_causal_skip,config,"(64, 32, 4, 4)",1,200,96,128,bfloat16,True,pass,6.52e-03,6.08e-07
v3_causal_skip,config,"(64, 32, 4, 5)",1,200,96,128,bfloat16,True,pass,6.52e-03,6.08e-07
v3_causal_skip,config,"(64, 128, 4, 2)",1,200,96,128,bfloat16,True,pass,6.52e-03,4.93e-07
v3_causal_skip,config,"(64, 32, 4, 2)",1,200,96,128,bfloat16,True,pass,6.52e-03,6.08e-07
v3_causal_skip,config,"(64, 64, 4, 3)",1,200,96,128,bfloat16,True,pass,6.52e-03,5.04e-07
v3_causal_skip,config,"(128, 64, 4, 2)",1,200,96,128,bfloat16,True,pass,6.52e-03,4.93e-07
v3_causal_skip,config,"(16, 64, 1, 3)",1,200,96,128,bfloat16,True,pass,6.52e-03,4.93e-07
v3_causal_skip,config,"(32, 128, 2, 2)",1,200,96,128,bfloat16,True,pass,6.52e-03,5.45e-07
v3_causal_skip,config,"(128, 32, 8, 3)",1,200,96,128,bfloat16,True,pass,6.52e-03,5.90e-07
v3_causal_skip,apply,default,1,200,96,128,bfloat16,False,pass,2.11e-03,6.08e-07
v3_causal_skip,config,"(64, 32, 4, 3)",1,200,96,128,bfloat16,False,pass,2.11e-03,6.08e-07
v3_causal_skip,config,"(64, 32, 4, 4)",1,200,96,128,bfloat16,False,pass,2.11e-03,6.08e-07
v3_causal_skip,config,"(64, 32, 4, 5)",1,200,96,128,bfloat16,False,pass,2.11e-03,6.08e-07
v3_causal_skip,config,"(64, 128, 4, 2)",1,200,96,128,bfloat16,False,pass,2.21e-03,5.58e-07
v3_causal_skip,config,"(64, 32, 4, 2)",1,200,96,128,bfloat16,False,pass,2.11e-03,6.08e-07
v3_causal_skip,config,"(64, 64, 4, 3)",1,200,96,128,bfloat16,False,pass,2.10e-03,5.04e-07
v3_causal_skip,config,"(128, 64, 4, 2)",1,200,96,128,bfloat16,False,pass,2.10e-03,5.58e-07
v3_causal_skip,config,"(16, 64, 1, 3)",1,200,96,128,bfloat16,False,pass,2.10e-03,5.58e-07
v3_causal_skip,config,"(32, 128, 2, 2)",1,200,96,128,bfloat16,False,pass,2.21e-03,5.58e-07
v3_causal_skip,config,"(128, 32, 8, 3)",1,200,96,128,bfloat16,False,pass,2.11e-03,5.58e-07
v3_causal_skip,apply,default,1,200,96,128,float32,True,pass,1.94e-03,1.84e-03
v3_causal_skip,config,"(64, 32, 4, 3)",1,200,96,128,float32,True,out_of_resources,,
v3_causal_skip,config,"(64, 32, 4, 4)",1,200,96,128,float32,True,out_of_resources,,
v3_causal_skip,config,"(64, 32, 4, 5)",1,200,96,128,float32,True,out_of_resources,,
v3_causal_skip,config,"(64, 128, 4, 2)",1,200,96,128,float32,True,out_of_resources,,
v3_causal_skip,config,"(64, 32, 4, 2)",1,200,96,128,float32,True,pass,1.94e-03,1.84e-03
v3_causal_skip,config,"(64, 64, 4, 3)",1,200,96,128,float32,True,out_of_resources,,
v3_causal_skip,config,"(128, 64, 4, 2)",1,200,96,128,float32,True,out_of_resources,,
v3_causal_skip,config,"(16, 64, 1, 3)",1,200,96,128,float32,True,out_of_resources,,
v3_causal_skip,config,"(32, 128, 2, 2)",1,200,96,128,float32,True,out_of_resources,,
v3_causal_skip,config,"(128, 32, 8, 3)",1,200,96,128,float32,True,out_of_resources,,
v3_causal_skip,apply,default,1,200,96,128,float32,False,pass,1.87e-03,1.61e-03
v3_causal_skip,config,"(64, 32, 4, 3)",1,200,96,128,float32,False,out_of_resources,,
v3_causal_skip,config,"(64, 32, 4, 4)",1,200,96,128,float32,False,out_of_resources,,
v3_causal_skip,config,"(64, 32, 4, 5)",1,200,96,128,float32,False,out_of_resources,,
v3_causal_skip,config,"(64, 128, 4, 2)",1,200,96,128,float32,False,out_of_resources,,
v3_causal_skip,config,"(64, 32, 4, 2)",1,200,96,128,float32,False,pass,1.87e-03,1.61e-03
v3_causal_skip,config,"(64, 64, 4, 3)",1,200,96,128,float32,False,out_of_resources,,
v3_causal_skip,config,"(128, 64, 4, 2)",1,200,96,128,float32,False,out_of_resources,,
v3_causal_skip,config,"(16, 64, 1, 3)",1,200,96,128,float32,False,out_of_resources,,
v3_causal_skip,config,"(32, 128, 2, 2)",1,200,96,128,float32,False,out_of_resources,,
v3_causal_skip,config,"(128, 32, 8, 3)",1,200,96,128,float32,False,out_of_resources,,
v3_causal_skip,apply,default,1,96,200,128,bfloat16,True,pass,6.52e-03,5.90e-07
v3_causal_skip,config,"(64, 32, 4, 3)",1,96,200,128,bfloat16,True,pass,6.52e-03,5.90e-07
v3_causal_skip,config,"(64, 32, 4, 4)",1,96,200,128,bfloat16,True,pass,6.52e-03,5.90e-07
v3_causal_skip,config,"(64, 32, 4, 5)",1,96,200,128,bfloat16,True,pass,6.52e-03,5.90e-07
v3_causal_skip,config,"(64, 128, 4, 2)",1,96,200,128,bfloat16,True,pass,6.52e-03,4.93e-07
v3_causal_skip,config,"(64, 32, 4, 2)",1,96,200,128,bfloat16,True,pass,6.52e-03,5.90e-07
v3_causal_skip,config,"(64, 64, 4, 3)",1,96,200,128,bfloat16,True,pass,6.52e-03,4.93e-07
v3_causal_skip,config,"(128, 64, 4, 2)",1,96,200,128,bfloat16,True,pass,6.52e-03,4.93e-07
v3_causal_skip,config,"(16, 64, 1, 3)",1,96,200,128,bfloat16,True,pass,6.52e-03,4.93e-07
v3_causal_skip,config,"(32, 128, 2, 2)",1,96,200,128,bfloat16,True,pass,6.52e-03,5.45e-07
v3_causal_skip,config,"(128, 32, 8, 3)",1,96,200,128,bfloat16,True,pass,6.52e-03,5.90e-07
v3_causal_skip,apply,default,1,96,200,128,bfloat16,False,pass,1.31e-03,6.35e-07
v3_causal_skip,config,"(64, 32, 4, 3)",1,96,200,128,bfloat16,False,pass,1.31e-03,6.35e-07
v3_causal_skip,config,"(64, 32, 4, 4)",1,96,200,128,bfloat16,False,pass,1.31e-03,6.35e-07
v3_causal_skip,config,"(64, 32, 4, 5)",1,96,200,128,bfloat16,False,pass,1.31e-03,6.35e-07
v3_causal_skip,config,"(64, 128, 4, 2)",1,96,200,128,bfloat16,False,pass,1.61e-03,6.17e-07
v3_causal_skip,config,"(64, 32, 4, 2)",1,96,200,128,bfloat16,False,pass,1.31e-03,6.35e-07
v3_causal_skip,config,"(64, 64, 4, 3)",1,96,200,128,bfloat16,False,pass,1.43e-03,6.35e-07
v3_causal_skip,config,"(128, 64, 4, 2)",1,96,200,128,bfloat16,False,pass,1.43e-03,6.35e-07
v3_causal_skip,config,"(16, 64, 1, 3)",1,96,200,128,bfloat16,False,pass,1.43e-03,6.35e-07
v3_causal_skip,config,"(32, 128, 2, 2)",1,96,200,128,bfloat16,False,pass,1.61e-03,6.35e-07
v3_causal_skip,config,"(128, 32, 8, 3)",1,96,200,128,bfloat16,False,pass,1.31e-03,5.10e-07
v3_causal_skip,apply,default,1,96,200,128,float32,True,pass,1.94e-03,1.84e-03
v3_causal_skip,config,"(64, 32, 4, 3)",1,96,200,128,float32,True,out_of_resources,,
v3_causal_skip,config,"(64, 32, 4, 4)",1,96,200,128,float32,True,out_of_resources,,
v3_causal_skip,config,"(64, 32, 4, 5)",1,96,200,128,float32,True,out_of_resources,,
v3_causal_skip,config,"(64, 128, 4, 2)",1,96,200,128,float32,True,out_of_resources,,
v3_causal_skip,config,"(64, 32, 4, 2)",1,96,200,128,float32,True,pass,1.94e-03,1.84e-03
v3_causal_skip,config,"(64, 64, 4, 3)",1,96,200,128,float32,True,out_of_resources,,
v3_causal_skip,config,"(128, 64, 4, 2)",1,96,200,128,float32,True,out_of_resources,,
v3_causal_skip,config,"(16, 64, 1, 3)",1,96,200,128,float32,True,out_of_resources,,
v3_causal_skip,config,"(32, 128, 2, 2)",1,96,200,128,float32,True,out_of_resources,,
v3_causal_skip,config,"(128, 32, 8, 3)",1,96,200,128,float32,True,out_of_resources,,
v3_causal_skip,apply,default,1,96,200,128,float32,False,pass,1.32e-03,1.24e-03
v3_causal_skip,config,"(64, 32, 4, 3)",1,96,200,128,float32,False,out_of_resources,,
v3_causal_skip,config,"(64, 32, 4, 4)",1,96,200,128,float32,False,out_of_resources,,
v3_causal_skip,config,"(64, 32, 4, 5)",1,96,200,128,float32,False,out_of_resources,,
v3_causal_skip,config,"(64, 128, 4, 2)",1,96,200,128,float32,False,out_of_resources,,
v3_causal_skip,config,"(64, 32, 4, 2)",1,96,200,128,float32,False,pass,1.32e-03,1.24e-03
v3_causal_skip,config,"(64, 64, 4, 3)",1,96,200,128,float32,False,out_of_resources,,
v3_causal_skip,config,"(128, 64, 4, 2)",1,96,200,128,float32,False,out_of_resources,,
v3_causal_skip,config,"(16, 64, 1, 3)",1,96,200,128,float32,False,out_of_resources,,
v3_causal_skip,config,"(32, 128, 2, 2)",1,96,200,128,float32,False,out_of_resources,,
v3_causal_skip,config,"(128, 32, 8, 3)",1,96,200,128,float32,False,out_of_resources,,
v3_causal_skip,apply,default,1,128,128,64,bfloat16,True,pass,7.48e-03,4.61e-07
v3_causal_skip,config,"(64, 32, 4, 3)",1,128,128,64,bfloat16,True,pass,7.48e-03,4.61e-07
v3_causal_skip,config,"(64, 32, 4, 4)",1,128,128,64,bfloat16,True,pass,7.48e-03,4.61e-07
v3_causal_skip,config,"(64, 32, 4, 5)",1,128,128,64,bfloat16,True,pass,7.48e-03,4.61e-07
v3_causal_skip,config,"(64, 128, 4, 2)",1,128,128,64,bfloat16,True,pass,7.48e-03,4.96e-07
v3_causal_skip,config,"(64, 32, 4, 2)",1,128,128,64,bfloat16,True,pass,7.48e-03,4.61e-07
v3_causal_skip,config,"(64, 64, 4, 3)",1,128,128,64,bfloat16,True,pass,7.48e-03,4.61e-07
v3_causal_skip,config,"(128, 64, 4, 2)",1,128,128,64,bfloat16,True,pass,7.48e-03,4.61e-07
v3_causal_skip,config,"(16, 64, 1, 3)",1,128,128,64,bfloat16,True,pass,7.48e-03,4.61e-07
v3_causal_skip,config,"(32, 128, 2, 2)",1,128,128,64,bfloat16,True,pass,7.48e-03,4.44e-07
v3_causal_skip,config,"(128, 32, 8, 3)",1,128,128,64,bfloat16,True,pass,7.48e-03,4.61e-07
v3_causal_skip,apply,default,1,128,128,64,bfloat16,False,pass,1.43e-03,4.31e-07
v3_causal_skip,config,"(64, 32, 4, 3)",1,128,128,64,bfloat16,False,pass,1.43e-03,4.31e-07
v3_causal_skip,config,"(64, 32, 4, 4)",1,128,128,64,bfloat16,False,pass,1.43e-03,4.31e-07
v3_causal_skip,config,"(64, 32, 4, 5)",1,128,128,64,bfloat16,False,pass,1.43e-03,4.31e-07
v3_causal_skip,config,"(64, 128, 4, 2)",1,128,128,64,bfloat16,False,pass,1.51e-03,4.31e-07
v3_causal_skip,config,"(64, 32, 4, 2)",1,128,128,64,bfloat16,False,pass,1.43e-03,4.31e-07
v3_causal_skip,config,"(64, 64, 4, 3)",1,128,128,64,bfloat16,False,pass,1.43e-03,5.24e-07
v3_causal_skip,config,"(128, 64, 4, 2)",1,128,128,64,bfloat16,False,pass,1.43e-03,5.24e-07
v3_causal_skip,config,"(16, 64, 1, 3)",1,128,128,64,bfloat16,False,pass,1.43e-03,5.24e-07
v3_causal_skip,config,"(32, 128, 2, 2)",1,128,128,64,bfloat16,False,pass,1.51e-03,4.17e-07
v3_causal_skip,config,"(128, 32, 8, 3)",1,128,128,64,bfloat16,False,pass,1.43e-03,4.31e-07
v3_causal_skip,apply,default,1,128,128,64,float32,True,pass,2.32e-03,2.15e-03
v3_causal_skip,config,"(64, 32, 4, 3)",1,128,128,64,float32,True,pass,2.32e-03,2.15e-03
v3_causal_skip,config,"(64, 32, 4, 4)",1,128,128,64,float32,True,pass,2.32e-03,2.15e-03
v3_causal_skip,config,"(64, 32, 4, 5)",1,128,128,64,float32,True,pass,2.32e-03,2.15e-03
v3_causal_skip,config,"(64, 128, 4, 2)",1,128,128,64,float32,True,pass,2.32e-03,2.15e-03
v3_causal_skip,config,"(64, 32, 4, 2)",1,128,128,64,float32,True,pass,2.32e-03,2.15e-03
v3_causal_skip,config,"(64, 64, 4, 3)",1,128,128,64,float32,True,pass,2.32e-03,2.15e-03
v3_causal_skip,config,"(128, 64, 4, 2)",1,128,128,64,float32,True,pass,2.32e-03,2.15e-03
v3_causal_skip,config,"(16, 64, 1, 3)",1,128,128,64,float32,True,pass,2.32e-03,2.15e-03
v3_causal_skip,config,"(32, 128, 2, 2)",1,128,128,64,float32,True,pass,2.32e-03,2.15e-03
v3_causal_skip,config,"(128, 32, 8, 3)",1,128,128,64,float32,True,pass,2.32e-03,2.15e-03
v3_causal_skip,apply,default,1,128,128,64,float32,False,pass,1.17e-03,1.43e-03
v3_causal_skip,config,"(64, 32, 4, 3)",1,128,128,64,float32,False,pass,1.17e-03,1.43e-03
v3_causal_skip,config,"(64, 32, 4, 4)",1,128,128,64,float32,False,pass,1.17e-03,1.43e-03
v3_causal_skip,config,"(64, 32, 4, 5)",1,128,128,64,float32,False,pass,1.17e-03,1.43e-03
v3_causal_skip,config,"(64, 128, 4, 2)",1,128,128,64,float32,False,pass,1.17e-03,1.43e-03
v3_causal_skip,config,"(64, 32, 4, 2)",1,128,128,64,float32,False,pass,1.17e-03,1.43e-03
v3_causal_skip,config,"(64, 64, 4, 3)",1,128,128,64,float32,False,pass,1.17e-03,1.43e-03
v3_causal_skip,config,"(128, 64, 4, 2)",1,128,128,64,float32,False,pass,1.17e-03,1.43e-03
v3_causal_skip,config,"(16, 64, 1, 3)",1,128,128,64,float32,False,pass,1.17e-03,1.43e-03
v3_causal_skip,config,"(32, 128, 2, 2)",1,128,128,64,float32,False,pass,1.17e-03,1.43e-03
v3_causal_skip,config,"(128, 32, 8, 3)",1,128,128,64,float32,False,pass,1.17e-03,1.43e-03
v4_exp2,apply,default,1,200,96,64,bfloat16,True,pass,7.48e-03,5.84e-07
v4_exp2,config,"(64, 32, 4, 3)",1,200,96,64,bfloat16,True,pass,7.48e-03,5.84e-07
v4_exp2,config,"(64, 32, 4, 4)",1,200,96,64,bfloat16,True,pass,7.48e-03,5.84e-07
v4_exp2,config,"(64, 32, 4, 5)",1,200,96,64,bfloat16,True,pass,7.48e-03,5.84e-07
v4_exp2,config,"(64, 128, 4, 2)",1,200,96,64,bfloat16,True,pass,7.48e-03,6.24e-07
v4_exp2,config,"(64, 32, 4, 2)",1,200,96,64,bfloat16,True,pass,7.48e-03,5.84e-07
v4_exp2,config,"(64, 64, 4, 3)",1,200,96,64,bfloat16,True,pass,7.48e-03,6.24e-07
v4_exp2,config,"(128, 64, 4, 2)",1,200,96,64,bfloat16,True,pass,7.48e-03,6.24e-07
v4_exp2,config,"(16, 64, 1, 3)",1,200,96,64,bfloat16,True,pass,7.48e-03,6.24e-07
v4_exp2,config,"(32, 128, 2, 2)",1,200,96,64,bfloat16,True,pass,7.48e-03,6.24e-07
v4_exp2,config,"(128, 32, 8, 3)",1,200,96,64,bfloat16,True,pass,7.48e-03,5.84e-07
v4_exp2,apply,default,1,200,96,64,bfloat16,False,pass,1.88e-03,5.83e-07
v4_exp2,config,"(64, 32, 4, 3)",1,200,96,64,bfloat16,False,pass,1.88e-03,5.83e-07
v4_exp2,config,"(64, 32, 4, 4)",1,200,96,64,bfloat16,False,pass,1.88e-03,5.83e-07
v4_exp2,config,"(64, 32, 4, 5)",1,200,96,64,bfloat16,False,pass,1.88e-03,5.83e-07
v4_exp2,config,"(64, 128, 4, 2)",1,200,96,64,bfloat16,False,pass,1.88e-03,6.24e-07
v4_exp2,config,"(64, 32, 4, 2)",1,200,96,64,bfloat16,False,pass,1.88e-03,5.83e-07
v4_exp2,config,"(64, 64, 4, 3)",1,200,96,64,bfloat16,False,pass,1.88e-03,6.24e-07
v4_exp2,config,"(128, 64, 4, 2)",1,200,96,64,bfloat16,False,pass,1.88e-03,6.24e-07
v4_exp2,config,"(16, 64, 1, 3)",1,200,96,64,bfloat16,False,pass,1.88e-03,6.24e-07
v4_exp2,config,"(32, 128, 2, 2)",1,200,96,64,bfloat16,False,pass,1.88e-03,6.24e-07
v4_exp2,config,"(128, 32, 8, 3)",1,200,96,64,bfloat16,False,pass,1.88e-03,5.83e-07
v4_exp2,apply,default,1,200,96,64,float32,True,pass,2.32e-03,2.15e-03
v4_exp2,config,"(64, 32, 4, 3)",1,200,96,64,float32,True,pass,2.32e-03,2.15e-03
v4_exp2,config,"(64, 32, 4, 4)",1,200,96,64,float32,True,pass,2.32e-03,2.15e-03
v4_exp2,config,"(64, 32, 4, 5)",1,200,96,64,float32,True,pass,2.32e-03,2.15e-03
v4_exp2,config,"(64, 128, 4, 2)",1,200,96,64,float32,True,pass,2.32e-03,2.15e-03
v4_exp2,config,"(64, 32, 4, 2)",1,200,96,64,float32,True,pass,2.32e-03,2.15e-03
v4_exp2,config,"(64, 64, 4, 3)",1,200,96,64,float32,True,pass,2.32e-03,2.15e-03
v4_exp2,config,"(128, 64, 4, 2)",1,200,96,64,float32,True,pass,2.32e-03,2.15e-03
v4_exp2,config,"(16, 64, 1, 3)",1,200,96,64,float32,True,pass,2.32e-03,2.15e-03
v4_exp2,config,"(32, 128, 2, 2)",1,200,96,64,float32,True,pass,2.32e-03,2.15e-03
v4_exp2,config,"(128, 32, 8, 3)",1,200,96,64,float32,True,pass,2.32e-03,2.15e-03
v4_exp2,apply,default,1,200,96,64,float32,False,pass,1.49e-03,1.54e-03
v4_exp2,config,"(64, 32, 4, 3)",1,200,96,64,float32,False,pass,1.49e-03,1.54e-03
v4_exp2,config,"(64, 32, 4, 4)",1,200,96,64,float32,False,pass,1.49e-03,1.54e-03
v4_exp2,config,"(64, 32, 4, 5)",1,200,96,64,float32,False,pass,1.49e-03,1.54e-03
v4_exp2,config,"(64, 128, 4, 2)",1,200,96,64,float32,False,pass,1.49e-03,1.54e-03
v4_exp2,config,"(64, 32, 4, 2)",1,200,96,64,float32,False,pass,1.49e-03,1.54e-03
v4_exp2,config,"(64, 64, 4, 3)",1,200,96,64,float32,False,pass,1.49e-03,1.54e-03
v4_exp2,config,"(128, 64, 4, 2)",1,200,96,64,float32,False,pass,1.49e-03,1.54e-03
v4_exp2,config,"(16, 64, 1, 3)",1,200,96,64,float32,False,pass,1.49e-03,1.54e-03
v4_exp2,config,"(32, 128, 2, 2)",1,200,96,64,float32,False,pass,1.49e-03,1.54e-03
v4_exp2,config,"(128, 32, 8, 3)",1,200,96,64,float32,False,pass,1.49e-03,1.54e-03
v4_exp2,apply,default,1,96,200,64,bfloat16,True,pass,7.48e-03,5.84e-07
v4_exp2,config,"(64, 32, 4, 3)",1,96,200,64,bfloat16,True,pass,7.48e-03,5.84e-07
v4_exp2,config,"(64, 32, 4, 4)",1,96,200,64,bfloat16,True,pass,7.48e-03,5.84e-07
v4_exp2,config,"(64, 32, 4, 5)",1,96,200,64,bfloat16,True,pass,7.48e-03,5.84e-07
v4_exp2,config,"(64, 128, 4, 2)",1,96,200,64,bfloat16,True,pass,7.48e-03,5.84e-07
v4_exp2,config,"(64, 32, 4, 2)",1,96,200,64,bfloat16,True,pass,7.48e-03,5.84e-07
v4_exp2,config,"(64, 64, 4, 3)",1,96,200,64,bfloat16,True,pass,7.48e-03,5.84e-07
v4_exp2,config,"(128, 64, 4, 2)",1,96,200,64,bfloat16,True,pass,7.48e-03,5.84e-07
v4_exp2,config,"(16, 64, 1, 3)",1,96,200,64,bfloat16,True,pass,7.48e-03,5.84e-07
v4_exp2,config,"(32, 128, 2, 2)",1,96,200,64,bfloat16,True,pass,7.48e-03,5.84e-07
v4_exp2,config,"(128, 32, 8, 3)",1,96,200,64,bfloat16,True,pass,7.48e-03,5.84e-07
v4_exp2,apply,default,1,96,200,64,bfloat16,False,pass,1.18e-03,7.47e-07
v4_exp2,config,"(64, 32, 4, 3)",1,96,200,64,bfloat16,False,pass,1.18e-03,7.47e-07
v4_exp2,config,"(64, 32, 4, 4)",1,96,200,64,bfloat16,False,pass,1.18e-03,7.47e-07
v4_exp2,config,"(64, 32, 4, 5)",1,96,200,64,bfloat16,False,pass,1.18e-03,7.47e-07
v4_exp2,config,"(64, 128, 4, 2)",1,96,200,64,bfloat16,False,pass,1.18e-03,6.99e-07
v4_exp2,config,"(64, 32, 4, 2)",1,96,200,64,bfloat16,False,pass,1.18e-03,7.47e-07
v4_exp2,config,"(64, 64, 4, 3)",1,96,200,64,bfloat16,False,pass,1.18e-03,7.47e-07
v4_exp2,config,"(128, 64, 4, 2)",1,96,200,64,bfloat16,False,pass,1.18e-03,7.47e-07
v4_exp2,config,"(16, 64, 1, 3)",1,96,200,64,bfloat16,False,pass,1.18e-03,7.47e-07
v4_exp2,config,"(32, 128, 2, 2)",1,96,200,64,bfloat16,False,pass,1.18e-03,6.99e-07
v4_exp2,config,"(128, 32, 8, 3)",1,96,200,64,bfloat16,False,pass,1.18e-03,7.47e-07
v4_exp2,apply,default,1,96,200,64,float32,True,pass,2.32e-03,2.15e-03
v4_exp2,config,"(64, 32, 4, 3)",1,96,200,64,float32,True,pass,2.32e-03,2.15e-03
v4_exp2,config,"(64, 32, 4, 4)",1,96,200,64,float32,True,pass,2.32e-03,2.15e-03
v4_exp2,config,"(64, 32, 4, 5)",1,96,200,64,float32,True,pass,2.32e-03,2.15e-03
v4_exp2,config,"(64, 128, 4, 2)",1,96,200,64,float32,True,pass,2.32e-03,2.15e-03
v4_exp2,config,"(64, 32, 4, 2)",1,96,200,64,float32,True,pass,2.32e-03,2.15e-03
v4_exp2,config,"(64, 64, 4, 3)",1,96,200,64,float32,True,pass,2.32e-03,2.15e-03
v4_exp2,config,"(128, 64, 4, 2)",1,96,200,64,float32,True,pass,2.32e-03,2.15e-03
v4_exp2,config,"(16, 64, 1, 3)",1,96,200,64,float32,True,pass,2.32e-03,2.15e-03
v4_exp2,config,"(32, 128, 2, 2)",1,96,200,64,float32,True,pass,2.32e-03,2.15e-03
v4_exp2,config,"(128, 32, 8, 3)",1,96,200,64,float32,True,pass,2.32e-03,2.15e-03
v4_exp2,apply,default,1,96,200,64,float32,False,pass,1.68e-03,1.43e-03
v4_exp2,config,"(64, 32, 4, 3)",1,96,200,64,float32,False,pass,1.68e-03,1.43e-03
v4_exp2,config,"(64, 32, 4, 4)",1,96,200,64,float32,False,pass,1.68e-03,1.43e-03
v4_exp2,config,"(64, 32, 4, 5)",1,96,200,64,float32,False,pass,1.68e-03,1.43e-03
v4_exp2,config,"(64, 128, 4, 2)",1,96,200,64,float32,False,pass,1.70e-03,1.43e-03
v4_exp2,config,"(64, 32, 4, 2)",1,96,200,64,float32,False,pass,1.68e-03,1.43e-03
v4_exp2,config,"(64, 64, 4, 3)",1,96,200,64,float32,False,pass,1.70e-03,1.43e-03
v4_exp2,config,"(128, 64, 4, 2)",1,96,200,64,float32,False,pass,1.70e-03,1.43e-03
v4_exp2,config,"(16, 64, 1, 3)",1,96,200,64,float32,False,pass,1.70e-03,1.43e-03
v4_exp2,config,"(32, 128, 2, 2)",1,96,200,64,float32,False,pass,1.70e-03,1.43e-03
v4_exp2,config,"(128, 32, 8, 3)",1,96,200,64,float32,False,pass,1.68e-03,1.43e-03
v4_exp2,apply,default,1,37,53,32,bfloat16,True,pass,7.09e-03,3.50e-07
v4_exp2,config,"(64, 32, 4, 3)",1,37,53,32,bfloat16,True,pass,7.09e-03,3.50e-07
v4_exp2,config,"(64, 32, 4, 4)",1,37,53,32,bfloat16,True,pass,7.09e-03,3.50e-07
v4_exp2,config,"(64, 32, 4, 5)",1,37,53,32,bfloat16,True,pass,7.09e-03,3.50e-07
v4_exp2,config,"(64, 128, 4, 2)",1,37,53,32,bfloat16,True,pass,7.09e-03,3.50e-07
v4_exp2,config,"(64, 32, 4, 2)",1,37,53,32,bfloat16,True,pass,7.09e-03,3.50e-07
v4_exp2,config,"(64, 64, 4, 3)",1,37,53,32,bfloat16,True,pass,7.09e-03,3.50e-07
v4_exp2,config,"(128, 64, 4, 2)",1,37,53,32,bfloat16,True,pass,7.09e-03,3.50e-07
v4_exp2,config,"(16, 64, 1, 3)",1,37,53,32,bfloat16,True,pass,7.09e-03,3.50e-07
v4_exp2,config,"(32, 128, 2, 2)",1,37,53,32,bfloat16,True,pass,7.09e-03,3.50e-07
v4_exp2,config,"(128, 32, 8, 3)",1,37,53,32,bfloat16,True,pass,7.09e-03,3.50e-07
v4_exp2,apply,default,1,37,53,32,bfloat16,False,pass,2.06e-03,3.83e-07
v4_exp2,config,"(64, 32, 4, 3)",1,37,53,32,bfloat16,False,pass,2.06e-03,3.83e-07
v4_exp2,config,"(64, 32, 4, 4)",1,37,53,32,bfloat16,False,pass,2.06e-03,3.83e-07
v4_exp2,config,"(64, 32, 4, 5)",1,37,53,32,bfloat16,False,pass,2.06e-03,3.83e-07
v4_exp2,config,"(64, 128, 4, 2)",1,37,53,32,bfloat16,False,pass,2.63e-03,3.83e-07
v4_exp2,config,"(64, 32, 4, 2)",1,37,53,32,bfloat16,False,pass,2.06e-03,3.83e-07
v4_exp2,config,"(64, 64, 4, 3)",1,37,53,32,bfloat16,False,pass,2.63e-03,3.83e-07
v4_exp2,config,"(128, 64, 4, 2)",1,37,53,32,bfloat16,False,pass,2.63e-03,3.83e-07
v4_exp2,config,"(16, 64, 1, 3)",1,37,53,32,bfloat16,False,pass,2.63e-03,3.83e-07
v4_exp2,config,"(32, 128, 2, 2)",1,37,53,32,bfloat16,False,pass,2.63e-03,3.83e-07
v4_exp2,config,"(128, 32, 8, 3)",1,37,53,32,bfloat16,False,pass,2.06e-03,3.83e-07
v4_exp2,apply,default,1,37,53,32,float32,True,pass,2.32e-03,1.60e-03
v4_exp2,config,"(64, 32, 4, 3)",1,37,53,32,float32,True,pass,2.32e-03,1.60e-03
v4_exp2,config,"(64, 32, 4, 4)",1,37,53,32,float32,True,pass,2.32e-03,1.60e-03
v4_exp2,config,"(64, 32, 4, 5)",1,37,53,32,float32,True,pass,2.32e-03,1.60e-03
v4_exp2,config,"(64, 128, 4, 2)",1,37,53,32,float32,True,pass,2.32e-03,1.60e-03
v4_exp2,config,"(64, 32, 4, 2)",1,37,53,32,float32,True,pass,2.32e-03,1.60e-03
v4_exp2,config,"(64, 64, 4, 3)",1,37,53,32,float32,True,pass,2.32e-03,1.60e-03
v4_exp2,config,"(128, 64, 4, 2)",1,37,53,32,float32,True,pass,2.32e-03,1.60e-03
v4_exp2,config,"(16, 64, 1, 3)",1,37,53,32,float32,True,pass,2.32e-03,1.60e-03
v4_exp2,config,"(32, 128, 2, 2)",1,37,53,32,float32,True,pass,2.32e-03,1.60e-03
v4_exp2,config,"(128, 32, 8, 3)",1,37,53,32,float32,True,pass,2.32e-03,1.60e-03
v4_exp2,apply,default,1,37,53,32,float32,False,pass,2.16e-03,2.10e-03
v4_exp2,config,"(64, 32, 4, 3)",1,37,53,32,float32,False,pass,2.16e-03,2.10e-03
v4_exp2,config,"(64, 32, 4, 4)",1,37,53,32,float32,False,pass,2.16e-03,2.10e-03
v4_exp2,config,"(64, 32, 4, 5)",1,37,53,32,float32,False,pass,2.16e-03,2.10e-03
v4_exp2,config,"(64, 128, 4, 2)",1,37,53,32,float32,False,pass,2.19e-03,2.10e-03
v4_exp2,config,"(64, 32, 4, 2)",1,37,53,32,float32,False,pass,2.16e-03,2.10e-03
v4_exp2,config,"(64, 64, 4, 3)",1,37,53,32,float32,False,pass,2.19e-03,2.10e-03
v4_exp2,config,"(128, 64, 4, 2)",1,37,53,32,float32,False,pass,2.19e-03,2.10e-03
v4_exp2,config,"(16, 64, 1, 3)",1,37,53,32,float32,False,pass,2.19e-03,2.10e-03
v4_exp2,config,"(32, 128, 2, 2)",1,37,53,32,float32,False,pass,2.19e-03,2.10e-03
v4_exp2,config,"(128, 32, 8, 3)",1,37,53,32,float32,False,pass,2.16e-03,2.10e-03
v4_exp2,apply,default,1,53,37,32,bfloat16,True,pass,7.09e-03,3.50e-07
v4_exp2,config,"(64, 32, 4, 3)",1,53,37,32,bfloat16,True,pass,7.09e-03,3.50e-07
v4_exp2,config,"(64, 32, 4, 4)",1,53,37,32,bfloat16,True,pass,7.09e-03,3.50e-07
v4_exp2,config,"(64, 32, 4, 5)",1,53,37,32,bfloat16,True,pass,7.09e-03,3.50e-07
v4_exp2,config,"(64, 128, 4, 2)",1,53,37,32,bfloat16,True,pass,7.09e-03,3.50e-07
v4_exp2,config,"(64, 32, 4, 2)",1,53,37,32,bfloat16,True,pass,7.09e-03,3.50e-07
v4_exp2,config,"(64, 64, 4, 3)",1,53,37,32,bfloat16,True,pass,7.09e-03,3.50e-07
v4_exp2,config,"(128, 64, 4, 2)",1,53,37,32,bfloat16,True,pass,7.09e-03,3.50e-07
v4_exp2,config,"(16, 64, 1, 3)",1,53,37,32,bfloat16,True,pass,7.09e-03,3.50e-07
v4_exp2,config,"(32, 128, 2, 2)",1,53,37,32,bfloat16,True,pass,7.09e-03,3.50e-07
v4_exp2,config,"(128, 32, 8, 3)",1,53,37,32,bfloat16,True,pass,7.09e-03,3.50e-07
v4_exp2,apply,default,1,53,37,32,bfloat16,False,pass,2.28e-03,4.82e-07
v4_exp2,config,"(64, 32, 4, 3)",1,53,37,32,bfloat16,False,pass,2.28e-03,4.82e-07
v4_exp2,config,"(64, 32, 4, 4)",1,53,37,32,bfloat16,False,pass,2.28e-03,4.82e-07
v4_exp2,config,"(64, 32, 4, 5)",1,53,37,32,bfloat16,False,pass,2.28e-03,4.82e-07
v4_exp2,config,"(64, 128, 4, 2)",1,53,37,32,bfloat16,False,pass,2.28e-03,4.25e-07
v4_exp2,config,"(64, 32, 4, 2)",1,53,37,32,bfloat16,False,pass,2.28e-03,4.82e-07
v4_exp2,config,"(64, 64, 4, 3)",1,53,37,32,bfloat16,False,pass,2.28e-03,4.25e-07
v4_exp2,config,"(128, 64, 4, 2)",1,53,37,32,bfloat16,False,pass,2.28e-03,4.25e-07
v4_exp2,config,"(16, 64, 1, 3)",1,53,37,32,bfloat16,False,pass,2.28e-03,4.25e-07
v4_exp2,config,"(32, 128, 2, 2)",1,53,37,32,bfloat16,False,pass,2.28e-03,4.25e-07
v4_exp2,config,"(128, 32, 8, 3)",1,53,37,32,bfloat16,False,pass,2.28e-03,4.82e-07
v4_exp2,apply,default,1,53,37,32,float32,True,pass,2.32e-03,1.60e-03
v4_exp2,config,"(64, 32, 4, 3)",1,53,37,32,float32,True,pass,2.32e-03,1.60e-03
v4_exp2,config,"(64, 32, 4, 4)",1,53,37,32,float32,True,pass,2.32e-03,1.60e-03
v4_exp2,config,"(64, 32, 4, 5)",1,53,37,32,float32,True,pass,2.32e-03,1.60e-03
v4_exp2,config,"(64, 128, 4, 2)",1,53,37,32,float32,True,pass,2.32e-03,1.60e-03
v4_exp2,config,"(64, 32, 4, 2)",1,53,37,32,float32,True,pass,2.32e-03,1.60e-03
v4_exp2,config,"(64, 64, 4, 3)",1,53,37,32,float32,True,pass,2.32e-03,1.60e-03
v4_exp2,config,"(128, 64, 4, 2)",1,53,37,32,float32,True,pass,2.32e-03,1.60e-03
v4_exp2,config,"(16, 64, 1, 3)",1,53,37,32,float32,True,pass,2.32e-03,1.60e-03
v4_exp2,config,"(32, 128, 2, 2)",1,53,37,32,float32,True,pass,2.32e-03,1.60e-03
v4_exp2,config,"(128, 32, 8, 3)",1,53,37,32,float32,True,pass,2.32e-03,1.60e-03
v4_exp2,apply,default,1,53,37,32,float32,False,pass,1.65e-03,1.42e-03
v4_exp2,config,"(64, 32, 4, 3)",1,53,37,32,float32,False,pass,1.65e-03,1.42e-03
v4_exp2,config,"(64, 32, 4, 4)",1,53,37,32,float32,False,pass,1.65e-03,1.42e-03
v4_exp2,config,"(64, 32, 4, 5)",1,53,37,32,float32,False,pass,1.65e-03,1.42e-03
v4_exp2,config,"(64, 128, 4, 2)",1,53,37,32,float32,False,pass,1.65e-03,1.42e-03
v4_exp2,config,"(64, 32, 4, 2)",1,53,37,32,float32,False,pass,1.65e-03,1.42e-03
v4_exp2,config,"(64, 64, 4, 3)",1,53,37,32,float32,False,pass,1.65e-03,1.42e-03
v4_exp2,config,"(128, 64, 4, 2)",1,53,37,32,float32,False,pass,1.65e-03,1.42e-03
v4_exp2,config,"(16, 64, 1, 3)",1,53,37,32,float32,False,pass,1.65e-03,1.42e-03
v4_exp2,config,"(32, 128, 2, 2)",1,53,37,32,float32,False,pass,1.65e-03,1.42e-03
v4_exp2,config,"(128, 32, 8, 3)",1,53,37,32,float32,False,pass,1.65e-03,1.42e-03
v4_exp2,apply,default,2,100,100,16,bfloat16,True,pass,8.93e-03,5.63e-07
v4_exp2,config,"(64, 32, 4, 3)",2,100,100,16,bfloat16,True,pass,8.93e-03,5.63e-07
v4_exp2,config,"(64, 32, 4, 4)",2,100,100,16,bfloat16,True,pass,8.93e-03,5.63e-07
v4_exp2,config,"(64, 32, 4, 5)",2,100,100,16,bfloat16,True,pass,8.93e-03,5.63e-07
v4_exp2,config,"(64, 128, 4, 2)",2,100,100,16,bfloat16,True,pass,8.93e-03,5.63e-07
v4_exp2,config,"(64, 32, 4, 2)",2,100,100,16,bfloat16,True,pass,8.93e-03,5.63e-07
v4_exp2,config,"(64, 64, 4, 3)",2,100,100,16,bfloat16,True,pass,8.93e-03,5.63e-07
v4_exp2,config,"(128, 64, 4, 2)",2,100,100,16,bfloat16,True,pass,8.93e-03,5.63e-07
v4_exp2,config,"(16, 64, 1, 3)",2,100,100,16,bfloat16,True,pass,8.93e-03,5.63e-07
v4_exp2,config,"(32, 128, 2, 2)",2,100,100,16,bfloat16,True,pass,8.93e-03,5.63e-07
v4_exp2,config,"(128, 32, 8, 3)",2,100,100,16,bfloat16,True,pass,8.93e-03,5.63e-07
v4_exp2,apply,default,2,100,100,16,bfloat16,False,pass,2.25e-03,5.25e-07
v4_exp2,config,"(64, 32, 4, 3)",2,100,100,16,bfloat16,False,pass,2.25e-03,5.25e-07
v4_exp2,config,"(64, 32, 4, 4)",2,100,100,16,bfloat16,False,pass,2.25e-03,5.25e-07
v4_exp2,config,"(64, 32, 4, 5)",2,100,100,16,bfloat16,False,pass,2.25e-03,5.25e-07
v4_exp2,config,"(64, 128, 4, 2)",2,100,100,16,bfloat16,False,pass,2.25e-03,6.13e-07
v4_exp2,config,"(64, 32, 4, 2)",2,100,100,16,bfloat16,False,pass,2.25e-03,5.25e-07
v4_exp2,config,"(64, 64, 4, 3)",2,100,100,16,bfloat16,False,pass,2.25e-03,5.25e-07
v4_exp2,config,"(128, 64, 4, 2)",2,100,100,16,bfloat16,False,pass,2.25e-03,5.25e-07
v4_exp2,config,"(16, 64, 1, 3)",2,100,100,16,bfloat16,False,pass,2.25e-03,5.25e-07
v4_exp2,config,"(32, 128, 2, 2)",2,100,100,16,bfloat16,False,pass,2.25e-03,6.13e-07
v4_exp2,config,"(128, 32, 8, 3)",2,100,100,16,bfloat16,False,pass,2.25e-03,5.25e-07
v4_exp2,apply,default,2,100,100,16,float32,True,pass,2.04e-03,2.38e-03
v4_exp2,config,"(64, 32, 4, 3)",2,100,100,16,float32,True,pass,2.04e-03,2.38e-03
v4_exp2,config,"(64, 32, 4, 4)",2,100,100,16,float32,True,pass,2.04e-03,2.38e-03
v4_exp2,config,"(64, 32, 4, 5)",2,100,100,16,float32,True,pass,2.04e-03,2.38e-03
v4_exp2,config,"(64, 128, 4, 2)",2,100,100,16,float32,True,pass,2.04e-03,2.38e-03
v4_exp2,config,"(64, 32, 4, 2)",2,100,100,16,float32,True,pass,2.04e-03,2.38e-03
v4_exp2,config,"(64, 64, 4, 3)",2,100,100,16,float32,True,pass,2.04e-03,2.38e-03
v4_exp2,config,"(128, 64, 4, 2)",2,100,100,16,float32,True,pass,2.04e-03,2.38e-03
v4_exp2,config,"(16, 64, 1, 3)",2,100,100,16,float32,True,pass,2.04e-03,2.38e-03
v4_exp2,config,"(32, 128, 2, 2)",2,100,100,16,float32,True,pass,2.04e-03,2.38e-03
v4_exp2,config,"(128, 32, 8, 3)",2,100,100,16,float32,True,pass,2.04e-03,2.38e-03
v4_exp2,apply,default,2,100,100,16,float32,False,pass,1.71e-03,2.25e-03
v4_exp2,config,"(64, 32, 4, 3)",2,100,100,16,float32,False,pass,1.71e-03,2.25e-03
v4_exp2,config,"(64, 32, 4, 4)",2,100,100,16,float32,False,pass,1.71e-03,2.25e-03
v4_exp2,config,"(64, 32, 4, 5)",2,100,100,16,float32,False,pass,1.71e-03,2.25e-03
v4_exp2,config,"(64, 128, 4, 2)",2,100,100,16,float32,False,pass,1.69e-03,2.25e-03
v4_exp2,config,"(64, 32, 4, 2)",2,100,100,16,float32,False,pass,1.71e-03,2.25e-03
v4_exp2,config,"(64, 64, 4, 3)",2,100,100,16,float32,False,pass,1.71e-03,2.25e-03
v4_exp2,config,"(128, 64, 4, 2)",2,100,100,16,float32,False,pass,1.71e-03,2.25e-03
v4_exp2,config,"(16, 64, 1, 3)",2,100,100,16,float32,False,pass,1.71e-03,2.25e-03
v4_exp2,config,"(32, 128, 2, 2)",2,100,100,16,float32,False,pass,1.69e-03,2.25e-03
v4_exp2,config,"(128, 32, 8, 3)",2,100,100,16,float32,False,pass,1.71e-03,2.25e-03
v4_exp2,apply,default,2,64,128,16,bfloat16,True,pass,8.93e-03,4.80e-07
v4_exp2,config,"(64, 32, 4, 3)",2,64,128,16,bfloat16,True,pass,8.93e-03,4.80e-07
v4_exp2,config,"(64, 32, 4, 4)",2,64,128,16,bfloat16,True,pass,8.93e-03,4.80e-07
v4_exp2,config,"(64, 32, 4, 5)",2,64,128,16,bfloat16,True,pass,8.93e-03,4.80e-07
v4_exp2,config,"(64, 128, 4, 2)",2,64,128,16,bfloat16,True,pass,8.93e-03,4.80e-07
v4_exp2,config,"(64, 32, 4, 2)",2,64,128,16,bfloat16,True,pass,8.93e-03,4.80e-07
v4_exp2,config,"(64, 64, 4, 3)",2,64,128,16,bfloat16,True,pass,8.93e-03,4.80e-07
v4_exp2,config,"(128, 64, 4, 2)",2,64,128,16,bfloat16,True,pass,8.93e-03,4.80e-07
v4_exp2,config,"(16, 64, 1, 3)",2,64,128,16,bfloat16,True,pass,8.93e-03,4.80e-07
v4_exp2,config,"(32, 128, 2, 2)",2,64,128,16,bfloat16,True,pass,8.93e-03,4.80e-07
v4_exp2,config,"(128, 32, 8, 3)",2,64,128,16,bfloat16,True,pass,8.93e-03,4.80e-07
v4_exp2,apply,default,2,64,128,16,bfloat16,False,pass,1.55e-03,4.85e-07
v4_exp2,config,"(64, 32, 4, 3)",2,64,128,16,bfloat16,False,pass,1.55e-03,4.85e-07
v4_exp2,config,"(64, 32, 4, 4)",2,64,128,16,bfloat16,False,pass,1.55e-03,4.85e-07
v4_exp2,config,"(64, 32, 4, 5)",2,64,128,16,bfloat16,False,pass,1.55e-03,4.85e-07
v4_exp2,config,"(64, 128, 4, 2)",2,64,128,16,bfloat16,False,pass,1.55e-03,4.85e-07
v4_exp2,config,"(64, 32, 4, 2)",2,64,128,16,bfloat16,False,pass,1.55e-03,4.85e-07
v4_exp2,config,"(64, 64, 4, 3)",2,64,128,16,bfloat16,False,pass,1.55e-03,4.85e-07
v4_exp2,config,"(128, 64, 4, 2)",2,64,128,16,bfloat16,False,pass,1.55e-03,4.85e-07
v4_exp2,config,"(16, 64, 1, 3)",2,64,128,16,bfloat16,False,pass,1.55e-03,4.85e-07
v4_exp2,config,"(32, 128, 2, 2)",2,64,128,16,bfloat16,False,pass,1.55e-03,4.85e-07
v4_exp2,config,"(128, 32, 8, 3)",2,64,128,16,bfloat16,False,pass,1.55e-03,4.85e-07
v4_exp2,apply,default,2,64,128,16,float32,True,pass,1.97e-03,2.38e-03
v4_exp2,config,"(64, 32, 4, 3)",2,64,128,16,float32,True,pass,1.97e-03,2.38e-03
v4_exp2,config,"(64, 32, 4, 4)",2,64,128,16,float32,True,pass,1.97e-03,2.38e-03
v4_exp2,config,"(64, 32, 4, 5)",2,64,128,16,float32,True,pass,1.97e-03,2.38e-03
v4_exp2,config,"(64, 128, 4, 2)",2,64,128,16,float32,True,pass,1.97e-03,2.38e-03
v4_exp2,config,"(64, 32, 4, 2)",2,64,128,16,float32,True,pass,1.97e-03,2.38e-03
v4_exp2,config,"(64, 64, 4, 3)",2,64,128,16,float32,True,pass,1.97e-03,2.38e-03
v4_exp2,config,"(128, 64, 4, 2)",2,64,128,16,float32,True,pass,1.97e-03,2.38e-03
v4_exp2,config,"(16, 64, 1, 3)",2,64,128,16,float32,True,pass,1.97e-03,2.38e-03
v4_exp2,config,"(32, 128, 2, 2)",2,64,128,16,float32,True,pass,1.97e-03,2.38e-03
v4_exp2,config,"(128, 32, 8, 3)",2,64,128,16,float32,True,pass,1.97e-03,2.38e-03
v4_exp2,apply,default,2,64,128,16,float32,False,pass,1.12e-03,2.13e-03
v4_exp2,config,"(64, 32, 4, 3)",2,64,128,16,float32,False,pass,1.12e-03,2.13e-03
v4_exp2,config,"(64, 32, 4, 4)",2,64,128,16,float32,False,pass,1.12e-03,2.13e-03
v4_exp2,config,"(64, 32, 4, 5)",2,64,128,16,float32,False,pass,1.12e-03,2.13e-03
v4_exp2,config,"(64, 128, 4, 2)",2,64,128,16,float32,False,pass,1.12e-03,2.13e-03
v4_exp2,config,"(64, 32, 4, 2)",2,64,128,16,float32,False,pass,1.12e-03,2.13e-03
v4_exp2,config,"(64, 64, 4, 3)",2,64,128,16,float32,False,pass,1.12e-03,2.13e-03
v4_exp2,config,"(128, 64, 4, 2)",2,64,128,16,float32,False,pass,1.12e-03,2.13e-03
v4_exp2,config,"(16, 64, 1, 3)",2,64,128,16,float32,False,pass,1.12e-03,2.13e-03
v4_exp2,config,"(32, 128, 2, 2)",2,64,128,16,float32,False,pass,1.12e-03,2.13e-03
v4_exp2,config,"(128, 32, 8, 3)",2,64,128,16,float32,False,pass,1.12e-03,2.13e-03
v4_exp2,apply,default,2,128,64,16,bfloat16,True,pass,8.93e-03,5.00e-07
v4_exp2,config,"(64, 32, 4, 3)",2,128,64,16,bfloat16,True,pass,8.93e-03,5.00e-07
v4_exp2,config,"(64, 32, 4, 4)",2,128,64,16,bfloat16,True,pass,8.93e-03,5.00e-07
v4_exp2,config,"(64, 32, 4, 5)",2,128,64,16,bfloat16,True,pass,8.93e-03,5.00e-07
v4_exp2,config,"(64, 128, 4, 2)",2,128,64,16,bfloat16,True,pass,8.93e-03,6.46e-07
v4_exp2,config,"(64, 32, 4, 2)",2,128,64,16,bfloat16,True,pass,8.93e-03,5.00e-07
v4_exp2,config,"(64, 64, 4, 3)",2,128,64,16,bfloat16,True,pass,8.93e-03,6.46e-07
v4_exp2,config,"(128, 64, 4, 2)",2,128,64,16,bfloat16,True,pass,8.93e-03,6.46e-07
v4_exp2,config,"(16, 64, 1, 3)",2,128,64,16,bfloat16,True,pass,8.93e-03,6.46e-07
v4_exp2,config,"(32, 128, 2, 2)",2,128,64,16,bfloat16,True,pass,8.93e-03,6.46e-07
v4_exp2,config,"(128, 32, 8, 3)",2,128,64,16,bfloat16,True,pass,8.93e-03,5.00e-07
v4_exp2,apply,default,2,128,64,16,bfloat16,False,pass,2.25e-03,6.67e-07
v4_exp2,config,"(64, 32, 4, 3)",2,128,64,16,bfloat16,False,pass,2.25e-03,6.67e-07
v4_exp2,config,"(64, 32, 4, 4)",2,128,64,16,bfloat16,False,pass,2.25e-03,6.67e-07
v4_exp2,config,"(64, 32, 4, 5)",2,128,64,16,bfloat16,False,pass,2.25e-03,6.67e-07
v4_exp2,config,"(64, 128, 4, 2)",2,128,64,16,bfloat16,False,pass,2.25e-03,6.46e-07
v4_exp2,config,"(64, 32, 4, 2)",2,128,64,16,bfloat16,False,pass,2.25e-03,6.67e-07
v4_exp2,config,"(64, 64, 4, 3)",2,128,64,16,bfloat16,False,pass,2.25e-03,6.46e-07
v4_exp2,config,"(128, 64, 4, 2)",2,128,64,16,bfloat16,False,pass,2.25e-03,6.46e-07
v4_exp2,config,"(16, 64, 1, 3)",2,128,64,16,bfloat16,False,pass,2.25e-03,6.46e-07
v4_exp2,config,"(32, 128, 2, 2)",2,128,64,16,bfloat16,False,pass,2.25e-03,6.46e-07
v4_exp2,config,"(128, 32, 8, 3)",2,128,64,16,bfloat16,False,pass,2.25e-03,6.67e-07
v4_exp2,apply,default,2,128,64,16,float32,True,pass,1.97e-03,2.38e-03
v4_exp2,config,"(64, 32, 4, 3)",2,128,64,16,float32,True,pass,1.97e-03,2.38e-03
v4_exp2,config,"(64, 32, 4, 4)",2,128,64,16,float32,True,pass,1.97e-03,2.38e-03
v4_exp2,config,"(64, 32, 4, 5)",2,128,64,16,float32,True,pass,1.97e-03,2.38e-03
v4_exp2,config,"(64, 128, 4, 2)",2,128,64,16,float32,True,pass,1.97e-03,2.38e-03
v4_exp2,config,"(64, 32, 4, 2)",2,128,64,16,float32,True,pass,1.97e-03,2.38e-03
v4_exp2,config,"(64, 64, 4, 3)",2,128,64,16,float32,True,pass,1.97e-03,2.38e-03
v4_exp2,config,"(128, 64, 4, 2)",2,128,64,16,float32,True,pass,1.97e-03,2.38e-03
v4_exp2,config,"(16, 64, 1, 3)",2,128,64,16,float32,True,pass,1.97e-03,2.38e-03
v4_exp2,config,"(32, 128, 2, 2)",2,128,64,16,float32,True,pass,1.97e-03,2.38e-03
v4_exp2,config,"(128, 32, 8, 3)",2,128,64,16,float32,True,pass,1.97e-03,2.38e-03
v4_exp2,apply,default,2,128,64,16,float32,False,pass,2.03e-03,2.35e-03
v4_exp2,config,"(64, 32, 4, 3)",2,128,64,16,float32,False,pass,2.03e-03,2.35e-03
v4_exp2,config,"(64, 32, 4, 4)",2,128,64,16,float32,False,pass,2.03e-03,2.35e-03
v4_exp2,config,"(64, 32, 4, 5)",2,128,64,16,float32,False,pass,2.03e-03,2.35e-03
v4_exp2,config,"(64, 128, 4, 2)",2,128,64,16,float32,False,pass,2.03e-03,2.35e-03
v4_exp2,config,"(64, 32, 4, 2)",2,128,64,16,float32,False,pass,2.03e-03,2.35e-03
v4_exp2,config,"(64, 64, 4, 3)",2,128,64,16,float32,False,pass,2.03e-03,2.35e-03
v4_exp2,config,"(128, 64, 4, 2)",2,128,64,16,float32,False,pass,2.03e-03,2.35e-03
v4_exp2,config,"(16, 64, 1, 3)",2,128,64,16,float32,False,pass,2.03e-03,2.35e-03
v4_exp2,config,"(32, 128, 2, 2)",2,128,64,16,float32,False,pass,2.03e-03,2.35e-03
v4_exp2,config,"(128, 32, 8, 3)",2,128,64,16,float32,False,pass,2.03e-03,2.35e-03
v4_exp2,apply,default,1,1,77,64,bfloat16,True,pass,0.00e+00,1.49e-08
v4_exp2,config,"(64, 32, 4, 3)",1,1,77,64,bfloat16,True,pass,0.00e+00,1.49e-08
v4_exp2,config,"(64, 32, 4, 4)",1,1,77,64,bfloat16,True,pass,0.00e+00,1.49e-08
v4_exp2,config,"(64, 32, 4, 5)",1,1,77,64,bfloat16,True,pass,0.00e+00,1.49e-08
v4_exp2,config,"(64, 128, 4, 2)",1,1,77,64,bfloat16,True,pass,0.00e+00,1.49e-08
v4_exp2,config,"(64, 32, 4, 2)",1,1,77,64,bfloat16,True,pass,0.00e+00,1.49e-08
v4_exp2,config,"(64, 64, 4, 3)",1,1,77,64,bfloat16,True,pass,0.00e+00,1.49e-08
v4_exp2,config,"(128, 64, 4, 2)",1,1,77,64,bfloat16,True,pass,0.00e+00,1.49e-08
v4_exp2,config,"(16, 64, 1, 3)",1,1,77,64,bfloat16,True,pass,0.00e+00,1.49e-08
v4_exp2,config,"(32, 128, 2, 2)",1,1,77,64,bfloat16,True,pass,0.00e+00,1.49e-08
v4_exp2,config,"(128, 32, 8, 3)",1,1,77,64,bfloat16,True,pass,0.00e+00,1.49e-08
v4_exp2,apply,default,1,1,77,64,bfloat16,False,pass,1.51e-03,1.18e-07
v4_exp2,config,"(64, 32, 4, 3)",1,1,77,64,bfloat16,False,pass,1.51e-03,1.18e-07
v4_exp2,config,"(64, 32, 4, 4)",1,1,77,64,bfloat16,False,pass,1.51e-03,1.18e-07
v4_exp2,config,"(64, 32, 4, 5)",1,1,77,64,bfloat16,False,pass,1.51e-03,1.18e-07
v4_exp2,config,"(64, 128, 4, 2)",1,1,77,64,bfloat16,False,pass,6.49e-04,1.18e-07
v4_exp2,config,"(64, 32, 4, 2)",1,1,77,64,bfloat16,False,pass,1.51e-03,1.18e-07
v4_exp2,config,"(64, 64, 4, 3)",1,1,77,64,bfloat16,False,pass,1.51e-03,1.18e-07
v4_exp2,config,"(128, 64, 4, 2)",1,1,77,64,bfloat16,False,pass,1.51e-03,1.18e-07
v4_exp2,config,"(16, 64, 1, 3)",1,1,77,64,bfloat16,False,pass,1.51e-03,1.18e-07
v4_exp2,config,"(32, 128, 2, 2)",1,1,77,64,bfloat16,False,pass,6.49e-04,1.18e-07
v4_exp2,config,"(128, 32, 8, 3)",1,1,77,64,bfloat16,False,pass,1.51e-03,1.18e-07
v4_exp2,apply,default,1,1,77,64,float32,True,pass,1.54e-03,6.14e-04
v4_exp2,config,"(64, 32, 4, 3)",1,1,77,64,float32,True,pass,1.54e-03,6.14e-04
v4_exp2,config,"(64, 32, 4, 4)",1,1,77,64,float32,True,pass,1.54e-03,6.14e-04
v4_exp2,config,"(64, 32, 4, 5)",1,1,77,64,float32,True,pass,1.54e-03,6.14e-04
v4_exp2,config,"(64, 128, 4, 2)",1,1,77,64,float32,True,pass,1.54e-03,6.14e-04
v4_exp2,config,"(64, 32, 4, 2)",1,1,77,64,float32,True,pass,1.54e-03,6.14e-04
v4_exp2,config,"(64, 64, 4, 3)",1,1,77,64,float32,True,pass,1.54e-03,6.14e-04
v4_exp2,config,"(128, 64, 4, 2)",1,1,77,64,float32,True,pass,1.54e-03,6.14e-04
v4_exp2,config,"(16, 64, 1, 3)",1,1,77,64,float32,True,pass,1.54e-03,6.14e-04
v4_exp2,config,"(32, 128, 2, 2)",1,1,77,64,float32,True,pass,1.54e-03,6.14e-04
v4_exp2,config,"(128, 32, 8, 3)",1,1,77,64,float32,True,pass,1.54e-03,6.14e-04
v4_exp2,apply,default,1,1,77,64,float32,False,pass,4.63e-04,6.90e-04
v4_exp2,config,"(64, 32, 4, 3)",1,1,77,64,float32,False,pass,4.63e-04,6.90e-04
v4_exp2,config,"(64, 32, 4, 4)",1,1,77,64,float32,False,pass,4.63e-04,6.90e-04
v4_exp2,config,"(64, 32, 4, 5)",1,1,77,64,float32,False,pass,4.63e-04,6.90e-04
v4_exp2,config,"(64, 128, 4, 2)",1,1,77,64,float32,False,pass,4.75e-04,6.90e-04
v4_exp2,config,"(64, 32, 4, 2)",1,1,77,64,float32,False,pass,4.63e-04,6.90e-04
v4_exp2,config,"(64, 64, 4, 3)",1,1,77,64,float32,False,pass,4.67e-04,6.90e-04
v4_exp2,config,"(128, 64, 4, 2)",1,1,77,64,float32,False,pass,4.67e-04,6.90e-04
v4_exp2,config,"(16, 64, 1, 3)",1,1,77,64,float32,False,pass,4.67e-04,6.90e-04
v4_exp2,config,"(32, 128, 2, 2)",1,1,77,64,float32,False,pass,4.75e-04,6.90e-04
v4_exp2,config,"(128, 32, 8, 3)",1,1,77,64,float32,False,pass,4.63e-04,6.90e-04
v4_exp2,apply,default,1,77,1,64,bfloat16,True,pass,0.00e+00,4.92e-07
v4_exp2,config,"(64, 32, 4, 3)",1,77,1,64,bfloat16,True,pass,0.00e+00,4.92e-07
v4_exp2,config,"(64, 32, 4, 4)",1,77,1,64,bfloat16,True,pass,0.00e+00,4.92e-07
v4_exp2,config,"(64, 32, 4, 5)",1,77,1,64,bfloat16,True,pass,0.00e+00,4.92e-07
v4_exp2,config,"(64, 128, 4, 2)",1,77,1,64,bfloat16,True,pass,0.00e+00,4.92e-07
v4_exp2,config,"(64, 32, 4, 2)",1,77,1,64,bfloat16,True,pass,0.00e+00,4.92e-07
v4_exp2,config,"(64, 64, 4, 3)",1,77,1,64,bfloat16,True,pass,0.00e+00,4.92e-07
v4_exp2,config,"(128, 64, 4, 2)",1,77,1,64,bfloat16,True,pass,0.00e+00,4.92e-07
v4_exp2,config,"(16, 64, 1, 3)",1,77,1,64,bfloat16,True,pass,0.00e+00,4.92e-07
v4_exp2,config,"(32, 128, 2, 2)",1,77,1,64,bfloat16,True,pass,0.00e+00,4.92e-07
v4_exp2,config,"(128, 32, 8, 3)",1,77,1,64,bfloat16,True,pass,0.00e+00,4.92e-07
v4_exp2,apply,default,1,77,1,64,bfloat16,False,pass,0.00e+00,4.92e-07
v4_exp2,config,"(64, 32, 4, 3)",1,77,1,64,bfloat16,False,pass,0.00e+00,4.92e-07
v4_exp2,config,"(64, 32, 4, 4)",1,77,1,64,bfloat16,False,pass,0.00e+00,4.92e-07
v4_exp2,config,"(64, 32, 4, 5)",1,77,1,64,bfloat16,False,pass,0.00e+00,4.92e-07
v4_exp2,config,"(64, 128, 4, 2)",1,77,1,64,bfloat16,False,pass,0.00e+00,4.92e-07
v4_exp2,config,"(64, 32, 4, 2)",1,77,1,64,bfloat16,False,pass,0.00e+00,4.92e-07
v4_exp2,config,"(64, 64, 4, 3)",1,77,1,64,bfloat16,False,pass,0.00e+00,4.92e-07
v4_exp2,config,"(128, 64, 4, 2)",1,77,1,64,bfloat16,False,pass,0.00e+00,4.92e-07
v4_exp2,config,"(16, 64, 1, 3)",1,77,1,64,bfloat16,False,pass,0.00e+00,4.92e-07
v4_exp2,config,"(32, 128, 2, 2)",1,77,1,64,bfloat16,False,pass,0.00e+00,4.92e-07
v4_exp2,config,"(128, 32, 8, 3)",1,77,1,64,bfloat16,False,pass,0.00e+00,4.92e-07
v4_exp2,apply,default,1,77,1,64,float32,True,pass,1.54e-03,2.03e-03
v4_exp2,config,"(64, 32, 4, 3)",1,77,1,64,float32,True,pass,1.54e-03,2.03e-03
v4_exp2,config,"(64, 32, 4, 4)",1,77,1,64,float32,True,pass,1.54e-03,2.03e-03
v4_exp2,config,"(64, 32, 4, 5)",1,77,1,64,float32,True,pass,1.54e-03,2.03e-03
v4_exp2,config,"(64, 128, 4, 2)",1,77,1,64,float32,True,pass,1.54e-03,2.03e-03
v4_exp2,config,"(64, 32, 4, 2)",1,77,1,64,float32,True,pass,1.54e-03,2.03e-03
v4_exp2,config,"(64, 64, 4, 3)",1,77,1,64,float32,True,pass,1.54e-03,2.03e-03
v4_exp2,config,"(128, 64, 4, 2)",1,77,1,64,float32,True,pass,1.54e-03,2.03e-03
v4_exp2,config,"(16, 64, 1, 3)",1,77,1,64,float32,True,pass,1.54e-03,2.03e-03
v4_exp2,config,"(32, 128, 2, 2)",1,77,1,64,float32,True,pass,1.54e-03,2.03e-03
v4_exp2,config,"(128, 32, 8, 3)",1,77,1,64,float32,True,pass,1.54e-03,2.03e-03
v4_exp2,apply,default,1,77,1,64,float32,False,pass,1.54e-03,2.03e-03
v4_exp2,config,"(64, 32, 4, 3)",1,77,1,64,float32,False,pass,1.54e-03,2.03e-03
v4_exp2,config,"(64, 32, 4, 4)",1,77,1,64,float32,False,pass,1.54e-03,2.03e-03
v4_exp2,config,"(64, 32, 4, 5)",1,77,1,64,float32,False,pass,1.54e-03,2.03e-03
v4_exp2,config,"(64, 128, 4, 2)",1,77,1,64,float32,False,pass,1.54e-03,2.03e-03
v4_exp2,config,"(64, 32, 4, 2)",1,77,1,64,float32,False,pass,1.54e-03,2.03e-03
v4_exp2,config,"(64, 64, 4, 3)",1,77,1,64,float32,False,pass,1.54e-03,2.03e-03
v4_exp2,config,"(128, 64, 4, 2)",1,77,1,64,float32,False,pass,1.54e-03,2.03e-03
v4_exp2,config,"(16, 64, 1, 3)",1,77,1,64,float32,False,pass,1.54e-03,2.03e-03
v4_exp2,config,"(32, 128, 2, 2)",1,77,1,64,float32,False,pass,1.54e-03,2.03e-03
v4_exp2,config,"(128, 32, 8, 3)",1,77,1,64,float32,False,pass,1.54e-03,2.03e-03
v4_exp2,apply,default,1,130,257,64,bfloat16,True,pass,7.48e-03,5.84e-07
v4_exp2,config,"(64, 32, 4, 3)",1,130,257,64,bfloat16,True,pass,7.48e-03,5.84e-07
v4_exp2,config,"(64, 32, 4, 4)",1,130,257,64,bfloat16,True,pass,7.48e-03,5.84e-07
v4_exp2,config,"(64, 32, 4, 5)",1,130,257,64,bfloat16,True,pass,7.48e-03,5.84e-07
v4_exp2,config,"(64, 128, 4, 2)",1,130,257,64,bfloat16,True,pass,7.48e-03,5.84e-07
v4_exp2,config,"(64, 32, 4, 2)",1,130,257,64,bfloat16,True,pass,7.48e-03,5.84e-07
v4_exp2,config,"(64, 64, 4, 3)",1,130,257,64,bfloat16,True,pass,7.48e-03,5.84e-07
v4_exp2,config,"(128, 64, 4, 2)",1,130,257,64,bfloat16,True,pass,7.48e-03,5.84e-07
v4_exp2,config,"(16, 64, 1, 3)",1,130,257,64,bfloat16,True,pass,7.48e-03,5.84e-07
v4_exp2,config,"(32, 128, 2, 2)",1,130,257,64,bfloat16,True,pass,7.48e-03,5.84e-07
v4_exp2,config,"(128, 32, 8, 3)",1,130,257,64,bfloat16,True,pass,7.48e-03,5.84e-07
v4_exp2,apply,default,1,130,257,64,bfloat16,False,pass,1.60e-03,7.84e-07
v4_exp2,config,"(64, 32, 4, 3)",1,130,257,64,bfloat16,False,pass,1.60e-03,7.84e-07
v4_exp2,config,"(64, 32, 4, 4)",1,130,257,64,bfloat16,False,pass,1.60e-03,7.84e-07
v4_exp2,config,"(64, 32, 4, 5)",1,130,257,64,bfloat16,False,pass,1.60e-03,7.84e-07
v4_exp2,config,"(64, 128, 4, 2)",1,130,257,64,bfloat16,False,pass,1.60e-03,7.51e-07
v4_exp2,config,"(64, 32, 4, 2)",1,130,257,64,bfloat16,False,pass,1.60e-03,7.84e-07
v4_exp2,config,"(64, 64, 4, 3)",1,130,257,64,bfloat16,False,pass,1.60e-03,7.51e-07
v4_exp2,config,"(128, 64, 4, 2)",1,130,257,64,bfloat16,False,pass,1.60e-03,7.51e-07
v4_exp2,config,"(16, 64, 1, 3)",1,130,257,64,bfloat16,False,pass,1.60e-03,7.51e-07
v4_exp2,config,"(32, 128, 2, 2)",1,130,257,64,bfloat16,False,pass,1.60e-03,6.37e-07
v4_exp2,config,"(128, 32, 8, 3)",1,130,257,64,bfloat16,False,pass,1.60e-03,7.84e-07
v4_exp2,apply,default,1,130,257,64,float32,True,pass,2.32e-03,2.15e-03
v4_exp2,config,"(64, 32, 4, 3)",1,130,257,64,float32,True,pass,2.32e-03,2.15e-03
v4_exp2,config,"(64, 32, 4, 4)",1,130,257,64,float32,True,pass,2.32e-03,2.15e-03
v4_exp2,config,"(64, 32, 4, 5)",1,130,257,64,float32,True,pass,2.32e-03,2.15e-03
v4_exp2,config,"(64, 128, 4, 2)",1,130,257,64,float32,True,pass,2.32e-03,2.15e-03
v4_exp2,config,"(64, 32, 4, 2)",1,130,257,64,float32,True,pass,2.32e-03,2.15e-03
v4_exp2,config,"(64, 64, 4, 3)",1,130,257,64,float32,True,pass,2.32e-03,2.15e-03
v4_exp2,config,"(128, 64, 4, 2)",1,130,257,64,float32,True,pass,2.32e-03,2.15e-03
v4_exp2,config,"(16, 64, 1, 3)",1,130,257,64,float32,True,pass,2.32e-03,2.15e-03
v4_exp2,config,"(32, 128, 2, 2)",1,130,257,64,float32,True,pass,2.32e-03,2.15e-03
v4_exp2,config,"(128, 32, 8, 3)",1,130,257,64,float32,True,pass,2.32e-03,2.15e-03
v4_exp2,apply,default,1,130,257,64,float32,False,pass,1.44e-03,1.34e-03
v4_exp2,config,"(64, 32, 4, 3)",1,130,257,64,float32,False,pass,1.44e-03,1.34e-03
v4_exp2,config,"(64, 32, 4, 4)",1,130,257,64,float32,False,pass,1.44e-03,1.34e-03
v4_exp2,config,"(64, 32, 4, 5)",1,130,257,64,float32,False,pass,1.44e-03,1.34e-03
v4_exp2,config,"(64, 128, 4, 2)",1,130,257,64,float32,False,pass,1.46e-03,1.33e-03
v4_exp2,config,"(64, 32, 4, 2)",1,130,257,64,float32,False,pass,1.44e-03,1.34e-03
v4_exp2,config,"(64, 64, 4, 3)",1,130,257,64,float32,False,pass,1.46e-03,1.33e-03
v4_exp2,config,"(128, 64, 4, 2)",1,130,257,64,float32,False,pass,1.46e-03,1.33e-03
v4_exp2,config,"(16, 64, 1, 3)",1,130,257,64,float32,False,pass,1.46e-03,1.33e-03
v4_exp2,config,"(32, 128, 2, 2)",1,130,257,64,float32,False,pass,1.46e-03,1.33e-03
v4_exp2,config,"(128, 32, 8, 3)",1,130,257,64,float32,False,pass,1.44e-03,1.34e-03
v4_exp2,apply,default,1,257,130,64,bfloat16,True,pass,7.48e-03,5.86e-07
v4_exp2,config,"(64, 32, 4, 3)",1,257,130,64,bfloat16,True,pass,7.48e-03,5.86e-07
v4_exp2,config,"(64, 32, 4, 4)",1,257,130,64,bfloat16,True,pass,7.48e-03,5.86e-07
v4_exp2,config,"(64, 32, 4, 5)",1,257,130,64,bfloat16,True,pass,7.48e-03,5.86e-07
v4_exp2,config,"(64, 128, 4, 2)",1,257,130,64,bfloat16,True,pass,7.48e-03,5.84e-07
v4_exp2,config,"(64, 32, 4, 2)",1,257,130,64,bfloat16,True,pass,7.48e-03,5.86e-07
v4_exp2,config,"(64, 64, 4, 3)",1,257,130,64,bfloat16,True,pass,7.48e-03,5.86e-07
v4_exp2,config,"(128, 64, 4, 2)",1,257,130,64,bfloat16,True,pass,7.48e-03,5.86e-07
v4_exp2,config,"(16, 64, 1, 3)",1,257,130,64,bfloat16,True,pass,7.48e-03,5.86e-07
v4_exp2,config,"(32, 128, 2, 2)",1,257,130,64,bfloat16,True,pass,7.48e-03,5.84e-07
v4_exp2,config,"(128, 32, 8, 3)",1,257,130,64,bfloat16,True,pass,7.48e-03,5.86e-07
v4_exp2,apply,default,1,257,130,64,bfloat16,False,pass,2.36e-03,7.53e-07
v4_exp2,config,"(64, 32, 4, 3)",1,257,130,64,bfloat16,False,pass,2.36e-03,7.53e-07
v4_exp2,config,"(64, 32, 4, 4)",1,257,130,64,bfloat16,False,pass,2.36e-03,7.53e-07
v4_exp2,config,"(64, 32, 4, 5)",1,257,130,64,bfloat16,False,pass,2.36e-03,7.53e-07
v4_exp2,config,"(64, 128, 4, 2)",1,257,130,64,bfloat16,False,pass,1.73e-03,7.53e-07
v4_exp2,config,"(64, 32, 4, 2)",1,257,130,64,bfloat16,False,pass,2.36e-03,7.53e-07
v4_exp2,config,"(64, 64, 4, 3)",1,257,130,64,bfloat16,False,pass,2.36e-03,6.74e-07
v4_exp2,config,"(128, 64, 4, 2)",1,257,130,64,bfloat16,False,pass,2.36e-03,6.74e-07
v4_exp2,config,"(16, 64, 1, 3)",1,257,130,64,bfloat16,False,pass,2.36e-03,6.74e-07
v4_exp2,config,"(32, 128, 2, 2)",1,257,130,64,bfloat16,False,pass,1.73e-03,7.53e-07
v4_exp2,config,"(128, 32, 8, 3)",1,257,130,64,bfloat16,False,pass,2.36e-03,7.53e-07
v4_exp2,apply,default,1,257,130,64,float32,True,pass,2.32e-03,2.15e-03
v4_exp2,config,"(64, 32, 4, 3)",1,257,130,64,float32,True,pass,2.32e-03,2.15e-03
v4_exp2,config,"(64, 32, 4, 4)",1,257,130,64,float32,True,pass,2.32e-03,2.15e-03
v4_exp2,config,"(64, 32, 4, 5)",1,257,130,64,float32,True,pass,2.32e-03,2.15e-03
v4_exp2,config,"(64, 128, 4, 2)",1,257,130,64,float32,True,pass,2.32e-03,2.15e-03
v4_exp2,config,"(64, 32, 4, 2)",1,257,130,64,float32,True,pass,2.32e-03,2.15e-03
v4_exp2,config,"(64, 64, 4, 3)",1,257,130,64,float32,True,pass,2.32e-03,2.15e-03
v4_exp2,config,"(128, 64, 4, 2)",1,257,130,64,float32,True,pass,2.32e-03,2.15e-03
v4_exp2,config,"(16, 64, 1, 3)",1,257,130,64,float32,True,pass,2.32e-03,2.15e-03
v4_exp2,config,"(32, 128, 2, 2)",1,257,130,64,float32,True,pass,2.32e-03,2.15e-03
v4_exp2,config,"(128, 32, 8, 3)",1,257,130,64,float32,True,pass,2.32e-03,2.15e-03
v4_exp2,apply,default,1,257,130,64,float32,False,pass,1.17e-03,1.42e-03
v4_exp2,config,"(64, 32, 4, 3)",1,257,130,64,float32,False,pass,1.17e-03,1.42e-03
v4_exp2,config,"(64, 32, 4, 4)",1,257,130,64,float32,False,pass,1.17e-03,1.42e-03
v4_exp2,config,"(64, 32, 4, 5)",1,257,130,64,float32,False,pass,1.17e-03,1.42e-03
v4_exp2,config,"(64, 128, 4, 2)",1,257,130,64,float32,False,pass,1.17e-03,1.42e-03
v4_exp2,config,"(64, 32, 4, 2)",1,257,130,64,float32,False,pass,1.17e-03,1.42e-03
v4_exp2,config,"(64, 64, 4, 3)",1,257,130,64,float32,False,pass,1.17e-03,1.42e-03
v4_exp2,config,"(128, 64, 4, 2)",1,257,130,64,float32,False,pass,1.17e-03,1.42e-03
v4_exp2,config,"(16, 64, 1, 3)",1,257,130,64,float32,False,pass,1.17e-03,1.42e-03
v4_exp2,config,"(32, 128, 2, 2)",1,257,130,64,float32,False,pass,1.17e-03,1.42e-03
v4_exp2,config,"(128, 32, 8, 3)",1,257,130,64,float32,False,pass,1.17e-03,1.42e-03
v4_exp2,apply,default,1,333,1000,64,bfloat16,True,pass,7.48e-03,7.35e-07
v4_exp2,config,"(64, 32, 4, 3)",1,333,1000,64,bfloat16,True,pass,7.48e-03,7.35e-07
v4_exp2,config,"(64, 32, 4, 4)",1,333,1000,64,bfloat16,True,pass,7.48e-03,7.35e-07
v4_exp2,config,"(64, 32, 4, 5)",1,333,1000,64,bfloat16,True,pass,7.48e-03,7.35e-07
v4_exp2,config,"(64, 128, 4, 2)",1,333,1000,64,bfloat16,True,pass,7.48e-03,7.35e-07
v4_exp2,config,"(64, 32, 4, 2)",1,333,1000,64,bfloat16,True,pass,7.48e-03,7.35e-07
v4_exp2,config,"(64, 64, 4, 3)",1,333,1000,64,bfloat16,True,pass,7.48e-03,9.48e-07
v4_exp2,config,"(128, 64, 4, 2)",1,333,1000,64,bfloat16,True,pass,7.48e-03,9.48e-07
v4_exp2,config,"(16, 64, 1, 3)",1,333,1000,64,bfloat16,True,pass,7.48e-03,9.48e-07
v4_exp2,config,"(32, 128, 2, 2)",1,333,1000,64,bfloat16,True,pass,7.48e-03,6.04e-07
v4_exp2,config,"(128, 32, 8, 3)",1,333,1000,64,bfloat16,True,pass,7.48e-03,7.35e-07
v4_exp2,apply,default,1,333,1000,64,bfloat16,False,pass,7.14e-04,1.03e-06
v4_exp2,config,"(64, 32, 4, 3)",1,333,1000,64,bfloat16,False,pass,7.14e-04,1.03e-06
v4_exp2,config,"(64, 32, 4, 4)",1,333,1000,64,bfloat16,False,pass,7.14e-04,1.03e-06
v4_exp2,config,"(64, 32, 4, 5)",1,333,1000,64,bfloat16,False,pass,7.14e-04,1.03e-06
v4_exp2,config,"(64, 128, 4, 2)",1,333,1000,64,bfloat16,False,pass,6.87e-04,8.54e-07
v4_exp2,config,"(64, 32, 4, 2)",1,333,1000,64,bfloat16,False,pass,7.14e-04,1.03e-06
v4_exp2,config,"(64, 64, 4, 3)",1,333,1000,64,bfloat16,False,pass,7.14e-04,7.99e-07
v4_exp2,config,"(128, 64, 4, 2)",1,333,1000,64,bfloat16,False,pass,7.14e-04,7.99e-07
v4_exp2,config,"(16, 64, 1, 3)",1,333,1000,64,bfloat16,False,pass,7.14e-04,7.99e-07
v4_exp2,config,"(32, 128, 2, 2)",1,333,1000,64,bfloat16,False,pass,6.87e-04,8.54e-07
v4_exp2,config,"(128, 32, 8, 3)",1,333,1000,64,bfloat16,False,pass,7.14e-04,1.03e-06
v4_exp2,apply,default,1,333,1000,64,float32,True,pass,2.32e-03,2.15e-03
v4_exp2,config,"(64, 32, 4, 3)",1,333,1000,64,float32,True,pass,2.32e-03,2.15e-03
v4_exp2,config,"(64, 32, 4, 4)",1,333,1000,64,float32,True,pass,2.32e-03,2.15e-03
v4_exp2,config,"(64, 32, 4, 5)",1,333,1000,64,float32,True,pass,2.32e-03,2.15e-03
v4_exp2,config,"(64, 128, 4, 2)",1,333,1000,64,float32,True,pass,2.32e-03,2.15e-03
v4_exp2,config,"(64, 32, 4, 2)",1,333,1000,64,float32,True,pass,2.32e-03,2.15e-03
v4_exp2,config,"(64, 64, 4, 3)",1,333,1000,64,float32,True,pass,2.32e-03,2.15e-03
v4_exp2,config,"(128, 64, 4, 2)",1,333,1000,64,float32,True,pass,2.32e-03,2.15e-03
v4_exp2,config,"(16, 64, 1, 3)",1,333,1000,64,float32,True,pass,2.32e-03,2.15e-03
v4_exp2,config,"(32, 128, 2, 2)",1,333,1000,64,float32,True,pass,2.32e-03,2.15e-03
v4_exp2,config,"(128, 32, 8, 3)",1,333,1000,64,float32,True,pass,2.32e-03,2.15e-03
v4_exp2,apply,default,1,333,1000,64,float32,False,pass,5.35e-04,1.32e-03
v4_exp2,config,"(64, 32, 4, 3)",1,333,1000,64,float32,False,pass,5.35e-04,1.32e-03
v4_exp2,config,"(64, 32, 4, 4)",1,333,1000,64,float32,False,pass,5.35e-04,1.32e-03
v4_exp2,config,"(64, 32, 4, 5)",1,333,1000,64,float32,False,pass,5.35e-04,1.32e-03
v4_exp2,config,"(64, 128, 4, 2)",1,333,1000,64,float32,False,pass,5.35e-04,1.32e-03
v4_exp2,config,"(64, 32, 4, 2)",1,333,1000,64,float32,False,pass,5.35e-04,1.32e-03
v4_exp2,config,"(64, 64, 4, 3)",1,333,1000,64,float32,False,pass,5.35e-04,1.32e-03
v4_exp2,config,"(128, 64, 4, 2)",1,333,1000,64,float32,False,pass,5.35e-04,1.32e-03
v4_exp2,config,"(16, 64, 1, 3)",1,333,1000,64,float32,False,pass,5.35e-04,1.32e-03
v4_exp2,config,"(32, 128, 2, 2)",1,333,1000,64,float32,False,pass,5.35e-04,1.32e-03
v4_exp2,config,"(128, 32, 8, 3)",1,333,1000,64,float32,False,pass,5.35e-04,1.32e-03
v4_exp2,apply,default,1,1000,333,64,bfloat16,True,pass,7.48e-03,8.02e-07
v4_exp2,config,"(64, 32, 4, 3)",1,1000,333,64,bfloat16,True,pass,7.48e-03,8.02e-07
v4_exp2,config,"(64, 32, 4, 4)",1,1000,333,64,bfloat16,True,pass,7.48e-03,8.02e-07
v4_exp2,config,"(64, 32, 4, 5)",1,1000,333,64,bfloat16,True,pass,7.48e-03,8.02e-07
v4_exp2,config,"(64, 128, 4, 2)",1,1000,333,64,bfloat16,True,pass,7.48e-03,8.02e-07
v4_exp2,config,"(64, 32, 4, 2)",1,1000,333,64,bfloat16,True,pass,7.48e-03,8.02e-07
v4_exp2,config,"(64, 64, 4, 3)",1,1000,333,64,bfloat16,True,pass,7.48e-03,9.48e-07
v4_exp2,config,"(128, 64, 4, 2)",1,1000,333,64,bfloat16,True,pass,7.48e-03,9.48e-07
v4_exp2,config,"(16, 64, 1, 3)",1,1000,333,64,bfloat16,True,pass,7.48e-03,9.48e-07
v4_exp2,config,"(32, 128, 2, 2)",1,1000,333,64,bfloat16,True,pass,7.48e-03,8.02e-07
v4_exp2,config,"(128, 32, 8, 3)",1,1000,333,64,bfloat16,True,pass,7.48e-03,8.02e-07
v4_exp2,apply,default,1,1000,333,64,bfloat16,False,pass,1.27e-03,8.16e-07
v4_exp2,config,"(64, 32, 4, 3)",1,1000,333,64,bfloat16,False,pass,1.27e-03,8.16e-07
v4_exp2,config,"(64, 32, 4, 4)",1,1000,333,64,bfloat16,False,pass,1.27e-03,8.16e-07
v4_exp2,config,"(64, 32, 4, 5)",1,1000,333,64,bfloat16,False,pass,1.27e-03,8.16e-07
v4_exp2,config,"(64, 128, 4, 2)",1,1000,333,64,bfloat16,False,pass,1.22e-03,8.02e-07
v4_exp2,config,"(64, 32, 4, 2)",1,1000,333,64,bfloat16,False,pass,1.27e-03,8.16e-07
v4_exp2,config,"(64, 64, 4, 3)",1,1000,333,64,bfloat16,False,pass,1.27e-03,8.16e-07
v4_exp2,config,"(128, 64, 4, 2)",1,1000,333,64,bfloat16,False,pass,1.27e-03,8.16e-07
v4_exp2,config,"(16, 64, 1, 3)",1,1000,333,64,bfloat16,False,pass,1.27e-03,8.16e-07
v4_exp2,config,"(32, 128, 2, 2)",1,1000,333,64,bfloat16,False,pass,1.22e-03,8.43e-07
v4_exp2,config,"(128, 32, 8, 3)",1,1000,333,64,bfloat16,False,pass,1.27e-03,8.16e-07
v4_exp2,apply,default,1,1000,333,64,float32,True,pass,2.32e-03,2.15e-03
v4_exp2,config,"(64, 32, 4, 3)",1,1000,333,64,float32,True,pass,2.32e-03,2.15e-03
v4_exp2,config,"(64, 32, 4, 4)",1,1000,333,64,float32,True,pass,2.32e-03,2.15e-03
v4_exp2,config,"(64, 32, 4, 5)",1,1000,333,64,float32,True,pass,2.32e-03,2.15e-03
v4_exp2,config,"(64, 128, 4, 2)",1,1000,333,64,float32,True,pass,2.32e-03,2.15e-03
v4_exp2,config,"(64, 32, 4, 2)",1,1000,333,64,float32,True,pass,2.32e-03,2.15e-03
v4_exp2,config,"(64, 64, 4, 3)",1,1000,333,64,float32,True,pass,2.32e-03,2.15e-03
v4_exp2,config,"(128, 64, 4, 2)",1,1000,333,64,float32,True,pass,2.32e-03,2.15e-03
v4_exp2,config,"(16, 64, 1, 3)",1,1000,333,64,float32,True,pass,2.32e-03,2.15e-03
v4_exp2,config,"(32, 128, 2, 2)",1,1000,333,64,float32,True,pass,2.32e-03,2.15e-03
v4_exp2,config,"(128, 32, 8, 3)",1,1000,333,64,float32,True,pass,2.32e-03,2.15e-03
v4_exp2,apply,default,1,1000,333,64,float32,False,pass,1.19e-03,1.31e-03
v4_exp2,config,"(64, 32, 4, 3)",1,1000,333,64,float32,False,pass,1.19e-03,1.31e-03
v4_exp2,config,"(64, 32, 4, 4)",1,1000,333,64,float32,False,pass,1.19e-03,1.31e-03
v4_exp2,config,"(64, 32, 4, 5)",1,1000,333,64,float32,False,pass,1.19e-03,1.31e-03
v4_exp2,config,"(64, 128, 4, 2)",1,1000,333,64,float32,False,pass,1.20e-03,1.31e-03
v4_exp2,config,"(64, 32, 4, 2)",1,1000,333,64,float32,False,pass,1.19e-03,1.31e-03
v4_exp2,config,"(64, 64, 4, 3)",1,1000,333,64,float32,False,pass,1.20e-03,1.31e-03
v4_exp2,config,"(128, 64, 4, 2)",1,1000,333,64,float32,False,pass,1.20e-03,1.31e-03
v4_exp2,config,"(16, 64, 1, 3)",1,1000,333,64,float32,False,pass,1.20e-03,1.31e-03
v4_exp2,config,"(32, 128, 2, 2)",1,1000,333,64,float32,False,pass,1.20e-03,1.31e-03
v4_exp2,config,"(128, 32, 8, 3)",1,1000,333,64,float32,False,pass,1.19e-03,1.31e-03
v4_exp2,apply,default,1,200,96,128,bfloat16,True,pass,6.52e-03,5.48e-07
v4_exp2,config,"(64, 32, 4, 3)",1,200,96,128,bfloat16,True,pass,6.52e-03,5.48e-07
v4_exp2,config,"(64, 32, 4, 4)",1,200,96,128,bfloat16,True,pass,6.52e-03,5.48e-07
v4_exp2,config,"(64, 32, 4, 5)",1,200,96,128,bfloat16,True,pass,6.52e-03,5.48e-07
v4_exp2,config,"(64, 128, 4, 2)",1,200,96,128,bfloat16,True,pass,6.52e-03,5.86e-07
v4_exp2,config,"(64, 32, 4, 2)",1,200,96,128,bfloat16,True,pass,6.52e-03,5.48e-07
v4_exp2,config,"(64, 64, 4, 3)",1,200,96,128,bfloat16,True,pass,6.52e-03,5.48e-07
v4_exp2,config,"(128, 64, 4, 2)",1,200,96,128,bfloat16,True,pass,6.52e-03,5.48e-07
v4_exp2,config,"(16, 64, 1, 3)",1,200,96,128,bfloat16,True,pass,6.52e-03,5.48e-07
v4_exp2,config,"(32, 128, 2, 2)",1,200,96,128,bfloat16,True,pass,6.52e-03,5.86e-07
v4_exp2,config,"(128, 32, 8, 3)",1,200,96,128,bfloat16,True,pass,6.52e-03,5.48e-07
v4_exp2,apply,default,1,200,96,128,bfloat16,False,pass,2.11e-03,6.09e-07
v4_exp2,config,"(64, 32, 4, 3)",1,200,96,128,bfloat16,False,pass,2.11e-03,6.09e-07
v4_exp2,config,"(64, 32, 4, 4)",1,200,96,128,bfloat16,False,pass,2.11e-03,6.09e-07
v4_exp2,config,"(64, 32, 4, 5)",1,200,96,128,bfloat16,False,pass,2.11e-03,6.09e-07
v4_exp2,config,"(64, 128, 4, 2)",1,200,96,128,bfloat16,False,pass,2.21e-03,5.33e-07
v4_exp2,config,"(64, 32, 4, 2)",1,200,96,128,bfloat16,False,pass,2.11e-03,6.09e-07
v4_exp2,config,"(64, 64, 4, 3)",1,200,96,128,bfloat16,False,pass,2.10e-03,6.09e-07
v4_exp2,config,"(128, 64, 4, 2)",1,200,96,128,bfloat16,False,pass,2.10e-03,6.09e-07
v4_exp2,config,"(16, 64, 1, 3)",1,200,96,128,bfloat16,False,pass,2.10e-03,6.09e-07
v4_exp2,config,"(32, 128, 2, 2)",1,200,96,128,bfloat16,False,pass,2.21e-03,5.33e-07
v4_exp2,config,"(128, 32, 8, 3)",1,200,96,128,bfloat16,False,pass,2.11e-03,6.09e-07
v4_exp2,apply,default,1,200,96,128,float32,True,pass,1.94e-03,1.84e-03
v4_exp2,config,"(64, 32, 4, 3)",1,200,96,128,float32,True,out_of_resources,,
v4_exp2,config,"(64, 32, 4, 4)",1,200,96,128,float32,True,out_of_resources,,
v4_exp2,config,"(64, 32, 4, 5)",1,200,96,128,float32,True,out_of_resources,,
v4_exp2,config,"(64, 128, 4, 2)",1,200,96,128,float32,True,out_of_resources,,
v4_exp2,config,"(64, 32, 4, 2)",1,200,96,128,float32,True,pass,1.94e-03,1.84e-03
v4_exp2,config,"(64, 64, 4, 3)",1,200,96,128,float32,True,out_of_resources,,
v4_exp2,config,"(128, 64, 4, 2)",1,200,96,128,float32,True,out_of_resources,,
v4_exp2,config,"(16, 64, 1, 3)",1,200,96,128,float32,True,out_of_resources,,
v4_exp2,config,"(32, 128, 2, 2)",1,200,96,128,float32,True,out_of_resources,,
v4_exp2,config,"(128, 32, 8, 3)",1,200,96,128,float32,True,out_of_resources,,
v4_exp2,apply,default,1,200,96,128,float32,False,pass,2.23e-03,1.61e-03
v4_exp2,config,"(64, 32, 4, 3)",1,200,96,128,float32,False,out_of_resources,,
v4_exp2,config,"(64, 32, 4, 4)",1,200,96,128,float32,False,out_of_resources,,
v4_exp2,config,"(64, 32, 4, 5)",1,200,96,128,float32,False,out_of_resources,,
v4_exp2,config,"(64, 128, 4, 2)",1,200,96,128,float32,False,out_of_resources,,
v4_exp2,config,"(64, 32, 4, 2)",1,200,96,128,float32,False,pass,2.23e-03,1.61e-03
v4_exp2,config,"(64, 64, 4, 3)",1,200,96,128,float32,False,out_of_resources,,
v4_exp2,config,"(128, 64, 4, 2)",1,200,96,128,float32,False,out_of_resources,,
v4_exp2,config,"(16, 64, 1, 3)",1,200,96,128,float32,False,out_of_resources,,
v4_exp2,config,"(32, 128, 2, 2)",1,200,96,128,float32,False,out_of_resources,,
v4_exp2,config,"(128, 32, 8, 3)",1,200,96,128,float32,False,out_of_resources,,
v4_exp2,apply,default,1,96,200,128,bfloat16,True,pass,6.52e-03,5.48e-07
v4_exp2,config,"(64, 32, 4, 3)",1,96,200,128,bfloat16,True,pass,6.52e-03,5.48e-07
v4_exp2,config,"(64, 32, 4, 4)",1,96,200,128,bfloat16,True,pass,6.52e-03,5.48e-07
v4_exp2,config,"(64, 32, 4, 5)",1,96,200,128,bfloat16,True,pass,6.52e-03,5.48e-07
v4_exp2,config,"(64, 128, 4, 2)",1,96,200,128,bfloat16,True,pass,6.52e-03,5.86e-07
v4_exp2,config,"(64, 32, 4, 2)",1,96,200,128,bfloat16,True,pass,6.52e-03,5.48e-07
v4_exp2,config,"(64, 64, 4, 3)",1,96,200,128,bfloat16,True,pass,6.52e-03,5.48e-07
v4_exp2,config,"(128, 64, 4, 2)",1,96,200,128,bfloat16,True,pass,6.52e-03,5.48e-07
v4_exp2,config,"(16, 64, 1, 3)",1,96,200,128,bfloat16,True,pass,6.52e-03,5.48e-07
v4_exp2,config,"(32, 128, 2, 2)",1,96,200,128,bfloat16,True,pass,6.52e-03,5.86e-07
v4_exp2,config,"(128, 32, 8, 3)",1,96,200,128,bfloat16,True,pass,6.52e-03,5.48e-07
v4_exp2,apply,default,1,96,200,128,bfloat16,False,pass,1.31e-03,5.87e-07
v4_exp2,config,"(64, 32, 4, 3)",1,96,200,128,bfloat16,False,pass,1.31e-03,5.87e-07
v4_exp2,config,"(64, 32, 4, 4)",1,96,200,128,bfloat16,False,pass,1.31e-03,5.87e-07
v4_exp2,config,"(64, 32, 4, 5)",1,96,200,128,bfloat16,False,pass,1.31e-03,5.87e-07
v4_exp2,config,"(64, 128, 4, 2)",1,96,200,128,bfloat16,False,pass,1.61e-03,7.25e-07
v4_exp2,config,"(64, 32, 4, 2)",1,96,200,128,bfloat16,False,pass,1.31e-03,5.87e-07
v4_exp2,config,"(64, 64, 4, 3)",1,96,200,128,bfloat16,False,pass,1.43e-03,5.87e-07
v4_exp2,config,"(128, 64, 4, 2)",1,96,200,128,bfloat16,False,pass,1.43e-03,7.25e-07
v4_exp2,config,"(16, 64, 1, 3)",1,96,200,128,bfloat16,False,pass,1.43e-03,7.25e-07
v4_exp2,config,"(32, 128, 2, 2)",1,96,200,128,bfloat16,False,pass,1.61e-03,5.94e-07
v4_exp2,config,"(128, 32, 8, 3)",1,96,200,128,bfloat16,False,pass,1.31e-03,7.25e-07
v4_exp2,apply,default,1,96,200,128,float32,True,pass,1.94e-03,1.84e-03
v4_exp2,config,"(64, 32, 4, 3)",1,96,200,128,float32,True,out_of_resources,,
v4_exp2,config,"(64, 32, 4, 4)",1,96,200,128,float32,True,out_of_resources,,
v4_exp2,config,"(64, 32, 4, 5)",1,96,200,128,float32,True,out_of_resources,,
v4_exp2,config,"(64, 128, 4, 2)",1,96,200,128,float32,True,out_of_resources,,
v4_exp2,config,"(64, 32, 4, 2)",1,96,200,128,float32,True,pass,1.94e-03,1.84e-03
v4_exp2,config,"(64, 64, 4, 3)",1,96,200,128,float32,True,out_of_resources,,
v4_exp2,config,"(128, 64, 4, 2)",1,96,200,128,float32,True,out_of_resources,,
v4_exp2,config,"(16, 64, 1, 3)",1,96,200,128,float32,True,out_of_resources,,
v4_exp2,config,"(32, 128, 2, 2)",1,96,200,128,float32,True,out_of_resources,,
v4_exp2,config,"(128, 32, 8, 3)",1,96,200,128,float32,True,out_of_resources,,
v4_exp2,apply,default,1,96,200,128,float32,False,pass,1.53e-03,1.24e-03
v4_exp2,config,"(64, 32, 4, 3)",1,96,200,128,float32,False,out_of_resources,,
v4_exp2,config,"(64, 32, 4, 4)",1,96,200,128,float32,False,out_of_resources,,
v4_exp2,config,"(64, 32, 4, 5)",1,96,200,128,float32,False,out_of_resources,,
v4_exp2,config,"(64, 128, 4, 2)",1,96,200,128,float32,False,out_of_resources,,
v4_exp2,config,"(64, 32, 4, 2)",1,96,200,128,float32,False,pass,1.53e-03,1.24e-03
v4_exp2,config,"(64, 64, 4, 3)",1,96,200,128,float32,False,out_of_resources,,
v4_exp2,config,"(128, 64, 4, 2)",1,96,200,128,float32,False,out_of_resources,,
v4_exp2,config,"(16, 64, 1, 3)",1,96,200,128,float32,False,out_of_resources,,
v4_exp2,config,"(32, 128, 2, 2)",1,96,200,128,float32,False,out_of_resources,,
v4_exp2,config,"(128, 32, 8, 3)",1,96,200,128,float32,False,out_of_resources,,
v4_exp2,apply,default,1,128,128,64,bfloat16,True,pass,7.48e-03,5.84e-07
v4_exp2,config,"(64, 32, 4, 3)",1,128,128,64,bfloat16,True,pass,7.48e-03,5.84e-07
v4_exp2,config,"(64, 32, 4, 4)",1,128,128,64,bfloat16,True,pass,7.48e-03,5.84e-07
v4_exp2,config,"(64, 32, 4, 5)",1,128,128,64,bfloat16,True,pass,7.48e-03,5.84e-07
v4_exp2,config,"(64, 128, 4, 2)",1,128,128,64,bfloat16,True,pass,7.48e-03,5.84e-07
v4_exp2,config,"(64, 32, 4, 2)",1,128,128,64,bfloat16,True,pass,7.48e-03,5.84e-07
v4_exp2,config,"(64, 64, 4, 3)",1,128,128,64,bfloat16,True,pass,7.48e-03,5.84e-07
v4_exp2,config,"(128, 64, 4, 2)",1,128,128,64,bfloat16,True,pass,7.48e-03,5.84e-07
v4_exp2,config,"(16, 64, 1, 3)",1,128,128,64,bfloat16,True,pass,7.48e-03,5.84e-07
v4_exp2,config,"(32, 128, 2, 2)",1,128,128,64,bfloat16,True,pass,7.48e-03,5.84e-07
v4_exp2,config,"(128, 32, 8, 3)",1,128,128,64,bfloat16,True,pass,7.48e-03,5.84e-07
v4_exp2,apply,default,1,128,128,64,bfloat16,False,pass,1.43e-03,5.82e-07
v4_exp2,config,"(64, 32, 4, 3)",1,128,128,64,bfloat16,False,pass,1.43e-03,5.82e-07
v4_exp2,config,"(64, 32, 4, 4)",1,128,128,64,bfloat16,False,pass,1.43e-03,5.82e-07
v4_exp2,config,"(64, 32, 4, 5)",1,128,128,64,bfloat16,False,pass,1.43e-03,5.82e-07
v4_exp2,config,"(64, 128, 4, 2)",1,128,128,64,bfloat16,False,pass,1.51e-03,5.82e-07
v4_exp2,config,"(64, 32, 4, 2)",1,128,128,64,bfloat16,False,pass,1.43e-03,5.82e-07
v4_exp2,config,"(64, 64, 4, 3)",1,128,128,64,bfloat16,False,pass,1.43e-03,5.82e-07
v4_exp2,config,"(128, 64, 4, 2)",1,128,128,64,bfloat16,False,pass,1.43e-03,5.82e-07
v4_exp2,config,"(16, 64, 1, 3)",1,128,128,64,bfloat16,False,pass,1.43e-03,5.82e-07
v4_exp2,config,"(32, 128, 2, 2)",1,128,128,64,bfloat16,False,pass,1.51e-03,5.82e-07
v4_exp2,config,"(128, 32, 8, 3)",1,128,128,64,bfloat16,False,pass,1.43e-03,5.82e-07
v4_exp2,apply,default,1,128,128,64,float32,True,pass,2.32e-03,2.15e-03
v4_exp2,config,"(64, 32, 4, 3)",1,128,128,64,float32,True,pass,2.32e-03,2.15e-03
v4_exp2,config,"(64, 32, 4, 4)",1,128,128,64,float32,True,pass,2.32e-03,2.15e-03
v4_exp2,config,"(64, 32, 4, 5)",1,128,128,64,float32,True,pass,2.32e-03,2.15e-03
v4_exp2,config,"(64, 128, 4, 2)",1,128,128,64,float32,True,pass,2.32e-03,2.15e-03
v4_exp2,config,"(64, 32, 4, 2)",1,128,128,64,float32,True,pass,2.32e-03,2.15e-03
v4_exp2,config,"(64, 64, 4, 3)",1,128,128,64,float32,True,pass,2.32e-03,2.15e-03
v4_exp2,config,"(128, 64, 4, 2)",1,128,128,64,float32,True,pass,2.32e-03,2.15e-03
v4_exp2,config,"(16, 64, 1, 3)",1,128,128,64,float32,True,pass,2.32e-03,2.15e-03
v4_exp2,config,"(32, 128, 2, 2)",1,128,128,64,float32,True,pass,2.32e-03,2.15e-03
v4_exp2,config,"(128, 32, 8, 3)",1,128,128,64,float32,True,pass,2.32e-03,2.15e-03
v4_exp2,apply,default,1,128,128,64,float32,False,pass,1.17e-03,1.43e-03
v4_exp2,config,"(64, 32, 4, 3)",1,128,128,64,float32,False,pass,1.17e-03,1.43e-03
v4_exp2,config,"(64, 32, 4, 4)",1,128,128,64,float32,False,pass,1.17e-03,1.43e-03
v4_exp2,config,"(64, 32, 4, 5)",1,128,128,64,float32,False,pass,1.17e-03,1.43e-03
v4_exp2,config,"(64, 128, 4, 2)",1,128,128,64,float32,False,pass,1.17e-03,1.43e-03
v4_exp2,config,"(64, 32, 4, 2)",1,128,128,64,float32,False,pass,1.17e-03,1.43e-03
v4_exp2,config,"(64, 64, 4, 3)",1,128,128,64,float32,False,pass,1.17e-03,1.43e-03
v4_exp2,config,"(128, 64, 4, 2)",1,128,128,64,float32,False,pass,1.17e-03,1.43e-03
v4_exp2,config,"(16, 64, 1, 3)",1,128,128,64,float32,False,pass,1.17e-03,1.43e-03
v4_exp2,config,"(32, 128, 2, 2)",1,128,128,64,float32,False,pass,1.17e-03,1.43e-03
v4_exp2,config,"(128, 32, 8, 3)",1,128,128,64,float32,False,pass,1.17e-03,1.43e-03
v5_final,apply,default,1,200,96,64,bfloat16,True,pass,7.48e-03,5.84e-07
v5_final,config,"(64, 32, 4, 3)",1,200,96,64,bfloat16,True,pass,7.48e-03,5.84e-07
v5_final,config,"(64, 32, 4, 4)",1,200,96,64,bfloat16,True,pass,7.48e-03,5.84e-07
v5_final,config,"(64, 32, 4, 5)",1,200,96,64,bfloat16,True,pass,7.48e-03,5.84e-07
v5_final,config,"(64, 128, 4, 2)",1,200,96,64,bfloat16,True,pass,7.48e-03,6.24e-07
v5_final,config,"(64, 32, 4, 2)",1,200,96,64,bfloat16,True,pass,7.48e-03,5.84e-07
v5_final,config,"(64, 64, 4, 3)",1,200,96,64,bfloat16,True,pass,7.48e-03,6.24e-07
v5_final,config,"(128, 64, 4, 2)",1,200,96,64,bfloat16,True,pass,7.48e-03,6.24e-07
v5_final,config,"(16, 64, 1, 3)",1,200,96,64,bfloat16,True,pass,7.48e-03,6.24e-07
v5_final,config,"(32, 128, 2, 2)",1,200,96,64,bfloat16,True,pass,7.48e-03,6.24e-07
v5_final,config,"(128, 32, 8, 3)",1,200,96,64,bfloat16,True,pass,7.48e-03,5.84e-07
v5_final,apply,default,1,200,96,64,bfloat16,False,pass,1.88e-03,5.83e-07
v5_final,config,"(64, 32, 4, 3)",1,200,96,64,bfloat16,False,pass,1.88e-03,5.83e-07
v5_final,config,"(64, 32, 4, 4)",1,200,96,64,bfloat16,False,pass,1.88e-03,5.83e-07
v5_final,config,"(64, 32, 4, 5)",1,200,96,64,bfloat16,False,pass,1.88e-03,5.83e-07
v5_final,config,"(64, 128, 4, 2)",1,200,96,64,bfloat16,False,pass,1.88e-03,6.24e-07
v5_final,config,"(64, 32, 4, 2)",1,200,96,64,bfloat16,False,pass,1.88e-03,5.83e-07
v5_final,config,"(64, 64, 4, 3)",1,200,96,64,bfloat16,False,pass,1.88e-03,6.24e-07
v5_final,config,"(128, 64, 4, 2)",1,200,96,64,bfloat16,False,pass,1.88e-03,6.24e-07
v5_final,config,"(16, 64, 1, 3)",1,200,96,64,bfloat16,False,pass,1.88e-03,6.24e-07
v5_final,config,"(32, 128, 2, 2)",1,200,96,64,bfloat16,False,pass,1.88e-03,6.24e-07
v5_final,config,"(128, 32, 8, 3)",1,200,96,64,bfloat16,False,pass,1.88e-03,5.83e-07
v5_final,apply,default,1,200,96,64,float32,True,pass,2.32e-03,2.15e-03
v5_final,config,"(64, 32, 4, 3)",1,200,96,64,float32,True,pass,2.32e-03,2.15e-03
v5_final,config,"(64, 32, 4, 4)",1,200,96,64,float32,True,pass,2.32e-03,2.15e-03
v5_final,config,"(64, 32, 4, 5)",1,200,96,64,float32,True,pass,2.32e-03,2.15e-03
v5_final,config,"(64, 128, 4, 2)",1,200,96,64,float32,True,pass,2.32e-03,2.15e-03
v5_final,config,"(64, 32, 4, 2)",1,200,96,64,float32,True,pass,2.32e-03,2.15e-03
v5_final,config,"(64, 64, 4, 3)",1,200,96,64,float32,True,pass,2.32e-03,2.15e-03
v5_final,config,"(128, 64, 4, 2)",1,200,96,64,float32,True,pass,2.32e-03,2.15e-03
v5_final,config,"(16, 64, 1, 3)",1,200,96,64,float32,True,pass,2.32e-03,2.15e-03
v5_final,config,"(32, 128, 2, 2)",1,200,96,64,float32,True,pass,2.32e-03,2.15e-03
v5_final,config,"(128, 32, 8, 3)",1,200,96,64,float32,True,pass,2.32e-03,2.15e-03
v5_final,apply,default,1,200,96,64,float32,False,pass,1.49e-03,1.54e-03
v5_final,config,"(64, 32, 4, 3)",1,200,96,64,float32,False,pass,1.49e-03,1.54e-03
v5_final,config,"(64, 32, 4, 4)",1,200,96,64,float32,False,pass,1.49e-03,1.54e-03
v5_final,config,"(64, 32, 4, 5)",1,200,96,64,float32,False,pass,1.49e-03,1.54e-03
v5_final,config,"(64, 128, 4, 2)",1,200,96,64,float32,False,pass,1.49e-03,1.54e-03
v5_final,config,"(64, 32, 4, 2)",1,200,96,64,float32,False,pass,1.49e-03,1.54e-03
v5_final,config,"(64, 64, 4, 3)",1,200,96,64,float32,False,pass,1.49e-03,1.54e-03
v5_final,config,"(128, 64, 4, 2)",1,200,96,64,float32,False,pass,1.49e-03,1.54e-03
v5_final,config,"(16, 64, 1, 3)",1,200,96,64,float32,False,pass,1.49e-03,1.54e-03
v5_final,config,"(32, 128, 2, 2)",1,200,96,64,float32,False,pass,1.49e-03,1.54e-03
v5_final,config,"(128, 32, 8, 3)",1,200,96,64,float32,False,pass,1.49e-03,1.54e-03
v5_final,apply,default,1,96,200,64,bfloat16,True,pass,7.48e-03,5.84e-07
v5_final,config,"(64, 32, 4, 3)",1,96,200,64,bfloat16,True,pass,7.48e-03,5.84e-07
v5_final,config,"(64, 32, 4, 4)",1,96,200,64,bfloat16,True,pass,7.48e-03,5.84e-07
v5_final,config,"(64, 32, 4, 5)",1,96,200,64,bfloat16,True,pass,7.48e-03,5.84e-07
v5_final,config,"(64, 128, 4, 2)",1,96,200,64,bfloat16,True,pass,7.48e-03,5.84e-07
v5_final,config,"(64, 32, 4, 2)",1,96,200,64,bfloat16,True,pass,7.48e-03,5.84e-07
v5_final,config,"(64, 64, 4, 3)",1,96,200,64,bfloat16,True,pass,7.48e-03,5.84e-07
v5_final,config,"(128, 64, 4, 2)",1,96,200,64,bfloat16,True,pass,7.48e-03,5.84e-07
v5_final,config,"(16, 64, 1, 3)",1,96,200,64,bfloat16,True,pass,7.48e-03,5.84e-07
v5_final,config,"(32, 128, 2, 2)",1,96,200,64,bfloat16,True,pass,7.48e-03,5.84e-07
v5_final,config,"(128, 32, 8, 3)",1,96,200,64,bfloat16,True,pass,7.48e-03,5.84e-07
v5_final,apply,default,1,96,200,64,bfloat16,False,pass,1.18e-03,7.47e-07
v5_final,config,"(64, 32, 4, 3)",1,96,200,64,bfloat16,False,pass,1.18e-03,7.47e-07
v5_final,config,"(64, 32, 4, 4)",1,96,200,64,bfloat16,False,pass,1.18e-03,7.47e-07
v5_final,config,"(64, 32, 4, 5)",1,96,200,64,bfloat16,False,pass,1.18e-03,7.47e-07
v5_final,config,"(64, 128, 4, 2)",1,96,200,64,bfloat16,False,pass,1.18e-03,6.99e-07
v5_final,config,"(64, 32, 4, 2)",1,96,200,64,bfloat16,False,pass,1.18e-03,7.47e-07
v5_final,config,"(64, 64, 4, 3)",1,96,200,64,bfloat16,False,pass,1.18e-03,7.47e-07
v5_final,config,"(128, 64, 4, 2)",1,96,200,64,bfloat16,False,pass,1.18e-03,7.47e-07
v5_final,config,"(16, 64, 1, 3)",1,96,200,64,bfloat16,False,pass,1.18e-03,7.47e-07
v5_final,config,"(32, 128, 2, 2)",1,96,200,64,bfloat16,False,pass,1.18e-03,6.99e-07
v5_final,config,"(128, 32, 8, 3)",1,96,200,64,bfloat16,False,pass,1.18e-03,7.47e-07
v5_final,apply,default,1,96,200,64,float32,True,pass,2.32e-03,2.15e-03
v5_final,config,"(64, 32, 4, 3)",1,96,200,64,float32,True,pass,2.32e-03,2.15e-03
v5_final,config,"(64, 32, 4, 4)",1,96,200,64,float32,True,pass,2.32e-03,2.15e-03
v5_final,config,"(64, 32, 4, 5)",1,96,200,64,float32,True,pass,2.32e-03,2.15e-03
v5_final,config,"(64, 128, 4, 2)",1,96,200,64,float32,True,pass,2.32e-03,2.15e-03
v5_final,config,"(64, 32, 4, 2)",1,96,200,64,float32,True,pass,2.32e-03,2.15e-03
v5_final,config,"(64, 64, 4, 3)",1,96,200,64,float32,True,pass,2.32e-03,2.15e-03
v5_final,config,"(128, 64, 4, 2)",1,96,200,64,float32,True,pass,2.32e-03,2.15e-03
v5_final,config,"(16, 64, 1, 3)",1,96,200,64,float32,True,pass,2.32e-03,2.15e-03
v5_final,config,"(32, 128, 2, 2)",1,96,200,64,float32,True,pass,2.32e-03,2.15e-03
v5_final,config,"(128, 32, 8, 3)",1,96,200,64,float32,True,pass,2.32e-03,2.15e-03
v5_final,apply,default,1,96,200,64,float32,False,pass,1.68e-03,1.43e-03
v5_final,config,"(64, 32, 4, 3)",1,96,200,64,float32,False,pass,1.68e-03,1.43e-03
v5_final,config,"(64, 32, 4, 4)",1,96,200,64,float32,False,pass,1.68e-03,1.43e-03
v5_final,config,"(64, 32, 4, 5)",1,96,200,64,float32,False,pass,1.68e-03,1.43e-03
v5_final,config,"(64, 128, 4, 2)",1,96,200,64,float32,False,pass,1.70e-03,1.43e-03
v5_final,config,"(64, 32, 4, 2)",1,96,200,64,float32,False,pass,1.68e-03,1.43e-03
v5_final,config,"(64, 64, 4, 3)",1,96,200,64,float32,False,pass,1.70e-03,1.43e-03
v5_final,config,"(128, 64, 4, 2)",1,96,200,64,float32,False,pass,1.70e-03,1.43e-03
v5_final,config,"(16, 64, 1, 3)",1,96,200,64,float32,False,pass,1.70e-03,1.43e-03
v5_final,config,"(32, 128, 2, 2)",1,96,200,64,float32,False,pass,1.70e-03,1.43e-03
v5_final,config,"(128, 32, 8, 3)",1,96,200,64,float32,False,pass,1.68e-03,1.43e-03
v5_final,apply,default,1,37,53,32,bfloat16,True,pass,7.09e-03,3.50e-07
v5_final,config,"(64, 32, 4, 3)",1,37,53,32,bfloat16,True,pass,7.09e-03,3.50e-07
v5_final,config,"(64, 32, 4, 4)",1,37,53,32,bfloat16,True,pass,7.09e-03,3.50e-07
v5_final,config,"(64, 32, 4, 5)",1,37,53,32,bfloat16,True,pass,7.09e-03,3.50e-07
v5_final,config,"(64, 128, 4, 2)",1,37,53,32,bfloat16,True,pass,7.09e-03,3.50e-07
v5_final,config,"(64, 32, 4, 2)",1,37,53,32,bfloat16,True,pass,7.09e-03,3.50e-07
v5_final,config,"(64, 64, 4, 3)",1,37,53,32,bfloat16,True,pass,7.09e-03,3.50e-07
v5_final,config,"(128, 64, 4, 2)",1,37,53,32,bfloat16,True,pass,7.09e-03,3.50e-07
v5_final,config,"(16, 64, 1, 3)",1,37,53,32,bfloat16,True,pass,7.09e-03,3.50e-07
v5_final,config,"(32, 128, 2, 2)",1,37,53,32,bfloat16,True,pass,7.09e-03,3.50e-07
v5_final,config,"(128, 32, 8, 3)",1,37,53,32,bfloat16,True,pass,7.09e-03,3.50e-07
v5_final,apply,default,1,37,53,32,bfloat16,False,pass,2.06e-03,3.83e-07
v5_final,config,"(64, 32, 4, 3)",1,37,53,32,bfloat16,False,pass,2.06e-03,3.83e-07
v5_final,config,"(64, 32, 4, 4)",1,37,53,32,bfloat16,False,pass,2.06e-03,3.83e-07
v5_final,config,"(64, 32, 4, 5)",1,37,53,32,bfloat16,False,pass,2.06e-03,3.83e-07
v5_final,config,"(64, 128, 4, 2)",1,37,53,32,bfloat16,False,pass,2.63e-03,3.83e-07
v5_final,config,"(64, 32, 4, 2)",1,37,53,32,bfloat16,False,pass,2.06e-03,3.83e-07
v5_final,config,"(64, 64, 4, 3)",1,37,53,32,bfloat16,False,pass,2.63e-03,3.83e-07
v5_final,config,"(128, 64, 4, 2)",1,37,53,32,bfloat16,False,pass,2.63e-03,3.83e-07
v5_final,config,"(16, 64, 1, 3)",1,37,53,32,bfloat16,False,pass,2.63e-03,3.83e-07
v5_final,config,"(32, 128, 2, 2)",1,37,53,32,bfloat16,False,pass,2.63e-03,3.83e-07
v5_final,config,"(128, 32, 8, 3)",1,37,53,32,bfloat16,False,pass,2.06e-03,3.83e-07
v5_final,apply,default,1,37,53,32,float32,True,pass,2.32e-03,1.60e-03
v5_final,config,"(64, 32, 4, 3)",1,37,53,32,float32,True,pass,2.32e-03,1.60e-03
v5_final,config,"(64, 32, 4, 4)",1,37,53,32,float32,True,pass,2.32e-03,1.60e-03
v5_final,config,"(64, 32, 4, 5)",1,37,53,32,float32,True,pass,2.32e-03,1.60e-03
v5_final,config,"(64, 128, 4, 2)",1,37,53,32,float32,True,pass,2.32e-03,1.60e-03
v5_final,config,"(64, 32, 4, 2)",1,37,53,32,float32,True,pass,2.32e-03,1.60e-03
v5_final,config,"(64, 64, 4, 3)",1,37,53,32,float32,True,pass,2.32e-03,1.60e-03
v5_final,config,"(128, 64, 4, 2)",1,37,53,32,float32,True,pass,2.32e-03,1.60e-03
v5_final,config,"(16, 64, 1, 3)",1,37,53,32,float32,True,pass,2.32e-03,1.60e-03
v5_final,config,"(32, 128, 2, 2)",1,37,53,32,float32,True,pass,2.32e-03,1.60e-03
v5_final,config,"(128, 32, 8, 3)",1,37,53,32,float32,True,pass,2.32e-03,1.60e-03
v5_final,apply,default,1,37,53,32,float32,False,pass,2.16e-03,2.10e-03
v5_final,config,"(64, 32, 4, 3)",1,37,53,32,float32,False,pass,2.16e-03,2.10e-03
v5_final,config,"(64, 32, 4, 4)",1,37,53,32,float32,False,pass,2.16e-03,2.10e-03
v5_final,config,"(64, 32, 4, 5)",1,37,53,32,float32,False,pass,2.16e-03,2.10e-03
v5_final,config,"(64, 128, 4, 2)",1,37,53,32,float32,False,pass,2.19e-03,2.10e-03
v5_final,config,"(64, 32, 4, 2)",1,37,53,32,float32,False,pass,2.16e-03,2.10e-03
v5_final,config,"(64, 64, 4, 3)",1,37,53,32,float32,False,pass,2.19e-03,2.10e-03
v5_final,config,"(128, 64, 4, 2)",1,37,53,32,float32,False,pass,2.19e-03,2.10e-03
v5_final,config,"(16, 64, 1, 3)",1,37,53,32,float32,False,pass,2.19e-03,2.10e-03
v5_final,config,"(32, 128, 2, 2)",1,37,53,32,float32,False,pass,2.19e-03,2.10e-03
v5_final,config,"(128, 32, 8, 3)",1,37,53,32,float32,False,pass,2.16e-03,2.10e-03
v5_final,apply,default,1,53,37,32,bfloat16,True,pass,7.09e-03,3.50e-07
v5_final,config,"(64, 32, 4, 3)",1,53,37,32,bfloat16,True,pass,7.09e-03,3.50e-07
v5_final,config,"(64, 32, 4, 4)",1,53,37,32,bfloat16,True,pass,7.09e-03,3.50e-07
v5_final,config,"(64, 32, 4, 5)",1,53,37,32,bfloat16,True,pass,7.09e-03,3.50e-07
v5_final,config,"(64, 128, 4, 2)",1,53,37,32,bfloat16,True,pass,7.09e-03,3.50e-07
v5_final,config,"(64, 32, 4, 2)",1,53,37,32,bfloat16,True,pass,7.09e-03,3.50e-07
v5_final,config,"(64, 64, 4, 3)",1,53,37,32,bfloat16,True,pass,7.09e-03,3.50e-07
v5_final,config,"(128, 64, 4, 2)",1,53,37,32,bfloat16,True,pass,7.09e-03,3.50e-07
v5_final,config,"(16, 64, 1, 3)",1,53,37,32,bfloat16,True,pass,7.09e-03,3.50e-07
v5_final,config,"(32, 128, 2, 2)",1,53,37,32,bfloat16,True,pass,7.09e-03,3.50e-07
v5_final,config,"(128, 32, 8, 3)",1,53,37,32,bfloat16,True,pass,7.09e-03,3.50e-07
v5_final,apply,default,1,53,37,32,bfloat16,False,pass,2.28e-03,4.82e-07
v5_final,config,"(64, 32, 4, 3)",1,53,37,32,bfloat16,False,pass,2.28e-03,4.82e-07
v5_final,config,"(64, 32, 4, 4)",1,53,37,32,bfloat16,False,pass,2.28e-03,4.82e-07
v5_final,config,"(64, 32, 4, 5)",1,53,37,32,bfloat16,False,pass,2.28e-03,4.82e-07
v5_final,config,"(64, 128, 4, 2)",1,53,37,32,bfloat16,False,pass,2.28e-03,4.25e-07
v5_final,config,"(64, 32, 4, 2)",1,53,37,32,bfloat16,False,pass,2.28e-03,4.82e-07
v5_final,config,"(64, 64, 4, 3)",1,53,37,32,bfloat16,False,pass,2.28e-03,4.25e-07
v5_final,config,"(128, 64, 4, 2)",1,53,37,32,bfloat16,False,pass,2.28e-03,4.25e-07
v5_final,config,"(16, 64, 1, 3)",1,53,37,32,bfloat16,False,pass,2.28e-03,4.25e-07
v5_final,config,"(32, 128, 2, 2)",1,53,37,32,bfloat16,False,pass,2.28e-03,4.25e-07
v5_final,config,"(128, 32, 8, 3)",1,53,37,32,bfloat16,False,pass,2.28e-03,4.82e-07
v5_final,apply,default,1,53,37,32,float32,True,pass,2.32e-03,1.60e-03
v5_final,config,"(64, 32, 4, 3)",1,53,37,32,float32,True,pass,2.32e-03,1.60e-03
v5_final,config,"(64, 32, 4, 4)",1,53,37,32,float32,True,pass,2.32e-03,1.60e-03
v5_final,config,"(64, 32, 4, 5)",1,53,37,32,float32,True,pass,2.32e-03,1.60e-03
v5_final,config,"(64, 128, 4, 2)",1,53,37,32,float32,True,pass,2.32e-03,1.60e-03
v5_final,config,"(64, 32, 4, 2)",1,53,37,32,float32,True,pass,2.32e-03,1.60e-03
v5_final,config,"(64, 64, 4, 3)",1,53,37,32,float32,True,pass,2.32e-03,1.60e-03
v5_final,config,"(128, 64, 4, 2)",1,53,37,32,float32,True,pass,2.32e-03,1.60e-03
v5_final,config,"(16, 64, 1, 3)",1,53,37,32,float32,True,pass,2.32e-03,1.60e-03
v5_final,config,"(32, 128, 2, 2)",1,53,37,32,float32,True,pass,2.32e-03,1.60e-03
v5_final,config,"(128, 32, 8, 3)",1,53,37,32,float32,True,pass,2.32e-03,1.60e-03
v5_final,apply,default,1,53,37,32,float32,False,pass,1.65e-03,1.42e-03
v5_final,config,"(64, 32, 4, 3)",1,53,37,32,float32,False,pass,1.65e-03,1.42e-03
v5_final,config,"(64, 32, 4, 4)",1,53,37,32,float32,False,pass,1.65e-03,1.42e-03
v5_final,config,"(64, 32, 4, 5)",1,53,37,32,float32,False,pass,1.65e-03,1.42e-03
v5_final,config,"(64, 128, 4, 2)",1,53,37,32,float32,False,pass,1.65e-03,1.42e-03
v5_final,config,"(64, 32, 4, 2)",1,53,37,32,float32,False,pass,1.65e-03,1.42e-03
v5_final,config,"(64, 64, 4, 3)",1,53,37,32,float32,False,pass,1.65e-03,1.42e-03
v5_final,config,"(128, 64, 4, 2)",1,53,37,32,float32,False,pass,1.65e-03,1.42e-03
v5_final,config,"(16, 64, 1, 3)",1,53,37,32,float32,False,pass,1.65e-03,1.42e-03
v5_final,config,"(32, 128, 2, 2)",1,53,37,32,float32,False,pass,1.65e-03,1.42e-03
v5_final,config,"(128, 32, 8, 3)",1,53,37,32,float32,False,pass,1.65e-03,1.42e-03
v5_final,apply,default,2,100,100,16,bfloat16,True,pass,8.93e-03,5.63e-07
v5_final,config,"(64, 32, 4, 3)",2,100,100,16,bfloat16,True,pass,8.93e-03,5.63e-07
v5_final,config,"(64, 32, 4, 4)",2,100,100,16,bfloat16,True,pass,8.93e-03,5.63e-07
v5_final,config,"(64, 32, 4, 5)",2,100,100,16,bfloat16,True,pass,8.93e-03,5.63e-07
v5_final,config,"(64, 128, 4, 2)",2,100,100,16,bfloat16,True,pass,8.93e-03,5.63e-07
v5_final,config,"(64, 32, 4, 2)",2,100,100,16,bfloat16,True,pass,8.93e-03,5.63e-07
v5_final,config,"(64, 64, 4, 3)",2,100,100,16,bfloat16,True,pass,8.93e-03,5.63e-07
v5_final,config,"(128, 64, 4, 2)",2,100,100,16,bfloat16,True,pass,8.93e-03,5.63e-07
v5_final,config,"(16, 64, 1, 3)",2,100,100,16,bfloat16,True,pass,8.93e-03,5.63e-07
v5_final,config,"(32, 128, 2, 2)",2,100,100,16,bfloat16,True,pass,8.93e-03,5.63e-07
v5_final,config,"(128, 32, 8, 3)",2,100,100,16,bfloat16,True,pass,8.93e-03,5.63e-07
v5_final,apply,default,2,100,100,16,bfloat16,False,pass,2.25e-03,6.13e-07
v5_final,config,"(64, 32, 4, 3)",2,100,100,16,bfloat16,False,pass,2.25e-03,5.25e-07
v5_final,config,"(64, 32, 4, 4)",2,100,100,16,bfloat16,False,pass,2.25e-03,5.25e-07
v5_final,config,"(64, 32, 4, 5)",2,100,100,16,bfloat16,False,pass,2.25e-03,5.25e-07
v5_final,config,"(64, 128, 4, 2)",2,100,100,16,bfloat16,False,pass,2.25e-03,6.13e-07
v5_final,config,"(64, 32, 4, 2)",2,100,100,16,bfloat16,False,pass,2.25e-03,5.25e-07
v5_final,config,"(64, 64, 4, 3)",2,100,100,16,bfloat16,False,pass,2.25e-03,5.25e-07
v5_final,config,"(128, 64, 4, 2)",2,100,100,16,bfloat16,False,pass,2.25e-03,5.25e-07
v5_final,config,"(16, 64, 1, 3)",2,100,100,16,bfloat16,False,pass,2.25e-03,5.25e-07
v5_final,config,"(32, 128, 2, 2)",2,100,100,16,bfloat16,False,pass,2.25e-03,6.13e-07
v5_final,config,"(128, 32, 8, 3)",2,100,100,16,bfloat16,False,pass,2.25e-03,5.25e-07
v5_final,apply,default,2,100,100,16,float32,True,pass,2.04e-03,2.38e-03
v5_final,config,"(64, 32, 4, 3)",2,100,100,16,float32,True,pass,2.04e-03,2.38e-03
v5_final,config,"(64, 32, 4, 4)",2,100,100,16,float32,True,pass,2.04e-03,2.38e-03
v5_final,config,"(64, 32, 4, 5)",2,100,100,16,float32,True,pass,2.04e-03,2.38e-03
v5_final,config,"(64, 128, 4, 2)",2,100,100,16,float32,True,pass,2.04e-03,2.38e-03
v5_final,config,"(64, 32, 4, 2)",2,100,100,16,float32,True,pass,2.04e-03,2.38e-03
v5_final,config,"(64, 64, 4, 3)",2,100,100,16,float32,True,pass,2.04e-03,2.38e-03
v5_final,config,"(128, 64, 4, 2)",2,100,100,16,float32,True,pass,2.04e-03,2.38e-03
v5_final,config,"(16, 64, 1, 3)",2,100,100,16,float32,True,pass,2.04e-03,2.38e-03
v5_final,config,"(32, 128, 2, 2)",2,100,100,16,float32,True,pass,2.04e-03,2.38e-03
v5_final,config,"(128, 32, 8, 3)",2,100,100,16,float32,True,pass,2.04e-03,2.38e-03
v5_final,apply,default,2,100,100,16,float32,False,pass,1.69e-03,2.25e-03
v5_final,config,"(64, 32, 4, 3)",2,100,100,16,float32,False,pass,1.71e-03,2.25e-03
v5_final,config,"(64, 32, 4, 4)",2,100,100,16,float32,False,pass,1.71e-03,2.25e-03
v5_final,config,"(64, 32, 4, 5)",2,100,100,16,float32,False,pass,1.71e-03,2.25e-03
v5_final,config,"(64, 128, 4, 2)",2,100,100,16,float32,False,pass,1.69e-03,2.25e-03
v5_final,config,"(64, 32, 4, 2)",2,100,100,16,float32,False,pass,1.71e-03,2.25e-03
v5_final,config,"(64, 64, 4, 3)",2,100,100,16,float32,False,pass,1.71e-03,2.25e-03
v5_final,config,"(128, 64, 4, 2)",2,100,100,16,float32,False,pass,1.71e-03,2.25e-03
v5_final,config,"(16, 64, 1, 3)",2,100,100,16,float32,False,pass,1.71e-03,2.25e-03
v5_final,config,"(32, 128, 2, 2)",2,100,100,16,float32,False,pass,1.69e-03,2.25e-03
v5_final,config,"(128, 32, 8, 3)",2,100,100,16,float32,False,pass,1.71e-03,2.25e-03
v5_final,apply,default,2,64,128,16,bfloat16,True,pass,8.93e-03,4.80e-07
v5_final,config,"(64, 32, 4, 3)",2,64,128,16,bfloat16,True,pass,8.93e-03,4.80e-07
v5_final,config,"(64, 32, 4, 4)",2,64,128,16,bfloat16,True,pass,8.93e-03,4.80e-07
v5_final,config,"(64, 32, 4, 5)",2,64,128,16,bfloat16,True,pass,8.93e-03,4.80e-07
v5_final,config,"(64, 128, 4, 2)",2,64,128,16,bfloat16,True,pass,8.93e-03,4.80e-07
v5_final,config,"(64, 32, 4, 2)",2,64,128,16,bfloat16,True,pass,8.93e-03,4.80e-07
v5_final,config,"(64, 64, 4, 3)",2,64,128,16,bfloat16,True,pass,8.93e-03,4.80e-07
v5_final,config,"(128, 64, 4, 2)",2,64,128,16,bfloat16,True,pass,8.93e-03,4.80e-07
v5_final,config,"(16, 64, 1, 3)",2,64,128,16,bfloat16,True,pass,8.93e-03,4.80e-07
v5_final,config,"(32, 128, 2, 2)",2,64,128,16,bfloat16,True,pass,8.93e-03,4.80e-07
v5_final,config,"(128, 32, 8, 3)",2,64,128,16,bfloat16,True,pass,8.93e-03,4.80e-07
v5_final,apply,default,2,64,128,16,bfloat16,False,pass,1.55e-03,4.85e-07
v5_final,config,"(64, 32, 4, 3)",2,64,128,16,bfloat16,False,pass,1.55e-03,4.85e-07
v5_final,config,"(64, 32, 4, 4)",2,64,128,16,bfloat16,False,pass,1.55e-03,4.85e-07
v5_final,config,"(64, 32, 4, 5)",2,64,128,16,bfloat16,False,pass,1.55e-03,4.85e-07
v5_final,config,"(64, 128, 4, 2)",2,64,128,16,bfloat16,False,pass,1.55e-03,4.85e-07
v5_final,config,"(64, 32, 4, 2)",2,64,128,16,bfloat16,False,pass,1.55e-03,4.85e-07
v5_final,config,"(64, 64, 4, 3)",2,64,128,16,bfloat16,False,pass,1.55e-03,4.85e-07
v5_final,config,"(128, 64, 4, 2)",2,64,128,16,bfloat16,False,pass,1.55e-03,4.85e-07
v5_final,config,"(16, 64, 1, 3)",2,64,128,16,bfloat16,False,pass,1.55e-03,4.85e-07
v5_final,config,"(32, 128, 2, 2)",2,64,128,16,bfloat16,False,pass,1.55e-03,4.85e-07
v5_final,config,"(128, 32, 8, 3)",2,64,128,16,bfloat16,False,pass,1.55e-03,4.85e-07
v5_final,apply,default,2,64,128,16,float32,True,pass,1.97e-03,2.38e-03
v5_final,config,"(64, 32, 4, 3)",2,64,128,16,float32,True,pass,1.97e-03,2.38e-03
v5_final,config,"(64, 32, 4, 4)",2,64,128,16,float32,True,pass,1.97e-03,2.38e-03
v5_final,config,"(64, 32, 4, 5)",2,64,128,16,float32,True,pass,1.97e-03,2.38e-03
v5_final,config,"(64, 128, 4, 2)",2,64,128,16,float32,True,pass,1.97e-03,2.38e-03
v5_final,config,"(64, 32, 4, 2)",2,64,128,16,float32,True,pass,1.97e-03,2.38e-03
v5_final,config,"(64, 64, 4, 3)",2,64,128,16,float32,True,pass,1.97e-03,2.38e-03
v5_final,config,"(128, 64, 4, 2)",2,64,128,16,float32,True,pass,1.97e-03,2.38e-03
v5_final,config,"(16, 64, 1, 3)",2,64,128,16,float32,True,pass,1.97e-03,2.38e-03
v5_final,config,"(32, 128, 2, 2)",2,64,128,16,float32,True,pass,1.97e-03,2.38e-03
v5_final,config,"(128, 32, 8, 3)",2,64,128,16,float32,True,pass,1.97e-03,2.38e-03
v5_final,apply,default,2,64,128,16,float32,False,pass,1.12e-03,2.13e-03
v5_final,config,"(64, 32, 4, 3)",2,64,128,16,float32,False,pass,1.12e-03,2.13e-03
v5_final,config,"(64, 32, 4, 4)",2,64,128,16,float32,False,pass,1.12e-03,2.13e-03
v5_final,config,"(64, 32, 4, 5)",2,64,128,16,float32,False,pass,1.12e-03,2.13e-03
v5_final,config,"(64, 128, 4, 2)",2,64,128,16,float32,False,pass,1.12e-03,2.13e-03
v5_final,config,"(64, 32, 4, 2)",2,64,128,16,float32,False,pass,1.12e-03,2.13e-03
v5_final,config,"(64, 64, 4, 3)",2,64,128,16,float32,False,pass,1.12e-03,2.13e-03
v5_final,config,"(128, 64, 4, 2)",2,64,128,16,float32,False,pass,1.12e-03,2.13e-03
v5_final,config,"(16, 64, 1, 3)",2,64,128,16,float32,False,pass,1.12e-03,2.13e-03
v5_final,config,"(32, 128, 2, 2)",2,64,128,16,float32,False,pass,1.12e-03,2.13e-03
v5_final,config,"(128, 32, 8, 3)",2,64,128,16,float32,False,pass,1.12e-03,2.13e-03
v5_final,apply,default,2,128,64,16,bfloat16,True,pass,8.93e-03,5.00e-07
v5_final,config,"(64, 32, 4, 3)",2,128,64,16,bfloat16,True,pass,8.93e-03,5.00e-07
v5_final,config,"(64, 32, 4, 4)",2,128,64,16,bfloat16,True,pass,8.93e-03,5.00e-07
v5_final,config,"(64, 32, 4, 5)",2,128,64,16,bfloat16,True,pass,8.93e-03,5.00e-07
v5_final,config,"(64, 128, 4, 2)",2,128,64,16,bfloat16,True,pass,8.93e-03,6.46e-07
v5_final,config,"(64, 32, 4, 2)",2,128,64,16,bfloat16,True,pass,8.93e-03,5.00e-07
v5_final,config,"(64, 64, 4, 3)",2,128,64,16,bfloat16,True,pass,8.93e-03,6.46e-07
v5_final,config,"(128, 64, 4, 2)",2,128,64,16,bfloat16,True,pass,8.93e-03,6.46e-07
v5_final,config,"(16, 64, 1, 3)",2,128,64,16,bfloat16,True,pass,8.93e-03,6.46e-07
v5_final,config,"(32, 128, 2, 2)",2,128,64,16,bfloat16,True,pass,8.93e-03,6.46e-07
v5_final,config,"(128, 32, 8, 3)",2,128,64,16,bfloat16,True,pass,8.93e-03,5.00e-07
v5_final,apply,default,2,128,64,16,bfloat16,False,pass,2.25e-03,6.67e-07
v5_final,config,"(64, 32, 4, 3)",2,128,64,16,bfloat16,False,pass,2.25e-03,6.67e-07
v5_final,config,"(64, 32, 4, 4)",2,128,64,16,bfloat16,False,pass,2.25e-03,6.67e-07
v5_final,config,"(64, 32, 4, 5)",2,128,64,16,bfloat16,False,pass,2.25e-03,6.67e-07
v5_final,config,"(64, 128, 4, 2)",2,128,64,16,bfloat16,False,pass,2.25e-03,6.46e-07
v5_final,config,"(64, 32, 4, 2)",2,128,64,16,bfloat16,False,pass,2.25e-03,6.67e-07
v5_final,config,"(64, 64, 4, 3)",2,128,64,16,bfloat16,False,pass,2.25e-03,6.46e-07
v5_final,config,"(128, 64, 4, 2)",2,128,64,16,bfloat16,False,pass,2.25e-03,6.46e-07
v5_final,config,"(16, 64, 1, 3)",2,128,64,16,bfloat16,False,pass,2.25e-03,6.46e-07
v5_final,config,"(32, 128, 2, 2)",2,128,64,16,bfloat16,False,pass,2.25e-03,6.46e-07
v5_final,config,"(128, 32, 8, 3)",2,128,64,16,bfloat16,False,pass,2.25e-03,6.67e-07
v5_final,apply,default,2,128,64,16,float32,True,pass,1.97e-03,2.38e-03
v5_final,config,"(64, 32, 4, 3)",2,128,64,16,float32,True,pass,1.97e-03,2.38e-03
v5_final,config,"(64, 32, 4, 4)",2,128,64,16,float32,True,pass,1.97e-03,2.38e-03
v5_final,config,"(64, 32, 4, 5)",2,128,64,16,float32,True,pass,1.97e-03,2.38e-03
v5_final,config,"(64, 128, 4, 2)",2,128,64,16,float32,True,pass,1.97e-03,2.38e-03
v5_final,config,"(64, 32, 4, 2)",2,128,64,16,float32,True,pass,1.97e-03,2.38e-03
v5_final,config,"(64, 64, 4, 3)",2,128,64,16,float32,True,pass,1.97e-03,2.38e-03
v5_final,config,"(128, 64, 4, 2)",2,128,64,16,float32,True,pass,1.97e-03,2.38e-03
v5_final,config,"(16, 64, 1, 3)",2,128,64,16,float32,True,pass,1.97e-03,2.38e-03
v5_final,config,"(32, 128, 2, 2)",2,128,64,16,float32,True,pass,1.97e-03,2.38e-03
v5_final,config,"(128, 32, 8, 3)",2,128,64,16,float32,True,pass,1.97e-03,2.38e-03
v5_final,apply,default,2,128,64,16,float32,False,pass,2.03e-03,2.35e-03
v5_final,config,"(64, 32, 4, 3)",2,128,64,16,float32,False,pass,2.03e-03,2.35e-03
v5_final,config,"(64, 32, 4, 4)",2,128,64,16,float32,False,pass,2.03e-03,2.35e-03
v5_final,config,"(64, 32, 4, 5)",2,128,64,16,float32,False,pass,2.03e-03,2.35e-03
v5_final,config,"(64, 128, 4, 2)",2,128,64,16,float32,False,pass,2.03e-03,2.35e-03
v5_final,config,"(64, 32, 4, 2)",2,128,64,16,float32,False,pass,2.03e-03,2.35e-03
v5_final,config,"(64, 64, 4, 3)",2,128,64,16,float32,False,pass,2.03e-03,2.35e-03
v5_final,config,"(128, 64, 4, 2)",2,128,64,16,float32,False,pass,2.03e-03,2.35e-03
v5_final,config,"(16, 64, 1, 3)",2,128,64,16,float32,False,pass,2.03e-03,2.35e-03
v5_final,config,"(32, 128, 2, 2)",2,128,64,16,float32,False,pass,2.03e-03,2.35e-03
v5_final,config,"(128, 32, 8, 3)",2,128,64,16,float32,False,pass,2.03e-03,2.35e-03
v5_final,apply,default,1,1,77,64,bfloat16,True,pass,0.00e+00,1.49e-08
v5_final,config,"(64, 32, 4, 3)",1,1,77,64,bfloat16,True,pass,0.00e+00,1.49e-08
v5_final,config,"(64, 32, 4, 4)",1,1,77,64,bfloat16,True,pass,0.00e+00,1.49e-08
v5_final,config,"(64, 32, 4, 5)",1,1,77,64,bfloat16,True,pass,0.00e+00,1.49e-08
v5_final,config,"(64, 128, 4, 2)",1,1,77,64,bfloat16,True,pass,0.00e+00,1.49e-08
v5_final,config,"(64, 32, 4, 2)",1,1,77,64,bfloat16,True,pass,0.00e+00,1.49e-08
v5_final,config,"(64, 64, 4, 3)",1,1,77,64,bfloat16,True,pass,0.00e+00,1.49e-08
v5_final,config,"(128, 64, 4, 2)",1,1,77,64,bfloat16,True,pass,0.00e+00,1.49e-08
v5_final,config,"(16, 64, 1, 3)",1,1,77,64,bfloat16,True,pass,0.00e+00,1.49e-08
v5_final,config,"(32, 128, 2, 2)",1,1,77,64,bfloat16,True,pass,0.00e+00,1.49e-08
v5_final,config,"(128, 32, 8, 3)",1,1,77,64,bfloat16,True,pass,0.00e+00,1.49e-08
v5_final,apply,default,1,1,77,64,bfloat16,False,pass,1.51e-03,1.18e-07
v5_final,config,"(64, 32, 4, 3)",1,1,77,64,bfloat16,False,pass,1.51e-03,1.18e-07
v5_final,config,"(64, 32, 4, 4)",1,1,77,64,bfloat16,False,pass,1.51e-03,1.18e-07
v5_final,config,"(64, 32, 4, 5)",1,1,77,64,bfloat16,False,pass,1.51e-03,1.18e-07
v5_final,config,"(64, 128, 4, 2)",1,1,77,64,bfloat16,False,pass,6.49e-04,1.18e-07
v5_final,config,"(64, 32, 4, 2)",1,1,77,64,bfloat16,False,pass,1.51e-03,1.18e-07
v5_final,config,"(64, 64, 4, 3)",1,1,77,64,bfloat16,False,pass,1.51e-03,1.18e-07
v5_final,config,"(128, 64, 4, 2)",1,1,77,64,bfloat16,False,pass,1.51e-03,1.18e-07
v5_final,config,"(16, 64, 1, 3)",1,1,77,64,bfloat16,False,pass,1.51e-03,1.18e-07
v5_final,config,"(32, 128, 2, 2)",1,1,77,64,bfloat16,False,pass,6.49e-04,1.18e-07
v5_final,config,"(128, 32, 8, 3)",1,1,77,64,bfloat16,False,pass,1.51e-03,1.18e-07
v5_final,apply,default,1,1,77,64,float32,True,pass,1.54e-03,6.14e-04
v5_final,config,"(64, 32, 4, 3)",1,1,77,64,float32,True,pass,1.54e-03,6.14e-04
v5_final,config,"(64, 32, 4, 4)",1,1,77,64,float32,True,pass,1.54e-03,6.14e-04
v5_final,config,"(64, 32, 4, 5)",1,1,77,64,float32,True,pass,1.54e-03,6.14e-04
v5_final,config,"(64, 128, 4, 2)",1,1,77,64,float32,True,pass,1.54e-03,6.14e-04
v5_final,config,"(64, 32, 4, 2)",1,1,77,64,float32,True,pass,1.54e-03,6.14e-04
v5_final,config,"(64, 64, 4, 3)",1,1,77,64,float32,True,pass,1.54e-03,6.14e-04
v5_final,config,"(128, 64, 4, 2)",1,1,77,64,float32,True,pass,1.54e-03,6.14e-04
v5_final,config,"(16, 64, 1, 3)",1,1,77,64,float32,True,pass,1.54e-03,6.14e-04
v5_final,config,"(32, 128, 2, 2)",1,1,77,64,float32,True,pass,1.54e-03,6.14e-04
v5_final,config,"(128, 32, 8, 3)",1,1,77,64,float32,True,pass,1.54e-03,6.14e-04
v5_final,apply,default,1,1,77,64,float32,False,pass,4.63e-04,6.90e-04
v5_final,config,"(64, 32, 4, 3)",1,1,77,64,float32,False,pass,4.63e-04,6.90e-04
v5_final,config,"(64, 32, 4, 4)",1,1,77,64,float32,False,pass,4.63e-04,6.90e-04
v5_final,config,"(64, 32, 4, 5)",1,1,77,64,float32,False,pass,4.63e-04,6.90e-04
v5_final,config,"(64, 128, 4, 2)",1,1,77,64,float32,False,pass,4.75e-04,6.90e-04
v5_final,config,"(64, 32, 4, 2)",1,1,77,64,float32,False,pass,4.63e-04,6.90e-04
v5_final,config,"(64, 64, 4, 3)",1,1,77,64,float32,False,pass,4.67e-04,6.90e-04
v5_final,config,"(128, 64, 4, 2)",1,1,77,64,float32,False,pass,4.67e-04,6.90e-04
v5_final,config,"(16, 64, 1, 3)",1,1,77,64,float32,False,pass,4.67e-04,6.90e-04
v5_final,config,"(32, 128, 2, 2)",1,1,77,64,float32,False,pass,4.75e-04,6.90e-04
v5_final,config,"(128, 32, 8, 3)",1,1,77,64,float32,False,pass,4.63e-04,6.90e-04
v5_final,apply,default,1,77,1,64,bfloat16,True,pass,0.00e+00,4.92e-07
v5_final,config,"(64, 32, 4, 3)",1,77,1,64,bfloat16,True,pass,0.00e+00,4.92e-07
v5_final,config,"(64, 32, 4, 4)",1,77,1,64,bfloat16,True,pass,0.00e+00,4.92e-07
v5_final,config,"(64, 32, 4, 5)",1,77,1,64,bfloat16,True,pass,0.00e+00,4.92e-07
v5_final,config,"(64, 128, 4, 2)",1,77,1,64,bfloat16,True,pass,0.00e+00,4.92e-07
v5_final,config,"(64, 32, 4, 2)",1,77,1,64,bfloat16,True,pass,0.00e+00,4.92e-07
v5_final,config,"(64, 64, 4, 3)",1,77,1,64,bfloat16,True,pass,0.00e+00,4.92e-07
v5_final,config,"(128, 64, 4, 2)",1,77,1,64,bfloat16,True,pass,0.00e+00,4.92e-07
v5_final,config,"(16, 64, 1, 3)",1,77,1,64,bfloat16,True,pass,0.00e+00,4.92e-07
v5_final,config,"(32, 128, 2, 2)",1,77,1,64,bfloat16,True,pass,0.00e+00,4.92e-07
v5_final,config,"(128, 32, 8, 3)",1,77,1,64,bfloat16,True,pass,0.00e+00,4.92e-07
v5_final,apply,default,1,77,1,64,bfloat16,False,pass,0.00e+00,4.92e-07
v5_final,config,"(64, 32, 4, 3)",1,77,1,64,bfloat16,False,pass,0.00e+00,4.92e-07
v5_final,config,"(64, 32, 4, 4)",1,77,1,64,bfloat16,False,pass,0.00e+00,4.92e-07
v5_final,config,"(64, 32, 4, 5)",1,77,1,64,bfloat16,False,pass,0.00e+00,4.92e-07
v5_final,config,"(64, 128, 4, 2)",1,77,1,64,bfloat16,False,pass,0.00e+00,4.92e-07
v5_final,config,"(64, 32, 4, 2)",1,77,1,64,bfloat16,False,pass,0.00e+00,4.92e-07
v5_final,config,"(64, 64, 4, 3)",1,77,1,64,bfloat16,False,pass,0.00e+00,4.92e-07
v5_final,config,"(128, 64, 4, 2)",1,77,1,64,bfloat16,False,pass,0.00e+00,4.92e-07
v5_final,config,"(16, 64, 1, 3)",1,77,1,64,bfloat16,False,pass,0.00e+00,4.92e-07
v5_final,config,"(32, 128, 2, 2)",1,77,1,64,bfloat16,False,pass,0.00e+00,4.92e-07
v5_final,config,"(128, 32, 8, 3)",1,77,1,64,bfloat16,False,pass,0.00e+00,4.92e-07
v5_final,apply,default,1,77,1,64,float32,True,pass,1.54e-03,2.03e-03
v5_final,config,"(64, 32, 4, 3)",1,77,1,64,float32,True,pass,1.54e-03,2.03e-03
v5_final,config,"(64, 32, 4, 4)",1,77,1,64,float32,True,pass,1.54e-03,2.03e-03
v5_final,config,"(64, 32, 4, 5)",1,77,1,64,float32,True,pass,1.54e-03,2.03e-03
v5_final,config,"(64, 128, 4, 2)",1,77,1,64,float32,True,pass,1.54e-03,2.03e-03
v5_final,config,"(64, 32, 4, 2)",1,77,1,64,float32,True,pass,1.54e-03,2.03e-03
v5_final,config,"(64, 64, 4, 3)",1,77,1,64,float32,True,pass,1.54e-03,2.03e-03
v5_final,config,"(128, 64, 4, 2)",1,77,1,64,float32,True,pass,1.54e-03,2.03e-03
v5_final,config,"(16, 64, 1, 3)",1,77,1,64,float32,True,pass,1.54e-03,2.03e-03
v5_final,config,"(32, 128, 2, 2)",1,77,1,64,float32,True,pass,1.54e-03,2.03e-03
v5_final,config,"(128, 32, 8, 3)",1,77,1,64,float32,True,pass,1.54e-03,2.03e-03
v5_final,apply,default,1,77,1,64,float32,False,pass,1.54e-03,2.03e-03
v5_final,config,"(64, 32, 4, 3)",1,77,1,64,float32,False,pass,1.54e-03,2.03e-03
v5_final,config,"(64, 32, 4, 4)",1,77,1,64,float32,False,pass,1.54e-03,2.03e-03
v5_final,config,"(64, 32, 4, 5)",1,77,1,64,float32,False,pass,1.54e-03,2.03e-03
v5_final,config,"(64, 128, 4, 2)",1,77,1,64,float32,False,pass,1.54e-03,2.03e-03
v5_final,config,"(64, 32, 4, 2)",1,77,1,64,float32,False,pass,1.54e-03,2.03e-03
v5_final,config,"(64, 64, 4, 3)",1,77,1,64,float32,False,pass,1.54e-03,2.03e-03
v5_final,config,"(128, 64, 4, 2)",1,77,1,64,float32,False,pass,1.54e-03,2.03e-03
v5_final,config,"(16, 64, 1, 3)",1,77,1,64,float32,False,pass,1.54e-03,2.03e-03
v5_final,config,"(32, 128, 2, 2)",1,77,1,64,float32,False,pass,1.54e-03,2.03e-03
v5_final,config,"(128, 32, 8, 3)",1,77,1,64,float32,False,pass,1.54e-03,2.03e-03
v5_final,apply,default,1,130,257,64,bfloat16,True,pass,7.48e-03,5.84e-07
v5_final,config,"(64, 32, 4, 3)",1,130,257,64,bfloat16,True,pass,7.48e-03,5.84e-07
v5_final,config,"(64, 32, 4, 4)",1,130,257,64,bfloat16,True,pass,7.48e-03,5.84e-07
v5_final,config,"(64, 32, 4, 5)",1,130,257,64,bfloat16,True,pass,7.48e-03,5.84e-07
v5_final,config,"(64, 128, 4, 2)",1,130,257,64,bfloat16,True,pass,7.48e-03,5.84e-07
v5_final,config,"(64, 32, 4, 2)",1,130,257,64,bfloat16,True,pass,7.48e-03,5.84e-07
v5_final,config,"(64, 64, 4, 3)",1,130,257,64,bfloat16,True,pass,7.48e-03,5.84e-07
v5_final,config,"(128, 64, 4, 2)",1,130,257,64,bfloat16,True,pass,7.48e-03,5.84e-07
v5_final,config,"(16, 64, 1, 3)",1,130,257,64,bfloat16,True,pass,7.48e-03,5.84e-07
v5_final,config,"(32, 128, 2, 2)",1,130,257,64,bfloat16,True,pass,7.48e-03,5.84e-07
v5_final,config,"(128, 32, 8, 3)",1,130,257,64,bfloat16,True,pass,7.48e-03,5.84e-07
v5_final,apply,default,1,130,257,64,bfloat16,False,pass,1.60e-03,7.84e-07
v5_final,config,"(64, 32, 4, 3)",1,130,257,64,bfloat16,False,pass,1.60e-03,7.84e-07
v5_final,config,"(64, 32, 4, 4)",1,130,257,64,bfloat16,False,pass,1.60e-03,7.84e-07
v5_final,config,"(64, 32, 4, 5)",1,130,257,64,bfloat16,False,pass,1.60e-03,7.84e-07
v5_final,config,"(64, 128, 4, 2)",1,130,257,64,bfloat16,False,pass,1.60e-03,7.51e-07
v5_final,config,"(64, 32, 4, 2)",1,130,257,64,bfloat16,False,pass,1.60e-03,7.84e-07
v5_final,config,"(64, 64, 4, 3)",1,130,257,64,bfloat16,False,pass,1.60e-03,7.51e-07
v5_final,config,"(128, 64, 4, 2)",1,130,257,64,bfloat16,False,pass,1.60e-03,7.51e-07
v5_final,config,"(16, 64, 1, 3)",1,130,257,64,bfloat16,False,pass,1.60e-03,7.51e-07
v5_final,config,"(32, 128, 2, 2)",1,130,257,64,bfloat16,False,pass,1.60e-03,6.37e-07
v5_final,config,"(128, 32, 8, 3)",1,130,257,64,bfloat16,False,pass,1.60e-03,7.84e-07
v5_final,apply,default,1,130,257,64,float32,True,pass,2.32e-03,2.15e-03
v5_final,config,"(64, 32, 4, 3)",1,130,257,64,float32,True,pass,2.32e-03,2.15e-03
v5_final,config,"(64, 32, 4, 4)",1,130,257,64,float32,True,pass,2.32e-03,2.15e-03
v5_final,config,"(64, 32, 4, 5)",1,130,257,64,float32,True,pass,2.32e-03,2.15e-03
v5_final,config,"(64, 128, 4, 2)",1,130,257,64,float32,True,pass,2.32e-03,2.15e-03
v5_final,config,"(64, 32, 4, 2)",1,130,257,64,float32,True,pass,2.32e-03,2.15e-03
v5_final,config,"(64, 64, 4, 3)",1,130,257,64,float32,True,pass,2.32e-03,2.15e-03
v5_final,config,"(128, 64, 4, 2)",1,130,257,64,float32,True,pass,2.32e-03,2.15e-03
v5_final,config,"(16, 64, 1, 3)",1,130,257,64,float32,True,pass,2.32e-03,2.15e-03
v5_final,config,"(32, 128, 2, 2)",1,130,257,64,float32,True,pass,2.32e-03,2.15e-03
v5_final,config,"(128, 32, 8, 3)",1,130,257,64,float32,True,pass,2.32e-03,2.15e-03
v5_final,apply,default,1,130,257,64,float32,False,pass,1.44e-03,1.34e-03
v5_final,config,"(64, 32, 4, 3)",1,130,257,64,float32,False,pass,1.44e-03,1.34e-03
v5_final,config,"(64, 32, 4, 4)",1,130,257,64,float32,False,pass,1.44e-03,1.34e-03
v5_final,config,"(64, 32, 4, 5)",1,130,257,64,float32,False,pass,1.44e-03,1.34e-03
v5_final,config,"(64, 128, 4, 2)",1,130,257,64,float32,False,pass,1.46e-03,1.33e-03
v5_final,config,"(64, 32, 4, 2)",1,130,257,64,float32,False,pass,1.44e-03,1.34e-03
v5_final,config,"(64, 64, 4, 3)",1,130,257,64,float32,False,pass,1.46e-03,1.33e-03
v5_final,config,"(128, 64, 4, 2)",1,130,257,64,float32,False,pass,1.46e-03,1.33e-03
v5_final,config,"(16, 64, 1, 3)",1,130,257,64,float32,False,pass,1.46e-03,1.33e-03
v5_final,config,"(32, 128, 2, 2)",1,130,257,64,float32,False,pass,1.46e-03,1.33e-03
v5_final,config,"(128, 32, 8, 3)",1,130,257,64,float32,False,pass,1.44e-03,1.34e-03
v5_final,apply,default,1,257,130,64,bfloat16,True,pass,7.48e-03,5.86e-07
v5_final,config,"(64, 32, 4, 3)",1,257,130,64,bfloat16,True,pass,7.48e-03,5.86e-07
v5_final,config,"(64, 32, 4, 4)",1,257,130,64,bfloat16,True,pass,7.48e-03,5.86e-07
v5_final,config,"(64, 32, 4, 5)",1,257,130,64,bfloat16,True,pass,7.48e-03,5.86e-07
v5_final,config,"(64, 128, 4, 2)",1,257,130,64,bfloat16,True,pass,7.48e-03,5.84e-07
v5_final,config,"(64, 32, 4, 2)",1,257,130,64,bfloat16,True,pass,7.48e-03,5.86e-07
v5_final,config,"(64, 64, 4, 3)",1,257,130,64,bfloat16,True,pass,7.48e-03,5.86e-07
v5_final,config,"(128, 64, 4, 2)",1,257,130,64,bfloat16,True,pass,7.48e-03,5.86e-07
v5_final,config,"(16, 64, 1, 3)",1,257,130,64,bfloat16,True,pass,7.48e-03,5.86e-07
v5_final,config,"(32, 128, 2, 2)",1,257,130,64,bfloat16,True,pass,7.48e-03,5.84e-07
v5_final,config,"(128, 32, 8, 3)",1,257,130,64,bfloat16,True,pass,7.48e-03,5.86e-07
v5_final,apply,default,1,257,130,64,bfloat16,False,pass,2.36e-03,7.53e-07
v5_final,config,"(64, 32, 4, 3)",1,257,130,64,bfloat16,False,pass,2.36e-03,7.53e-07
v5_final,config,"(64, 32, 4, 4)",1,257,130,64,bfloat16,False,pass,2.36e-03,7.53e-07
v5_final,config,"(64, 32, 4, 5)",1,257,130,64,bfloat16,False,pass,2.36e-03,7.53e-07
v5_final,config,"(64, 128, 4, 2)",1,257,130,64,bfloat16,False,pass,1.73e-03,7.53e-07
v5_final,config,"(64, 32, 4, 2)",1,257,130,64,bfloat16,False,pass,2.36e-03,7.53e-07
v5_final,config,"(64, 64, 4, 3)",1,257,130,64,bfloat16,False,pass,2.36e-03,6.74e-07
v5_final,config,"(128, 64, 4, 2)",1,257,130,64,bfloat16,False,pass,2.36e-03,6.74e-07
v5_final,config,"(16, 64, 1, 3)",1,257,130,64,bfloat16,False,pass,2.36e-03,6.74e-07
v5_final,config,"(32, 128, 2, 2)",1,257,130,64,bfloat16,False,pass,1.73e-03,7.53e-07
v5_final,config,"(128, 32, 8, 3)",1,257,130,64,bfloat16,False,pass,2.36e-03,7.53e-07
v5_final,apply,default,1,257,130,64,float32,True,pass,2.32e-03,2.15e-03
v5_final,config,"(64, 32, 4, 3)",1,257,130,64,float32,True,pass,2.32e-03,2.15e-03
v5_final,config,"(64, 32, 4, 4)",1,257,130,64,float32,True,pass,2.32e-03,2.15e-03
v5_final,config,"(64, 32, 4, 5)",1,257,130,64,float32,True,pass,2.32e-03,2.15e-03
v5_final,config,"(64, 128, 4, 2)",1,257,130,64,float32,True,pass,2.32e-03,2.15e-03
v5_final,config,"(64, 32, 4, 2)",1,257,130,64,float32,True,pass,2.32e-03,2.15e-03
v5_final,config,"(64, 64, 4, 3)",1,257,130,64,float32,True,pass,2.32e-03,2.15e-03
v5_final,config,"(128, 64, 4, 2)",1,257,130,64,float32,True,pass,2.32e-03,2.15e-03
v5_final,config,"(16, 64, 1, 3)",1,257,130,64,float32,True,pass,2.32e-03,2.15e-03
v5_final,config,"(32, 128, 2, 2)",1,257,130,64,float32,True,pass,2.32e-03,2.15e-03
v5_final,config,"(128, 32, 8, 3)",1,257,130,64,float32,True,pass,2.32e-03,2.15e-03
v5_final,apply,default,1,257,130,64,float32,False,pass,1.17e-03,1.42e-03
v5_final,config,"(64, 32, 4, 3)",1,257,130,64,float32,False,pass,1.17e-03,1.42e-03
v5_final,config,"(64, 32, 4, 4)",1,257,130,64,float32,False,pass,1.17e-03,1.42e-03
v5_final,config,"(64, 32, 4, 5)",1,257,130,64,float32,False,pass,1.17e-03,1.42e-03
v5_final,config,"(64, 128, 4, 2)",1,257,130,64,float32,False,pass,1.17e-03,1.42e-03
v5_final,config,"(64, 32, 4, 2)",1,257,130,64,float32,False,pass,1.17e-03,1.42e-03
v5_final,config,"(64, 64, 4, 3)",1,257,130,64,float32,False,pass,1.17e-03,1.42e-03
v5_final,config,"(128, 64, 4, 2)",1,257,130,64,float32,False,pass,1.17e-03,1.42e-03
v5_final,config,"(16, 64, 1, 3)",1,257,130,64,float32,False,pass,1.17e-03,1.42e-03
v5_final,config,"(32, 128, 2, 2)",1,257,130,64,float32,False,pass,1.17e-03,1.42e-03
v5_final,config,"(128, 32, 8, 3)",1,257,130,64,float32,False,pass,1.17e-03,1.42e-03
v5_final,apply,default,1,333,1000,64,bfloat16,True,pass,7.48e-03,7.35e-07
v5_final,config,"(64, 32, 4, 3)",1,333,1000,64,bfloat16,True,pass,7.48e-03,7.35e-07
v5_final,config,"(64, 32, 4, 4)",1,333,1000,64,bfloat16,True,pass,7.48e-03,7.35e-07
v5_final,config,"(64, 32, 4, 5)",1,333,1000,64,bfloat16,True,pass,7.48e-03,7.35e-07
v5_final,config,"(64, 128, 4, 2)",1,333,1000,64,bfloat16,True,pass,7.48e-03,7.35e-07
v5_final,config,"(64, 32, 4, 2)",1,333,1000,64,bfloat16,True,pass,7.48e-03,7.35e-07
v5_final,config,"(64, 64, 4, 3)",1,333,1000,64,bfloat16,True,pass,7.48e-03,9.48e-07
v5_final,config,"(128, 64, 4, 2)",1,333,1000,64,bfloat16,True,pass,7.48e-03,9.48e-07
v5_final,config,"(16, 64, 1, 3)",1,333,1000,64,bfloat16,True,pass,7.48e-03,9.48e-07
v5_final,config,"(32, 128, 2, 2)",1,333,1000,64,bfloat16,True,pass,7.48e-03,6.04e-07
v5_final,config,"(128, 32, 8, 3)",1,333,1000,64,bfloat16,True,pass,7.48e-03,7.35e-07
v5_final,apply,default,1,333,1000,64,bfloat16,False,pass,7.14e-04,1.03e-06
v5_final,config,"(64, 32, 4, 3)",1,333,1000,64,bfloat16,False,pass,7.14e-04,1.03e-06
v5_final,config,"(64, 32, 4, 4)",1,333,1000,64,bfloat16,False,pass,7.14e-04,1.03e-06
v5_final,config,"(64, 32, 4, 5)",1,333,1000,64,bfloat16,False,pass,7.14e-04,1.03e-06
v5_final,config,"(64, 128, 4, 2)",1,333,1000,64,bfloat16,False,pass,6.87e-04,8.54e-07
v5_final,config,"(64, 32, 4, 2)",1,333,1000,64,bfloat16,False,pass,7.14e-04,1.03e-06
v5_final,config,"(64, 64, 4, 3)",1,333,1000,64,bfloat16,False,pass,7.14e-04,7.99e-07
v5_final,config,"(128, 64, 4, 2)",1,333,1000,64,bfloat16,False,pass,7.14e-04,7.99e-07
v5_final,config,"(16, 64, 1, 3)",1,333,1000,64,bfloat16,False,pass,7.14e-04,7.99e-07
v5_final,config,"(32, 128, 2, 2)",1,333,1000,64,bfloat16,False,pass,6.87e-04,8.54e-07
v5_final,config,"(128, 32, 8, 3)",1,333,1000,64,bfloat16,False,pass,7.14e-04,1.03e-06
v5_final,apply,default,1,333,1000,64,float32,True,pass,2.32e-03,2.15e-03
v5_final,config,"(64, 32, 4, 3)",1,333,1000,64,float32,True,pass,2.32e-03,2.15e-03
v5_final,config,"(64, 32, 4, 4)",1,333,1000,64,float32,True,pass,2.32e-03,2.15e-03
v5_final,config,"(64, 32, 4, 5)",1,333,1000,64,float32,True,pass,2.32e-03,2.15e-03
v5_final,config,"(64, 128, 4, 2)",1,333,1000,64,float32,True,pass,2.32e-03,2.15e-03
v5_final,config,"(64, 32, 4, 2)",1,333,1000,64,float32,True,pass,2.32e-03,2.15e-03
v5_final,config,"(64, 64, 4, 3)",1,333,1000,64,float32,True,pass,2.32e-03,2.15e-03
v5_final,config,"(128, 64, 4, 2)",1,333,1000,64,float32,True,pass,2.32e-03,2.15e-03
v5_final,config,"(16, 64, 1, 3)",1,333,1000,64,float32,True,pass,2.32e-03,2.15e-03
v5_final,config,"(32, 128, 2, 2)",1,333,1000,64,float32,True,pass,2.32e-03,2.15e-03
v5_final,config,"(128, 32, 8, 3)",1,333,1000,64,float32,True,pass,2.32e-03,2.15e-03
v5_final,apply,default,1,333,1000,64,float32,False,pass,5.35e-04,1.32e-03
v5_final,config,"(64, 32, 4, 3)",1,333,1000,64,float32,False,pass,5.35e-04,1.32e-03
v5_final,config,"(64, 32, 4, 4)",1,333,1000,64,float32,False,pass,5.35e-04,1.32e-03
v5_final,config,"(64, 32, 4, 5)",1,333,1000,64,float32,False,pass,5.35e-04,1.32e-03
v5_final,config,"(64, 128, 4, 2)",1,333,1000,64,float32,False,pass,5.35e-04,1.32e-03
v5_final,config,"(64, 32, 4, 2)",1,333,1000,64,float32,False,pass,5.35e-04,1.32e-03
v5_final,config,"(64, 64, 4, 3)",1,333,1000,64,float32,False,pass,5.35e-04,1.32e-03
v5_final,config,"(128, 64, 4, 2)",1,333,1000,64,float32,False,pass,5.35e-04,1.32e-03
v5_final,config,"(16, 64, 1, 3)",1,333,1000,64,float32,False,pass,5.35e-04,1.32e-03
v5_final,config,"(32, 128, 2, 2)",1,333,1000,64,float32,False,pass,5.35e-04,1.32e-03
v5_final,config,"(128, 32, 8, 3)",1,333,1000,64,float32,False,pass,5.35e-04,1.32e-03
v5_final,apply,default,1,1000,333,64,bfloat16,True,pass,7.48e-03,8.02e-07
v5_final,config,"(64, 32, 4, 3)",1,1000,333,64,bfloat16,True,pass,7.48e-03,8.02e-07
v5_final,config,"(64, 32, 4, 4)",1,1000,333,64,bfloat16,True,pass,7.48e-03,8.02e-07
v5_final,config,"(64, 32, 4, 5)",1,1000,333,64,bfloat16,True,pass,7.48e-03,8.02e-07
v5_final,config,"(64, 128, 4, 2)",1,1000,333,64,bfloat16,True,pass,7.48e-03,8.02e-07
v5_final,config,"(64, 32, 4, 2)",1,1000,333,64,bfloat16,True,pass,7.48e-03,8.02e-07
v5_final,config,"(64, 64, 4, 3)",1,1000,333,64,bfloat16,True,pass,7.48e-03,9.48e-07
v5_final,config,"(128, 64, 4, 2)",1,1000,333,64,bfloat16,True,pass,7.48e-03,9.48e-07
v5_final,config,"(16, 64, 1, 3)",1,1000,333,64,bfloat16,True,pass,7.48e-03,9.48e-07
v5_final,config,"(32, 128, 2, 2)",1,1000,333,64,bfloat16,True,pass,7.48e-03,8.02e-07
v5_final,config,"(128, 32, 8, 3)",1,1000,333,64,bfloat16,True,pass,7.48e-03,8.02e-07
v5_final,apply,default,1,1000,333,64,bfloat16,False,pass,1.27e-03,8.16e-07
v5_final,config,"(64, 32, 4, 3)",1,1000,333,64,bfloat16,False,pass,1.27e-03,8.16e-07
v5_final,config,"(64, 32, 4, 4)",1,1000,333,64,bfloat16,False,pass,1.27e-03,8.16e-07
v5_final,config,"(64, 32, 4, 5)",1,1000,333,64,bfloat16,False,pass,1.27e-03,8.16e-07
v5_final,config,"(64, 128, 4, 2)",1,1000,333,64,bfloat16,False,pass,1.22e-03,8.02e-07
v5_final,config,"(64, 32, 4, 2)",1,1000,333,64,bfloat16,False,pass,1.27e-03,8.16e-07
v5_final,config,"(64, 64, 4, 3)",1,1000,333,64,bfloat16,False,pass,1.27e-03,8.16e-07
v5_final,config,"(128, 64, 4, 2)",1,1000,333,64,bfloat16,False,pass,1.27e-03,8.16e-07
v5_final,config,"(16, 64, 1, 3)",1,1000,333,64,bfloat16,False,pass,1.27e-03,8.16e-07
v5_final,config,"(32, 128, 2, 2)",1,1000,333,64,bfloat16,False,pass,1.22e-03,8.43e-07
v5_final,config,"(128, 32, 8, 3)",1,1000,333,64,bfloat16,False,pass,1.27e-03,8.16e-07
v5_final,apply,default,1,1000,333,64,float32,True,pass,2.32e-03,2.15e-03
v5_final,config,"(64, 32, 4, 3)",1,1000,333,64,float32,True,pass,2.32e-03,2.15e-03
v5_final,config,"(64, 32, 4, 4)",1,1000,333,64,float32,True,pass,2.32e-03,2.15e-03
v5_final,config,"(64, 32, 4, 5)",1,1000,333,64,float32,True,pass,2.32e-03,2.15e-03
v5_final,config,"(64, 128, 4, 2)",1,1000,333,64,float32,True,pass,2.32e-03,2.15e-03
v5_final,config,"(64, 32, 4, 2)",1,1000,333,64,float32,True,pass,2.32e-03,2.15e-03
v5_final,config,"(64, 64, 4, 3)",1,1000,333,64,float32,True,pass,2.32e-03,2.15e-03
v5_final,config,"(128, 64, 4, 2)",1,1000,333,64,float32,True,pass,2.32e-03,2.15e-03
v5_final,config,"(16, 64, 1, 3)",1,1000,333,64,float32,True,pass,2.32e-03,2.15e-03
v5_final,config,"(32, 128, 2, 2)",1,1000,333,64,float32,True,pass,2.32e-03,2.15e-03
v5_final,config,"(128, 32, 8, 3)",1,1000,333,64,float32,True,pass,2.32e-03,2.15e-03
v5_final,apply,default,1,1000,333,64,float32,False,pass,1.19e-03,1.31e-03
v5_final,config,"(64, 32, 4, 3)",1,1000,333,64,float32,False,pass,1.19e-03,1.31e-03
v5_final,config,"(64, 32, 4, 4)",1,1000,333,64,float32,False,pass,1.19e-03,1.31e-03
v5_final,config,"(64, 32, 4, 5)",1,1000,333,64,float32,False,pass,1.19e-03,1.31e-03
v5_final,config,"(64, 128, 4, 2)",1,1000,333,64,float32,False,pass,1.20e-03,1.31e-03
v5_final,config,"(64, 32, 4, 2)",1,1000,333,64,float32,False,pass,1.19e-03,1.31e-03
v5_final,config,"(64, 64, 4, 3)",1,1000,333,64,float32,False,pass,1.20e-03,1.31e-03
v5_final,config,"(128, 64, 4, 2)",1,1000,333,64,float32,False,pass,1.20e-03,1.31e-03
v5_final,config,"(16, 64, 1, 3)",1,1000,333,64,float32,False,pass,1.20e-03,1.31e-03
v5_final,config,"(32, 128, 2, 2)",1,1000,333,64,float32,False,pass,1.20e-03,1.31e-03
v5_final,config,"(128, 32, 8, 3)",1,1000,333,64,float32,False,pass,1.19e-03,1.31e-03
v5_final,apply,default,1,200,96,128,bfloat16,True,pass,6.52e-03,5.48e-07
v5_final,config,"(64, 32, 4, 3)",1,200,96,128,bfloat16,True,pass,6.52e-03,5.48e-07
v5_final,config,"(64, 32, 4, 4)",1,200,96,128,bfloat16,True,pass,6.52e-03,5.48e-07
v5_final,config,"(64, 32, 4, 5)",1,200,96,128,bfloat16,True,pass,6.52e-03,5.48e-07
v5_final,config,"(64, 128, 4, 2)",1,200,96,128,bfloat16,True,pass,6.52e-03,5.86e-07
v5_final,config,"(64, 32, 4, 2)",1,200,96,128,bfloat16,True,pass,6.52e-03,5.48e-07
v5_final,config,"(64, 64, 4, 3)",1,200,96,128,bfloat16,True,pass,6.52e-03,5.48e-07
v5_final,config,"(128, 64, 4, 2)",1,200,96,128,bfloat16,True,pass,6.52e-03,5.48e-07
v5_final,config,"(16, 64, 1, 3)",1,200,96,128,bfloat16,True,pass,6.52e-03,5.48e-07
v5_final,config,"(32, 128, 2, 2)",1,200,96,128,bfloat16,True,pass,6.52e-03,5.86e-07
v5_final,config,"(128, 32, 8, 3)",1,200,96,128,bfloat16,True,pass,6.52e-03,5.48e-07
v5_final,apply,default,1,200,96,128,bfloat16,False,pass,2.11e-03,6.09e-07
v5_final,config,"(64, 32, 4, 3)",1,200,96,128,bfloat16,False,pass,2.11e-03,6.09e-07
v5_final,config,"(64, 32, 4, 4)",1,200,96,128,bfloat16,False,pass,2.11e-03,6.09e-07
v5_final,config,"(64, 32, 4, 5)",1,200,96,128,bfloat16,False,pass,2.11e-03,6.09e-07
v5_final,config,"(64, 128, 4, 2)",1,200,96,128,bfloat16,False,pass,2.21e-03,5.33e-07
v5_final,config,"(64, 32, 4, 2)",1,200,96,128,bfloat16,False,pass,2.11e-03,6.09e-07
v5_final,config,"(64, 64, 4, 3)",1,200,96,128,bfloat16,False,pass,2.10e-03,6.09e-07
v5_final,config,"(128, 64, 4, 2)",1,200,96,128,bfloat16,False,pass,2.10e-03,6.09e-07
v5_final,config,"(16, 64, 1, 3)",1,200,96,128,bfloat16,False,pass,2.10e-03,6.09e-07
v5_final,config,"(32, 128, 2, 2)",1,200,96,128,bfloat16,False,pass,2.21e-03,5.33e-07
v5_final,config,"(128, 32, 8, 3)",1,200,96,128,bfloat16,False,pass,2.11e-03,6.09e-07
v5_final,apply,default,1,200,96,128,float32,True,pass,1.94e-03,1.84e-03
v5_final,config,"(64, 32, 4, 3)",1,200,96,128,float32,True,out_of_resources,,
v5_final,config,"(64, 32, 4, 4)",1,200,96,128,float32,True,out_of_resources,,
v5_final,config,"(64, 32, 4, 5)",1,200,96,128,float32,True,out_of_resources,,
v5_final,config,"(64, 128, 4, 2)",1,200,96,128,float32,True,out_of_resources,,
v5_final,config,"(64, 32, 4, 2)",1,200,96,128,float32,True,pass,1.94e-03,1.84e-03
v5_final,config,"(64, 64, 4, 3)",1,200,96,128,float32,True,out_of_resources,,
v5_final,config,"(128, 64, 4, 2)",1,200,96,128,float32,True,out_of_resources,,
v5_final,config,"(16, 64, 1, 3)",1,200,96,128,float32,True,out_of_resources,,
v5_final,config,"(32, 128, 2, 2)",1,200,96,128,float32,True,out_of_resources,,
v5_final,config,"(128, 32, 8, 3)",1,200,96,128,float32,True,out_of_resources,,
v5_final,apply,default,1,200,96,128,float32,False,pass,2.23e-03,1.61e-03
v5_final,config,"(64, 32, 4, 3)",1,200,96,128,float32,False,out_of_resources,,
v5_final,config,"(64, 32, 4, 4)",1,200,96,128,float32,False,out_of_resources,,
v5_final,config,"(64, 32, 4, 5)",1,200,96,128,float32,False,out_of_resources,,
v5_final,config,"(64, 128, 4, 2)",1,200,96,128,float32,False,out_of_resources,,
v5_final,config,"(64, 32, 4, 2)",1,200,96,128,float32,False,pass,2.23e-03,1.61e-03
v5_final,config,"(64, 64, 4, 3)",1,200,96,128,float32,False,out_of_resources,,
v5_final,config,"(128, 64, 4, 2)",1,200,96,128,float32,False,out_of_resources,,
v5_final,config,"(16, 64, 1, 3)",1,200,96,128,float32,False,out_of_resources,,
v5_final,config,"(32, 128, 2, 2)",1,200,96,128,float32,False,out_of_resources,,
v5_final,config,"(128, 32, 8, 3)",1,200,96,128,float32,False,out_of_resources,,
v5_final,apply,default,1,96,200,128,bfloat16,True,pass,6.52e-03,5.86e-07
v5_final,config,"(64, 32, 4, 3)",1,96,200,128,bfloat16,True,pass,6.52e-03,5.48e-07
v5_final,config,"(64, 32, 4, 4)",1,96,200,128,bfloat16,True,pass,6.52e-03,5.48e-07
v5_final,config,"(64, 32, 4, 5)",1,96,200,128,bfloat16,True,pass,6.52e-03,5.48e-07
v5_final,config,"(64, 128, 4, 2)",1,96,200,128,bfloat16,True,pass,6.52e-03,5.86e-07
v5_final,config,"(64, 32, 4, 2)",1,96,200,128,bfloat16,True,pass,6.52e-03,5.48e-07
v5_final,config,"(64, 64, 4, 3)",1,96,200,128,bfloat16,True,pass,6.52e-03,5.48e-07
v5_final,config,"(128, 64, 4, 2)",1,96,200,128,bfloat16,True,pass,6.52e-03,5.48e-07
v5_final,config,"(16, 64, 1, 3)",1,96,200,128,bfloat16,True,pass,6.52e-03,5.48e-07
v5_final,config,"(32, 128, 2, 2)",1,96,200,128,bfloat16,True,pass,6.52e-03,5.86e-07
v5_final,config,"(128, 32, 8, 3)",1,96,200,128,bfloat16,True,pass,6.52e-03,5.48e-07
v5_final,apply,default,1,96,200,128,bfloat16,False,pass,1.31e-03,5.87e-07
v5_final,config,"(64, 32, 4, 3)",1,96,200,128,bfloat16,False,pass,1.31e-03,5.87e-07
v5_final,config,"(64, 32, 4, 4)",1,96,200,128,bfloat16,False,pass,1.31e-03,5.87e-07
v5_final,config,"(64, 32, 4, 5)",1,96,200,128,bfloat16,False,pass,1.31e-03,5.87e-07
v5_final,config,"(64, 128, 4, 2)",1,96,200,128,bfloat16,False,pass,1.61e-03,7.25e-07
v5_final,config,"(64, 32, 4, 2)",1,96,200,128,bfloat16,False,pass,1.31e-03,5.87e-07
v5_final,config,"(64, 64, 4, 3)",1,96,200,128,bfloat16,False,pass,1.43e-03,5.87e-07
v5_final,config,"(128, 64, 4, 2)",1,96,200,128,bfloat16,False,pass,1.43e-03,7.25e-07
v5_final,config,"(16, 64, 1, 3)",1,96,200,128,bfloat16,False,pass,1.43e-03,7.25e-07
v5_final,config,"(32, 128, 2, 2)",1,96,200,128,bfloat16,False,pass,1.61e-03,5.94e-07
v5_final,config,"(128, 32, 8, 3)",1,96,200,128,bfloat16,False,pass,1.31e-03,7.25e-07
v5_final,apply,default,1,96,200,128,float32,True,pass,1.94e-03,1.84e-03
v5_final,config,"(64, 32, 4, 3)",1,96,200,128,float32,True,out_of_resources,,
v5_final,config,"(64, 32, 4, 4)",1,96,200,128,float32,True,out_of_resources,,
v5_final,config,"(64, 32, 4, 5)",1,96,200,128,float32,True,out_of_resources,,
v5_final,config,"(64, 128, 4, 2)",1,96,200,128,float32,True,out_of_resources,,
v5_final,config,"(64, 32, 4, 2)",1,96,200,128,float32,True,pass,1.94e-03,1.84e-03
v5_final,config,"(64, 64, 4, 3)",1,96,200,128,float32,True,out_of_resources,,
v5_final,config,"(128, 64, 4, 2)",1,96,200,128,float32,True,out_of_resources,,
v5_final,config,"(16, 64, 1, 3)",1,96,200,128,float32,True,out_of_resources,,
v5_final,config,"(32, 128, 2, 2)",1,96,200,128,float32,True,out_of_resources,,
v5_final,config,"(128, 32, 8, 3)",1,96,200,128,float32,True,out_of_resources,,
v5_final,apply,default,1,96,200,128,float32,False,pass,1.53e-03,1.24e-03
v5_final,config,"(64, 32, 4, 3)",1,96,200,128,float32,False,out_of_resources,,
v5_final,config,"(64, 32, 4, 4)",1,96,200,128,float32,False,out_of_resources,,
v5_final,config,"(64, 32, 4, 5)",1,96,200,128,float32,False,out_of_resources,,
v5_final,config,"(64, 128, 4, 2)",1,96,200,128,float32,False,out_of_resources,,
v5_final,config,"(64, 32, 4, 2)",1,96,200,128,float32,False,pass,1.53e-03,1.24e-03
v5_final,config,"(64, 64, 4, 3)",1,96,200,128,float32,False,out_of_resources,,
v5_final,config,"(128, 64, 4, 2)",1,96,200,128,float32,False,out_of_resources,,
v5_final,config,"(16, 64, 1, 3)",1,96,200,128,float32,False,out_of_resources,,
v5_final,config,"(32, 128, 2, 2)",1,96,200,128,float32,False,out_of_resources,,
v5_final,config,"(128, 32, 8, 3)",1,96,200,128,float32,False,out_of_resources,,
v5_final,apply,default,1,128,128,64,bfloat16,True,pass,7.48e-03,5.84e-07
v5_final,config,"(64, 32, 4, 3)",1,128,128,64,bfloat16,True,pass,7.48e-03,5.84e-07
v5_final,config,"(64, 32, 4, 4)",1,128,128,64,bfloat16,True,pass,7.48e-03,5.84e-07
v5_final,config,"(64, 32, 4, 5)",1,128,128,64,bfloat16,True,pass,7.48e-03,5.84e-07
v5_final,config,"(64, 128, 4, 2)",1,128,128,64,bfloat16,True,pass,7.48e-03,5.84e-07
v5_final,config,"(64, 32, 4, 2)",1,128,128,64,bfloat16,True,pass,7.48e-03,5.84e-07
v5_final,config,"(64, 64, 4, 3)",1,128,128,64,bfloat16,True,pass,7.48e-03,5.84e-07
v5_final,config,"(128, 64, 4, 2)",1,128,128,64,bfloat16,True,pass,7.48e-03,5.84e-07
v5_final,config,"(16, 64, 1, 3)",1,128,128,64,bfloat16,True,pass,7.48e-03,5.84e-07
v5_final,config,"(32, 128, 2, 2)",1,128,128,64,bfloat16,True,pass,7.48e-03,5.84e-07
v5_final,config,"(128, 32, 8, 3)",1,128,128,64,bfloat16,True,pass,7.48e-03,5.84e-07
v5_final,apply,default,1,128,128,64,bfloat16,False,pass,1.51e-03,5.82e-07
v5_final,config,"(64, 32, 4, 3)",1,128,128,64,bfloat16,False,pass,1.43e-03,5.82e-07
v5_final,config,"(64, 32, 4, 4)",1,128,128,64,bfloat16,False,pass,1.43e-03,5.82e-07
v5_final,config,"(64, 32, 4, 5)",1,128,128,64,bfloat16,False,pass,1.43e-03,5.82e-07
v5_final,config,"(64, 128, 4, 2)",1,128,128,64,bfloat16,False,pass,1.51e-03,5.82e-07
v5_final,config,"(64, 32, 4, 2)",1,128,128,64,bfloat16,False,pass,1.43e-03,5.82e-07
v5_final,config,"(64, 64, 4, 3)",1,128,128,64,bfloat16,False,pass,1.43e-03,5.82e-07
v5_final,config,"(128, 64, 4, 2)",1,128,128,64,bfloat16,False,pass,1.43e-03,5.82e-07
v5_final,config,"(16, 64, 1, 3)",1,128,128,64,bfloat16,False,pass,1.43e-03,5.82e-07
v5_final,config,"(32, 128, 2, 2)",1,128,128,64,bfloat16,False,pass,1.51e-03,5.82e-07
v5_final,config,"(128, 32, 8, 3)",1,128,128,64,bfloat16,False,pass,1.43e-03,5.82e-07
v5_final,apply,default,1,128,128,64,float32,True,pass,2.32e-03,2.15e-03
v5_final,config,"(64, 32, 4, 3)",1,128,128,64,float32,True,pass,2.32e-03,2.15e-03
v5_final,config,"(64, 32, 4, 4)",1,128,128,64,float32,True,pass,2.32e-03,2.15e-03
v5_final,config,"(64, 32, 4, 5)",1,128,128,64,float32,True,pass,2.32e-03,2.15e-03
v5_final,config,"(64, 128, 4, 2)",1,128,128,64,float32,True,pass,2.32e-03,2.15e-03
v5_final,config,"(64, 32, 4, 2)",1,128,128,64,float32,True,pass,2.32e-03,2.15e-03
v5_final,config,"(64, 64, 4, 3)",1,128,128,64,float32,True,pass,2.32e-03,2.15e-03
v5_final,config,"(128, 64, 4, 2)",1,128,128,64,float32,True,pass,2.32e-03,2.15e-03
v5_final,config,"(16, 64, 1, 3)",1,128,128,64,float32,True,pass,2.32e-03,2.15e-03
v5_final,config,"(32, 128, 2, 2)",1,128,128,64,float32,True,pass,2.32e-03,2.15e-03
v5_final,config,"(128, 32, 8, 3)",1,128,128,64,float32,True,pass,2.32e-03,2.15e-03
v5_final,apply,default,1,128,128,64,float32,False,pass,1.17e-03,1.43e-03
v5_final,config,"(64, 32, 4, 3)",1,128,128,64,float32,False,pass,1.17e-03,1.43e-03
v5_final,config,"(64, 32, 4, 4)",1,128,128,64,float32,False,pass,1.17e-03,1.43e-03
v5_final,config,"(64, 32, 4, 5)",1,128,128,64,float32,False,pass,1.17e-03,1.43e-03
v5_final,config,"(64, 128, 4, 2)",1,128,128,64,float32,False,pass,1.17e-03,1.43e-03
v5_final,config,"(64, 32, 4, 2)",1,128,128,64,float32,False,pass,1.17e-03,1.43e-03
v5_final,config,"(64, 64, 4, 3)",1,128,128,64,float32,False,pass,1.17e-03,1.43e-03
v5_final,config,"(128, 64, 4, 2)",1,128,128,64,float32,False,pass,1.17e-03,1.43e-03
v5_final,config,"(16, 64, 1, 3)",1,128,128,64,float32,False,pass,1.17e-03,1.43e-03
v5_final,config,"(32, 128, 2, 2)",1,128,128,64,float32,False,pass,1.17e-03,1.43e-03
v5_final,config,"(128, 32, 8, 3)",1,128,128,64,float32,False,pass,1.17e-03,1.43e-03
