"File Path","/home/lewis/github/cs336/cs336-2026-assignment2-systems/flash_forward/2026_10_03_followup/kernels/v0_baseline/flashattention_autograd_function_triton.py"
"Function Name","flash_fwd_kernel"
"Line No","Source","Address","Source","Warp Stall Sampling (All Samples)","Warp Stall Sampling (Not-issued Samples)","# Samples","Instructions Executed","Thread Instructions Executed","Predicated-On Thread Instructions Executed","Avg. Threads Executed","Avg. Predicated-On Threads Executed","Derivative Avg. Predicated-On Threads Executed","Avg. Predicated-On Threads Unexecuted","Divergent Branches","Address Space","Access Operation","Access Size","L1 Tag Requests Global","L1 Conflicts Shared N-Way","L1 Wavefronts Shared Excessive","L1 Wavefronts Shared","L1 Wavefronts Shared Ideal","L2 Theoretical Sectors Global Excessive","L2 Theoretical Sectors Global","L2 Theoretical Sectors Global Ideal","L2 Explicit Evict Policies","L2 Explicit Hit Policy Evict First","L2 Explicit Hit Policy Evict Last","L2 Explicit Hit Policy Evict Normal","L2 Explicit Hit Policy Evict Normal Demote","L2 Explicit Miss Policy Evict First","L2 Explicit Miss Policy Evict Normal","stall_barrier","stall_branch_resolving","stall_dispatch","stall_drain","stall_imc","stall_lg","stall_long_sb","stall_math","stall_membar","stall_mio","stall_misc","stall_no_inst","stall_not_selected","stall_selected","stall_short_sb","stall_sleep","stall_tex","stall_wait","stall_barrier (Not Issued)","stall_branch_resolving (Not Issued)","stall_dispatch (Not Issued)","stall_drain (Not Issued)","stall_imc (Not Issued)","stall_lg (Not Issued)","stall_long_sb (Not Issued)","stall_math (Not Issued)","stall_membar (Not Issued)","stall_mio (Not Issued)","stall_misc (Not Issued)","stall_no_inst (Not Issued)","stall_not_selected (Not Issued)","stall_selected (Not Issued)","stall_short_sb (Not Issued)","stall_sleeping (Not Issued)","stall_tex (Not Issued)","stall_wait (Not Issued)"
"9","def flash_fwd_kernel(","-","-","43","31","43","32768","1048576","1048576","32","32","0","0","0","-","-","-","0","0","0","0","0","0","0","0","-","0","0","0","0","0","0","0","0","0","0","22","0","0","1","0","0","0","16","4","0","0","0","0","0","0","0","0","0","22","0","0","0","0","0","0","9","0","0","0","0","0","0"
"","","0x76ff65282900","      IMAD.MOV.U32 R1, RZ, RZ, c[0x0][0x28]","43","31","43","32768","1048576","1048576","32","32","0","0","0","-","-","-","0","0","0","0","0","0","0","0","-","0","0","0","0","0","0","0","0","0","0","22","0","0","1","0","0","0","16","4","0","0","0","0","0","0","0","0","0","22","0","0","0","0","0","0","9","0","0","0","0","0","0"
"23","query_tile_index = tl.program_id(0)","-","-","1","0","1","32768","1048576","1048576","32","32","0","0","0","-","-","-","0","0","0","0","0","0","0","0","-","0","0","0","0","0","0","0","0","0","0","0","0","0","0","0","0","0","0","0","0","0","0","0","1","0","0","0","0","0","0","0","0","0","0","0","0","0","0","0","0","0","0"
"","","0x76ff65282910","      S2UR UR5, SR_CTAID.X","1","0","1","32768","1048576","1048576","32","32","0","0","0","-","-","-","0","0","0","0","0","0","0","0","-","0","0","0","0","0","0","0","0","0","0","0","0","0","0","0","0","0","0","0","0","0","0","0","1","0","0","0","0","0","0","0","0","0","0","0","0","0","0","0","0","0","0"
"24","batch_index = tl.program_id(1)","-","-","3","0","3","32768","1048576","1048576","32","32","0","0","0","-","-","-","0","0","0","0","0","0","0","0","-","0","0","0","0","0","0","0","0","0","0","0","0","0","0","0","0","0","0","0","3","0","0","0","0","0","0","0","0","0","0","0","0","0","0","0","0","0","0","0","0","0","0"
"","","0x76ff65282950","      S2R R0, SR_CTAID.Y","3","0","3","32768","1048576","1048576","32","32","0","0","0","-","-","-","0","0","0","0","0","0","0","0","-","0","0","0","0","0","0","0","0","0","0","0","0","0","0","0","0","0","0","0","3","0","0","0","0","0","0","0","0","0","0","0","0","0","0","0","0","0","0","0","0","0","0"
"30","Q_ptr + batch_index * stride_qb,","-","-","56","29","56","393216","12582912","12582912","384","384","0","0","0","-","-","-","0","0","0","0","0","0","0","0","-","0","0","0","0","0","0","0","0","1","0","31","0","0","1","0","0","0","0","5","11","0","0","0","7","0","0","0","0","25","0","0","0","0","0","0","0","0","0","0","0","0","4"
"","","0x76ff65282930","      ULDC UR6, c[0x0][0x1ac]","28","25","28","32768","1048576","1048576","32","32","0","0","0","-","-","-","0","0","0","0","0","0","0","0","-","0","0","0","0","0","0","0","0","0","0","27","0","0","0","0","0","0","0","0","1","0","0","0","0","0","0","0","0","25","0","0","0","0","0","0","0","0","0","0","0","0","0"
"","","...","...","-","-","-","-","-","-","-","-","-","-","-","-","-","-","-","-","-","-","-","-","-","-","-","-","-","-","-","-","-","-","-","-","-","-","-","-","-","-","-","-","-","-","-","-","-","-","-","-","-","-","-","-","-","-","-","-","-","-","-","-","-","-","-","-","-"
"","","0x76ff65282960","      USHF.R.S32.HI UR6, URZ, 0x1f, UR6","3","0","3","32768","1048576","1048576","32","32","0","0","0","-","-","-","0","0","0","0","0","0","0","0","-","0","0","0","0","0","0","0","0","0","0","0","0","0","0","0","0","0","0","0","3","0","0","0","0","0","0","0","0","0","0","0","0","0","0","0","0","0","0","0","0","0","0"
"","","0x76ff65282970","      ULDC UR4, c[0x0][0x18c]","4","1","4","32768","1048576","1048576","32","32","0","0","0","-","-","-","0","0","0","0","0","0","0","0","-","0","0","0","0","0","0","0","0","0","0","0","0","0","0","0","0","0","0","2","0","0","0","0","2","0","0","0","0","0","0","0","0","0","0","0","0","0","0","0","0","0","1"
"","","0x76ff65282980","      USHF.R.S32.HI UR4, URZ, 0x1f, UR4","0","0","0","32768","1048576","1048576","32","32","0","0","0","-","-","-","0","0","0","0","0","0","0","0","-","0","0","0","0","0","0","0","0","0","0","0","0","0","0","0","0","0","0","0","0","0","0","0","0","0","0","0","0","0","0","0","0","0","0","0","0","0","0","0","0","0","0"
"","","...","...","-","-","-","-","-","-","-","-","-","-","-","-","-","-","-","-","-","-","-","-","-","-","-","-","-","-","-","-","-","-","-","-","-","-","-","-","-","-","-","-","-","-","-","-","-","-","-","-","-","-","-","-","-","-","-","-","-","-","-","-","-","-","-","-","-"
"","","0x76ff652829d0","      USHF.R.S32.HI UR8, URZ, 0x1f, UR5","7","3","7","32768","1048576","1048576","32","32","0","0","0","-","-","-","0","0","0","0","0","0","0","0","-","0","0","0","0","0","0","0","0","0","0","0","0","0","1","0","0","0","0","0","1","0","0","0","5","0","0","0","0","0","0","0","0","0","0","0","0","0","0","0","0","0","3"
"","","...","...","-","-","-","-","-","-","-","-","-","-","-","-","-","-","-","-","-","-","-","-","-","-","-","-","-","-","-","-","-","-","-","-","-","-","-","-","-","-","-","-","-","-","-","-","-","-","-","-","-","-","-","-","-","-","-","-","-","-","-","-","-","-","-","-","-"
"","","0x76ff652829f0","      IMAD R3, R0, c[0x0][0x188], RZ","1","0","1","32768","1048576","1048576","32","32","0","0","0","-","-","-","0","0","0","0","0","0","0","0","-","0","0","0","0","0","0","0","0","0","0","0","0","0","0","0","0","0","0","0","1","0","0","0","0","0","0","0","0","0","0","0","0","0","0","0","0","0","0","0","0","0","0"
"","","...","...","-","-","-","-","-","-","-","-","-","-","-","-","-","-","-","-","-","-","-","-","-","-","-","-","-","-","-","-","-","-","-","-","-","-","-","-","-","-","-","-","-","-","-","-","-","-","-","-","-","-","-","-","-","-","-","-","-","-","-","-","-","-","-","-","-"
"","","0x76ff65282a30","      LEA R13, P1, R3, c[0x0][0x160], 0x1","7","0","7","32768","1048576","1048576","32","32","0","0","0","-","-","-","0","0","0","0","0","0","0","0","-","0","0","0","0","0","0","0","0","0","0","4","0","0","0","0","0","0","0","3","0","0","0","0","0","0","0","0","0","0","0","0","0","0","0","0","0","0","0","0","0","0","0"
"","","...","...","-","-","-","-","-","-","-","-","-","-","-","-","-","-","-","-","-","-","-","-","-","-","-","-","-","-","-","-","-","-","-","-","-","-","-","-","-","-","-","-","-","-","-","-","-","-","-","-","-","-","-","-","-","-","-","-","-","-","-","-","-","-","-","-","-"
"","","0x76ff65282a90","      LEA.HI.X.SX32 R6, R3, c[0x0][0x164], 0x1, P1","1","0","1","32768","1048576","1048576","32","32","0","0","0","-","-","-","0","0","0","0","0","0","0","0","-","0","0","0","0","0","0","0","0","1","0","0","0","0","0","0","0","0","0","0","0","0","0","0","0","0","0","0","0","0","0","0","0","0","0","0","0","0","0","0","0","0","0"
"","","0x76ff65282aa0","      IMAD.U32 R8, RZ, RZ, UR5","1","0","1","32768","1048576","1048576","32","32","0","0","0","-","-","-","0","0","0","0","0","0","0","0","-","0","0","0","0","0","0","0","0","0","0","0","0","0","0","0","0","0","0","0","1","0","0","0","0","0","0","0","0","0","0","0","0","0","0","0","0","0","0","0","0","0","0"
"","","...","...","-","-","-","-","-","-","-","-","-","-","-","-","-","-","-","-","-","-","-","-","-","-","-","-","-","-","-","-","-","-","-","-","-","-","-","-","-","-","-","-","-","-","-","-","-","-","-","-","-","-","-","-","-","-","-","-","-","-","-","-","-","-","-","-","-"
"","","0x76ff65284200","      ULDC UR4, c[0x0][0x1ac]","1","0","1","32768","1048576","1048576","32","32","0","0","0","-","-","-","0","0","0","0","0","0","0","0","-","0","0","0","0","0","0","0","0","0","0","0","0","0","0","0","0","0","0","0","1","0","0","0","0","0","0","0","0","0","0","0","0","0","0","0","0","0","0","0","0","0","0"
"","","...","...","-","-","-","-","-","-","-","-","-","-","-","-","-","-","-","-","-","-","-","-","-","-","-","-","-","-","-","-","-","-","-","-","-","-","-","-","-","-","-","-","-","-","-","-","-","-","-","-","-","-","-","-","-","-","-","-","-","-","-","-","-","-","-","-","-"
"","","0x76ff65284220","      USHF.R.S32.HI UR7, URZ, 0x1f, UR5","1","0","1","32768","1048576","1048576","32","32","0","0","0","-","-","-","0","0","0","0","0","0","0","0","-","0","0","0","0","0","0","0","0","0","0","0","0","0","0","0","0","0","0","0","1","0","0","0","0","0","0","0","0","0","0","0","0","0","0","0","0","0","0","0","0","0","0"
"","","...","...","-","-","-","-","-","-","-","-","-","-","-","-","-","-","-","-","-","-","-","-","-","-","-","-","-","-","-","-","-","-","-","-","-","-","-","-","-","-","-","-","-","-","-","-","-","-","-","-","-","-","-","-","-","-","-","-","-","-","-","-","-","-","-","-","-"
"","","0x76ff65284240","      USHF.R.S32.HI UR4, URZ, 0x1f, UR4","2","0","2","32768","1048576","1048576","32","32","0","0","0","-","-","-","0","0","0","0","0","0","0","0","-","0","0","0","0","0","0","0","0","0","0","0","0","0","0","0","0","0","0","0","2","0","0","0","0","0","0","0","0","0","0","0","0","0","0","0","0","0","0","0","0","0","0"
"32","offsets=(query_tile_index * Q_TILE_SIZE, 0),","-","-","13","5","13","32768","1048576","1048576","32","32","0","0","0","-","-","-","0","0","0","0","0","0","0","0","-","0","0","0","0","0","0","0","0","0","0","0","0","0","0","0","0","0","0","2","0","10","0","0","1","0","0","0","0","0","0","0","0","0","0","0","0","0","0","5","0","0","0"
"","","0x76ff652829b0","      USHF.L.U32 UR5, UR5, 0x4, URZ","13","5","13","32768","1048576","1048576","32","32","0","0","0","-","-","-","0","0","0","0","0","0","0","0","-","0","0","0","0","0","0","0","0","0","0","0","0","0","0","0","0","0","0","2","0","10","0","0","1","0","0","0","0","0","0","0","0","0","0","0","0","0","0","5","0","0","0"
"36","K_ptr + batch_index * stride_kb,","-","-","4","0","4","229376","7340032","7340032","224","224","0","0","0","-","-","-","0","0","0","0","0","0","0","0","-","0","0","0","0","0","0","0","0","0","0","0","0","0","0","0","0","0","0","0","4","0","0","0","0","0","0","0","0","0","0","0","0","0","0","0","0","0","0","0","0","0","0"
"","","0x76ff65282b50","      ULDC UR6, c[0x0][0x1b0]","1","0","1","32768","1048576","1048576","32","32","0","0","0","-","-","-","0","0","0","0","0","0","0","0","-","0","0","0","0","0","0","0","0","0","0","0","0","0","0","0","0","0","0","0","1","0","0","0","0","0","0","0","0","0","0","0","0","0","0","0","0","0","0","0","0","0","0"
"","","0x76ff65282b60","      IMAD R9, R0, c[0x0][0x190], RZ","0","0","0","32768","1048576","1048576","32","32","0","0","0","-","-","-","0","0","0","0","0","0","0","0","-","0","0","0","0","0","0","0","0","0","0","0","0","0","0","0","0","0","0","0","0","0","0","0","0","0","0","0","0","0","0","0","0","0","0","0","0","0","0","0","0","0","0"
"","","0x76ff65282b70","      USHF.R.S32.HI UR16, URZ, 0x1f, UR6","1","0","1","32768","1048576","1048576","32","32","0","0","0","-","-","-","0","0","0","0","0","0","0","0","-","0","0","0","0","0","0","0","0","0","0","0","0","0","0","0","0","0","0","0","1","0","0","0","0","0","0","0","0","0","0","0","0","0","0","0","0","0","0","0","0","0","0"
"","","...","...","-","-","-","-","-","-","-","-","-","-","-","-","-","-","-","-","-","-","-","-","-","-","-","-","-","-","-","-","-","-","-","-","-","-","-","-","-","-","-","-","-","-","-","-","-","-","-","-","-","-","-","-","-","-","-","-","-","-","-","-","-","-","-","-","-"
"","","0x76ff65282bb0","      ULDC UR11, c[0x0][0x194]","1","0","1","32768","1048576","1048576","32","32","0","0","0","-","-","-","0","0","0","0","0","0","0","0","-","0","0","0","0","0","0","0","0","0","0","0","0","0","0","0","0","0","0","0","1","0","0","0","0","0","0","0","0","0","0","0","0","0","0","0","0","0","0","0","0","0","0"
"","","0x76ff65282bc0","      LEA R21, P2, R9, c[0x0][0x168], 0x1","1","0","1","32768","1048576","1048576","32","32","0","0","0","-","-","-","0","0","0","0","0","0","0","0","-","0","0","0","0","0","0","0","0","0","0","0","0","0","0","0","0","0","0","0","1","0","0","0","0","0","0","0","0","0","0","0","0","0","0","0","0","0","0","0","0","0","0"
"","","...","...","-","-","-","-","-","-","-","-","-","-","-","-","-","-","-","-","-","-","-","-","-","-","-","-","-","-","-","-","-","-","-","-","-","-","-","-","-","-","-","-","-","-","-","-","-","-","-","-","-","-","-","-","-","-","-","-","-","-","-","-","-","-","-","-","-"
"","","0x76ff65282bf0","      USHF.R.S32.HI UR8, URZ, 0x1f, UR11","0","0","0","32768","1048576","1048576","32","32","0","0","0","-","-","-","0","0","0","0","0","0","0","0","-","0","0","0","0","0","0","0","0","0","0","0","0","0","0","0","0","0","0","0","0","0","0","0","0","0","0","0","0","0","0","0","0","0","0","0","0","0","0","0","0","0","0"
"","","...","...","-","-","-","-","-","-","-","-","-","-","-","-","-","-","-","-","-","-","-","-","-","-","-","-","-","-","-","-","-","-","-","-","-","-","-","-","-","-","-","-","-","-","-","-","-","-","-","-","-","-","-","-","-","-","-","-","-","-","-","-","-","-","-","-","-"
"","","0x76ff65282c20","      LEA.HI.X.SX32 R22, R9, c[0x0][0x16c], 0x1, P2","0","0","0","32768","1048576","1048576","32","32","0","0","0","-","-","-","0","0","0","0","0","0","0","0","-","0","0","0","0","0","0","0","0","0","0","0","0","0","0","0","0","0","0","0","0","0","0","0","0","0","0","0","0","0","0","0","0","0","0","0","0","0","0","0","0","0","0"
"41","V_ptr + batch_index * stride_vb,","-","-","13","0","13","163840","5242880","5242880","160","160","0","0","0","-","-","-","0","0","0","0","0","0","0","0","-","0","0","0","0","0","0","0","0","7","0","0","0","0","0","0","0","0","0","0","6","0","0","0","0","0","0","0","0","0","0","0","0","0","0","0","0","0","0","0","0","0","0"
"","","0x76ff65282b80","      IMAD R8, R0, c[0x0][0x198], RZ","1","0","1","32768","1048576","1048576","32","32","0","0","0","-","-","-","0","0","0","0","0","0","0","0","-","0","0","0","0","0","0","0","0","0","0","0","0","0","0","0","0","0","0","0","1","0","0","0","0","0","0","0","0","0","0","0","0","0","0","0","0","0","0","0","0","0","0"
"","","...","...","-","-","-","-","-","-","-","-","-","-","-","-","-","-","-","-","-","-","-","-","-","-","-","-","-","-","-","-","-","-","-","-","-","-","-","-","-","-","-","-","-","-","-","-","-","-","-","-","-","-","-","-","-","-","-","-","-","-","-","-","-","-","-","-","-"
"","","0x76ff65282bd0","      ULDC UR10, c[0x0][0x19c]","1","0","1","32768","1048576","1048576","32","32","0","0","0","-","-","-","0","0","0","0","0","0","0","0","-","0","0","0","0","0","0","0","0","0","0","0","0","0","0","0","0","0","0","0","1","0","0","0","0","0","0","0","0","0","0","0","0","0","0","0","0","0","0","0","0","0","0"
"","","...","...","-","-","-","-","-","-","-","-","-","-","-","-","-","-","-","-","-","-","-","-","-","-","-","-","-","-","-","-","-","-","-","-","-","-","-","-","-","-","-","-","-","-","-","-","-","-","-","-","-","-","-","-","-","-","-","-","-","-","-","-","-","-","-","-","-"
"","","0x76ff65282c00","      LEA R19, P3, R8, c[0x0][0x170], 0x1","2","0","2","32768","1048576","1048576","32","32","0","0","0","-","-","-","0","0","0","0","0","0","0","0","-","0","0","0","0","0","0","0","0","1","0","0","0","0","0","0","0","0","0","0","1","0","0","0","0","0","0","0","0","0","0","0","0","0","0","0","0","0","0","0","0","0","0"
"","","...","...","-","-","-","-","-","-","-","-","-","-","-","-","-","-","-","-","-","-","-","-","-","-","-","-","-","-","-","-","-","-","-","-","-","-","-","-","-","-","-","-","-","-","-","-","-","-","-","-","-","-","-","-","-","-","-","-","-","-","-","-","-","-","-","-","-"
"","","0x76ff65282c30","      USHF.R.S32.HI UR9, URZ, 0x1f, UR10","7","0","7","32768","1048576","1048576","32","32","0","0","0","-","-","-","0","0","0","0","0","0","0","0","-","0","0","0","0","0","0","0","0","6","0","0","0","0","0","0","0","0","0","0","1","0","0","0","0","0","0","0","0","0","0","0","0","0","0","0","0","0","0","0","0","0","0"
"","","...","...","-","-","-","-","-","-","-","-","-","-","-","-","-","-","-","-","-","-","-","-","-","-","-","-","-","-","-","-","-","-","-","-","-","-","-","-","-","-","-","-","-","-","-","-","-","-","-","-","-","-","-","-","-","-","-","-","-","-","-","-","-","-","-","-","-"
"","","0x76ff65282c70","      LEA.HI.X.SX32 R20, R8, c[0x0][0x174], 0x1, P3","2","0","2","32768","1048576","1048576","32","32","0","0","0","-","-","-","0","0","0","0","0","0","0","0","-","0","0","0","0","0","0","0","0","0","0","0","0","0","0","0","0","0","0","0","2","0","0","0","0","0","0","0","0","0","0","0","0","0","0","0","0","0","0","0","0","0","0"
"46","O_ptr + batch_index * stride_ob,","-","-","21","9","21","196608","6291456","6291456","192","192","0","0","0","-","-","-","0","0","0","0","0","0","0","0","-","0","0","0","0","0","0","0","0","1","0","0","0","0","0","0","0","0","0","0","9","5","0","0","6","0","0","1","0","0","0","0","0","0","0","0","0","0","0","3","0","0","5"
"","","0x76ff65284740","      ULDC UR4, c[0x0][0x1a4]","2","0","2","32768","1048576","1048576","32","32","0","0","0","-","-","-","0","0","0","0","0","0","0","0","-","0","0","0","0","0","0","0","0","0","0","0","0","0","0","0","0","0","0","0","2","0","0","0","0","0","0","0","0","0","0","0","0","0","0","0","0","0","0","0","0","0","0"
"","","...","...","-","-","-","-","-","-","-","-","-","-","-","-","-","-","-","-","-","-","-","-","-","-","-","-","-","-","-","-","-","-","-","-","-","-","-","-","-","-","-","-","-","-","-","-","-","-","-","-","-","-","-","-","-","-","-","-","-","-","-","-","-","-","-","-","-"
"","","0x76ff652847c0","      USHF.R.S32.HI UR4, URZ, 0x1f, UR4","0","0","0","32768","1048576","1048576","32","32","0","0","0","-","-","-","0","0","0","0","0","0","0","0","-","0","0","0","0","0","0","0","0","0","0","0","0","0","0","0","0","0","0","0","0","0","0","0","0","0","0","0","0","0","0","0","0","0","0","0","0","0","0","0","0","0","0"
"","","...","...","-","-","-","-","-","-","-","-","-","-","-","-","-","-","-","-","-","-","-","-","-","-","-","-","-","-","-","-","-","-","-","-","-","-","-","-","-","-","-","-","-","-","-","-","-","-","-","-","-","-","-","-","-","-","-","-","-","-","-","-","-","-","-","-","-"
"","","0x76ff65284ac0","      IMAD R12, R0, c[0x0][0x1a0], RZ","6","3","6","32768","1048576","1048576","32","32","0","0","0","-","-","-","0","0","0","0","0","0","0","0","-","0","0","0","0","0","0","0","0","0","0","0","0","0","0","0","0","0","0","0","1","5","0","0","0","0","0","0","0","0","0","0","0","0","0","0","0","0","0","3","0","0","0"
"","","...","...","-","-","-","-","-","-","-","-","-","-","-","-","-","-","-","-","-","-","-","-","-","-","-","-","-","-","-","-","-","-","-","-","-","-","-","-","-","-","-","-","-","-","-","-","-","-","-","-","-","-","-","-","-","-","-","-","-","-","-","-","-","-","-","-","-"
"","","0x76ff65284b30","      LEA R17, P3, R12, c[0x0][0x178], 0x1","4","2","4","32768","1048576","1048576","32","32","0","0","0","-","-","-","0","0","0","0","0","0","0","0","-","0","0","0","0","0","0","0","0","0","0","0","0","0","0","0","0","0","0","0","2","0","0","0","2","0","0","0","0","0","0","0","0","0","0","0","0","0","0","0","0","0","2"
"","","...","...","-","-","-","-","-","-","-","-","-","-","-","-","-","-","-","-","-","-","-","-","-","-","-","-","-","-","-","-","-","-","-","-","-","-","-","-","-","-","-","-","-","-","-","-","-","-","-","-","-","-","-","-","-","-","-","-","-","-","-","-","-","-","-","-","-"
"","","0x76ff65284b60","      LEA.HI.X.SX32 R12, R12, c[0x0][0x17c], 0x1, P3","3","2","3","32768","1048576","1048576","32","32","0","0","0","-","-","-","0","0","0","0","0","0","0","0","-","0","0","0","0","0","0","0","0","0","0","0","0","0","0","0","0","0","0","0","1","0","0","0","2","0","0","0","0","0","0","0","0","0","0","0","0","0","0","0","0","0","2"
"","","0x76ff65284b70","      ISETP.EQ.U32.AND P1, PT, R36, RZ, P1","6","2","6","32768","1048576","1048576","32","32","0","0","0","-","-","-","0","0","0","0","0","0","0","0","-","0","0","0","0","0","0","0","0","1","0","0","0","0","0","0","0","0","0","0","3","0","0","0","2","0","0","1","0","0","0","0","0","0","0","0","0","0","0","0","0","0","1"
"52","L_ptr + batch_index * stride_lb,","-","-","3","0","3","98304","3145728","3145728","96","96","0","0","0","-","-","-","0","0","0","0","0","0","0","0","-","0","0","0","0","0","0","0","0","0","0","0","0","0","0","0","0","0","0","0","3","0","0","0","0","0","0","0","0","0","0","0","0","0","0","0","0","0","0","0","0","0","0"
"","","0x76ff65284ae0","      IMAD R0, R0, c[0x0][0x1a8], RZ","0","0","0","32768","1048576","1048576","32","32","0","0","0","-","-","-","0","0","0","0","0","0","0","0","-","0","0","0","0","0","0","0","0","0","0","0","0","0","0","0","0","0","0","0","0","0","0","0","0","0","0","0","0","0","0","0","0","0","0","0","0","0","0","0","0","0","0"
"","","...","...","-","-","-","-","-","-","-","-","-","-","-","-","-","-","-","-","-","-","-","-","-","-","-","-","-","-","-","-","-","-","-","-","-","-","-","-","-","-","-","-","-","-","-","-","-","-","-","-","-","-","-","-","-","-","-","-","-","-","-","-","-","-","-","-","-"
"","","0x76ff65284c30","      LEA R2, P4, R0, c[0x0][0x180], 0x2","2","0","2","32768","1048576","1048576","32","32","0","0","0","-","-","-","0","0","0","0","0","0","0","0","-","0","0","0","0","0","0","0","0","0","0","0","0","0","0","0","0","0","0","0","2","0","0","0","0","0","0","0","0","0","0","0","0","0","0","0","0","0","0","0","0","0","0"
"","","...","...","-","-","-","-","-","-","-","-","-","-","-","-","-","-","-","-","-","-","-","-","-","-","-","-","-","-","-","-","-","-","-","-","-","-","-","-","-","-","-","-","-","-","-","-","-","-","-","-","-","-","-","-","-","-","-","-","-","-","-","-","-","-","-","-","-"
"","","0x76ff65284c70","      LEA.HI.X.SX32 R0, R0, c[0x0][0x184], 0x2, P4","1","0","1","32768","1048576","1048576","32","32","0","0","0","-","-","-","0","0","0","0","0","0","0","0","-","0","0","0","0","0","0","0","0","0","0","0","0","0","0","0","0","0","0","0","1","0","0","0","0","0","0","0","0","0","0","0","0","0","0","0","0","0","0","0","0","0","0"
"63","Q_i = tl.load(Q_block_ptr, boundary_check=(0, 1), padding_option="zero")","-","-","52286","30295","52286","51937280","1661992960","1661992960","1760","1760","64","0","0","Global,Shared(5)","Load(5),Store","128(6)","131072","20","0","134348800","134348800","0","524288","524288","","0","0","0","0","0","0","20576","0","186","0","3","0","657","20","0","16645","0","3","3391","1579","36","0","0","9190","11664","0","33","0","3","0","392","4","0","12823","0","1","0","0","27","0","0","5348"
"","","0x76ff65282920","      S2R R2, SR_TID.X","55","31","55","32768","1048576","1048576","32","32","0","0","0","-","-","-","0","0","0","0","0","0","0","0","-","0","0","0","0","0","0","0","0","0","0","0","0","0","0","0","38","0","0","16","1","0","0","0","0","0","0","0","0","0","0","0","0","0","31","0","0","0","0","0","0","0","0"
"","","...","...","-","-","-","-","-","-","-","-","-","-","-","-","-","-","-","-","-","-","-","-","-","-","-","-","-","-","-","-","-","-","-","-","-","-","-","-","-","-","-","-","-","-","-","-","-","-","-","-","-","-","-","-","-","-","-","-","-","-","-","-","-","-","-","-","-"
"","","0x76ff65282940","      ULDC UR7, c[0x0][0x18c]","0","0","0","32768","1048576","1048576","32","32","0","0","0","-","-","-","0","0","0","0","0","0","0","0","-","0","0","0","0","0","0","0","0","0","0","0","0","0","0","0","0","0","0","0","0","0","0","0","0","0","0","0","0","0","0","0","0","0","0","0","0","0","0","0","0","0","0"
"","","...","...","-","-","-","-","-","-","-","-","-","-","-","-","-","-","-","-","-","-","-","-","-","-","-","-","-","-","-","-","-","-","-","-","-","-","-","-","-","-","-","-","-","-","-","-","-","-","-","-","-","-","-","-","-","-","-","-","-","-","-","-","-","-","-","-","-"
"","","0x76ff65282990","      IMAD.U32 R8, RZ, RZ, UR6","4","0","4","32768","1048576","1048576","32","32","0","0","0","-","-","-","0","0","0","0","0","0","0","0","-","0","0","0","0","0","0","0","0","0","0","0","0","0","0","0","0","0","0","1","3","0","0","0","0","0","0","0","0","0","0","0","0","0","0","0","0","0","0","0","0","0","0"
"","","0x76ff652829a0","      ULDC.64 UR14, c[0x0][0x118]","5","4","5","32768","1048576","1048576","32","32","0","0","0","-","-","-","0","0","0","0","0","0","0","0","-","0","0","0","0","0","0","0","0","0","0","3","0","0","0","0","0","0","1","0","1","0","0","0","0","0","0","0","0","3","0","0","0","0","0","0","1","0","0","0","0","0","0"
"","","...","...","-","-","-","-","-","-","-","-","-","-","-","-","-","-","-","-","-","-","-","-","-","-","-","-","-","-","-","-","-","-","-","-","-","-","-","-","-","-","-","-","-","-","-","-","-","-","-","-","-","-","-","-","-","-","-","-","-","-","-","-","-","-","-","-","-"
"","","0x76ff652829c0","      SHF.R.U32.HI R10, RZ, 0x3, R2","35","24","35","32768","1048576","1048576","32","32","0","0","0","-","-","-","0","0","0","0","0","0","0","0","-","0","0","0","0","0","0","0","0","0","0","0","0","0","0","0","0","0","0","2","1","32","0","0","0","0","0","0","0","0","0","0","0","0","0","0","0","0","0","24","0","0","0"
"","","...","...","-","-","-","-","-","-","-","-","-","-","-","-","-","-","-","-","-","-","-","-","-","-","-","-","-","-","-","-","-","-","-","-","-","-","-","-","-","-","-","-","-","-","-","-","-","-","-","-","-","-","-","-","-","-","-","-","-","-","-","-","-","-","-","-","-"
"","","0x76ff652829e0","      SGXT.U32 R10, R10, 0x4","0","0","0","32768","1048576","1048576","32","32","0","0","0","-","-","-","0","0","0","0","0","0","0","0","-","0","0","0","0","0","0","0","0","0","0","0","0","0","0","0","0","0","0","0","0","0","0","0","0","0","0","0","0","0","0","0","0","0","0","0","0","0","0","0","0","0","0"
"","","...","...","-","-","-","-","-","-","-","-","-","-","-","-","-","-","-","-","-","-","-","-","-","-","-","-","-","-","-","-","-","-","-","-","-","-","-","-","-","-","-","-","-","-","-","-","-","-","-","-","-","-","-","-","-","-","-","-","-","-","-","-","-","-","-","-","-"
"","","0x76ff65282a00","      UIMAD UR7, UR8, UR7, URZ","3","0","3","32768","1048576","1048576","32","32","0","0","0","-","-","-","0","0","0","0","0","0","0","0","-","0","0","0","0","0","0","0","0","0","0","0","0","0","1","0","0","0","0","0","1","0","0","0","1","0","0","0","0","0","0","0","0","0","0","0","0","0","0","0","0","0","0"
"","","0x76ff65282a10","      LOP3.LUT R6, R10, UR5, RZ, 0xfc, !PT","1","0","1","32768","1048576","1048576","32","32","0","0","0","-","-","-","0","0","0","0","0","0","0","0","-","0","0","0","0","0","0","0","0","0","0","0","0","0","0","0","0","0","0","0","1","0","0","0","0","0","0","0","0","0","0","0","0","0","0","0","0","0","0","0","0","0","0"
"","","0x76ff65282a20","      IMAD.U32 R9, RZ, RZ, UR8","2","0","2","32768","1048576","1048576","32","32","0","0","0","-","-","-","0","0","0","0","0","0","0","0","-","0","0","0","0","0","0","0","0","0","0","0","0","0","0","0","0","0","0","0","2","0","0","0","0","0","0","0","0","0","0","0","0","0","0","0","0","0","0","0","0","0","0"
"","","...","...","-","-","-","-","-","-","-","-","-","-","-","-","-","-","-","-","-","-","-","-","-","-","-","-","-","-","-","-","-","-","-","-","-","-","-","-","-","-","-","-","-","-","-","-","-","-","-","-","-","-","-","-","-","-","-","-","-","-","-","-","-","-","-","-","-"
"","","0x76ff65282a40","      ISETP.GE.U32.AND P0, PT, R6, c[0x0][0x1ac], PT","17","1","17","32768","1048576","1048576","32","32","0","0","0","-","-","-","0","0","0","0","0","0","0","0","-","0","0","0","0","0","0","0","0","0","0","0","0","0","5","0","0","0","0","8","2","0","0","0","2","0","0","0","0","0","0","0","0","0","0","0","0","0","0","0","0","0","1"
"","","0x76ff65282a50","      IMAD.U32 R7, RZ, RZ, UR7","1","0","1","32768","1048576","1048576","32","32","0","0","0","-","-","-","0","0","0","0","0","0","0","0","-","0","0","0","0","0","0","0","0","0","0","0","0","0","0","0","0","0","0","0","1","0","0","0","0","0","0","0","0","0","0","0","0","0","0","0","0","0","0","0","0","0","0"
"","","0x76ff65282a60","      IMAD.WIDE.U32 R4, R6, c[0x0][0x18c], RZ","7","1","7","32768","1048576","1048576","32","32","0","0","0","-","-","-","0","0","0","0","0","0","0","0","-","0","0","0","0","0","0","0","0","0","0","0","0","0","3","0","0","0","0","2","1","0","0","0","1","0","0","0","0","0","0","0","1","0","0","0","0","0","0","0","0","0","0"
"","","0x76ff65282a70","      ISETP.GE.AND.EX P0, PT, R9, R8, PT, P0","6","2","6","32768","1048576","1048576","32","32","0","0","0","-","-","-","0","0","0","0","0","0","0","0","-","0","0","0","0","0","0","0","0","0","0","0","0","0","3","0","0","0","1","2","0","0","0","0","0","0","0","0","0","0","0","0","2","0","0","0","0","0","0","0","0","0","0"
"","","0x76ff65282a80","      IMAD R7, R6, UR4, R7","4","1","4","32768","1048576","1048576","32","32","0","0","0","-","-","-","0","0","0","0","0","0","0","0","-","0","0","0","0","0","0","0","0","1","0","0","0","0","0","0","0","0","0","2","0","0","0","0","1","0","0","0","0","0","0","0","0","0","0","0","0","0","0","0","0","0","1"
"","","...","...","-","-","-","-","-","-","-","-","-","-","-","-","-","-","-","-","-","-","-","-","-","-","-","-","-","-","-","-","-","-","-","-","-","-","-","-","-","-","-","-","-","-","-","-","-","-","-","-","-","-","-","-","-","-","-","-","-","-","-","-","-","-","-","-","-"
"","","0x76ff65282ab0","      LEA R12, P1, R4, R13, 0x1","1","0","1","32768","1048576","1048576","32","32","0","0","0","-","-","-","0","0","0","0","0","0","0","0","-","0","0","0","0","0","0","0","0","0","0","0","0","0","0","0","0","0","0","0","1","0","0","0","0","0","0","0","0","0","0","0","0","0","0","0","0","0","0","0","0","0","0"
"","","0x76ff65282ac0","      IMAD.IADD R5, R5, 0x1, R7","1","0","1","32768","1048576","1048576","32","32","0","0","0","-","-","-","0","0","0","0","0","0","0","0","-","0","0","0","0","0","0","0","0","0","0","0","0","0","0","0","0","0","0","0","1","0","0","0","0","0","0","0","0","0","0","0","0","0","0","0","0","0","0","0","0","0","0"
"","","0x76ff65282ad0","      LOP3.LUT R3, R2, 0x7, RZ, 0xc0, !PT","3","0","3","32768","1048576","1048576","32","32","0","0","0","-","-","-","0","0","0","0","0","0","0","0","-","0","0","0","0","0","0","0","0","1","0","0","0","0","0","0","0","0","0","0","2","0","0","0","0","0","0","0","0","0","0","0","0","0","0","0","0","0","0","0","0","0","0"
"","","0x76ff65282ae0","      ISETP.GT.AND P0, PT, R8, -0x1, !P0","4","0","4","32768","1048576","1048576","32","32","0","0","0","-","-","-","0","0","0","0","0","0","0","0","-","0","0","0","0","0","0","0","0","0","0","0","0","0","0","0","0","0","0","4","0","0","0","0","0","0","0","0","0","0","0","0","0","0","0","0","0","0","0","0","0","0","0"
"","","0x76ff65282af0","      LEA.HI.X R13, R4, R6, R5, 0x1, P1","1","0","1","32768","1048576","1048576","32","32","0","0","0","-","-","-","0","0","0","0","0","0","0","0","-","0","0","0","0","0","0","0","0","0","0","0","0","0","0","0","0","0","0","1","0","0","0","0","0","0","0","0","0","0","0","0","0","0","0","0","0","0","0","0","0","0","0"
"","","0x76ff65282b00","      IMAD.SHL.U32 R11, R3, 0x8, RZ","0","0","0","32768","1048576","1048576","32","32","0","0","0","-","-","-","0","0","0","0","0","0","0","0","-","0","0","0","0","0","0","0","0","0","0","0","0","0","0","0","0","0","0","0","0","0","0","0","0","0","0","0","0","0","0","0","0","0","0","0","0","0","0","0","0","0","0"
"","","0x76ff65282b10","      CS2R R4, SRZ","2","0","2","32768","1048576","1048576","32","32","0","0","0","-","-","-","0","0","0","0","0","0","0","0","-","0","0","0","0","0","0","0","0","1","0","0","0","0","0","0","0","0","0","0","1","0","0","0","0","0","0","0","0","0","0","0","0","0","0","0","0","0","0","0","0","0","0"
"","","0x76ff65282b20","      CS2R R6, SRZ","4","0","4","32768","1048576","1048576","32","32","0","0","0","-","-","-","0","0","0","0","0","0","0","0","-","0","0","0","0","0","0","0","0","0","0","0","0","0","2","0","0","0","0","1","1","0","0","0","0","0","0","0","0","0","0","0","0","0","0","0","0","0","0","0","0","0","0"
"","","0x76ff65282b30","      IMAD.WIDE.U32 R12, R11, 0x2, R12","5","0","5","32768","1048576","1048576","32","32","0","0","0","-","-","-","0","0","0","0","0","0","0","0","-","0","0","0","0","0","0","0","0","0","0","0","0","0","0","0","0","0","0","5","0","0","0","0","0","0","0","0","0","0","0","0","0","0","0","0","0","0","0","0","0","0","0"
"","","0x76ff65282b40","@P0   LDG.E.128 R4, [R12.64]","58","25","58","32768","1048576","1048576","32","32","0","0","0","Global","Load","128","131072","0","0","0","0","0","524288","524288","","0","0","0","0","0","0","0","0","0","0","0","0","0","0","0","30","0","0","18","0","0","0","0","10","0","0","0","0","0","0","0","0","0","20","0","0","0","0","0","0","0","5"
"","","...","...","-","-","-","-","-","-","-","-","-","-","-","-","-","-","-","-","-","-","-","-","-","-","-","-","-","-","-","-","-","-","-","-","-","-","-","-","-","-","-","-","-","-","-","-","-","-","-","-","-","-","-","-","-","-","-","-","-","-","-","-","-","-","-","-","-"
"","","0x76ff65282c80","      IMAD.SHL.U32 R41, R2, 0x2, RZ","1","0","1","32768","1048576","1048576","32","32","0","0","0","-","-","-","0","0","0","0","0","0","0","0","-","0","0","0","0","0","0","0","0","0","0","0","0","0","0","0","0","0","0","0","1","0","0","0","0","0","0","0","0","0","0","0","0","0","0","0","0","0","0","0","0","0","0"
"","","...","...","-","-","-","-","-","-","-","-","-","-","-","-","-","-","-","-","-","-","-","-","-","-","-","-","-","-","-","-","-","-","-","-","-","-","-","-","-","-","-","-","-","-","-","-","-","-","-","-","-","-","-","-","-","-","-","-","-","-","-","-","-","-","-","-","-"
"","","0x76ff65282d60","      UMOV UR4, URZ","1","0","1","32768","1048576","1048576","32","32","0","0","0","-","-","-","0","0","0","0","0","0","0","0","-","0","0","0","0","0","0","0","0","0","0","0","0","0","0","0","0","0","0","0","1","0","0","0","0","0","0","0","0","0","0","0","0","0","0","0","0","0","0","0","0","0","0"
"","","...","...","-","-","-","-","-","-","-","-","-","-","-","-","-","-","-","-","-","-","-","-","-","-","-","-","-","-","-","-","-","-","-","-","-","-","-","-","-","-","-","-","-","-","-","-","-","-","-","-","-","-","-","-","-","-","-","-","-","-","-","-","-","-","-","-","-"
"","","0x76ff65282dd0","      LOP3.LUT R49, R2, 0x7f, RZ, 0xc0, !PT","6","0","6","32768","1048576","1048576","32","32","0","0","0","-","-","-","0","0","0","0","0","0","0","0","-","0","0","0","0","0","0","0","0","1","0","0","0","0","1","0","0","0","0","2","0","0","0","0","2","0","0","0","0","0","0","0","0","0","0","0","0","0","0","0","0","0","0"
"","","0x76ff65282de0","      IMAD.SHL.U32 R11, R2, 0x10, RZ","1","0","1","32768","1048576","1048576","32","32","0","0","0","-","-","-","0","0","0","0","0","0","0","0","-","0","0","0","0","0","0","0","0","0","0","0","0","0","0","0","0","0","0","0","1","0","0","0","0","0","0","0","0","0","0","0","0","0","0","0","0","0","0","0","0","0","0"
"","","...","...","-","-","-","-","-","-","-","-","-","-","-","-","-","-","-","-","-","-","-","-","-","-","-","-","-","-","-","-","-","-","-","-","-","-","-","-","-","-","-","-","-","-","-","-","-","-","-","-","-","-","-","-","-","-","-","-","-","-","-","-","-","-","-","-","-"
"","","0x76ff65282e20","      LOP3.LUT R48, R11, 0x7f0, RZ, 0xc0, !PT","6","0","6","32768","1048576","1048576","32","32","0","0","0","-","-","-","0","0","0","0","0","0","0","0","-","0","0","0","0","0","0","0","0","0","0","0","0","0","0","0","0","0","0","3","1","0","0","0","2","0","0","0","0","0","0","0","0","0","0","0","0","0","0","0","0","0","0"
"","","...","...","-","-","-","-","-","-","-","-","-","-","-","-","-","-","-","-","-","-","-","-","-","-","-","-","-","-","-","-","-","-","-","-","-","-","-","-","-","-","-","-","-","-","-","-","-","-","-","-","-","-","-","-","-","-","-","-","-","-","-","-","-","-","-","-","-"
"","","0x76ff65282e50","      LOP3.LUT R48, R48, 0x70, R41, 0x78, !PT","19","1","19","32768","1048576","1048576","32","32","0","0","0","-","-","-","0","0","0","0","0","0","0","0","-","0","0","0","0","0","0","0","0","0","0","0","0","0","4","0","0","0","0","14","1","0","0","0","0","0","0","0","0","0","0","0","1","0","0","0","0","0","0","0","0","0","0"
"","","...","...","-","-","-","-","-","-","-","-","-","-","-","-","-","-","-","-","-","-","-","-","-","-","-","-","-","-","-","-","-","-","-","-","-","-","-","-","-","-","-","-","-","-","-","-","-","-","-","-","-","-","-","-","-","-","-","-","-","-","-","-","-","-","-","-","-"
"","","0x76ff65282ea0","      STS.128 [R48+0x2000], R4","713","421","713","32768","1048576","1048576","32","32","0","0","0","Shared","Store","128","0","4","0","131072","131072","0","0","0","-","0","0","0","0","0","0","0","0","0","0","0","0","652","0","0","49","0","0","11","1","0","0","0","0","0","0","0","0","0","0","388","0","0","33","0","0","0","0","0","0","0","0"
"","","...","...","-","-","-","-","-","-","-","-","-","-","-","-","-","-","-","-","-","-","-","-","-","-","-","-","-","-","-","-","-","-","-","-","-","-","-","-","-","-","-","-","-","-","-","-","-","-","-","-","-","-","-","-","-","-","-","-","-","-","-","-","-","-","-","-","-"
"","","0x76ff65282f30","      SHF.R.U32.HI R4, RZ, 0x3, R2","1","0","1","32768","1048576","1048576","32","32","0","0","0","-","-","-","0","0","0","0","0","0","0","0","-","0","0","0","0","0","0","0","0","0","0","0","0","0","0","0","0","0","0","0","1","0","0","0","0","0","0","0","0","0","0","0","0","0","0","0","0","0","0","0","0","0","0"
"","","0x76ff65282f40","      LOP3.LUT R6, R2, 0x3, RZ, 0xc0, !PT","7","2","7","32768","1048576","1048576","32","32","0","0","0","-","-","-","0","0","0","0","0","0","0","0","-","0","0","0","0","0","0","0","0","1","0","0","0","0","1","0","0","0","0","1","1","0","0","0","3","0","0","0","0","0","0","0","0","0","0","0","0","0","0","0","0","0","2"
"","","...","...","-","-","-","-","-","-","-","-","-","-","-","-","-","-","-","-","-","-","-","-","-","-","-","-","-","-","-","-","-","-","-","-","-","-","-","-","-","-","-","-","-","-","-","-","-","-","-","-","-","-","-","-","-","-","-","-","-","-","-","-","-","-","-","-","-"
"","","0x76ff65282f60","      LOP3.LUT R12, R2, 0x20, RZ, 0xc0, !PT","3","0","3","32768","1048576","1048576","32","32","0","0","0","-","-","-","0","0","0","0","0","0","0","0","-","0","0","0","0","0","0","0","0","0","0","0","0","0","0","0","0","0","0","0","3","0","0","0","0","0","0","0","0","0","0","0","0","0","0","0","0","0","0","0","0","0","0"
"","","0x76ff65282f70","      LOP3.LUT R14, R2, 0xf, RZ, 0xc0, !PT","11","5","11","32768","1048576","1048576","32","32","0","0","0","-","-","-","0","0","0","0","0","0","0","0","-","0","0","0","0","0","0","0","0","0","0","0","0","5","0","0","0","0","0","1","2","0","0","0","3","0","0","0","0","0","0","4","0","0","0","0","0","0","0","0","0","0","1"
"","","...","...","-","-","-","-","-","-","-","-","-","-","-","-","-","-","-","-","-","-","-","-","-","-","-","-","-","-","-","-","-","-","-","-","-","-","-","-","-","-","-","-","-","-","-","-","-","-","-","-","-","-","-","-","-","-","-","-","-","-","-","-","-","-","-","-","-"
"","","0x76ff65283690","      LDSM.16.M88.4 R28, [R45+0x2000]","27484","15807","27484","8388608","268435456","268435456","32","32","0","0","0","Shared","Load","128","0","4","0","33554432","33554432","0","0","0","-","0","0","0","0","0","0","20576","0","37","0","0","0","0","0","0","5539","0","0","1055","277","0","0","0","0","11664","0","6","0","0","0","0","0","0","4137","0","0","0","0","0","0","0","0"
"","","...","...","-","-","-","-","-","-","-","-","-","-","-","-","-","-","-","-","-","-","-","-","-","-","-","-","-","-","-","-","-","-","-","-","-","-","-","-","-","-","-","-","-","-","-","-","-","-","-","-","-","-","-","-","-","-","-","-","-","-","-","-","-","-","-","-","-"
"","","0x76ff652836b0","      LDSM.16.M88.4 R24, [R44+0x2000]","5120","3130","5120","8388608","268435456","268435456","32","32","0","0","0","Shared","Load","128","0","4","0","33554432","33554432","0","0","0","-","0","0","0","0","0","0","0","0","26","0","0","0","0","0","0","3516","0","0","512","273","0","0","0","793","0","0","4","0","0","0","0","0","0","2721","0","0","0","0","0","0","0","405"
"","","...","...","-","-","-","-","-","-","-","-","-","-","-","-","-","-","-","-","-","-","-","-","-","-","-","-","-","-","-","-","-","-","-","-","-","-","-","-","-","-","-","-","-","-","-","-","-","-","-","-","-","-","-","-","-","-","-","-","-","-","-","-","-","-","-","-","-"
"","","0x76ff65283710","      LDSM.16.M88.4 R28, [R43+0x2000]","4422","2831","4422","8388608","268435456","268435456","32","32","0","0","0","Shared","Load","128","0","4","0","33554432","33554432","0","0","0","-","0","0","0","0","0","0","0","0","26","0","0","0","0","0","0","2952","0","0","422","250","0","0","0","772","0","0","7","0","0","0","0","0","0","2343","0","0","0","0","0","0","0","481"
"","","0x76ff65283720","      NOP","4270","2256","4270","8388608","268435456","268435456","32","32","0","0","0","-","-","-","0","0","0","0","0","0","0","0","-","0","0","0","0","0","0","0","0","18","0","0","0","0","0","0","0","0","0","261","245","0","0","0","3746","0","0","0","0","0","0","0","0","0","0","0","0","0","0","0","0","0","2256"
"","","...","...","-","-","-","-","-","-","-","-","-","-","-","-","-","-","-","-","-","-","-","-","-","-","-","-","-","-","-","-","-","-","-","-","-","-","-","-","-","-","-","-","-","-","-","-","-","-","-","-","-","-","-","-","-","-","-","-","-","-","-","-","-","-","-","-","-"
"","","0x76ff65283740","      LDSM.16.M88.4 R28, [R42+0x2000]","5580","3544","5580","8388608","268435456","268435456","32","32","0","0","0","Shared","Load","128","0","4","0","33554432","33554432","0","0","0","-","0","0","0","0","0","0","0","0","47","0","0","0","0","0","0","4510","0","0","774","249","0","0","0","0","0","0","13","0","0","0","0","0","0","3531","0","0","0","0","0","0","0","0"
"","","0x76ff65283750","      NOP","4390","2199","4390","8388608","268435456","268435456","32","32","0","0","0","-","-","-","0","0","0","0","0","0","0","0","-","0","0","0","0","0","0","0","0","27","0","0","0","0","0","0","0","0","0","270","240","0","0","0","3853","0","0","3","0","0","0","0","0","0","0","0","0","0","0","0","0","0","2196"
"","","...","...","-","-","-","-","-","-","-","-","-","-","-","-","-","-","-","-","-","-","-","-","-","-","-","-","-","-","-","-","-","-","-","-","-","-","-","-","-","-","-","-","-","-","-","-","-","-","-","-","-","-","-","-","-","-","-","-","-","-","-","-","-","-","-","-","-"
"","","0x76ff652841c0","      S2R R2, SR_TID.X","14","7","14","32768","1048576","1048576","32","32","0","0","0","-","-","-","0","0","0","0","0","0","0","0","-","0","0","0","0","0","0","0","0","0","0","0","0","0","0","0","11","0","0","1","2","0","0","0","0","0","0","0","0","0","0","0","0","0","7","0","0","0","0","0","0","0","0"
"","","...","...","-","-","-","-","-","-","-","-","-","-","-","-","-","-","-","-","-","-","-","-","-","-","-","-","-","-","-","-","-","-","-","-","-","-","-","-","-","-","-","-","-","-","-","-","-","-","-","-","-","-","-","-","-","-","-","-","-","-","-","-","-","-","-","-","-"
"","","0x76ff652843b0","      IMAD.U32 R3, RZ, RZ, UR5","1","0","1","32768","1048576","1048576","32","32","0","0","0","-","-","-","0","0","0","0","0","0","0","0","-","0","0","0","0","0","0","0","0","0","0","0","0","0","0","0","0","0","0","0","1","0","0","0","0","0","0","0","0","0","0","0","0","0","0","0","0","0","0","0","0","0","0"
"","","0x76ff652843c0","      LOP3.LUT R12, R2, 0x3, RZ, 0xc0, !PT","1","0","1","32768","1048576","1048576","32","32","0","0","0","-","-","-","0","0","0","0","0","0","0","0","-","0","0","0","0","0","0","0","0","0","0","0","0","0","0","0","0","0","0","0","1","0","0","0","0","0","0","0","0","0","0","0","0","0","0","0","0","0","0","0","0","0","0"
"","","0x76ff652843d0","      IMAD.U32 R25, RZ, RZ, UR7","0","0","0","32768","1048576","1048576","32","32","0","0","0","-","-","-","0","0","0","0","0","0","0","0","-","0","0","0","0","0","0","0","0","0","0","0","0","0","0","0","0","0","0","0","0","0","0","0","0","0","0","0","0","0","0","0","0","0","0","0","0","0","0","0","0","0","0"
"","","...","...","-","-","-","-","-","-","-","-","-","-","-","-","-","-","-","-","-","-","-","-","-","-","-","-","-","-","-","-","-","-","-","-","-","-","-","-","-","-","-","-","-","-","-","-","-","-","-","-","-","-","-","-","-","-","-","-","-","-","-","-","-","-","-","-","-"
"","","0x76ff65284400","      LOP3.LUT R7, R2, 0x20, RZ, 0xc0, !PT","3","0","3","32768","1048576","1048576","32","32","0","0","0","-","-","-","0","0","0","0","0","0","0","0","-","0","0","0","0","0","0","0","0","0","0","0","0","0","0","0","0","0","1","0","2","0","0","0","0","0","0","0","0","0","0","0","0","0","0","0","0","0","0","0","0","0","0"
"","","...","...","-","-","-","-","-","-","-","-","-","-","-","-","-","-","-","-","-","-","-","-","-","-","-","-","-","-","-","-","-","-","-","-","-","-","-","-","-","-","-","-","-","-","-","-","-","-","-","-","-","-","-","-","-","-","-","-","-","-","-","-","-","-","-","-","-"
"","","0x76ff65284420","      SHF.L.U32 R9, R2, 0x1, RZ","0","0","0","32768","1048576","1048576","32","32","0","0","0","-","-","-","0","0","0","0","0","0","0","0","-","0","0","0","0","0","0","0","0","0","0","0","0","0","0","0","0","0","0","0","0","0","0","0","0","0","0","0","0","0","0","0","0","0","0","0","0","0","0","0","0","0","0"
"","","...","...","-","-","-","-","-","-","-","-","-","-","-","-","-","-","-","-","-","-","-","-","-","-","-","-","-","-","-","-","-","-","-","-","-","-","-","-","-","-","-","-","-","-","-","-","-","-","-","-","-","-","-","-","-","-","-","-","-","-","-","-","-","-","-","-","-"
"","","0x76ff65284440","      ISETP.NE.U32.AND P6, PT, R7, RZ, PT","1","0","1","32768","1048576","1048576","32","32","0","0","0","-","-","-","0","0","0","0","0","0","0","0","-","0","0","0","0","0","0","0","0","0","0","0","0","0","0","0","0","0","0","0","1","0","0","0","0","0","0","0","0","0","0","0","0","0","0","0","0","0","0","0","0","0","0"
"","","...","...","-","-","-","-","-","-","-","-","-","-","-","-","-","-","-","-","-","-","-","-","-","-","-","-","-","-","-","-","-","-","-","-","-","-","-","-","-","-","-","-","-","-","-","-","-","-","-","-","-","-","-","-","-","-","-","-","-","-","-","-","-","-","-","-","-"
"","","0x76ff65284460","      LOP3.LUT R3, R3, 0xf, R2, 0xf8, !PT","0","0","0","32768","1048576","1048576","32","32","32","0","0","-","-","-","0","0","0","0","0","0","0","0","-","0","0","0","0","0","0","0","0","0","0","0","0","0","0","0","0","0","0","0","0","0","0","0","0","0","0","0","0","0","0","0","0","0","0","0","0","0","0","0","0","0","0"
"","","...","...","-","-","-","-","-","-","-","-","-","-","-","-","-","-","-","-","-","-","-","-","-","-","-","-","-","-","-","-","-","-","-","-","-","-","-","-","-","-","-","-","-","-","-","-","-","-","-","-","-","-","-","-","-","-","-","-","-","-","-","-","-","-","-","-","-"
"","","0x76ff652845e0","      SHF.R.U32.HI R15, RZ, 0x3, R2","0","0","0","32768","1048576","1048576","32","32","32","0","0","-","-","-","0","0","0","0","0","0","0","0","-","0","0","0","0","0","0","0","0","0","0","0","0","0","0","0","0","0","0","0","0","0","0","0","0","0","0","0","0","0","0","0","0","0","0","0","0","0","0","0","0","0","0"
"","","...","...","-","-","-","-","-","-","-","-","-","-","-","-","-","-","-","-","-","-","-","-","-","-","-","-","-","-","-","-","-","-","-","-","-","-","-","-","-","-","-","-","-","-","-","-","-","-","-","-","-","-","-","-","-","-","-","-","-","-","-","-","-","-","-","-","-"
"","","0x76ff65284a70","      SHF.R.U32.HI R10, RZ, 0x3, R2","6","3","6","32768","1048576","1048576","32","32","0","0","0","-","-","-","0","0","0","0","0","0","0","0","-","0","0","0","0","0","0","0","0","0","0","0","0","0","0","0","0","0","0","0","2","4","0","0","0","0","0","0","0","0","0","0","0","0","0","0","0","0","0","3","0","0","0"
"","","...","...","-","-","-","-","-","-","-","-","-","-","-","-","-","-","-","-","-","-","-","-","-","-","-","-","-","-","-","-","-","-","-","-","-","-","-","-","-","-","-","-","-","-","-","-","-","-","-","-","-","-","-","-","-","-","-","-","-","-","-","-","-","-","-","-","-"
"","","0x76ff65284ab0","      SGXT.U32 R10, R10, 0x4","3","0","3","32768","1048576","1048576","32","32","0","0","0","-","-","-","0","0","0","0","0","0","0","0","-","0","0","0","0","0","0","0","0","0","0","0","0","0","0","0","0","0","0","1","2","0","0","0","0","0","0","0","0","0","0","0","0","0","0","0","0","0","0","0","0","0","0"
"","","...","...","-","-","-","-","-","-","-","-","-","-","-","-","-","-","-","-","-","-","-","-","-","-","-","-","-","-","-","-","-","-","-","-","-","-","-","-","-","-","-","-","-","-","-","-","-","-","-","-","-","-","-","-","-","-","-","-","-","-","-","-","-","-","-","-","-"
"","","0x76ff65284b00","      LOP3.LUT R10, R10, UR5, RZ, 0xfc, !PT","2","0","2","32768","1048576","1048576","32","32","0","0","0","-","-","-","0","0","0","0","0","0","0","0","-","0","0","0","0","0","0","0","0","0","0","0","0","0","0","0","0","0","0","1","0","0","0","0","1","0","0","0","0","0","0","0","0","0","0","0","0","0","0","0","0","0","0"
"","","...","...","-","-","-","-","-","-","-","-","-","-","-","-","-","-","-","-","-","-","-","-","-","-","-","-","-","-","-","-","-","-","-","-","-","-","-","-","-","-","-","-","-","-","-","-","-","-","-","-","-","-","-","-","-","-","-","-","-","-","-","-","-","-","-","-","-"
"","","0x76ff65284b50","      LOP3.LUT R2, R2, 0x7, RZ, 0xc0, !PT","1","0","1","32768","1048576","1048576","32","32","0","0","0","-","-","-","0","0","0","0","0","0","0","0","-","0","0","0","0","0","0","0","0","0","0","0","0","0","0","0","0","0","0","0","1","0","0","0","0","0","0","0","0","0","0","0","0","0","0","0","0","0","0","0","0","0","0"
"","","...","...","-","-","-","-","-","-","-","-","-","-","-","-","-","-","-","-","-","-","-","-","-","-","-","-","-","-","-","-","-","-","-","-","-","-","-","-","-","-","-","-","-","-","-","-","-","-","-","-","-","-","-","-","-","-","-","-","-","-","-","-","-","-","-","-","-"
"","","0x76ff65284c20","      IMAD.SHL.U32 R11, R2, 0x8, RZ","0","0","0","32768","1048576","1048576","32","32","0","0","0","-","-","-","0","0","0","0","0","0","0","0","-","0","0","0","0","0","0","0","0","0","0","0","0","0","0","0","0","0","0","0","0","0","0","0","0","0","0","0","0","0","0","0","0","0","0","0","0","0","0","0","0","0","0"
"67","for j in range(tl.cdiv(N_KEYS, K_TILE_SIZE)):","-","-","23496","7383","23496","187367424","5995757568","5994708992","3456","3455","1","1","0","-","-","-","0","0","0","0","0","0","0","0","-","0","0","0","0","0","0","0","0","294","0","0","0","398","699","0","0","0","5","2826","5916","7148","0","0","6210","0","0","28","0","0","0","330","129","0","0","0","1","0","0","3884","0","0","3011"
"","","0x76ff65282c10","      UISETP.GT.AND UP0, UPT, UR6, 0xf, UPT","1","0","1","32768","1048576","1048576","32","32","0","0","0","-","-","-","0","0","0","0","0","0","0","0","-","0","0","0","0","0","0","0","0","0","0","0","0","0","0","0","0","0","0","0","1","0","0","0","0","0","0","0","0","0","0","0","0","0","0","0","0","0","0","0","0","0","0"
"","","...","...","-","-","-","-","-","-","-","-","-","-","-","-","-","-","-","-","-","-","-","-","-","-","-","-","-","-","-","-","-","-","-","-","-","-","-","-","-","-","-","-","-","-","-","-","-","-","-","-","-","-","-","-","-","-","-","-","-","-","-","-","-","-","-","-","-"
"","","0x76ff65282d00","      UISETP.GT.AND UP1, UPT, UR6, 0x1f, UPT","1","0","1","32768","1048576","1048576","32","32","0","0","0","-","-","-","0","0","0","0","0","0","0","0","-","0","0","0","0","0","0","0","0","0","0","0","0","0","0","0","0","0","0","0","1","0","0","0","0","0","0","0","0","0","0","0","0","0","0","0","0","0","0","0","0","0","0"
"","","...","...","-","-","-","-","-","-","-","-","-","-","-","-","-","-","-","-","-","-","-","-","-","-","-","-","-","-","-","-","-","-","-","-","-","-","-","-","-","-","-","-","-","-","-","-","-","-","-","-","-","-","-","-","-","-","-","-","-","-","-","-","-","-","-","-","-"
"","","0x76ff65282f10","      PLOP3.LUT P2, PT, PT, PT, UP0, 0x80, 0x0","1","0","1","32768","1048576","1048576","32","32","0","0","0","-","-","-","0","0","0","0","0","0","0","0","-","0","0","0","0","0","0","0","0","0","0","0","0","0","0","0","0","0","0","0","1","0","0","0","0","0","0","0","0","0","0","0","0","0","0","0","0","0","0","0","0","0","0"
"","","...","...","-","-","-","-","-","-","-","-","-","-","-","-","-","-","-","-","-","-","-","-","-","-","-","-","-","-","-","-","-","-","-","-","-","-","-","-","-","-","-","-","-","-","-","-","-","-","-","-","-","-","-","-","-","-","-","-","-","-","-","-","-","-","-","-","-"
"","","0x76ff65283000","@P2   BRA 0x76ff652830c0","1","0","1","32768","1048576","1048576","32","32","0","0","0","-","-","-","0","0","0","0","0","0","0","0","-","0","0","0","0","0","0","0","0","0","0","0","0","0","0","0","0","0","0","0","1","0","0","0","0","0","0","0","0","0","0","0","0","0","0","0","0","0","0","0","0","0","0"
"","","...","...","-","-","-","-","-","-","-","-","-","-","-","-","-","-","-","-","-","-","-","-","-","-","-","-","-","-","-","-","-","-","-","-","-","-","-","-","-","-","-","-","-","-","-","-","-","-","-","-","-","-","-","-","-","-","-","-","-","-","-","-","-","-","-","-","-"
"","","0x76ff652830d0","      LOP3.LUT R5, R10, 0x20, RZ, 0xfc, !PT","0","0","0","32768","1048576","1048576","32","32","0","0","0","-","-","-","0","0","0","0","0","0","0","0","-","0","0","0","0","0","0","0","0","0","0","0","0","0","0","0","0","0","0","0","0","0","0","0","0","0","0","0","0","0","0","0","0","0","0","0","0","0","0","0","0","0","0"
"","","0x76ff652830e0","      IMAD.SHL.U32 R15, R3, 0x10, RZ","2","0","2","32768","1048576","1048576","32","32","0","0","0","-","-","-","0","0","0","0","0","0","0","0","-","0","0","0","0","0","0","0","0","0","0","0","0","0","0","0","0","0","0","0","2","0","0","0","0","0","0","0","0","0","0","0","0","0","0","0","0","0","0","0","0","0","0"
"","","0x76ff652830f0","      SHF.L.U32 R10, R2, 0x3, RZ","1","0","1","32768","1048576","1048576","32","32","0","0","0","-","-","-","0","0","0","0","0","0","0","0","-","0","0","0","0","0","0","0","0","1","0","0","0","0","0","0","0","0","0","0","0","0","0","0","0","0","0","0","0","0","0","0","0","0","0","0","0","0","0","0","0","0","0"
"","","0x76ff65283100","      IMAD.SHL.U32 R14, R14, 0x80, RZ","10","1","10","32768","1048576","1048576","32","32","0","0","0","-","-","-","0","0","0","0","0","0","0","0","-","0","0","0","0","0","0","0","0","1","0","0","0","0","1","0","0","0","5","0","3","0","0","0","0","0","0","0","0","0","0","0","0","0","0","0","1","0","0","0","0","0","0"
"","","0x76ff65283110","      LEA.HI R34, R12, R7, RZ, 0x1e","1","0","1","32768","1048576","1048576","32","32","0","0","0","-","-","-","0","0","0","0","0","0","0","0","-","0","0","0","0","0","0","0","0","0","0","0","0","0","0","0","0","0","0","0","1","0","0","0","0","0","0","0","0","0","0","0","0","0","0","0","0","0","0","0","0","0","0"
"","","0x76ff65283120","      USHF.R.S32.HI UR7, URZ, 0x1f, UR6","1","0","1","32768","1048576","1048576","32","32","0","0","0","-","-","-","0","0","0","0","0","0","0","0","-","0","0","0","0","0","0","0","0","0","0","0","0","0","0","0","0","0","0","0","1","0","0","0","0","0","0","0","0","0","0","0","0","0","0","0","0","0","0","0","0","0","0"
"","","0x76ff65283130","      LOP3.LUT R13, R10, 0x60, RZ, 0xc0, !PT","0","0","0","32768","1048576","1048576","32","32","0","0","0","-","-","-","0","0","0","0","0","0","0","0","-","0","0","0","0","0","0","0","0","0","0","0","0","0","0","0","0","0","0","0","0","0","0","0","0","0","0","0","0","0","0","0","0","0","0","0","0","0","0","0","0","0","0"
"","","0x76ff65283140","      IMAD.WIDE.U32 R10, R5, c[0x0][0x19c], RZ","0","0","0","32768","1048576","1048576","32","32","0","0","0","-","-","-","0","0","0","0","0","0","0","0","-","0","0","0","0","0","0","0","0","0","0","0","0","0","0","0","0","0","0","0","0","0","0","0","0","0","0","0","0","0","0","0","0","0","0","0","0","0","0","0","0","0","0"
"","","0x76ff65283150","      SHF.R.S32.HI R7, RZ, 0x4, R2","2","0","2","32768","1048576","1048576","32","32","0","0","0","-","-","-","0","0","0","0","0","0","0","0","-","0","0","0","0","0","0","0","0","0","0","0","0","0","0","0","0","0","0","0","2","0","0","0","0","0","0","0","0","0","0","0","0","0","0","0","0","0","0","0","0","0","0"
"","","0x76ff65283160","      ULEA.HI UR7, UR7, UR6, URZ, 0x4","2","0","2","32768","1048576","1048576","32","32","0","0","0","-","-","-","0","0","0","0","0","0","0","0","-","0","0","0","0","0","0","0","0","0","0","0","0","0","0","0","0","0","0","0","2","0","0","0","0","0","0","0","0","0","0","0","0","0","0","0","0","0","0","0","0","0","0"
"","","0x76ff65283170","      SHF.R.U32.HI R16, RZ, 0x1, R12","9","4","9","32768","1048576","1048576","32","32","0","0","0","-","-","-","0","0","0","0","0","0","0","0","-","0","0","0","0","0","0","0","0","0","0","0","0","5","0","0","0","0","0","2","2","0","0","0","0","0","0","0","0","0","0","4","0","0","0","0","0","0","0","0","0","0","0"
"","","0x76ff65283180","      IMAD R11, R5, UR9, R11","1","0","1","32768","1048576","1048576","32","32","0","0","0","-","-","-","0","0","0","0","0","0","0","0","-","0","0","0","0","0","0","0","0","0","0","0","0","0","0","0","0","0","0","0","1","0","0","0","0","0","0","0","0","0","0","0","0","0","0","0","0","0","0","0","0","0","0"
"","","0x76ff65283190","      SGXT R7, R7, 0x1","3","0","3","32768","1048576","1048576","32","32","0","0","0","-","-","-","0","0","0","0","0","0","0","0","-","0","0","0","0","0","0","0","0","3","0","0","0","0","0","0","0","0","0","0","0","0","0","0","0","0","0","0","0","0","0","0","0","0","0","0","0","0","0","0","0","0","0"
"","","0x76ff652831a0","      IMAD R12, R3, 0x4, R12","0","0","0","32768","1048576","1048576","32","32","0","0","0","-","-","-","0","0","0","0","0","0","0","0","-","0","0","0","0","0","0","0","0","0","0","0","0","0","0","0","0","0","0","0","0","0","0","0","0","0","0","0","0","0","0","0","0","0","0","0","0","0","0","0","0","0","0"
"","","0x76ff652831b0","      LOP3.LUT R47, R15, 0x30, R41, 0x78, !PT","0","0","0","32768","1048576","1048576","32","32","0","0","0","-","-","-","0","0","0","0","0","0","0","0","-","0","0","0","0","0","0","0","0","0","0","0","0","0","0","0","0","0","0","0","0","0","0","0","0","0","0","0","0","0","0","0","0","0","0","0","0","0","0","0","0","0","0"
"","","0x76ff652831c0","      IMAD R39, R6, 0x4, R13","0","0","0","32768","1048576","1048576","32","32","0","0","0","-","-","-","0","0","0","0","0","0","0","0","-","0","0","0","0","0","0","0","0","0","0","0","0","0","0","0","0","0","0","0","0","0","0","0","0","0","0","0","0","0","0","0","0","0","0","0","0","0","0","0","0","0","0"
"","","0x76ff652831d0","      ISETP.NE.U32.AND P2, PT, R6, RZ, PT","0","0","0","32768","1048576","1048576","32","32","0","0","0","-","-","-","0","0","0","0","0","0","0","0","-","0","0","0","0","0","0","0","0","0","0","0","0","0","0","0","0","0","0","0","0","0","0","0","0","0","0","0","0","0","0","0","0","0","0","0","0","0","0","0","0","0","0"
"","","0x76ff652831e0","      IMAD.SHL.U32 R6, R10, 0x2, RZ","2","0","2","32768","1048576","1048576","32","32","0","0","0","-","-","-","0","0","0","0","0","0","0","0","-","0","0","0","0","0","0","0","0","0","0","0","0","0","0","0","0","0","0","0","2","0","0","0","0","0","0","0","0","0","0","0","0","0","0","0","0","0","0","0","0","0","0"
"","","0x76ff652831f0","      LOP3.LUT R16, R16, 0x90, R7, 0x78, !PT","0","0","0","32768","1048576","1048576","32","32","0","0","0","-","-","-","0","0","0","0","0","0","0","0","-","0","0","0","0","0","0","0","0","0","0","0","0","0","0","0","0","0","0","0","0","0","0","0","0","0","0","0","0","0","0","0","0","0","0","0","0","0","0","0","0","0","0"
"","","0x76ff65283200","      IMAD.U32 R47, R12, 0x20, R47","3","0","3","32768","1048576","1048576","32","32","0","0","0","-","-","-","0","0","0","0","0","0","0","0","-","0","0","0","0","0","0","0","0","1","0","0","0","0","0","0","0","0","0","0","2","0","0","0","0","0","0","0","0","0","0","0","0","0","0","0","0","0","0","0","0","0","0"
"","","0x76ff65283210","      SHF.L.U64.HI R7, R10, 0x1, R11","1","0","1","32768","1048576","1048576","32","32","0","0","0","-","-","-","0","0","0","0","0","0","0","0","-","0","0","0","0","0","0","0","0","0","0","0","0","0","0","0","0","0","0","0","1","0","0","0","0","0","0","0","0","0","0","0","0","0","0","0","0","0","0","0","0","0","0"
"","","0x76ff65283220","      IMAD.WIDE.U32 R10, R5, c[0x0][0x194], RZ","0","0","0","32768","1048576","1048576","32","32","0","0","0","-","-","-","0","0","0","0","0","0","0","0","-","0","0","0","0","0","0","0","0","0","0","0","0","0","0","0","0","0","0","0","0","0","0","0","0","0","0","0","0","0","0","0","0","0","0","0","0","0","0","0","0","0","0"
"","","0x76ff65283230","      SHF.R.U32.HI R12, RZ, 0x1, R2","0","0","0","32768","1048576","1048576","32","32","0","0","0","-","-","-","0","0","0","0","0","0","0","0","-","0","0","0","0","0","0","0","0","0","0","0","0","0","0","0","0","0","0","0","0","0","0","0","0","0","0","0","0","0","0","0","0","0","0","0","0","0","0","0","0","0","0"
"","","0x76ff65283240","      USHF.R.S32.HI UR7, URZ, 0x4, UR7","2","0","2","32768","1048576","1048576","32","32","0","0","0","-","-","-","0","0","0","0","0","0","0","0","-","0","0","0","0","0","0","0","0","0","0","0","0","0","0","0","0","0","0","0","2","0","0","0","0","0","0","0","0","0","0","0","0","0","0","0","0","0","0","0","0","0","0"
"","","0x76ff65283250","      LOP3.LUT R36, R2, 0x10, RZ, 0xc0, !PT","2","0","2","32768","1048576","1048576","32","32","0","0","0","-","-","-","0","0","0","0","0","0","0","0","-","0","0","0","0","0","0","0","0","0","0","0","0","0","0","0","0","0","0","0","2","0","0","0","0","0","0","0","0","0","0","0","0","0","0","0","0","0","0","0","0","0","0"
"","","0x76ff65283260","      IMAD.SHL.U32 R13, R2, 0x20, RZ","1","0","1","32768","1048576","1048576","32","32","0","0","0","-","-","-","0","0","0","0","0","0","0","0","-","0","0","0","0","0","0","0","0","0","0","0","0","0","0","0","0","0","0","0","1","0","0","0","0","0","0","0","0","0","0","0","0","0","0","0","0","0","0","0","0","0","0"
"","","0x76ff65283270","      SHF.R.S32.HI R17, RZ, 0x2, R2","3","0","3","32768","1048576","1048576","32","32","0","0","0","-","-","-","0","0","0","0","0","0","0","0","-","0","0","0","0","0","0","0","0","1","0","0","0","0","0","0","0","0","0","0","2","0","0","0","0","0","0","0","0","0","0","0","0","0","0","0","0","0","0","0","0","0","0"
"","","0x76ff65283280","      IMAD R19, R5, UR8, R11","0","0","0","32768","1048576","1048576","32","32","0","0","0","-","-","-","0","0","0","0","0","0","0","0","-","0","0","0","0","0","0","0","0","0","0","0","0","0","0","0","0","0","0","0","0","0","0","0","0","0","0","0","0","0","0","0","0","0","0","0","0","0","0","0","0","0","0"
"","","0x76ff65283290","      LOP3.LUT R11, R12, 0x30, RZ, 0xc0, !PT","2","0","2","32768","1048576","1048576","32","32","0","0","0","-","-","-","0","0","0","0","0","0","0","0","-","0","0","0","0","0","0","0","0","0","0","0","0","0","0","0","0","0","0","0","2","0","0","0","0","0","0","0","0","0","0","0","0","0","0","0","0","0","0","0","0","0","0"
"","","0x76ff652832a0","      IMAD.SHL.U32 R12, R10, 0x2, RZ","2","0","2","32768","1048576","1048576","32","32","0","0","0","-","-","-","0","0","0","0","0","0","0","0","-","0","0","0","0","0","0","0","0","0","0","0","0","0","0","0","0","0","0","0","2","0","0","0","0","0","0","0","0","0","0","0","0","0","0","0","0","0","0","0","0","0","0"
"","","0x76ff652832b0","      LOP3.LUT R38, R13, 0x160, RZ, 0xc0, !PT","1","0","1","32768","1048576","1048576","32","32","0","0","0","-","-","-","0","0","0","0","0","0","0","0","-","0","0","0","0","0","0","0","0","0","0","0","0","0","0","0","0","0","0","0","1","0","0","0","0","0","0","0","0","0","0","0","0","0","0","0","0","0","0","0","0","0","0"
"","","0x76ff652832c0","      IMAD.WIDE.U32 R6, R3, 0x10, R6","1","0","1","32768","1048576","1048576","32","32","0","0","0","-","-","-","0","0","0","0","0","0","0","0","-","0","0","0","0","0","0","0","0","0","0","0","0","0","0","0","0","0","0","0","1","0","0","0","0","0","0","0","0","0","0","0","0","0","0","0","0","0","0","0","0","0","0"
"","","0x76ff652832d0","      SHF.L.U64.HI R13, R10, 0x1, R19","2","0","2","32768","1048576","1048576","32","32","0","0","0","-","-","-","0","0","0","0","0","0","0","0","-","0","0","0","0","0","0","0","0","0","0","0","0","0","0","0","0","0","0","0","2","0","0","0","0","0","0","0","0","0","0","0","0","0","0","0","0","0","0","0","0","0","0"
"","","0x76ff652832e0","      CS2R R32, SRZ","7","1","7","32768","1048576","1048576","32","32","0","0","0","-","-","-","0","0","0","0","0","0","0","0","-","0","0","0","0","0","0","0","0","3","0","0","0","0","2","0","0","0","0","1","1","0","0","0","0","0","0","1","0","0","0","0","0","0","0","0","0","0","0","0","0","0","0"
"","","0x76ff652832f0","      SGXT R17, R17, 0x1","5","1","5","32768","1048576","1048576","32","32","0","0","0","-","-","-","0","0","0","0","0","0","0","0","-","0","0","0","0","0","0","0","0","1","0","0","0","0","3","0","0","0","0","1","0","0","0","0","0","0","0","0","0","0","0","0","1","0","0","0","0","0","0","0","0","0","0"
"","","0x76ff65283300","      IMAD R10, R36, 0x4, R11","2","0","2","32768","1048576","1048576","32","32","0","0","0","-","-","-","0","0","0","0","0","0","0","0","-","0","0","0","0","0","0","0","0","0","0","0","0","0","0","0","0","0","0","0","2","0","0","0","0","0","0","0","0","0","0","0","0","0","0","0","0","0","0","0","0","0","0"
"","","0x76ff65283310","      LOP3.LUT R45, R15, 0x10, R2, 0x78, !PT","0","0","0","32768","1048576","1048576","32","32","0","0","0","-","-","-","0","0","0","0","0","0","0","0","-","0","0","0","0","0","0","0","0","0","0","0","0","0","0","0","0","0","0","0","0","0","0","0","0","0","0","0","0","0","0","0","0","0","0","0","0","0","0","0","0","0","0"
"","","0x76ff65283320","      IMAD.WIDE.U32 R12, R3, 0x10, R12","0","0","0","32768","1048576","1048576","32","32","0","0","0","-","-","-","0","0","0","0","0","0","0","0","-","0","0","0","0","0","0","0","0","0","0","0","0","0","0","0","0","0","0","0","0","0","0","0","0","0","0","0","0","0","0","0","0","0","0","0","0","0","0","0","0","0","0"
"","","0x76ff65283330","      LOP3.LUT R17, R17, 0x90, RZ, 0xc0, !PT","0","0","0","32768","1048576","1048576","32","32","0","0","0","-","-","-","0","0","0","0","0","0","0","0","-","0","0","0","0","0","0","0","0","0","0","0","0","0","0","0","0","0","0","0","0","0","0","0","0","0","0","0","0","0","0","0","0","0","0","0","0","0","0","0","0","0","0"
"","","0x76ff65283340","      CS2R R18, SRZ","3","0","3","32768","1048576","1048576","32","32","0","0","0","-","-","-","0","0","0","0","0","0","0","0","-","0","0","0","0","0","0","0","0","0","0","0","0","0","1","0","0","0","0","1","1","0","0","0","0","0","0","0","0","0","0","0","0","0","0","0","0","0","0","0","0","0","0"
"","","0x76ff65283350","      LOP3.LUT R37, R10, R15, RZ, 0x3c, !PT","5","2","5","32768","1048576","1048576","32","32","0","0","0","-","-","-","0","0","0","0","0","0","0","0","-","0","0","0","0","0","0","0","0","2","0","0","0","0","2","0","0","0","0","1","0","0","0","0","0","0","0","2","0","0","0","0","0","0","0","0","0","0","0","0","0","0","0"
"","","0x76ff65283360","      IMAD.MOV.U32 R53, RZ, RZ, -0x800000","0","0","0","32768","1048576","1048576","32","32","0","0","0","-","-","-","0","0","0","0","0","0","0","0","-","0","0","0","0","0","0","0","0","0","0","0","0","0","0","0","0","0","0","0","0","0","0","0","0","0","0","0","0","0","0","0","0","0","0","0","0","0","0","0","0","0","0"
"","","0x76ff65283370","      SHF.R.S32.HI R11, RZ, 0x1f, R8","0","0","0","32768","1048576","1048576","32","32","0","0","0","-","-","-","0","0","0","0","0","0","0","0","-","0","0","0","0","0","0","0","0","0","0","0","0","0","0","0","0","0","0","0","0","0","0","0","0","0","0","0","0","0","0","0","0","0","0","0","0","0","0","0","0","0","0"
"","","0x76ff65283380","      IMAD.MOV.U32 R52, RZ, RZ, -0x800000","3","0","3","32768","1048576","1048576","32","32","0","0","0","-","-","-","0","0","0","0","0","0","0","0","-","0","0","0","0","0","0","0","0","0","0","0","0","0","0","0","0","0","0","0","3","0","0","0","0","0","0","0","0","0","0","0","0","0","0","0","0","0","0","0","0","0","0"
"","","0x76ff65283390","      LEA R15, P3, R8, R6, 0x1","2","0","2","32768","1048576","1048576","32","32","0","0","0","-","-","-","0","0","0","0","0","0","0","0","-","0","0","0","0","0","0","0","0","0","0","0","0","0","0","0","0","0","0","0","2","0","0","0","0","0","0","0","0","0","0","0","0","0","0","0","0","0","0","0","0","0","0"
"","","0x76ff652833a0","      IMAD.IADD R37, R14, 0x1, R37","1","0","1","32768","1048576","1048576","32","32","0","0","0","-","-","-","0","0","0","0","0","0","0","0","-","0","0","0","0","0","0","0","0","0","0","0","0","0","0","0","0","0","0","0","1","0","0","0","0","0","0","0","0","0","0","0","0","0","0","0","0","0","0","0","0","0","0"
"","","0x76ff652833b0","      LOP3.LUT R4, R4, 0x4, RZ, 0xc0, !PT","1","0","1","32768","1048576","1048576","32","32","0","0","0","-","-","-","0","0","0","0","0","0","0","0","-","0","0","0","0","0","0","0","0","0","0","0","0","0","0","0","0","0","0","0","1","0","0","0","0","0","0","0","0","0","0","0","0","0","0","0","0","0","0","0","0","0","0"
"","","0x76ff652833c0","      IMAD.MOV.U32 R50, RZ, RZ, -0x800000","0","0","0","32768","1048576","1048576","32","32","0","0","0","-","-","-","0","0","0","0","0","0","0","0","-","0","0","0","0","0","0","0","0","0","0","0","0","0","0","0","0","0","0","0","0","0","0","0","0","0","0","0","0","0","0","0","0","0","0","0","0","0","0","0","0","0","0"
"","","0x76ff652833d0","      LOP3.LUT R41, R41, 0x38, RZ, 0xc0, !PT","2","0","2","32768","1048576","1048576","32","32","0","0","0","-","-","-","0","0","0","0","0","0","0","0","-","0","0","0","0","0","0","0","0","0","0","0","0","0","0","0","0","0","0","0","2","0","0","0","0","0","0","0","0","0","0","0","0","0","0","0","0","0","0","0","0","0","0"
"","","0x76ff652833e0","      CS2R R20, SRZ","2","0","2","32768","1048576","1048576","32","32","0","0","0","-","-","-","0","0","0","0","0","0","0","0","-","0","0","0","0","0","0","0","0","0","0","0","0","0","2","0","0","0","0","0","0","0","0","0","0","0","0","0","0","0","0","0","0","0","0","0","0","0","0","0","0","0","0"
"","","0x76ff652833f0","      SHF.R.S32.HI R3, RZ, 0x1f, R9","5","0","5","32768","1048576","1048576","32","32","0","0","0","-","-","-","0","0","0","0","0","0","0","0","-","0","0","0","0","0","0","0","0","0","0","0","0","0","2","0","0","0","0","0","3","0","0","0","0","0","0","0","0","0","0","0","0","0","0","0","0","0","0","0","0","0","0"
"","","0x76ff65283400","      CS2R R22, SRZ","3","1","3","32768","1048576","1048576","32","32","0","0","0","-","-","-","0","0","0","0","0","0","0","0","-","0","0","0","0","0","0","0","0","0","0","0","0","0","1","0","0","0","0","1","1","0","0","0","0","0","0","0","0","0","0","0","1","0","0","0","0","0","0","0","0","0","0"
"","","0x76ff65283410","      LEA R6, P4, R9, R12, 0x1","1","0","1","32768","1048576","1048576","32","32","0","0","0","-","-","-","0","0","0","0","0","0","0","0","-","0","0","0","0","0","0","0","0","0","0","0","0","0","0","0","0","0","0","1","0","0","0","0","0","0","0","0","0","0","0","0","0","0","0","0","0","0","0","0","0","0","0"
"","","0x76ff65283420","      IMAD.IADD R40, R41, 0x1, R4","2","0","2","32768","1048576","1048576","32","32","0","0","0","-","-","-","0","0","0","0","0","0","0","0","-","0","0","0","0","0","0","0","0","0","0","0","0","0","0","0","0","0","0","0","2","0","0","0","0","0","0","0","0","0","0","0","0","0","0","0","0","0","0","0","0","0","0"
"","","0x76ff65283430","      LOP3.LUT R17, R17, 0x10, R2, 0x78, !PT","1","0","1","32768","1048576","1048576","32","32","0","0","0","-","-","-","0","0","0","0","0","0","0","0","-","0","0","0","0","0","0","0","0","0","0","0","0","0","0","0","0","0","0","0","1","0","0","0","0","0","0","0","0","0","0","0","0","0","0","0","0","0","0","0","0","0","0"
"","","0x76ff65283440","      USHF.L.U64.HI UR10, UR10, 0x5, UR9","0","0","0","32768","1048576","1048576","32","32","0","0","0","-","-","-","0","0","0","0","0","0","0","0","-","0","0","0","0","0","0","0","0","0","0","0","0","0","0","0","0","0","0","0","0","0","0","0","0","0","0","0","0","0","0","0","0","0","0","0","0","0","0","0","0","0","0"
"","","0x76ff65283450","      LEA.HI.X R8, R8, R7, R11, 0x1, P3","0","0","0","32768","1048576","1048576","32","32","0","0","0","-","-","-","0","0","0","0","0","0","0","0","-","0","0","0","0","0","0","0","0","0","0","0","0","0","0","0","0","0","0","0","0","0","0","0","0","0","0","0","0","0","0","0","0","0","0","0","0","0","0","0","0","0","0"
"","","0x76ff65283460","      USHF.L.U64.HI UR9, UR11, 0x5, UR8","0","0","0","32768","1048576","1048576","32","32","0","0","0","-","-","-","0","0","0","0","0","0","0","0","-","0","0","0","0","0","0","0","0","0","0","0","0","0","0","0","0","0","0","0","0","0","0","0","0","0","0","0","0","0","0","0","0","0","0","0","0","0","0","0","0","0","0"
"","","0x76ff65283470","      LEA.HI.X R7, R9, R13, R3, 0x1, P4","3","0","3","32768","1048576","1048576","32","32","0","0","0","-","-","-","0","0","0","0","0","0","0","0","-","0","0","0","0","0","0","0","0","1","0","0","0","0","0","0","0","0","0","0","2","0","0","0","0","0","0","0","0","0","0","0","0","0","0","0","0","0","0","0","0","0","0"
"","","0x76ff65283480","      IMAD.IADD R38, R38, 0x1, R17","3","0","3","32768","1048576","1048576","32","32","0","0","0","-","-","-","0","0","0","0","0","0","0","0","-","0","0","0","0","0","0","0","0","0","0","0","0","0","0","0","0","0","0","0","3","0","0","0","0","0","0","0","0","0","0","0","0","0","0","0","0","0","0","0","0","0","0"
"","","0x76ff65283490","      LOP3.LUT P3, R35, R2, 0x1, RZ, 0xc0, !PT","0","0","0","32768","1048576","1048576","32","32","0","0","0","-","-","-","0","0","0","0","0","0","0","0","-","0","0","0","0","0","0","0","0","0","0","0","0","0","0","0","0","0","0","0","0","0","0","0","0","0","0","0","0","0","0","0","0","0","0","0","0","0","0","0","0","0","0"
"","","0x76ff652834a0","      IMAD.MOV.U32 R3, RZ, RZ, RZ","1","0","1","32768","1048576","1048576","32","32","0","0","0","-","-","-","0","0","0","0","0","0","0","0","-","0","0","0","0","0","0","0","0","1","0","0","0","0","0","0","0","0","0","0","0","0","0","0","0","0","0","0","0","0","0","0","0","0","0","0","0","0","0","0","0","0","0"
"","","0x76ff652834b0","      LOP3.LUT R45, R45, R14, RZ, 0xfc, !PT","0","0","0","32768","1048576","1048576","32","32","0","0","0","-","-","-","0","0","0","0","0","0","0","0","-","0","0","0","0","0","0","0","0","0","0","0","0","0","0","0","0","0","0","0","0","0","0","0","0","0","0","0","0","0","0","0","0","0","0","0","0","0","0","0","0","0","0"
"","","0x76ff652834c0","      CS2R R10, SRZ","7","0","7","32768","1048576","1048576","32","32","0","0","0","-","-","-","0","0","0","0","0","0","0","0","-","0","0","0","0","0","0","0","0","0","0","0","0","0","5","0","0","0","0","1","1","0","0","0","0","0","0","0","0","0","0","0","0","0","0","0","0","0","0","0","0","0","0"
"","","0x76ff652834d0","      IADD3 R2, P4, R15, c[0x0][0x170], RZ","3","1","3","32768","1048576","1048576","32","32","0","0","0","-","-","-","0","0","0","0","0","0","0","0","-","0","0","0","0","0","0","0","0","0","0","0","0","0","3","0","0","0","0","0","0","0","0","0","0","0","0","0","0","0","0","0","1","0","0","0","0","0","0","0","0","0","0"
"","","0x76ff652834e0","      UMOV UR8, 0x1","1","0","1","32768","1048576","1048576","32","32","0","0","0","-","-","-","0","0","0","0","0","0","0","0","-","0","0","0","0","0","0","0","0","0","0","0","0","0","0","0","0","0","0","0","1","0","0","0","0","0","0","0","0","0","0","0","0","0","0","0","0","0","0","0","0","0","0"
"","","0x76ff652834f0","      IADD3 R4, P5, R6, c[0x0][0x168], RZ","0","0","0","32768","1048576","1048576","32","32","0","0","0","-","-","-","0","0","0","0","0","0","0","0","-","0","0","0","0","0","0","0","0","0","0","0","0","0","0","0","0","0","0","0","0","0","0","0","0","0","0","0","0","0","0","0","0","0","0","0","0","0","0","0","0","0","0"
"","","0x76ff65283500","      UIADD3 UR11, UR7, -0x2, URZ","0","0","0","32768","1048576","1048576","32","32","0","0","0","-","-","-","0","0","0","0","0","0","0","0","-","0","0","0","0","0","0","0","0","0","0","0","0","0","0","0","0","0","0","0","0","0","0","0","0","0","0","0","0","0","0","0","0","0","0","0","0","0","0","0","0","0","0"
"","","0x76ff65283510","      IADD3 R39, R16, R39, RZ","1","0","1","32768","1048576","1048576","32","32","0","0","0","-","-","-","0","0","0","0","0","0","0","0","-","0","0","0","0","0","0","0","0","0","0","0","0","0","0","0","0","0","0","0","1","0","0","0","0","0","0","0","0","0","0","0","0","0","0","0","0","0","0","0","0","0","0"
"","","0x76ff65283520","      UMOV UR6, 0xffffffff","5","0","5","32768","1048576","1048576","32","32","0","0","0","-","-","-","0","0","0","0","0","0","0","0","-","0","0","0","0","0","0","0","0","0","0","0","0","0","0","0","0","0","0","0","5","0","0","0","0","0","0","0","0","0","0","0","0","0","0","0","0","0","0","0","0","0","0"
"","","0x76ff65283530","      MOV R51, 0xff800000","0","0","0","32768","1048576","1048576","32","32","0","0","0","-","-","-","0","0","0","0","0","0","0","0","-","0","0","0","0","0","0","0","0","0","0","0","0","0","0","0","0","0","0","0","0","0","0","0","0","0","0","0","0","0","0","0","0","0","0","0","0","0","0","0","0","0","0"
"","","0x76ff65283540","      CS2R R16, SRZ","5","0","5","32768","1048576","1048576","32","32","0","0","0","-","-","-","0","0","0","0","0","0","0","0","-","0","0","0","0","0","0","0","0","0","0","0","0","0","1","0","0","0","0","1","3","0","0","0","0","0","0","0","0","0","0","0","0","0","0","0","0","0","0","0","0","0","0"
"","","0x76ff65283550","      ISETP.LT.U32.AND P2, PT, R49, 0x40, !P2","0","0","0","32768","1048576","1048576","32","32","0","0","0","-","-","-","0","0","0","0","0","0","0","0","-","0","0","0","0","0","0","0","0","0","0","0","0","0","0","0","0","0","0","0","0","0","0","0","0","0","0","0","0","0","0","0","0","0","0","0","0","0","0","0","0","0","0"
"","","0x76ff65283560","      ISETP.LT.U32.AND P3, PT, R49, 0x20, !P3","34","5","34","32768","1048576","1048576","32","32","0","0","0","-","-","-","0","0","0","0","0","0","0","0","-","0","0","0","0","0","0","0","0","2","0","0","0","0","12","0","0","0","0","19","0","0","0","0","1","0","0","0","0","0","0","0","4","0","0","0","0","0","0","0","0","0","1"
"","","0x76ff65283570","      LOP3.LUT R46, R47, 0x40, RZ, 0x3c, !PT","4","2","4","32768","1048576","1048576","32","32","0","0","0","-","-","-","0","0","0","0","0","0","0","0","-","0","0","0","0","0","0","0","0","0","0","0","0","0","0","0","0","0","0","2","0","0","0","0","2","0","0","0","0","0","0","0","0","0","0","0","0","0","0","0","0","0","2"
"","","0x76ff65283580","      LOP3.LUT R44, R45, 0x20, RZ, 0x3c, !PT","3","0","3","32768","1048576","1048576","32","32","0","0","0","-","-","-","0","0","0","0","0","0","0","0","-","0","0","0","0","0","0","0","0","0","0","0","0","0","1","0","0","0","0","0","1","0","0","0","1","0","0","0","0","0","0","0","0","0","0","0","0","0","0","0","0","0","0"
"","","0x76ff65283590","      LOP3.LUT R43, R45, 0x40, RZ, 0x3c, !PT","4","0","4","32768","1048576","1048576","32","32","0","0","0","-","-","-","0","0","0","0","0","0","0","0","-","0","0","0","0","0","0","0","0","0","0","0","0","0","1","0","0","0","0","0","3","0","0","0","0","0","0","0","0","0","0","0","0","0","0","0","0","0","0","0","0","0","0"
"","","0x76ff652835a0","      LOP3.LUT R42, R45, 0x60, RZ, 0x3c, !PT","2","1","2","32768","1048576","1048576","32","32","0","0","0","-","-","-","0","0","0","0","0","0","0","0","-","0","0","0","0","0","0","0","0","0","0","0","0","0","0","0","0","0","0","0","0","0","0","0","2","0","0","0","0","0","0","0","0","0","0","0","0","0","0","0","0","0","1"
"","","0x76ff652835b0","      IADD3.X R9, R8, c[0x0][0x174], RZ, P4, !PT","2","0","2","32768","1048576","1048576","32","32","0","0","0","-","-","-","0","0","0","0","0","0","0","0","-","0","0","0","0","0","0","0","0","1","0","0","0","0","0","0","0","0","0","0","0","0","0","0","1","0","0","0","0","0","0","0","0","0","0","0","0","0","0","0","0","0","0"
"","","0x76ff652835c0","      IADD3.X R7, R7, c[0x0][0x16c], RZ, P5, !PT","6","0","6","32768","1048576","1048576","32","32","0","0","0","-","-","-","0","0","0","0","0","0","0","0","-","0","0","0","0","0","0","0","0","0","0","0","0","0","0","0","0","0","0","4","1","0","0","0","1","0","0","0","0","0","0","0","0","0","0","0","0","0","0","0","0","0","0"
"","","...","...","-","-","-","-","-","-","-","-","-","-","-","-","-","-","-","-","-","-","-","-","-","-","-","-","-","-","-","-","-","-","-","-","-","-","-","-","-","-","-","-","-","-","-","-","-","-","-","-","-","-","-","-","-","-","-","-","-","-","-","-","-","-","-","-","-"
"","","0x76ff652835e0","      UIADD3 UR6, UR6, 0x1, URZ","1710","820","1710","8388608","268435456","268435456","32","32","0","0","0","-","-","-","0","0","0","0","0","0","0","0","-","0","0","0","0","0","0","0","0","8","0","0","0","393","23","0","0","0","0","196","256","0","0","0","834","0","0","1","0","0","0","326","3","0","0","0","0","0","0","0","0","0","490"
"","","...","...","-","-","-","-","-","-","-","-","-","-","-","-","-","-","-","-","-","-","-","-","-","-","-","-","-","-","-","-","-","-","-","-","-","-","-","-","-","-","-","-","-","-","-","-","-","-","-","-","-","-","-","-","-","-","-","-","-","-","-","-","-","-","-","-","-"
"","","0x76ff65283610","      UIADD3 UR8, UR8, 0x1, URZ","280","0","280","8388608","268435456","268435456","32","32","0","0","0","-","-","-","0","0","0","0","0","0","0","0","-","0","0","0","0","0","0","0","0","7","0","0","0","0","0","0","0","0","0","0","273","0","0","0","0","0","0","0","0","0","0","0","0","0","0","0","0","0","0","0","0","0","0"
"","","0x76ff65283620","      IADD3 R34, R34, 0x10, RZ","275","0","275","8388608","268435456","268435456","32","32","0","0","0","-","-","-","0","0","0","0","0","0","0","0","-","0","0","0","0","0","0","0","0","4","0","0","0","0","0","0","0","0","0","0","271","0","0","0","0","0","0","0","0","0","0","0","0","0","0","0","0","0","0","0","0","0","0"
"","","0x76ff65283630","      UISETP.GT.AND UP0, UPT, UR6, 0x1, UPT","275","0","275","8388608","268435456","268435456","32","32","0","0","0","-","-","-","0","0","0","0","0","0","0","0","-","0","0","0","0","0","0","0","0","1","0","0","0","0","0","0","0","0","0","0","274","0","0","0","0","0","0","0","0","0","0","0","0","0","0","0","0","0","0","0","0","0","0"
"","","0x76ff65283640","      USEL UR6, UR6, URZ, !UP0","1410","353","1410","8388608","268435456","268435456","32","32","0","0","0","-","-","-","0","0","0","0","0","0","0","0","-","0","0","0","0","0","0","0","0","20","0","0","0","0","29","0","0","0","0","309","243","0","0","0","809","0","0","2","0","0","0","0","6","0","0","0","0","0","0","0","0","0","345"
"","","0x76ff65283650","      UISETP.GE.AND UP0, UPT, UR4, UR11, UPT","607","150","607","8388608","268435456","268435456","32","32","0","0","0","-","-","-","0","0","0","0","0","0","0","0","-","0","0","0","0","0","0","0","0","5","0","0","0","0","5","0","0","0","0","70","236","0","0","0","291","0","0","1","0","0","0","0","0","0","0","0","0","0","0","0","0","0","149"
"","","0x76ff65283660","      UIADD3 UR4, UR4, 0x1, URZ","586","123","586","8388608","268435456","268435456","32","32","0","0","0","-","-","-","0","0","0","0","0","0","0","0","-","0","0","0","0","0","0","0","0","5","0","0","0","0","5","0","0","0","0","61","258","0","0","0","257","0","0","1","0","0","0","0","0","0","0","0","0","0","0","0","0","0","122"
"","","...","...","-","-","-","-","-","-","-","-","-","-","-","-","-","-","-","-","-","-","-","-","-","-","-","-","-","-","-","-","-","-","-","-","-","-","-","-","-","-","-","-","-","-","-","-","-","-","-","-","-","-","-","-","-","-","-","-","-","-","-","-","-","-","-","-","-"
"","","0x76ff65283d20","      UISETP.GT.AND UP0, UPT, UR8, 0x1, UPT","272","0","272","8388608","268435456","268435456","32","32","0","0","0","-","-","-","0","0","0","0","0","0","0","0","-","0","0","0","0","0","0","0","0","9","0","0","0","0","0","0","0","0","0","0","263","0","0","0","0","0","0","0","0","0","0","0","0","0","0","0","0","0","0","0","0","0","0"
"","","...","...","-","-","-","-","-","-","-","-","-","-","-","-","-","-","-","-","-","-","-","-","-","-","-","-","-","-","-","-","-","-","-","-","-","-","-","-","-","-","-","-","-","-","-","-","-","-","-","-","-","-","-","-","-","-","-","-","-","-","-","-","-","-","-","-","-"
"","","0x76ff65283d70","      USEL UR8, UR8, URZ, !UP0","280","0","280","8388608","268435456","268435456","32","32","0","0","0","-","-","-","0","0","0","0","0","0","0","0","-","0","0","0","0","0","0","0","0","2","0","0","0","0","0","0","0","0","0","0","278","0","0","0","0","0","0","0","0","0","0","0","0","0","0","0","0","0","0","0","0","0","0"
"","","0x76ff65283d80","      UISETP.NE.U32.AND UP0, UPT, UR7, UR4, UPT","1070","43","1070","8388608","268435456","268435456","32","32","0","0","0","-","-","-","0","0","0","0","0","0","0","0","-","0","0","0","0","0","0","0","0","21","0","0","0","0","42","0","0","0","0","442","255","0","0","0","310","0","0","0","0","0","0","0","9","0","0","0","0","0","0","0","0","0","34"
"","","...","...","-","-","-","-","-","-","-","-","-","-","-","-","-","-","-","-","-","-","-","-","-","-","-","-","-","-","-","-","-","-","-","-","-","-","-","-","-","-","-","-","-","-","-","-","-","-","-","-","-","-","-","-","-","-","-","-","-","-","-","-","-","-","-","-","-"
"","","0x76ff65283e90","      MOV R52, R31","4317","2072","4317","8388608","268435456","268435456","32","32","0","0","0","-","-","-","0","0","0","0","0","0","0","0","-","0","0","0","0","0","0","0","0","17","0","0","0","0","119","0","0","0","0","209","254","3449","0","0","269","0","0","3","0","0","0","0","40","0","0","0","0","0","0","1869","0","0","160"
"","","...","...","-","-","-","-","-","-","-","-","-","-","-","-","-","-","-","-","-","-","-","-","-","-","-","-","-","-","-","-","-","-","-","-","-","-","-","-","-","-","-","-","-","-","-","-","-","-","-","-","-","-","-","-","-","-","-","-","-","-","-","-","-","-","-","-","-"
"","","0x76ff65283f40","      IMAD.MOV.U32 R53, RZ, RZ, R30","4480","2029","4480","8388608","268435456","268435456","32","32","0","0","0","-","-","-","0","0","0","0","0","0","0","0","-","0","0","0","0","0","0","0","0","36","0","0","0","0","128","0","0","0","0","337","280","3699","0","0","0","0","0","3","0","0","0","0","11","0","0","0","0","0","0","2015","0","0","0"
"","","...","...","-","-","-","-","-","-","-","-","-","-","-","-","-","-","-","-","-","-","-","-","-","-","-","-","-","-","-","-","-","-","-","-","-","-","-","-","-","-","-","-","-","-","-","-","-","-","-","-","-","-","-","-","-","-","-","-","-","-","-","-","-","-","-","-","-"
"","","0x76ff65283f90","      IMAD.MOV.U32 R50, RZ, RZ, R29","297","0","297","8388608","268435456","268435456","32","32","0","0","0","-","-","-","0","0","0","0","0","0","0","0","-","0","0","0","0","0","0","0","0","14","0","0","0","0","0","0","0","0","0","0","283","0","0","0","0","0","0","0","0","0","0","0","0","0","0","0","0","0","0","0","0","0","0"
"","","0x76ff65283fa0","      IMAD.MOV.U32 R51, RZ, RZ, R28","1329","44","1329","8388608","268435456","268435456","32","32","0","0","0","-","-","-","0","0","0","0","0","0","0","0","-","0","0","0","0","0","0","0","0","34","0","0","0","0","147","0","0","0","0","479","233","0","0","0","436","0","0","1","0","0","0","0","11","0","0","0","0","0","0","0","0","0","32"
"","","...","...","-","-","-","-","-","-","-","-","-","-","-","-","-","-","-","-","-","-","-","-","-","-","-","-","-","-","-","-","-","-","-","-","-","-","-","-","-","-","-","-","-","-","-","-","-","-","-","-","-","-","-","-","-","-","-","-","-","-","-","-","-","-","-","-","-"
"","","0x76ff65284020","      IADD3 R5, P5, R5, 0x10, RZ","683","187","683","8388608","268435456","268435456","32","32","0","0","0","-","-","-","0","0","0","0","0","0","0","0","-","0","0","0","0","0","0","0","0","24","0","0","0","0","16","0","0","0","0","67","286","0","0","0","290","0","0","3","0","0","0","0","5","0","0","0","0","0","0","0","0","0","179"
"","","...","...","-","-","-","-","-","-","-","-","-","-","-","-","-","-","-","-","-","-","-","-","-","-","-","-","-","-","-","-","-","-","-","-","-","-","-","-","-","-","-","-","-","-","-","-","-","-","-","-","-","-","-","-","-","-","-","-","-","-","-","-","-","-","-","-","-"
"","","0x76ff65284070","      IMAD.X R3, RZ, RZ, R3, P5","694","127","694","8388608","268435456","268435456","32","32","0","0","0","-","-","-","0","0","0","0","0","0","0","0","-","0","0","0","0","0","0","0","0","25","0","0","0","0","28","0","0","0","0","65","271","0","0","0","305","0","0","4","0","0","0","0","4","0","0","0","0","0","0","0","0","0","119"
"","","...","...","-","-","-","-","-","-","-","-","-","-","-","-","-","-","-","-","-","-","-","-","-","-","-","-","-","-","-","-","-","-","-","-","-","-","-","-","-","-","-","-","-","-","-","-","-","-","-","-","-","-","-","-","-","-","-","-","-","-","-","-","-","-","-","-","-"
"","","0x76ff652840f0","      IADD3 R2, P6, R2, UR13, RZ","272","0","272","8388608","268435456","268435456","32","32","0","0","0","-","-","-","0","0","0","0","0","0","0","0","-","0","0","0","0","0","0","0","0","3","0","0","0","0","0","0","0","0","0","0","269","0","0","0","0","0","0","0","0","0","0","0","0","0","0","0","0","0","0","0","0","0","0"
"","","...","...","-","-","-","-","-","-","-","-","-","-","-","-","-","-","-","-","-","-","-","-","-","-","-","-","-","-","-","-","-","-","-","-","-","-","-","-","-","-","-","-","-","-","-","-","-","-","-","-","-","-","-","-","-","-","-","-","-","-","-","-","-","-","-","-","-"
"","","0x76ff65284110","      IADD3.X R9, R9, UR10, RZ, P6, !PT","1214","277","1214","8388608","268435456","268435456","32","32","0","0","0","-","-","-","0","0","0","0","0","0","0","0","-","0","0","0","0","0","0","0","0","10","0","0","0","0","98","0","0","0","0","283","282","0","0","0","541","0","0","0","0","0","0","0","28","0","0","0","0","0","0","0","0","0","249"
"","","0x76ff65284120","      PLOP3.LUT P6, PT, PT, PT, UP0, 0x80, 0x0","634","152","634","8388608","268435456","268435456","32","32","0","0","0","-","-","-","0","0","0","0","0","0","0","0","-","0","0","0","0","0","0","0","0","9","0","0","0","0","22","0","0","0","0","72","270","0","0","0","261","0","0","4","0","0","0","0","5","0","0","0","0","0","0","0","0","0","143"
"","","...","...","-","-","-","-","-","-","-","-","-","-","-","-","-","-","-","-","-","-","-","-","-","-","-","-","-","-","-","-","-","-","-","-","-","-","-","-","-","-","-","-","-","-","-","-","-","-","-","-","-","-","-","-","-","-","-","-","-","-","-","-","-","-","-","-","-"
"","","0x76ff65284170","      IADD3 R4, P4, R4, UR12, RZ","266","0","266","8388608","268435456","268435456","32","32","0","0","0","-","-","-","0","0","0","0","0","0","0","0","-","0","0","0","0","0","0","0","0","4","0","0","0","0","0","0","0","0","0","0","262","0","0","0","0","0","0","0","0","0","0","0","0","0","0","0","0","0","0","0","0","0","0"
"","","...","...","-","-","-","-","-","-","-","-","-","-","-","-","-","-","-","-","-","-","-","-","-","-","-","-","-","-","-","-","-","-","-","-","-","-","-","-","-","-","-","-","-","-","-","-","-","-","-","-","-","-","-","-","-","-","-","-","-","-","-","-","-","-","-","-","-"
"","","0x76ff65284190","      IADD3.X R7, R7, UR9, RZ, P4, !PT","277","0","277","8388608","268435456","268435456","32","32","0","0","0","-","-","-","0","0","0","0","0","0","0","0","-","0","0","0","0","0","0","0","0","3","0","0","0","0","0","0","0","0","0","0","274","0","0","0","0","0","0","0","0","0","0","0","0","0","0","0","0","0","0","0","0","0","0"
"","","0x76ff652841a0","@P6   BRA 0x76ff652835d0","2078","987","2078","8388608","268435456","267386880","32","31","1","1","0","-","-","-","0","0","0","0","0","0","0","0","-","0","0","0","0","0","0","0","0","15","0","0","0","0","0","0","0","0","0","201","263","0","0","0","1599","0","0","2","0","0","0","0","0","0","0","0","0","0","0","0","0","0","985"
"","","...","...","-","-","-","-","-","-","-","-","-","-","-","-","-","-","-","-","-","-","-","-","-","-","-","-","-","-","-","-","-","-","-","-","-","-","-","-","-","-","-","-","-","-","-","-","-","-","-","-","-","-","-","-","-","-","-","-","-","-","-","-","-","-","-","-","-"
"","","0x76ff65284260","      DEPBAR.LE SB0, 0x0","1","0","1","32768","1048576","1048576","32","32","0","0","0","-","-","-","0","0","0","0","0","0","0","0","-","0","0","0","0","0","0","0","0","0","0","0","0","0","0","0","0","0","0","0","1","0","0","0","0","0","0","0","0","0","0","0","0","0","0","0","0","0","0","0","0","0","0"
"","","...","...","-","-","-","-","-","-","-","-","-","-","-","-","-","-","-","-","-","-","-","-","-","-","-","-","-","-","-","-","-","-","-","-","-","-","-","-","-","-","-","-","-","-","-","-","-","-","-","-","-","-","-","-","-","-","-","-","-","-","-","-","-","-","-","-","-"
"","","0x76ff65284870","      BAR.SYNC.DEFER_BLOCKING 0x0","2","0","2","32768","1048576","1048576","32","32","0","0","0","-","-","-","0","0","0","0","0","0","0","0","-","0","0","0","0","0","0","0","0","0","0","0","0","0","0","0","0","0","0","0","2","0","0","0","0","0","0","0","0","0","0","0","0","0","0","0","0","0","0","0","0","0","0"
"70","K_j = tl.load(K_block_ptr, boundary_check=(0, 1), padding_option="zero")","-","-","35588","18712","35588","143687680","4598005760","3786407936","1600","1312","256","288","0","Global(3),Shared(3)","Load(12),Store(3)","32(9),128(3)","33554432","12","0","33816576","33816576","0","134217728","134217728","","0","0","0","0","0","0","273","806","405","0","0","1","14","292","0","19853","0","603","4074","4217","0","0","0","5050","171","500","86","0","0","1","5","78","0","14882","0","362","0","0","0","0","0","2627"
"","","0x76ff65282be0","      IMAD.WIDE.U32 R12, R10, c[0x0][0x194], RZ","21","5","21","32768","1048576","1048576","32","32","0","0","0","-","-","-","0","0","0","0","0","0","0","0","-","0","0","0","0","0","0","0","0","2","0","0","0","14","1","0","0","0","0","4","0","0","0","0","0","0","0","0","0","0","0","5","0","0","0","0","0","0","0","0","0","0","0"
"","","...","...","-","-","-","-","-","-","-","-","-","-","-","-","-","-","-","-","-","-","-","-","-","-","-","-","-","-","-","-","-","-","-","-","-","-","-","-","-","-","-","-","-","-","-","-","-","-","-","-","-","-","-","-","-","-","-","-","-","-","-","-","-","-","-","-","-"
"","","0x76ff65282c40","      ISETP.GE.AND P1, PT, R10, c[0x0][0x1b0], PT","1","0","1","32768","1048576","1048576","32","32","0","0","0","-","-","-","0","0","0","0","0","0","0","0","-","0","0","0","0","0","0","0","0","0","0","0","0","0","0","0","0","0","0","0","1","0","0","0","0","0","0","0","0","0","0","0","0","0","0","0","0","0","0","0","0","0","0"
"","","0x76ff65282c50","      USEL UR4, URZ, 0x10, !UP0","1","0","1","32768","1048576","1048576","32","32","0","0","0","-","-","-","0","0","0","0","0","0","0","0","-","0","0","0","0","0","0","0","0","0","0","0","0","0","0","0","0","0","0","0","1","0","0","0","0","0","0","0","0","0","0","0","0","0","0","0","0","0","0","0","0","0","0"
"","","0x76ff65282c60","      IMAD R15, R10, UR8, RZ","0","0","0","32768","1048576","1048576","32","32","0","0","0","-","-","-","0","0","0","0","0","0","0","0","-","0","0","0","0","0","0","0","0","0","0","0","0","0","0","0","0","0","0","0","0","0","0","0","0","0","0","0","0","0","0","0","0","0","0","0","0","0","0","0","0","0","0"
"","","...","...","-","-","-","-","-","-","-","-","-","-","-","-","-","-","-","-","-","-","-","-","-","-","-","-","-","-","-","-","-","-","-","-","-","-","-","-","-","-","-","-","-","-","-","-","-","-","-","-","-","-","-","-","-","-","-","-","-","-","-","-","-","-","-","-","-"
"","","0x76ff65282c90","      LEA R14, P2, R12, R21, 0x1","1","0","1","32768","1048576","1048576","32","32","0","0","0","-","-","-","0","0","0","0","0","0","0","0","-","0","0","0","0","0","0","0","0","0","0","0","0","0","0","0","0","0","0","0","1","0","0","0","0","0","0","0","0","0","0","0","0","0","0","0","0","0","0","0","0","0","0"
"","","...","...","-","-","-","-","-","-","-","-","-","-","-","-","-","-","-","-","-","-","-","-","-","-","-","-","-","-","-","-","-","-","-","-","-","-","-","-","-","-","-","-","-","-","-","-","-","-","-","-","-","-","-","-","-","-","-","-","-","-","-","-","-","-","-","-","-"
"","","0x76ff65282cc0","      IMAD.IADD R15, R13, 0x1, R15","1","0","1","32768","1048576","1048576","32","32","0","0","0","-","-","-","0","0","0","0","0","0","0","0","-","0","0","0","0","0","0","0","0","0","0","0","0","0","0","0","0","0","0","0","1","0","0","0","0","0","0","0","0","0","0","0","0","0","0","0","0","0","0","0","0","0","0"
"","","0x76ff65282cd0","      LOP3.LUT R24, R10, 0x10, RZ, 0xfc, !PT","1","0","1","32768","1048576","1048576","32","32","0","0","0","-","-","-","0","0","0","0","0","0","0","0","-","0","0","0","0","0","0","0","0","0","0","0","0","0","0","0","0","0","0","0","1","0","0","0","0","0","0","0","0","0","0","0","0","0","0","0","0","0","0","0","0","0","0"
"","","0x76ff65282ce0","      IMAD.U32 R13, RZ, RZ, UR4","3","0","3","32768","1048576","1048576","32","32","0","0","0","-","-","-","0","0","0","0","0","0","0","0","-","0","0","0","0","0","0","0","0","0","0","0","0","0","0","0","0","0","0","0","3","0","0","0","0","0","0","0","0","0","0","0","0","0","0","0","0","0","0","0","0","0","0"
"","","...","...","-","-","-","-","-","-","-","-","-","-","-","-","-","-","-","-","-","-","-","-","-","-","-","-","-","-","-","-","-","-","-","-","-","-","-","-","-","-","-","-","-","-","-","-","-","-","-","-","-","-","-","-","-","-","-","-","-","-","-","-","-","-","-","-","-"
"","","0x76ff65282d10","      LEA.HI.X R15, R12, R22, R15, 0x1, P2","0","0","0","32768","1048576","1048576","32","32","0","0","0","-","-","-","0","0","0","0","0","0","0","0","-","0","0","0","0","0","0","0","0","0","0","0","0","0","0","0","0","0","0","0","0","0","0","0","0","0","0","0","0","0","0","0","0","0","0","0","0","0","0","0","0","0","0"
"","","0x76ff65282d20","      USHF.L.U32 UR12, UR11, 0x5, URZ","0","0","0","32768","1048576","1048576","32","32","0","0","0","-","-","-","0","0","0","0","0","0","0","0","-","0","0","0","0","0","0","0","0","0","0","0","0","0","0","0","0","0","0","0","0","0","0","0","0","0","0","0","0","0","0","0","0","0","0","0","0","0","0","0","0","0","0"
"","","0x76ff65282d30","      SEL R13, R13, RZ, !P1","1","0","1","32768","1048576","1048576","32","32","0","0","0","-","-","-","0","0","0","0","0","0","0","0","-","0","0","0","0","0","0","0","0","0","0","0","0","0","0","0","0","0","0","0","1","0","0","0","0","0","0","0","0","0","0","0","0","0","0","0","0","0","0","0","0","0","0"
"","","...","...","-","-","-","-","-","-","-","-","-","-","-","-","-","-","-","-","-","-","-","-","-","-","-","-","-","-","-","-","-","-","-","-","-","-","-","-","-","-","-","-","-","-","-","-","-","-","-","-","-","-","-","-","-","-","-","-","-","-","-","-","-","-","-","-","-"
"","","0x76ff65282d70","      ISETP.NE.U32.AND P2, PT, R13, RZ, PT","2","0","2","32768","1048576","1048576","32","32","0","0","0","-","-","-","0","0","0","0","0","0","0","0","-","0","0","0","0","0","0","0","0","0","0","0","0","0","0","0","0","0","0","0","2","0","0","0","0","0","0","0","0","0","0","0","0","0","0","0","0","0","0","0","0","0","0"
"","","0x76ff65282d80","      IMAD.WIDE.U32 R12, R11, 0x2, R14","1","0","1","32768","1048576","1048576","32","32","0","0","0","-","-","-","0","0","0","0","0","0","0","0","-","0","0","0","0","0","0","0","0","0","0","0","0","0","0","0","0","0","0","1","0","0","0","0","0","0","0","0","0","0","0","0","0","0","0","0","0","0","0","0","0","0","0"
"","","0x76ff65282d90","      ISETP.GE.U32.AND P1, PT, R24, c[0x0][0x1b0], PT","1","0","1","32768","1048576","1048576","32","32","0","0","0","-","-","-","0","0","0","0","0","0","0","0","-","0","0","0","0","0","0","0","0","0","0","0","0","0","0","0","0","0","0","0","1","0","0","0","0","0","0","0","0","0","0","0","0","0","0","0","0","0","0","0","0","0","0"
"","","0x76ff65282da0","      PLOP3.LUT P3, PT, PT, PT, UP1, 0x80, 0x0","27","1","27","32768","1048576","1048576","32","32","0","0","0","-","-","-","0","0","0","0","0","0","0","0","-","0","0","0","0","0","0","0","0","6","0","0","0","0","5","0","0","0","0","14","2","0","0","0","0","0","0","0","0","0","0","0","1","0","0","0","0","0","0","0","0","0","0"
"","","...","...","-","-","-","-","-","-","-","-","-","-","-","-","-","-","-","-","-","-","-","-","-","-","-","-","-","-","-","-","-","-","-","-","-","-","-","-","-","-","-","-","-","-","-","-","-","-","-","-","-","-","-","-","-","-","-","-","-","-","-","-","-","-","-","-","-"
"","","0x76ff65282dc0","      ISETP.GE.AND.EX P1, PT, RZ, UR16, PT, P1","2","0","2","32768","1048576","1048576","32","32","0","0","0","-","-","-","0","0","0","0","0","0","0","0","-","0","0","0","0","0","0","0","0","0","0","0","0","0","0","0","0","0","0","0","2","0","0","0","0","0","0","0","0","0","0","0","0","0","0","0","0","0","0","0","0","0","0"
"","","...","...","-","-","-","-","-","-","-","-","-","-","-","-","-","-","-","-","-","-","-","-","-","-","-","-","-","-","-","-","-","-","-","-","-","-","-","-","-","-","-","-","-","-","-","-","-","-","-","-","-","-","-","-","-","-","-","-","-","-","-","-","-","-","-","-","-"
"","","0x76ff65282df0","      SEL R16, RZ, 0x10, P1","4","0","4","32768","1048576","1048576","32","32","0","0","0","-","-","-","0","0","0","0","0","0","0","0","-","0","0","0","0","0","0","0","0","3","0","0","0","0","0","0","0","0","0","0","1","0","0","0","0","0","0","0","0","0","0","0","0","0","0","0","0","0","0","0","0","0","0"
"","","...","...","-","-","-","-","-","-","-","-","-","-","-","-","-","-","-","-","-","-","-","-","-","-","-","-","-","-","-","-","-","-","-","-","-","-","-","-","-","-","-","-","-","-","-","-","-","-","-","-","-","-","-","-","-","-","-","-","-","-","-","-","-","-","-","-","-"
"","","0x76ff65282e30","      IMAD.MOV.U32 R11, RZ, RZ, c[0x0][0x194]","3","0","3","32768","1048576","1048576","32","32","0","0","0","-","-","-","0","0","0","0","0","0","0","0","-","0","0","0","0","0","0","0","0","0","0","0","0","0","0","0","0","0","0","0","3","0","0","0","0","0","0","0","0","0","0","0","0","0","0","0","0","0","0","0","0","0","0"
"","","0x76ff65282e40","      SEL R16, R16, RZ, P3","1","0","1","32768","1048576","1048576","32","32","0","0","0","-","-","-","0","0","0","0","0","0","0","0","-","0","0","0","0","0","0","0","0","0","0","0","0","0","0","0","0","0","0","0","1","0","0","0","0","0","0","0","0","0","0","0","0","0","0","0","0","0","0","0","0","0","0"
"","","...","...","-","-","-","-","-","-","-","-","-","-","-","-","-","-","-","-","-","-","-","-","-","-","-","-","-","-","-","-","-","-","-","-","-","-","-","-","-","-","-","-","-","-","-","-","-","-","-","-","-","-","-","-","-","-","-","-","-","-","-","-","-","-","-","-","-"
"","","0x76ff65282e60","      ISETP.NE.U32.AND P1, PT, R16, RZ, PT","4","0","4","32768","1048576","1048576","32","32","0","0","0","-","-","-","0","0","0","0","0","0","0","0","-","0","0","0","0","0","0","0","0","0","0","0","0","0","0","0","0","0","0","1","1","0","0","0","2","0","0","0","0","0","0","0","0","0","0","0","0","0","0","0","0","0","0"
"","","0x76ff65282e70","      IADD3 R16, P3, R12, UR12, RZ","2","0","2","32768","1048576","1048576","32","32","0","0","0","-","-","-","0","0","0","0","0","0","0","0","-","0","0","0","0","0","0","0","0","0","0","0","0","0","0","0","0","0","0","1","0","0","0","0","1","0","0","0","0","0","0","0","0","0","0","0","0","0","0","0","0","0","0"
"","","...","...","-","-","-","-","-","-","-","-","-","-","-","-","-","-","-","-","-","-","-","-","-","-","-","-","-","-","-","-","-","-","-","-","-","-","-","-","-","-","-","-","-","-","-","-","-","-","-","-","-","-","-","-","-","-","-","-","-","-","-","-","-","-","-","-","-"
"","","0x76ff65282e90","      LEA.HI.X.SX32 R17, R11, R13, 0x5, P3","4","0","4","32768","1048576","1048576","32","32","0","0","0","-","-","-","0","0","0","0","0","0","0","0","-","0","0","0","0","0","0","0","0","0","0","0","0","0","0","0","0","0","0","0","2","0","0","0","2","0","0","0","0","0","0","0","0","0","0","0","0","0","0","0","0","0","0"
"","","...","...","-","-","-","-","-","-","-","-","-","-","-","-","-","-","-","-","-","-","-","-","-","-","-","-","-","-","-","-","-","-","-","-","-","-","-","-","-","-","-","-","-","-","-","-","-","-","-","-","-","-","-","-","-","-","-","-","-","-","-","-","-","-","-","-","-"
"","","0x76ff65282eb0","@!PT  LDS RZ, [RZ]","33","23","33","32768","1048576","0","32","0","32","32","0","","Load","32","0","0","0","0","0","0","0","0","-","0","0","0","0","0","0","0","0","0","0","0","0","0","0","0","25","0","0","3","1","0","0","0","4","0","0","0","0","0","0","0","0","0","20","0","0","0","0","0","0","0","3"
"","","0x76ff65282ec0","@!PT  LDS RZ, [RZ]","33","16","33","32768","1048576","0","32","0","0","32","0","","Load","32","0","0","0","0","0","0","0","0","-","0","0","0","0","0","0","0","0","0","0","0","0","0","0","0","27","0","0","6","0","0","0","0","0","0","0","0","0","0","0","0","0","0","16","0","0","0","0","0","0","0","0"
"","","0x76ff65282ed0","@!PT  LDS RZ, [RZ]","50","25","50","32768","1048576","0","32","0","0","32","0","","Load","32","0","0","0","0","0","0","0","0","-","0","0","0","0","0","0","0","0","0","0","0","0","0","0","0","40","0","0","10","0","0","0","0","0","0","0","0","0","0","0","0","0","0","25","0","0","0","0","0","0","0","0"
"","","0x76ff65282ee0","      LDGSTS.E.BYPASS.128 [R48][R12.64], P2","48","30","48","32768","1048576","1048576","32","32","32","0","0","Global,Shared","Load,Store","128","131072","4","0","131072","131072","0","524288","524288","","0","0","0","0","0","0","0","0","0","0","0","0","0","0","0","38","0","0","9","1","0","0","0","0","0","0","0","0","0","0","0","0","0","30","0","0","0","0","0","0","0","0"
"","","0x76ff65282ef0","      LDGDEPBAR","67","41","67","32768","1048576","1048576","32","32","0","0","0","-","-","-","0","0","0","0","0","0","0","0","-","0","0","0","0","0","0","0","0","1","0","0","0","0","0","0","54","0","0","9","2","0","0","0","1","0","0","0","0","0","0","0","0","0","40","0","0","0","0","0","0","0","1"
"","","...","...","-","-","-","-","-","-","-","-","-","-","-","-","-","-","-","-","-","-","-","-","-","-","-","-","-","-","-","-","-","-","-","-","-","-","-","-","-","-","-","-","-","-","-","-","-","-","-","-","-","-","-","-","-","-","-","-","-","-","-","-","-","-","-","-","-"
"","","0x76ff65282f50","      BAR.SYNC.DEFER_BLOCKING 0x0","39","23","39","32768","1048576","1048576","32","32","0","0","0","-","-","-","0","0","0","0","0","0","0","0","-","0","0","0","0","0","0","0","0","0","0","0","0","0","0","0","31","0","0","7","1","0","0","0","0","0","0","0","0","0","0","0","0","0","23","0","0","0","0","0","0","0","0"
"","","...","...","-","-","-","-","-","-","-","-","-","-","-","-","-","-","-","-","-","-","-","-","-","-","-","-","-","-","-","-","-","-","-","-","-","-","-","-","-","-","-","-","-","-","-","-","-","-","-","-","-","-","-","-","-","-","-","-","-","-","-","-","-","-","-","-","-"
"","","0x76ff65282f80","@!PT  LDS RZ, [RZ]","327","203","327","32768","1048576","0","32","0","32","32","0","","Load","32","0","0","0","0","0","0","0","0","-","0","0","0","0","0","0","273","0","2","0","0","0","0","0","0","39","0","0","11","2","0","0","0","0","171","0","0","0","0","0","0","0","0","32","0","0","0","0","0","0","0","0"
"","","0x76ff65282f90","@!PT  LDS RZ, [RZ]","20","13","20","32768","1048576","0","32","0","0","32","0","","Load","32","0","0","0","0","0","0","0","0","-","0","0","0","0","0","0","0","0","0","0","0","0","0","0","0","17","0","0","2","1","0","0","0","0","0","0","0","0","0","0","0","0","0","13","0","0","0","0","0","0","0","0"
"","","0x76ff65282fa0","@!PT  LDS RZ, [RZ]","28","16","28","32768","1048576","0","32","0","0","32","0","","Load","32","0","0","0","0","0","0","0","0","-","0","0","0","0","0","0","0","0","0","0","0","0","0","0","0","26","0","0","2","0","0","0","0","0","0","0","0","0","0","0","0","0","0","16","0","0","0","0","0","0","0","0"
"","","0x76ff65282fb0","      LDGSTS.E.BYPASS.128 [R48+0x800][R16.64], P1","46","20","46","32768","1048576","1048576","32","32","32","0","0","Global,Shared","Load,Store","128","131072","4","0","131072","131072","0","524288","524288","","0","0","0","0","0","0","0","0","1","0","0","0","0","0","0","33","0","0","9","3","0","0","0","0","0","0","0","0","0","0","0","0","0","20","0","0","0","0","0","0","0","0"
"","","0x76ff65282fc0","      LDGDEPBAR","47","28","47","32768","1048576","1048576","32","32","0","0","0","-","-","-","0","0","0","0","0","0","0","0","-","0","0","0","0","0","0","0","0","0","0","0","0","0","0","0","34","0","0","9","1","0","0","0","3","0","0","0","0","0","0","0","0","0","27","0","0","0","0","0","0","0","1"
"","","...","...","-","-","-","-","-","-","-","-","-","-","-","-","-","-","-","-","-","-","-","-","-","-","-","-","-","-","-","-","-","-","-","-","-","-","-","-","-","-","-","-","-","-","-","-","-","-","-","-","-","-","-","-","-","-","-","-","-","-","-","-","-","-","-","-","-"
"","","0x76ff652835d0","      DEPBAR.LE SB0, 0x2","1496","866","1496","8388608","268435456","268435456","32","32","0","0","0","-","-","-","0","0","0","0","0","0","0","0","-","0","0","0","0","0","0","0","806","12","0","0","0","0","0","0","0","0","603","73","0","0","0","0","2","0","500","3","0","0","0","0","0","0","0","0","362","0","0","0","0","0","1"
"","","...","...","-","-","-","-","-","-","-","-","-","-","-","-","-","-","-","-","-","-","-","-","-","-","-","-","-","-","-","-","-","-","-","-","-","-","-","-","-","-","-","-","-","-","-","-","-","-","-","-","-","-","-","-","-","-","-","-","-","-","-","-","-","-","-","-","-"
"","","0x76ff652835f0","      BAR.SYNC.DEFER_BLOCKING 0x0","6526","4243","6526","8388608","268435456","268435456","32","32","0","0","0","-","-","-","0","0","0","0","0","0","0","0","-","0","0","0","0","0","0","0","0","41","0","0","1","0","0","0","5331","0","0","887","266","0","0","0","0","0","0","7","0","0","1","0","0","0","4235","0","0","0","0","0","0","0","0"
"","","...","...","-","-","-","-","-","-","-","-","-","-","-","-","-","-","-","-","-","-","-","-","-","-","-","-","-","-","-","-","-","-","-","-","-","-","-","-","-","-","-","-","-","-","-","-","-","-","-","-","-","-","-","-","-","-","-","-","-","-","-","-","-","-","-","-","-"
"","","0x76ff65283d10","      PLOP3.LUT P5, PT, PT, PT, UP0, 0x80, 0x0","266","0","266","8388608","268435456","268435456","32","32","32","0","0","-","-","-","0","0","0","0","0","0","0","0","-","0","0","0","0","0","0","0","0","1","0","0","0","0","0","0","0","0","0","0","265","0","0","0","0","0","0","0","0","0","0","0","0","0","0","0","0","0","0","0","0","0","0"
"","","...","...","-","-","-","-","-","-","-","-","-","-","-","-","-","-","-","-","-","-","-","-","-","-","-","-","-","-","-","-","-","-","-","-","-","-","-","-","-","-","-","-","-","-","-","-","-","-","-","-","-","-","-","-","-","-","-","-","-","-","-","-","-","-","-","-","-"
"","","0x76ff65283e30","      ISETP.GE.U32.AND P4, PT, R5, c[0x0][0x1b0], PT","250","0","250","8388608","268435456","268435456","32","32","32","0","0","-","-","-","0","0","0","0","0","0","0","0","-","0","0","0","0","0","0","0","0","7","0","0","0","0","0","0","0","0","0","0","243","0","0","0","0","0","0","0","0","0","0","0","0","0","0","0","0","0","0","0","0","0","0"
"","","...","...","-","-","-","-","-","-","-","-","-","-","-","-","-","-","-","-","-","-","-","-","-","-","-","-","-","-","-","-","-","-","-","-","-","-","-","-","-","-","-","-","-","-","-","-","-","-","-","-","-","-","-","-","-","-","-","-","-","-","-","-","-","-","-","-","-"
"","","0x76ff65283e70","      ISETP.GE.AND.EX P4, PT, R3, UR16, PT, P4","242","0","242","8388608","268435456","268435456","32","32","0","0","0","-","-","-","0","0","0","0","0","0","0","0","-","0","0","0","0","0","0","0","0","5","0","0","0","0","0","0","0","0","0","0","237","0","0","0","0","0","0","0","0","0","0","0","0","0","0","0","0","0","0","0","0","0","0"
"","","...","...","-","-","-","-","-","-","-","-","-","-","-","-","-","-","-","-","-","-","-","-","-","-","-","-","-","-","-","-","-","-","-","-","-","-","-","-","-","-","-","-","-","-","-","-","-","-","-","-","-","-","-","-","-","-","-","-","-","-","-","-","-","-","-","-","-"
"","","0x76ff65283fe0","      SEL R12, RZ, 0x10, P4","2080","1024","2080","8388608","268435456","268435456","32","32","0","0","0","-","-","-","0","0","0","0","0","0","0","0","-","0","0","0","0","0","0","0","0","67","0","0","0","0","69","0","0","0","0","101","240","0","0","0","1603","0","0","35","0","0","0","0","21","0","0","0","0","0","0","0","0","0","968"
"","","...","...","-","-","-","-","-","-","-","-","-","-","-","-","-","-","-","-","-","-","-","-","-","-","-","-","-","-","-","-","-","-","-","-","-","-","-","-","-","-","-","-","-","-","-","-","-","-","-","-","-","-","-","-","-","-","-","-","-","-","-","-","-","-","-","-","-"
"","","0x76ff65284000","      IMAD.MOV.U32 R13, RZ, RZ, R7","292","0","292","8388608","268435456","268435456","32","32","0","0","0","-","-","-","0","0","0","0","0","0","0","0","-","0","0","0","0","0","0","0","0","2","0","0","0","0","0","0","0","0","0","0","290","0","0","0","0","0","0","0","0","0","0","0","0","0","0","0","0","0","0","0","0","0","0"
"","","0x76ff65284010","      SEL R12, R12, RZ, !P5","991","160","991","8388608","268435456","268435456","32","32","0","0","0","-","-","-","0","0","0","0","0","0","0","0","-","0","0","0","0","0","0","0","0","29","0","0","0","0","136","0","0","0","0","282","259","0","0","0","285","0","0","3","0","0","0","0","40","0","0","0","0","0","0","0","0","0","117"
"","","...","...","-","-","-","-","-","-","-","-","-","-","-","-","-","-","-","-","-","-","-","-","-","-","-","-","-","-","-","-","-","-","-","-","-","-","-","-","-","-","-","-","-","-","-","-","-","-","-","-","-","-","-","-","-","-","-","-","-","-","-","-","-","-","-","-","-"
"","","0x76ff65284030","      ISETP.NE.U32.AND P4, PT, R12, RZ, PT","688","169","688","8388608","268435456","268435456","32","32","0","0","0","-","-","-","0","0","0","0","0","0","0","0","-","0","0","0","0","0","0","0","0","15","0","0","0","0","36","0","0","0","0","57","274","0","0","0","306","0","0","5","0","0","0","0","7","0","0","0","0","0","0","0","0","0","157"
"","","0x76ff65284040","      IMAD.U32 R15, RZ, RZ, UR8","304","0","304","8388608","268435456","268435456","32","32","0","0","0","-","-","-","0","0","0","0","0","0","0","0","-","0","0","0","0","0","0","0","0","47","0","0","0","0","0","0","0","0","0","0","257","0","0","0","0","0","0","0","0","0","0","0","0","0","0","0","0","0","0","0","0","0","0"
"","","0x76ff65284050","      IMAD.MOV.U32 R12, RZ, RZ, R4","702","102","702","8388608","268435456","268435456","32","32","0","0","0","-","-","-","0","0","0","0","0","0","0","0","-","0","0","0","0","0","0","0","0","22","0","0","0","0","27","0","0","0","0","89","291","0","0","0","273","0","0","1","0","0","0","0","5","0","0","0","0","0","0","0","0","0","96"
"","","0x76ff65284060","      IMAD R15, R15, 0x800, R48","674","132","674","8388608","268435456","268435456","32","32","0","0","0","-","-","-","0","0","0","0","0","0","0","0","-","0","0","0","0","0","0","0","0","45","0","0","0","0","18","0","0","0","0","61","273","0","0","0","277","0","0","13","0","0","0","0","4","0","0","0","0","0","0","0","0","0","115"
"","","...","...","-","-","-","-","-","-","-","-","-","-","-","-","-","-","-","-","-","-","-","-","-","-","-","-","-","-","-","-","-","-","-","-","-","-","-","-","-","-","-","-","-","-","-","-","-","-","-","-","-","-","-","-","-","-","-","-","-","-","-","-","-","-","-","-","-"
"","","0x76ff65284080","@!PT  LDS RZ, [RZ]","5597","2961","5597","8388608","268435456","0","32","0","32","32","0","","Load","32","0","0","0","0","0","0","0","0","-","0","0","0","0","0","0","0","0","36","0","0","0","0","0","0","3026","0","0","779","266","0","0","0","1490","0","0","10","0","0","0","0","0","0","2203","0","0","0","0","0","0","0","748"
"","","0x76ff65284090","@!PT  LDS RZ, [RZ]","2319","1308","2319","8388608","268435456","0","32","0","0","32","0","","Load","32","0","0","0","0","0","0","0","0","-","0","0","0","0","0","0","0","0","11","0","0","0","0","0","0","1771","0","0","254","283","0","0","0","0","0","0","0","0","0","0","0","0","0","1308","0","0","0","0","0","0","0","0"
"","","0x76ff652840a0","@!PT  LDS RZ, [RZ]","2682","1532","2682","8388608","268435456","0","32","0","0","32","0","","Load","32","0","0","0","0","0","0","0","0","-","0","0","0","0","0","0","0","0","12","0","0","0","0","0","0","2086","0","0","336","248","0","0","0","0","0","0","3","0","0","0","0","0","0","1529","0","0","0","0","0","0","0","0"
"","","0x76ff652840b0","      LDGSTS.E.BYPASS.128 [R15][R12.64], P4","3594","2142","3594","8388608","268435456","268435456","32","32","32","0","0","Global,Shared","Load,Store","128","33292288","4","0","33554432","33554432","0","133169152","133169152","","0","0","0","0","0","0","0","0","20","0","0","0","0","0","0","2940","0","0","417","217","0","0","0","0","0","0","3","0","0","0","0","0","0","2139","0","0","0","0","0","0","0","0"
"","","0x76ff652840c0","      LDGDEPBAR","6066","3629","6066","8388608","268435456","268435456","32","32","0","0","0","-","-","-","0","0","0","0","0","0","0","0","-","0","0","0","0","0","0","0","0","18","0","0","0","0","0","0","4335","0","0","640","272","0","0","0","801","0","0","3","0","0","0","0","0","0","3206","0","0","0","0","0","0","0","420"
"71","V_j = tl.load(V_block_ptr, boundary_check=(0, 1), padding_option="zero")","-","-","91945","51965","91945","92766208","2968518656","2163212288","832","736","64","96","0","Global(3),Shared(4)","Load(7),Store(3)","32(3),128(4)","33554432","16","0","67371008","67371008","0","134217728","134217728","","0","0","0","0","0","0","46275","0","266","0","0","1","7173","104","0","28583","0","0","5506","2951","0","0","0","1086","25022","0","45","0","0","0","4863","19","0","21505","0","0","0","0","0","0","0","511"
"","","0x76ff65282ba0","      IMAD.WIDE.U32 R16, R10, c[0x0][0x19c], RZ","2","0","2","32768","1048576","1048576","32","32","0","0","0","-","-","-","0","0","0","0","0","0","0","0","-","0","0","0","0","0","0","0","0","0","0","0","0","0","0","0","0","0","0","0","2","0","0","0","0","0","0","0","0","0","0","0","0","0","0","0","0","0","0","0","0","0","0"
"","","...","...","-","-","-","-","-","-","-","-","-","-","-","-","-","-","-","-","-","-","-","-","-","-","-","-","-","-","-","-","-","-","-","-","-","-","-","-","-","-","-","-","-","-","-","-","-","-","-","-","-","-","-","-","-","-","-","-","-","-","-","-","-","-","-","-","-"
"","","0x76ff65282ca0","      IMAD R23, R10, UR9, RZ","2","0","2","32768","1048576","1048576","32","32","0","0","0","-","-","-","0","0","0","0","0","0","0","0","-","0","0","0","0","0","0","0","0","0","0","0","0","0","0","0","0","0","0","0","2","0","0","0","0","0","0","0","0","0","0","0","0","0","0","0","0","0","0","0","0","0","0"
"","","0x76ff65282cb0","      LEA R18, P3, R16, R19, 0x1","2","0","2","32768","1048576","1048576","32","32","0","0","0","-","-","-","0","0","0","0","0","0","0","0","-","0","0","0","0","0","0","0","0","0","0","0","0","0","0","0","0","0","0","0","2","0","0","0","0","0","0","0","0","0","0","0","0","0","0","0","0","0","0","0","0","0","0"
"","","...","...","-","-","-","-","-","-","-","-","-","-","-","-","-","-","-","-","-","-","-","-","-","-","-","-","-","-","-","-","-","-","-","-","-","-","-","-","-","-","-","-","-","-","-","-","-","-","-","-","-","-","-","-","-","-","-","-","-","-","-","-","-","-","-","-","-"
"","","0x76ff65282cf0","      IADD3 R17, R17, R23, RZ","1","0","1","32768","1048576","1048576","32","32","0","0","0","-","-","-","0","0","0","0","0","0","0","0","-","0","0","0","0","0","0","0","0","0","0","0","0","0","0","0","0","0","0","0","1","0","0","0","0","0","0","0","0","0","0","0","0","0","0","0","0","0","0","0","0","0","0"
"","","...","...","-","-","-","-","-","-","-","-","-","-","-","-","-","-","-","-","-","-","-","-","-","-","-","-","-","-","-","-","-","-","-","-","-","-","-","-","-","-","-","-","-","-","-","-","-","-","-","-","-","-","-","-","-","-","-","-","-","-","-","-","-","-","-","-","-"
"","","0x76ff65282d40","      USHF.L.U32 UR13, UR10, 0x5, URZ","1","0","1","32768","1048576","1048576","32","32","0","0","0","-","-","-","0","0","0","0","0","0","0","0","-","0","0","0","0","0","0","0","0","0","0","0","0","0","0","0","0","0","0","0","1","0","0","0","0","0","0","0","0","0","0","0","0","0","0","0","0","0","0","0","0","0","0"
"","","0x76ff65282d50","      LEA.HI.X R19, R16, R20, R17, 0x1, P3","0","0","0","32768","1048576","1048576","32","32","0","0","0","-","-","-","0","0","0","0","0","0","0","0","-","0","0","0","0","0","0","0","0","0","0","0","0","0","0","0","0","0","0","0","0","0","0","0","0","0","0","0","0","0","0","0","0","0","0","0","0","0","0","0","0","0","0"
"","","...","...","-","-","-","-","-","-","-","-","-","-","-","-","-","-","-","-","-","-","-","-","-","-","-","-","-","-","-","-","-","-","-","-","-","-","-","-","-","-","-","-","-","-","-","-","-","-","-","-","-","-","-","-","-","-","-","-","-","-","-","-","-","-","-","-","-"
"","","0x76ff65282db0","      IMAD.WIDE.U32 R14, R11, 0x2, R18","0","0","0","32768","1048576","1048576","32","32","0","0","0","-","-","-","0","0","0","0","0","0","0","0","-","0","0","0","0","0","0","0","0","0","0","0","0","0","0","0","0","0","0","0","0","0","0","0","0","0","0","0","0","0","0","0","0","0","0","0","0","0","0","0","0","0","0"
"","","...","...","-","-","-","-","-","-","-","-","-","-","-","-","-","-","-","-","-","-","-","-","-","-","-","-","-","-","-","-","-","-","-","-","-","-","-","-","-","-","-","-","-","-","-","-","-","-","-","-","-","-","-","-","-","-","-","-","-","-","-","-","-","-","-","-","-"
"","","0x76ff65282e00","      IMAD.MOV.U32 R19, RZ, RZ, c[0x0][0x19c]","1","0","1","32768","1048576","1048576","32","32","0","0","0","-","-","-","0","0","0","0","0","0","0","0","-","0","0","0","0","0","0","0","0","0","0","0","0","0","0","0","0","0","0","0","1","0","0","0","0","0","0","0","0","0","0","0","0","0","0","0","0","0","0","0","0","0","0"
"","","0x76ff65282e10","      IADD3 R18, P4, R14, UR13, RZ","1","0","1","32768","1048576","1048576","32","32","0","0","0","-","-","-","0","0","0","0","0","0","0","0","-","0","0","0","0","0","0","0","0","0","0","0","0","0","0","0","0","0","0","0","1","0","0","0","0","0","0","0","0","0","0","0","0","0","0","0","0","0","0","0","0","0","0"
"","","...","...","-","-","-","-","-","-","-","-","-","-","-","-","-","-","-","-","-","-","-","-","-","-","-","-","-","-","-","-","-","-","-","-","-","-","-","-","-","-","-","-","-","-","-","-","-","-","-","-","-","-","-","-","-","-","-","-","-","-","-","-","-","-","-","-","-"
"","","0x76ff65282e80","      LEA.HI.X.SX32 R19, R19, R15, 0x5, P4","0","0","0","32768","1048576","1048576","32","32","0","0","0","-","-","-","0","0","0","0","0","0","0","0","-","0","0","0","0","0","0","0","0","0","0","0","0","0","0","0","0","0","0","0","0","0","0","0","0","0","0","0","0","0","0","0","0","0","0","0","0","0","0","0","0","0","0"
"","","...","...","-","-","-","-","-","-","-","-","-","-","-","-","-","-","-","-","-","-","-","-","-","-","-","-","-","-","-","-","-","-","-","-","-","-","-","-","-","-","-","-","-","-","-","-","-","-","-","-","-","-","-","-","-","-","-","-","-","-","-","-","-","-","-","-","-"
"","","0x76ff65282f00","      LDGSTS.E.BYPASS.128 [R48+0x1000][R14.64], P2","64","35","64","32768","1048576","1048576","32","32","0","0","0","Global,Shared","Load,Store","128","131072","4","0","131072","131072","0","524288","524288","","0","0","0","0","0","0","0","0","0","0","0","0","0","0","0","49","0","0","9","1","0","0","0","5","0","0","0","0","0","0","0","0","0","33","0","0","0","0","0","0","0","2"
"","","...","...","-","-","-","-","-","-","-","-","-","-","-","-","-","-","-","-","-","-","-","-","-","-","-","-","-","-","-","-","-","-","-","-","-","-","-","-","-","-","-","-","-","-","-","-","-","-","-","-","-","-","-","-","-","-","-","-","-","-","-","-","-","-","-","-","-"
"","","0x76ff65282f20","      LDGDEPBAR","58","34","58","32768","1048576","1048576","32","32","0","0","0","-","-","-","0","0","0","0","0","0","0","0","-","0","0","0","0","0","0","0","0","0","0","0","0","0","0","0","44","0","0","13","0","0","0","0","1","0","0","0","0","0","0","0","0","0","34","0","0","0","0","0","0","0","0"
"","","...","...","-","-","-","-","-","-","-","-","-","-","-","-","-","-","-","-","-","-","-","-","-","-","-","-","-","-","-","-","-","-","-","-","-","-","-","-","-","-","-","-","-","-","-","-","-","-","-","-","-","-","-","-","-","-","-","-","-","-","-","-","-","-","-","-","-"
"","","0x76ff65282fd0","      LDGSTS.E.BYPASS.128 [R48+0x1800][R18.64], P1","61","31","61","32768","1048576","1048576","32","32","0","0","0","Global,Shared","Load,Store","128","131072","4","0","131072","131072","0","524288","524288","","0","0","0","0","0","0","0","0","1","0","0","0","0","0","0","45","0","0","13","0","0","0","0","2","0","0","0","0","0","0","0","0","0","30","0","0","0","0","0","0","0","1"
"","","0x76ff65282fe0","      ISETP.GE.U32.AND P1, PT, R49, 0x20, PT","2","0","2","32768","1048576","1048576","32","32","0","0","0","-","-","-","0","0","0","0","0","0","0","0","-","0","0","0","0","0","0","0","0","0","0","0","0","0","0","0","0","0","0","0","2","0","0","0","0","0","0","0","0","0","0","0","0","0","0","0","0","0","0","0","0","0","0"
"","","0x76ff65282ff0","      LDGDEPBAR","58","30","58","32768","1048576","1048576","32","32","0","0","0","-","-","-","0","0","0","0","0","0","0","0","-","0","0","0","0","0","0","0","0","0","0","0","1","0","0","0","47","0","0","8","1","0","0","0","1","0","0","0","0","0","0","0","0","0","29","0","0","0","0","0","0","0","1"
"","","...","...","-","-","-","-","-","-","-","-","-","-","-","-","-","-","-","-","-","-","-","-","-","-","-","-","-","-","-","-","-","-","-","-","-","-","-","-","-","-","-","-","-","-","-","-","-","-","-","-","-","-","-","-","-","-","-","-","-","-","-","-","-","-","-","-","-"
"","","0x76ff65283f20","      IMAD.U32 R14, RZ, RZ, UR6","286","0","286","8388608","268435456","268435456","32","32","0","0","0","-","-","-","0","0","0","0","0","0","0","0","-","0","0","0","0","0","0","0","0","8","0","0","0","0","0","0","0","0","0","0","278","0","0","0","0","0","0","0","0","0","0","0","0","0","0","0","0","0","0","0","0","0","0"
"","","...","...","-","-","-","-","-","-","-","-","-","-","-","-","-","-","-","-","-","-","-","-","-","-","-","-","-","-","-","-","-","-","-","-","-","-","-","-","-","-","-","-","-","-","-","-","-","-","-","-","-","-","-","-","-","-","-","-","-","-","-","-","-","-","-","-","-"
"","","0x76ff65283f80","      LEA R13, R14, R37, 0xb","284","0","284","8388608","268435456","268435456","32","32","0","0","0","-","-","-","0","0","0","0","0","0","0","0","-","0","0","0","0","0","0","0","0","11","0","0","0","0","0","0","0","0","0","0","273","0","0","0","0","0","0","0","0","0","0","0","0","0","0","0","0","0","0","0","0","0","0"
"","","...","...","-","-","-","-","-","-","-","-","-","-","-","-","-","-","-","-","-","-","-","-","-","-","-","-","-","-","-","-","-","-","-","-","-","-","-","-","-","-","-","-","-","-","-","-","-","-","-","-","-","-","-","-","-","-","-","-","-","-","-","-","-","-","-","-","-"
"","","0x76ff65283fb0","      LDSM.16.MT88.4 R12, [R13+0x1000]","26006","14275","26006","8388608","268435456","268435456","32","32","0","0","0","Shared","Load","128","0","4","0","33554432","33554432","0","0","0","-","0","0","0","0","0","0","19170","0","38","0","0","0","0","0","0","5418","0","0","1098","281","0","0","0","1","10145","0","8","0","0","0","0","0","0","4122","0","0","0","0","0","0","0","0"
"","","...","...","-","-","-","-","-","-","-","-","-","-","-","-","-","-","-","-","-","-","-","-","-","-","-","-","-","-","-","-","-","-","-","-","-","-","-","-","-","-","-","-","-","-","-","-","-","-","-","-","-","-","-","-","-","-","-","-","-","-","-","-","-","-","-","-","-"
"","","0x76ff652840d0","      IMAD.MOV.U32 R12, RZ, RZ, R2","7843","4887","7843","8388608","268435456","268435456","32","32","0","0","0","-","-","-","0","0","0","0","0","0","0","0","-","0","0","0","0","0","0","0","0","19","0","0","0","7173","104","0","0","0","0","258","289","0","0","0","0","0","0","5","0","0","0","4863","19","0","0","0","0","0","0","0","0","0","0"
"","","0x76ff652840e0","      BAR.SYNC.DEFER_BLOCKING 0x0","7187","4455","7187","8388608","268435456","268435456","32","32","0","0","0","-","-","-","0","0","0","0","0","0","0","0","-","0","0","0","0","0","0","0","0","43","0","0","0","0","0","0","5358","0","0","1010","256","0","0","0","520","0","0","9","0","0","0","0","0","0","4188","0","0","0","0","0","0","0","258"
"","","...","...","-","-","-","-","-","-","-","-","-","-","-","-","-","-","-","-","-","-","-","-","-","-","-","-","-","-","-","-","-","-","-","-","-","-","-","-","-","-","-","-","-","-","-","-","-","-","-","-","-","-","-","-","-","-","-","-","-","-","-","-","-","-","-","-","-"
"","","0x76ff65284100","      IMAD.MOV.U32 R13, RZ, RZ, R9","254","0","254","8388608","268435456","268435456","32","32","0","0","0","-","-","-","0","0","0","0","0","0","0","0","-","0","0","0","0","0","0","0","0","4","0","0","0","0","0","0","0","0","0","0","250","0","0","0","0","0","0","0","0","0","0","0","0","0","0","0","0","0","0","0","0","0","0"
"","","...","...","-","-","-","-","-","-","-","-","-","-","-","-","-","-","-","-","-","-","-","-","-","-","-","-","-","-","-","-","-","-","-","-","-","-","-","-","-","-","-","-","-","-","-","-","-","-","-","-","-","-","-","-","-","-","-","-","-","-","-","-","-","-","-","-","-"
"","","0x76ff65284130","@!PT  LDS RZ, [RZ]","32667","18010","32667","8388608","268435456","0","32","0","32","32","0","","Load","32","0","0","0","0","0","0","0","0","-","0","0","0","0","0","0","27105","0","54","0","0","0","0","0","0","4230","0","0","1014","264","0","0","0","0","14877","0","6","0","0","0","0","0","0","3127","0","0","0","0","0","0","0","0"
"","","0x76ff65284140","@!PT  LDS RZ, [RZ]","2676","1521","2676","8388608","268435456","0","32","0","0","32","0","","Load","32","0","0","0","0","0","0","0","0","-","0","0","0","0","0","0","0","0","14","0","0","0","0","0","0","2104","0","0","303","255","0","0","0","0","0","0","3","0","0","0","0","0","0","1518","0","0","0","0","0","0","0","0"
"","","0x76ff65284150","@!PT  LDS RZ, [RZ]","3271","1939","3271","8388608","268435456","0","32","0","0","32","0","","Load","32","0","0","0","0","0","0","0","0","-","0","0","0","0","0","0","0","0","21","0","0","0","0","0","0","2607","0","0","391","252","0","0","0","0","0","0","3","0","0","0","0","0","0","1936","0","0","0","0","0","0","0","0"
"","","0x76ff65284160","      LDGSTS.E.BYPASS.128 [R15+0x1000][R12.64], P4","4101","2466","4101","8388608","268435456","268435456","32","32","32","0","0","Global,Shared","Load,Store","128","33292288","4","0","33554432","33554432","0","133169152","133169152","","0","0","0","0","0","0","0","0","21","0","0","0","0","0","0","3316","0","0","480","284","0","0","0","0","0","0","1","0","0","0","0","0","0","2465","0","0","0","0","0","0","0","0"
"","","...","...","-","-","-","-","-","-","-","-","-","-","-","-","-","-","-","-","-","-","-","-","-","-","-","-","-","-","-","-","-","-","-","-","-","-","-","-","-","-","-","-","-","-","-","-","-","-","-","-","-","-","-","-","-","-","-","-","-","-","-","-","-","-","-","-","-"
"","","0x76ff65284180","      LDGDEPBAR","7117","4282","7117","8388608","268435456","268435456","32","32","0","0","0","-","-","-","0","0","0","0","0","0","0","0","-","0","0","0","0","0","0","0","0","32","0","0","0","0","0","0","5365","0","0","909","255","0","0","0","556","0","0","10","0","0","0","0","0","0","4023","0","0","0","0","0","0","0","249"
"73","S_ij = tl.dot(Q_i, tl.trans(K_j)) * scale          # (Q_TILE, K_TILE), fp32","-","-","86454","47783","86454","125829120","4026531840","4026531840","480","480","0","0","0","Shared(2)","Load(2)","128(2)","0","8","0","67108864","67108864","0","0","0","-","0","0","0","0","0","0","0","0","213","0","0","0","165","17490","0","8042","0","0","3613","4059","36435","0","0","16437","0","0","41","0","0","0","125","9779","0","6308","0","0","0","0","21729","0","0","9801"
"","","0x76ff65283670","      IMAD.U32 R12, RZ, RZ, UR6","835","279","835","8388608","268435456","268435456","32","32","0","0","0","-","-","-","0","0","0","0","0","0","0","0","-","0","0","0","0","0","0","0","0","6","0","0","0","165","56","0","0","0","0","84","260","0","0","0","264","0","0","1","0","0","0","125","13","0","0","0","0","0","0","0","0","0","140"
"","","0x76ff65283680","      IMAD R12, R12, 0x800, R47","1419","408","1419","8388608","268435456","268435456","32","32","0","0","0","-","-","-","0","0","0","0","0","0","0","0","-","0","0","0","0","0","0","0","0","11","0","0","0","0","84","0","0","0","0","254","282","0","0","0","788","0","0","0","0","0","0","0","22","0","0","0","0","0","0","0","0","0","386"
"","","...","...","-","-","-","-","-","-","-","-","-","-","-","-","-","-","-","-","-","-","-","-","-","-","-","-","-","-","-","-","-","-","-","-","-","-","-","-","-","-","-","-","-","-","-","-","-","-","-","-","-","-","-","-","-","-","-","-","-","-","-","-","-","-","-","-","-"
"","","0x76ff652836a0","      LDSM.16.M88.4 R12, [R12]","4998","2959","4998","8388608","268435456","268435456","32","32","0","0","0","Shared","Load","128","0","4","0","33554432","33554432","0","0","0","-","0","0","0","0","0","0","0","0","26","0","0","0","0","0","0","3099","0","0","448","304","0","0","0","1121","0","0","3","0","0","0","0","0","0","2365","0","0","0","0","0","0","0","591"
"","","...","...","-","-","-","-","-","-","-","-","-","-","-","-","-","-","-","-","-","-","-","-","-","-","-","-","-","-","-","-","-","-","-","-","-","-","-","-","-","-","-","-","-","-","-","-","-","-","-","-","-","-","-","-","-","-","-","-","-","-","-","-","-","-","-","-","-"
"","","0x76ff652836c0","      HMMA.16816.F32.BF16 R28, R28, R12, RZ","18301","10763","18301","8388608","268435456","268435456","32","32","0","0","0","-","-","-","0","0","0","0","0","0","0","0","-","0","0","0","0","0","0","0","0","6","0","0","0","0","3477","0","0","0","0","296","264","14258","0","0","0","0","0","1","0","0","0","0","2094","0","0","0","0","0","0","8668","0","0","0"
"","","0x76ff652836d0","      IMAD.U32 R13, RZ, RZ, UR6","2029","1078","2029","8388608","268435456","268435456","32","32","0","0","0","-","-","-","0","0","0","0","0","0","0","0","-","0","0","0","0","0","0","0","0","11","0","0","0","0","28","0","0","0","0","65","292","0","0","0","1633","0","0","7","0","0","0","0","2","0","0","0","0","0","0","0","0","0","1069"
"","","0x76ff652836e0","      IMAD R13, R13, 0x800, R46","1265","513","1265","8388608","268435456","268435456","32","32","0","0","0","-","-","-","0","0","0","0","0","0","0","0","-","0","0","0","0","0","0","0","0","14","0","0","0","0","36","0","0","0","0","137","283","0","0","0","795","0","0","4","0","0","0","0","4","0","0","0","0","0","0","0","0","0","505"
"","","0x76ff652836f0","      HMMA.16816.F32.BF16 R24, R24, R14, R28","9244","5506","9244","8388608","268435456","268435456","32","32","0","0","0","-","-","-","0","0","0","0","0","0","0","0","-","0","0","0","0","0","0","0","0","6","0","0","0","0","4549","0","0","0","0","307","289","885","0","0","3208","0","0","1","0","0","0","0","2832","0","0","0","0","0","0","548","0","0","2125"
"","","0x76ff65283700","      LDSM.16.M88.4 R12, [R13]","5968","3954","5968","8388608","268435456","268435456","32","32","0","0","0","Shared","Load","128","0","4","0","33554432","33554432","0","0","0","-","0","0","0","0","0","0","0","0","33","0","0","0","0","0","0","4943","0","0","743","249","0","0","0","0","0","0","11","0","0","0","0","0","0","3943","0","0","0","0","0","0","0","0"
"","","...","...","-","-","-","-","-","-","-","-","-","-","-","-","-","-","-","-","-","-","-","-","-","-","-","-","-","-","-","-","-","-","-","-","-","-","-","-","-","-","-","-","-","-","-","-","-","-","-","-","-","-","-","-","-","-","-","-","-","-","-","-","-","-","-","-","-"
"","","0x76ff65283730","      HMMA.16816.F32.BF16 R24, R28, R12, R24","17702","9703","17702","8388608","268435456","268435456","32","32","0","0","0","-","-","-","0","0","0","0","0","0","0","0","-","0","0","0","0","0","0","0","0","7","0","0","0","0","4267","0","0","0","0","380","232","12037","0","0","779","0","0","0","0","0","0","0","2213","0","0","0","0","0","0","7066","0","0","424"
"","","...","...","-","-","-","-","-","-","-","-","-","-","-","-","-","-","-","-","-","-","-","-","-","-","-","-","-","-","-","-","-","-","-","-","-","-","-","-","-","-","-","-","-","-","-","-","-","-","-","-","-","-","-","-","-","-","-","-","-","-","-","-","-","-","-","-","-"
"","","0x76ff65283760","      HMMA.16816.F32.BF16 R24, R28, R14, R24","16807","9143","16807","8388608","268435456","268435456","32","32","0","0","0","-","-","-","0","0","0","0","0","0","0","0","-","0","0","0","0","0","0","0","0","15","0","0","0","0","4993","0","0","0","0","416","262","9255","0","0","1866","0","0","0","0","0","0","0","2599","0","0","0","0","0","0","5447","0","0","1097"
"","","0x76ff65283770","      NOP","4453","2224","4453","8388608","268435456","268435456","32","32","0","0","0","-","-","-","0","0","0","0","0","0","0","0","-","0","0","0","0","0","0","0","0","61","0","0","0","0","0","0","0","0","0","254","283","0","0","0","3855","0","0","13","0","0","0","0","0","0","0","0","0","0","0","0","0","0","2211"
"","","0x76ff65283780","      FMUL R14, R24, c[0x0][0x1b4]","2626","1253","2626","8388608","268435456","268435456","32","32","0","0","0","-","-","-","0","0","0","0","0","0","0","0","-","0","0","0","0","0","0","0","0","11","0","0","0","0","0","0","0","0","0","229","258","0","0","0","2128","0","0","0","0","0","0","0","0","0","0","0","0","0","0","0","0","0","1253"
"","","0x76ff65283790","      FMUL R15, R25, c[0x0][0x1b4]","264","0","264","8388608","268435456","268435456","32","32","0","0","0","-","-","-","0","0","0","0","0","0","0","0","-","0","0","0","0","0","0","0","0","3","0","0","0","0","0","0","0","0","0","0","261","0","0","0","0","0","0","0","0","0","0","0","0","0","0","0","0","0","0","0","0","0","0"
"","","0x76ff652837a0","      FMUL R12, R26, c[0x0][0x1b4]","278","0","278","8388608","268435456","268435456","32","32","0","0","0","-","-","-","0","0","0","0","0","0","0","0","-","0","0","0","0","0","0","0","0","1","0","0","0","0","0","0","0","0","0","0","277","0","0","0","0","0","0","0","0","0","0","0","0","0","0","0","0","0","0","0","0","0","0"
"","","0x76ff652837b0","      FMUL R27, R27, c[0x0][0x1b4]","265","0","265","8388608","268435456","268435456","32","32","0","0","0","-","-","-","0","0","0","0","0","0","0","0","-","0","0","0","0","0","0","0","0","2","0","0","0","0","0","0","0","0","0","0","263","0","0","0","0","0","0","0","0","0","0","0","0","0","0","0","0","0","0","0","0","0","0"
"76","keep = k_pos < N_KEYS","-","-","256","0","256","8388608","268435456","268435456","32","32","0","0","0","-","-","-","0","0","0","0","0","0","0","0","-","0","0","0","0","0","0","0","0","5","0","0","0","0","0","0","0","0","0","0","251","0","0","0","0","0","0","0","0","0","0","0","0","0","0","0","0","0","0","0","0","0","0"
"","","0x76ff65283600","      ISETP.GE.AND P4, PT, R34, c[0x0][0x1b0], PT","256","0","256","8388608","268435456","268435456","32","32","0","0","0","-","-","-","0","0","0","0","0","0","0","0","-","0","0","0","0","0","0","0","0","5","0","0","0","0","0","0","0","0","0","0","251","0","0","0","0","0","0","0","0","0","0","0","0","0","0","0","0","0","0","0","0","0","0"
"79","S_ij = tl.where(keep, S_ij, -1e6)","-","-","2678","475","2678","33554432","1073741824","1073741824","128","128","0","0","0","-","-","-","0","0","0","0","0","0","0","0","-","0","0","0","0","0","0","0","0","37","0","0","0","0","153","0","0","0","0","351","1052","0","0","0","1085","0","0","7","0","0","0","0","36","0","0","0","0","0","0","0","0","0","432"
"","","0x76ff652837c0","      FSEL R14, R14, -1000000, !P4","708","89","708","8388608","268435456","268435456","32","32","0","0","0","-","-","-","0","0","0","0","0","0","0","0","-","0","0","0","0","0","0","0","0","11","0","0","0","0","69","0","0","0","0","103","275","0","0","0","250","0","0","2","0","0","0","0","19","0","0","0","0","0","0","0","0","0","68"
"","","0x76ff652837d0","      FSEL R15, R15, -1000000, !P4","642","119","642","8388608","268435456","268435456","32","32","0","0","0","-","-","-","0","0","0","0","0","0","0","0","-","0","0","0","0","0","0","0","0","12","0","0","0","0","25","0","0","0","0","96","262","0","0","0","247","0","0","2","0","0","0","0","8","0","0","0","0","0","0","0","0","0","109"
"","","0x76ff652837e0","      FSEL R12, R12, -1000000, !P4","668","144","668","8388608","268435456","268435456","32","32","0","0","0","-","-","-","0","0","0","0","0","0","0","0","-","0","0","0","0","0","0","0","0","8","0","0","0","0","28","0","0","0","0","80","258","0","0","0","294","0","0","3","0","0","0","0","5","0","0","0","0","0","0","0","0","0","136"
"","","0x76ff652837f0","      FSEL R13, R27, -1000000, !P4","660","123","660","8388608","268435456","268435456","32","32","0","0","0","-","-","-","0","0","0","0","0","0","0","0","-","0","0","0","0","0","0","0","0","6","0","0","0","0","31","0","0","0","0","72","257","0","0","0","294","0","0","0","0","0","0","0","4","0","0","0","0","0","0","0","0","0","119"
"81","m_new = tl.maximum(m_acc, tl.max(S_ij, axis=1, keep_dims=True))","-","-","11712","5460","11712","33554432","1073741824","1073741824","128","128","0","0","0","-","-","-","0","0","0","0","0","0","0","0","-","0","0","0","0","0","0","0","0","84","0","0","0","0","247","0","0","0","0","624","1040","9190","0","0","527","0","0","5","0","0","0","0","74","0","0","0","0","0","0","5109","0","0","272"
"","","0x76ff65283940","      FMNMX R31, R30, R52, !PT","9938","5157","9938","8388608","268435456","268435456","32","32","0","0","0","-","-","-","0","0","0","0","0","0","0","0","-","0","0","0","0","0","0","0","0","34","0","0","0","0","150","0","0","0","0","302","262","9190","0","0","0","0","0","2","0","0","0","0","46","0","0","0","0","0","0","5109","0","0","0"
"","","0x76ff65283950","      FMNMX R30, R30, R53, !PT","811","173","811","8388608","268435456","268435456","32","32","0","0","0","-","-","-","0","0","0","0","0","0","0","0","-","0","0","0","0","0","0","0","0","21","0","0","0","0","60","0","0","0","0","220","256","0","0","0","254","0","0","0","0","0","0","0","24","0","0","0","0","0","0","0","0","0","149"
"","","...","...","-","-","-","-","-","-","-","-","-","-","-","-","-","-","-","-","-","-","-","-","-","-","-","-","-","-","-","-","-","-","-","-","-","-","-","-","-","-","-","-","-","-","-","-","-","-","-","-","-","-","-","-","-","-","-","-","-","-","-","-","-","-","-","-","-"
"","","0x76ff65283a80","      FMNMX R29, R28, R50, !PT","279","0","279","8388608","268435456","268435456","32","32","0","0","0","-","-","-","0","0","0","0","0","0","0","0","-","0","0","0","0","0","0","0","0","9","0","0","0","0","0","0","0","0","0","0","270","0","0","0","0","0","0","0","0","0","0","0","0","0","0","0","0","0","0","0","0","0","0"
"","","0x76ff65283a90","      FMNMX R28, R28, R51, !PT","684","130","684","8388608","268435456","268435456","32","32","0","0","0","-","-","-","0","0","0","0","0","0","0","0","-","0","0","0","0","0","0","0","0","20","0","0","0","0","37","0","0","0","0","102","252","0","0","0","273","0","0","3","0","0","0","0","4","0","0","0","0","0","0","0","0","0","123"
"82","P_ij = tl.exp(S_ij - m_new)","-","-","51805","21687","51805","201326592","6442450944","4294967296","768","512","220","256","0","-","-","-","0","0","0","0","0","0","0","0","-","0","0","0","0","0","0","17636","0","533","0","0","0","0","282","0","805","0","0","4022","6362","8510","0","0","13655","9551","0","89","0","0","0","0","78","0","442","0","0","0","0","4634","0","0","6893"
"","","0x76ff65283960","      FADD R14, R14, -R31","1089","350","1089","8388608","268435456","268435456","32","32","0","0","0","-","-","-","0","0","0","0","0","0","0","0","-","0","0","0","0","0","0","0","0","39","0","0","0","0","0","0","0","0","0","213","256","0","0","0","581","0","0","21","0","0","0","0","0","0","0","0","0","0","0","0","0","0","329"
"","","0x76ff65283970","      FADD R15, R15, -R31","290","0","290","8388608","268435456","268435456","32","32","0","0","0","-","-","-","0","0","0","0","0","0","0","0","-","0","0","0","0","0","0","0","0","7","0","0","0","0","0","0","0","0","0","0","283","0","0","0","0","0","0","0","0","0","0","0","0","0","0","0","0","0","0","0","0","0","0"
"","","0x76ff65283980","      FMUL R26, R14, 1.4426950216293334961","1102","271","1102","8388608","268435456","268435456","32","32","0","0","0","-","-","-","0","0","0","0","0","0","0","0","-","0","0","0","0","0","0","0","0","30","0","0","0","0","0","0","0","0","0","221","301","0","0","0","550","0","0","3","0","0","0","0","0","0","0","0","0","0","0","0","0","0","268"
"","","0x76ff65283990","      FMUL R27, R15, 1.4426950216293334961","317","0","317","8388608","268435456","268435456","32","32","0","0","0","-","-","-","0","0","0","0","0","0","0","0","-","0","0","0","0","0","0","0","0","39","0","0","0","0","0","0","0","0","0","0","278","0","0","0","0","0","0","0","0","0","0","0","0","0","0","0","0","0","0","0","0","0","0"
"","","...","...","-","-","-","-","-","-","-","-","-","-","-","-","-","-","-","-","-","-","-","-","-","-","-","-","-","-","-","-","-","-","-","-","-","-","-","-","-","-","-","-","-","-","-","-","-","-","-","-","-","-","-","-","-","-","-","-","-","-","-","-","-","-","-","-","-"
"","","0x76ff652839b0","      FSETP.GEU.AND P4, PT, R26, -126, PT","1016","298","1016","8388608","268435456","268435456","32","32","0","0","0","-","-","-","0","0","0","0","0","0","0","0","-","0","0","0","0","0","0","0","0","31","0","0","0","0","70","0","0","0","0","99","242","0","0","0","574","0","0","14","0","0","0","0","24","0","0","0","0","0","0","0","0","0","260"
"","","0x76ff652839c0","      FSETP.GEU.AND P5, PT, R27, -126, PT","644","170","644","8388608","268435456","268435456","32","32","0","0","0","-","-","-","0","0","0","0","0","0","0","0","-","0","0","0","0","0","0","0","0","9","0","0","0","0","25","0","0","0","0","83","243","0","0","0","284","0","0","0","0","0","0","0","8","0","0","0","0","0","0","0","0","0","162"
"","","0x76ff652839d0","@!P4  FMUL R26, R26, 0.5","3318","1440","3318","8388608","268435456","0","32","0","32","32","0","-","-","-","0","0","0","0","0","0","0","0","-","0","0","0","0","0","0","0","0","28","0","0","0","0","0","0","0","0","0","317","261","0","0","0","2712","0","0","4","0","0","0","0","0","0","0","0","0","0","0","0","0","0","1436"
"","","0x76ff652839e0","@!P5  FMUL R27, R27, 0.5","618","139","618","8388608","268435456","0","32","0","0","32","0","-","-","-","0","0","0","0","0","0","0","0","-","0","0","0","0","0","0","0","0","6","0","0","0","0","0","0","0","0","0","83","250","0","0","0","279","0","0","1","0","0","0","0","0","0","0","0","0","0","0","0","0","0","138"
"","","0x76ff652839f0","      MUFU.EX2 R15, R26","18452","9612","18452","8388608","268435456","268435456","32","32","32","0","0","-","-","-","0","0","0","0","0","0","0","0","-","0","0","0","0","0","0","17636","0","23","0","0","0","0","0","0","117","0","0","386","285","0","0","0","5","9551","0","0","0","0","0","0","0","0","61","0","0","0","0","0","0","0","0"
"","","0x76ff65283a00","      MUFU.EX2 R14, R27","2702","1210","2702","8388608","268435456","268435456","32","32","0","0","0","-","-","-","0","0","0","0","0","0","0","0","-","0","0","0","0","0","0","0","0","23","0","0","0","0","0","0","332","0","0","221","256","0","0","0","1870","0","0","3","0","0","0","0","0","0","181","0","0","0","0","0","0","0","1026"
"","","0x76ff65283a10","@!P4  FMUL R15, R15, R15","2497","1042","2497","8388608","268435456","0","32","0","32","32","0","-","-","-","0","0","0","0","0","0","0","0","-","0","0","0","0","0","0","0","0","27","0","0","0","0","0","0","0","0","0","237","283","1950","0","0","0","0","0","5","0","0","0","0","0","0","0","0","0","0","0","1037","0","0","0"
"","","0x76ff65283a20","@!P5  FMUL R14, R14, R14","2795","1195","2795","8388608","268435456","0","32","0","0","32","0","-","-","-","0","0","0","0","0","0","0","0","-","0","0","0","0","0","0","0","0","16","0","0","0","0","0","0","0","0","0","257","262","2260","0","0","0","0","0","0","0","0","0","0","0","0","0","0","0","0","0","1195","0","0","0"
"","","...","...","-","-","-","-","-","-","-","-","-","-","-","-","-","-","-","-","-","-","-","-","-","-","-","-","-","-","-","-","-","-","-","-","-","-","-","-","-","-","-","-","-","-","-","-","-","-","-","-","-","-","-","-","-","-","-","-","-","-","-","-","-","-","-","-","-"
"","","0x76ff65283ab0","      FADD R12, R12, -R29","279","0","279","8388608","268435456","268435456","32","32","28","0","0","-","-","-","0","0","0","0","0","0","0","0","-","0","0","0","0","0","0","0","0","10","0","0","0","0","0","0","0","0","0","0","269","0","0","0","0","0","0","0","0","0","0","0","0","0","0","0","0","0","0","0","0","0","0"
"","","0x76ff65283ac0","      FADD R13, R13, -R29","297","0","297","8388608","268435456","268435456","32","32","0","0","0","-","-","-","0","0","0","0","0","0","0","0","-","0","0","0","0","0","0","0","0","7","0","0","0","0","0","0","0","0","0","0","290","0","0","0","0","0","0","0","0","0","0","0","0","0","0","0","0","0","0","0","0","0","0"
"","","0x76ff65283ad0","      FMUL R24, R12, 1.4426950216293334961","1110","185","1110","8388608","268435456","268435456","32","32","0","0","0","-","-","-","0","0","0","0","0","0","0","0","-","0","0","0","0","0","0","0","0","28","0","0","0","0","0","0","0","0","0","343","242","0","0","0","497","0","0","0","0","0","0","0","0","0","0","0","0","0","0","0","0","0","185"
"","","0x76ff65283ae0","      FMUL R26, R13, 1.4426950216293334961","286","0","286","8388608","268435456","268435456","32","32","0","0","0","-","-","-","0","0","0","0","0","0","0","0","-","0","0","0","0","0","0","0","0","24","0","0","0","0","0","0","0","0","0","0","262","0","0","0","0","0","0","0","0","0","0","0","0","0","0","0","0","0","0","0","0","0","0"
"","","0x76ff65283af0","      FSETP.GEU.AND P4, PT, R24, -126, PT","1636","370","1636","8388608","268435456","268435456","32","32","0","0","0","-","-","-","0","0","0","0","0","0","0","0","-","0","0","0","0","0","0","0","0","66","0","0","0","0","166","0","0","0","0","373","247","0","0","0","784","0","0","25","0","0","0","0","39","0","0","0","0","0","0","0","0","0","306"
"","","0x76ff65283b00","      FSETP.GEU.AND P5, PT, R26, -126, PT","710","181","710","8388608","268435456","268435456","32","32","0","0","0","-","-","-","0","0","0","0","0","0","0","0","-","0","0","0","0","0","0","0","0","11","0","0","0","0","21","0","0","0","0","85","276","0","0","0","317","0","0","3","0","0","0","0","7","0","0","0","0","0","0","0","0","0","171"
"","","0x76ff65283b10","@!P4  FMUL R24, R24, 0.5","3313","1385","3313","8388608","268435456","0","32","0","32","32","0","-","-","-","0","0","0","0","0","0","0","0","-","0","0","0","0","0","0","0","0","21","0","0","0","0","0","0","0","0","0","288","233","0","0","0","2771","0","0","0","0","0","0","0","0","0","0","0","0","0","0","0","0","0","1385"
"","","0x76ff65283b20","@!P5  FMUL R26, R26, 0.5","588","146","588","8388608","268435456","0","32","0","0","32","0","-","-","-","0","0","0","0","0","0","0","0","-","0","0","0","0","0","0","0","0","10","0","0","0","0","0","0","0","0","0","62","245","0","0","0","271","0","0","4","0","0","0","0","0","0","0","0","0","0","0","0","0","0","142"
"","","0x76ff65283b30","      MUFU.EX2 R12, R24","729","174","729","8388608","268435456","268435456","32","32","32","0","0","-","-","-","0","0","0","0","0","0","0","0","-","0","0","0","0","0","0","0","0","13","0","0","0","0","0","0","84","0","0","91","260","0","0","0","281","0","0","1","0","0","0","0","0","0","51","0","0","0","0","0","0","0","122"
"","","0x76ff65283b40","      MUFU.EX2 R13, R26","2684","1114","2684","8388608","268435456","268435456","32","32","0","0","0","-","-","-","0","0","0","0","0","0","0","0","-","0","0","0","0","0","0","0","0","21","0","0","0","0","0","0","272","0","0","220","292","0","0","0","1879","0","0","2","0","0","0","0","0","0","149","0","0","0","0","0","0","0","963"
"","","0x76ff65283b50","@!P4  FMUL R12, R12, R12","2643","1217","2643","8388608","268435456","0","32","0","32","32","0","-","-","-","0","0","0","0","0","0","0","0","-","0","0","0","0","0","0","0","0","27","0","0","0","0","0","0","0","0","0","239","278","2099","0","0","0","0","0","3","0","0","0","0","0","0","0","0","0","0","0","1214","0","0","0"
"","","0x76ff65283b60","@!P5  FMUL R13, R13, R13","2690","1188","2690","8388608","268435456","0","32","0","0","32","0","-","-","-","0","0","0","0","0","0","0","0","-","0","0","0","0","0","0","0","0","17","0","0","0","0","0","0","0","0","0","204","268","2201","0","0","0","0","0","0","0","0","0","0","0","0","0","0","0","0","0","1188","0","0","0"
"83","alpha = tl.exp(m_acc - m_new)","-","-","99653","48137","99653","201326592","6442450944","4303355904","768","512","324","256","0","-","-","-","0","0","0","0","0","0","0","0","-","0","0","0","0","0","0","65776","0","427","0","0","0","0","417","0","481","0","0","4118","6435","12154","0","0","9845","36036","0","40","0","0","0","0","115","0","247","0","0","0","0","6954","0","0","4745"
"","","0x76ff65283bd0","      FADD R24, -R30, R53","293","0","293","8388608","268435456","268435456","32","32","0","0","0","-","-","-","0","0","0","0","0","0","0","0","-","0","0","0","0","0","0","0","0","5","0","0","0","0","0","0","0","0","0","0","288","0","0","0","0","0","0","0","0","0","0","0","0","0","0","0","0","0","0","0","0","0","0"
"","","...","...","-","-","-","-","-","-","-","-","-","-","-","-","-","-","-","-","-","-","-","-","-","-","-","-","-","-","-","-","-","-","-","-","-","-","-","-","-","-","-","-","-","-","-","-","-","-","-","-","-","-","-","-","-","-","-","-","-","-","-","-","-","-","-","-","-"
"","","0x76ff65283bf0","      FADD R15, -R28, R51","298","0","298","8388608","268435456","268435456","32","32","0","0","0","-","-","-","0","0","0","0","0","0","0","0","-","0","0","0","0","0","0","0","0","6","0","0","0","0","0","0","0","0","0","0","292","0","0","0","0","0","0","0","0","0","0","0","0","0","0","0","0","0","0","0","0","0","0"
"","","...","...","-","-","-","-","-","-","-","-","-","-","-","-","-","-","-","-","-","-","-","-","-","-","-","-","-","-","-","-","-","-","-","-","-","-","-","-","-","-","-","-","-","-","-","-","-","-","-","-","-","-","-","-","-","-","-","-","-","-","-","-","-","-","-","-","-"
"","","0x76ff65283c10","      FMUL R24, R24, 1.4426950216293334961","292","0","292","8388608","268435456","268435456","32","32","28","0","0","-","-","-","0","0","0","0","0","0","0","0","-","0","0","0","0","0","0","0","0","19","0","0","0","0","0","0","0","0","0","0","273","0","0","0","0","0","0","0","0","0","0","0","0","0","0","0","0","0","0","0","0","0","0"
"","","0x76ff65283c20","      FMUL R27, R15, 1.4426950216293334961","301","0","301","8388608","268435456","268435456","32","32","0","0","0","-","-","-","0","0","0","0","0","0","0","0","-","0","0","0","0","0","0","0","0","17","0","0","0","0","0","0","0","0","0","0","284","0","0","0","0","0","0","0","0","0","0","0","0","0","0","0","0","0","0","0","0","0","0"
"","","...","...","-","-","-","-","-","-","-","-","-","-","-","-","-","-","-","-","-","-","-","-","-","-","-","-","-","-","-","-","-","-","-","-","-","-","-","-","-","-","-","-","-","-","-","-","-","-","-","-","-","-","-","-","-","-","-","-","-","-","-","-","-","-","-","-","-"
"","","0x76ff65283c40","      FSETP.GEU.AND P6, PT, R24, -126, PT","796","152","796","8388608","268435456","268435456","32","32","0","0","0","-","-","-","0","0","0","0","0","0","0","0","-","0","0","0","0","0","0","0","0","42","0","0","0","0","92","0","0","0","0","106","272","0","0","0","284","0","0","5","0","0","0","0","24","0","0","0","0","0","0","0","0","0","123"
"","","0x76ff65283c50","      FSETP.GEU.AND P4, PT, R27, -126, PT","1164","167","1164","8388608","268435456","268435456","32","32","0","0","0","-","-","-","0","0","0","0","0","0","0","0","-","0","0","0","0","0","0","0","0","21","0","0","0","0","182","0","0","0","0","390","266","0","0","0","305","0","0","1","0","0","0","0","42","0","0","0","0","0","0","0","0","0","124"
"","","0x76ff65283c60","      FADD R25, -R31, R52","2950","1476","2950","8388608","268435456","268435456","32","32","0","0","0","-","-","-","0","0","0","0","0","0","0","0","-","0","0","0","0","0","0","0","0","22","0","0","0","0","0","0","0","0","0","235","246","2447","0","0","0","0","0","4","0","0","0","0","0","0","0","0","0","0","0","1472","0","0","0"
"","","0x76ff65283c70","      FMUL R25, R25, 1.4426950216293334961","1411","320","1411","8388608","268435456","268435456","32","32","0","0","0","-","-","-","0","0","0","0","0","0","0","0","-","0","0","0","0","0","0","0","0","28","0","0","0","0","0","0","0","0","0","310","268","0","0","0","805","0","0","5","0","0","0","0","0","0","0","0","0","0","0","0","0","0","315"
"","","0x76ff65283c80","@!P6  FMUL R24, R24, 0.5","1955","631","1955","8388608","268435456","1048576","32","0","32","32","0","-","-","-","0","0","0","0","0","0","0","0","-","0","0","0","0","0","0","0","0","22","0","0","0","0","0","0","0","0","0","305","257","0","0","0","1371","0","0","0","0","0","0","0","0","0","0","0","0","0","0","0","0","0","631"
"","","0x76ff65283c90","      FSETP.GEU.AND P5, PT, R25, -126, PT","272","0","272","8388608","268435456","268435456","32","32","32","0","0","-","-","-","0","0","0","0","0","0","0","0","-","0","0","0","0","0","0","0","0","3","0","0","0","0","0","0","0","0","0","0","269","0","0","0","0","0","0","0","0","0","0","0","0","0","0","0","0","0","0","0","0","0","0"
"","","0x76ff65283ca0","@!P4  FMUL R27, R27, 0.5","272","0","272","8388608","268435456","1048576","32","0","32","32","0","-","-","-","0","0","0","0","0","0","0","0","-","0","0","0","0","0","0","0","0","5","0","0","0","0","0","0","0","0","0","0","267","0","0","0","0","0","0","0","0","0","0","0","0","0","0","0","0","0","0","0","0","0","0"
"","","0x76ff65283cb0","      MUFU.EX2 R14, R24","23863","12644","23863","8388608","268435456","268435456","32","32","32","0","0","-","-","-","0","0","0","0","0","0","0","0","-","0","0","0","0","0","0","23122","0","26","0","0","0","0","0","0","109","0","0","323","264","0","0","0","19","12587","0","2","0","0","0","0","0","0","52","0","0","0","0","0","0","0","3"
"","","...","...","-","-","-","-","-","-","-","-","-","-","-","-","-","-","-","-","-","-","-","-","-","-","-","-","-","-","-","-","-","-","-","-","-","-","-","-","-","-","-","-","-","-","-","-","-","-","-","-","-","-","-","-","-","-","-","-","-","-","-","-","-","-","-","-","-"
"","","0x76ff65283cd0","@!P5  FMUL R25, R25, 0.5","2580","1135","2580","8388608","268435456","1048576","32","0","8","32","0","-","-","-","0","0","0","0","0","0","0","0","-","0","0","0","0","0","0","0","0","13","0","0","0","0","0","0","0","0","0","118","273","0","0","0","2176","0","0","2","0","0","0","0","0","0","0","0","0","0","0","0","0","0","1133"
"","","0x76ff65283ce0","      MUFU.EX2 R24, R25","1525","445","1525","8388608","268435456","268435456","32","32","32","0","0","-","-","-","0","0","0","0","0","0","0","0","-","0","0","0","0","0","0","0","0","13","0","0","0","0","0","0","129","0","0","285","278","0","0","0","820","0","0","0","0","0","0","0","0","0","69","0","0","0","0","0","0","0","376"
"","","0x76ff65283cf0","@!P6  FMUL R14, R14, R14","560","148","560","8388608","268435456","1048576","32","0","32","32","0","-","-","-","0","0","0","0","0","0","0","0","-","0","0","0","0","0","0","0","0","3","0","0","0","0","0","0","0","0","0","50","265","242","0","0","0","0","0","0","0","0","0","0","0","0","0","0","0","0","0","148","0","0","0"
"","","0x76ff65283d00","@!P5  FMUL R24, R24, R24","4625","2231","4625","8388608","268435456","1048576","32","0","0","32","0","-","-","-","0","0","0","0","0","0","0","0","-","0","0","0","0","0","0","0","0","18","0","0","0","0","0","0","0","0","0","274","252","4081","0","0","0","0","0","2","0","0","0","0","0","0","0","0","0","0","0","2229","0","0","0"
"","","...","...","-","-","-","-","-","-","-","-","-","-","-","-","-","-","-","-","-","-","-","-","-","-","-","-","-","-","-","-","-","-","-","-","-","-","-","-","-","-","-","-","-","-","-","-","-","-","-","-","-","-","-","-","-","-","-","-","-","-","-","-","-","-","-","-","-"
"","","0x76ff65283dd0","      FADD R26, -R29, R50","4151","2100","4151","8388608","268435456","268435456","32","32","0","0","0","-","-","-","0","0","0","0","0","0","0","0","-","0","0","0","0","0","0","0","0","15","0","0","0","0","0","0","0","0","0","314","272","3550","0","0","0","0","0","0","0","0","0","0","0","0","0","0","0","0","0","2100","0","0","0"
"","","0x76ff65283de0","      MUFU.EX2 R50, R27","23499","12559","23499","8388608","268435456","268435456","32","32","0","0","0","-","-","-","0","0","0","0","0","0","0","0","-","0","0","0","0","0","0","22650","0","35","0","0","0","0","0","0","131","0","0","316","263","0","0","0","104","12449","0","5","0","0","0","0","0","0","64","0","0","0","0","0","0","0","41"
"","","0x76ff65283df0","      FMUL R52, R26, 1.4426950216293334961","266","0","266","8388608","268435456","268435456","32","32","0","0","0","-","-","-","0","0","0","0","0","0","0","0","-","0","0","0","0","0","0","0","0","6","0","0","0","0","0","0","0","0","0","0","260","0","0","0","0","0","0","0","0","0","0","0","0","0","0","0","0","0","0","0","0","0","0"
"","","0x76ff65283e00","      FSETP.GEU.AND P6, PT, R52, -126, PT","1912","610","1912","8388608","268435456","268435456","32","32","0","0","0","-","-","-","0","0","0","0","0","0","0","0","-","0","0","0","0","0","0","0","0","38","0","0","0","0","143","0","0","0","0","359","265","0","0","0","1107","0","0","11","0","0","0","0","49","0","0","0","0","0","0","0","0","0","550"
"","","...","...","-","-","-","-","-","-","-","-","-","-","-","-","-","-","-","-","-","-","-","-","-","-","-","-","-","-","-","-","-","-","-","-","-","-","-","-","-","-","-","-","-","-","-","-","-","-","-","-","-","-","-","-","-","-","-","-","-","-","-","-","-","-","-","-","-"
"","","0x76ff65283e20","@!P4  FMUL R50, R50, R50","1749","704","1749","8388608","268435456","1048576","32","0","32","32","0","-","-","-","0","0","0","0","0","0","0","0","-","0","0","0","0","0","0","0","0","15","0","0","0","0","0","0","0","0","0","146","257","1331","0","0","0","0","0","1","0","0","0","0","0","0","0","0","0","0","0","703","0","0","0"
"","","...","...","-","-","-","-","-","-","-","-","-","-","-","-","-","-","-","-","-","-","-","-","-","-","-","-","-","-","-","-","-","-","-","-","-","-","-","-","-","-","-","-","-","-","-","-","-","-","-","-","-","-","-","-","-","-","-","-","-","-","-","-","-","-","-","-","-"
"","","0x76ff65283e50","@!P6  FMUL R52, R52, 0.5","2259","1028","2259","8388608","268435456","1048576","32","0","32","32","0","-","-","-","0","0","0","0","0","0","0","0","-","0","0","0","0","0","0","0","0","16","0","0","0","0","0","0","0","0","0","92","271","0","0","0","1880","0","0","2","0","0","0","0","0","0","0","0","0","0","0","0","0","0","1026"
"","","...","...","-","-","-","-","-","-","-","-","-","-","-","-","-","-","-","-","-","-","-","-","-","-","-","-","-","-","-","-","-","-","-","-","-","-","-","-","-","-","-","-","-","-","-","-","-","-","-","-","-","-","-","-","-","-","-","-","-","-","-","-","-","-","-","-","-"
"","","0x76ff65283e80","      MUFU.EX2 R51, R52","21730","11485","21730","8388608","268435456","268435456","32","32","0","0","0","-","-","-","0","0","0","0","0","0","0","0","-","0","0","0","0","0","0","20004","0","26","0","0","0","0","0","0","112","0","0","350","264","0","0","0","974","11000","0","0","0","0","0","0","0","0","62","0","0","0","0","0","0","0","423"
"","","...","...","-","-","-","-","-","-","-","-","-","-","-","-","-","-","-","-","-","-","-","-","-","-","-","-","-","-","-","-","-","-","-","-","-","-","-","-","-","-","-","-","-","-","-","-","-","-","-","-","-","-","-","-","-","-","-","-","-","-","-","-","-","-","-","-","-"
"","","0x76ff65283ea0","@!P6  FMUL R51, R51, R51","930","302","930","8388608","268435456","1048576","32","0","32","32","0","-","-","-","0","0","0","0","0","0","0","0","-","0","0","0","0","0","0","0","0","13","0","0","0","0","0","0","0","0","0","145","269","503","0","0","0","0","0","0","0","0","0","0","0","0","0","0","0","0","0","302","0","0","0"
"84","l_acc = alpha * l_acc + tl.sum(P_ij, axis=1, keep_dims=True)","-","-","1086","0","1086","33554432","1073741824","1073741824","128","128","0","0","0","-","-","-","0","0","0","0","0","0","0","0","-","0","0","0","0","0","0","0","0","43","0","0","0","0","0","0","0","0","0","0","1043","0","0","0","0","0","0","0","0","0","0","0","0","0","0","0","0","0","0","0","0","0","0"
"","","0x76ff65283f10","      FFMA R33, R14, R33, R15","241","0","241","8388608","268435456","268435456","32","32","0","0","0","-","-","-","0","0","0","0","0","0","0","0","-","0","0","0","0","0","0","0","0","16","0","0","0","0","0","0","0","0","0","0","225","0","0","0","0","0","0","0","0","0","0","0","0","0","0","0","0","0","0","0","0","0","0"
"","","...","...","-","-","-","-","-","-","-","-","-","-","-","-","-","-","-","-","-","-","-","-","-","-","-","-","-","-","-","-","-","-","-","-","-","-","-","-","-","-","-","-","-","-","-","-","-","-","-","-","-","-","-","-","-","-","-","-","-","-","-","-","-","-","-","-","-"
"","","0x76ff65283f30","      FFMA R11, R24, R11, R15","254","0","254","8388608","268435456","268435456","32","32","0","0","0","-","-","-","0","0","0","0","0","0","0","0","-","0","0","0","0","0","0","0","0","0","0","0","0","0","0","0","0","0","0","0","254","0","0","0","0","0","0","0","0","0","0","0","0","0","0","0","0","0","0","0","0","0","0"
"","","...","...","-","-","-","-","-","-","-","-","-","-","-","-","-","-","-","-","-","-","-","-","-","-","-","-","-","-","-","-","-","-","-","-","-","-","-","-","-","-","-","-","-","-","-","-","-","-","-","-","-","-","-","-","-","-","-","-","-","-","-","-","-","-","-","-","-"
"","","0x76ff65283f50","      FFMA R32, R50, R32, R26","286","0","286","8388608","268435456","268435456","32","32","0","0","0","-","-","-","0","0","0","0","0","0","0","0","-","0","0","0","0","0","0","0","0","6","0","0","0","0","0","0","0","0","0","0","280","0","0","0","0","0","0","0","0","0","0","0","0","0","0","0","0","0","0","0","0","0","0"
"","","0x76ff65283f60","      FFMA R10, R51, R10, R26","305","0","305","8388608","268435456","268435456","32","32","0","0","0","-","-","-","0","0","0","0","0","0","0","0","-","0","0","0","0","0","0","0","0","21","0","0","0","0","0","0","0","0","0","0","284","0","0","0","0","0","0","0","0","0","0","0","0","0","0","0","0","0","0","0","0","0","0"
"88","P_ij = P_ij.to(V_j.dtype)","-","-","18468","10671","18468","58720256","1879048192","1879048192","224","224","64","0","0","Shared(3)","Load,Store(2)","32(2),128","0","6","0","50331648","50331648","0","0","0","-","0","0","0","0","0","0","0","0","136","0","0","0","0","0","0","13472","0","0","2227","1835","0","0","0","798","0","0","29","0","0","0","0","0","0","10230","0","0","0","0","0","0","0","412"
"","","0x76ff65283b80","      F2FP.BF16.F32.PACK_AB R12, R13, R12","262","0","262","8388608","268435456","268435456","32","32","0","0","0","-","-","-","0","0","0","0","0","0","0","0","-","0","0","0","0","0","0","0","0","5","0","0","0","0","0","0","0","0","0","0","257","0","0","0","0","0","0","0","0","0","0","0","0","0","0","0","0","0","0","0","0","0","0"
"","","...","...","-","-","-","-","-","-","-","-","-","-","-","-","-","-","-","-","-","-","-","-","-","-","-","-","-","-","-","-","-","-","-","-","-","-","-","-","-","-","-","-","-","-","-","-","-","-","-","-","-","-","-","-","-","-","-","-","-","-","-","-","-","-","-","-","-"
"","","0x76ff65283be0","      F2FP.BF16.F32.PACK_AB R53, R14, R15","263","0","263","8388608","268435456","268435456","32","32","0","0","0","-","-","-","0","0","0","0","0","0","0","0","-","0","0","0","0","0","0","0","0","3","0","0","0","0","0","0","0","0","0","0","260","0","0","0","0","0","0","0","0","0","0","0","0","0","0","0","0","0","0","0","0","0","0"
"","","...","...","-","-","-","-","-","-","-","-","-","-","-","-","-","-","-","-","-","-","-","-","-","-","-","-","-","-","-","-","-","-","-","-","-","-","-","-","-","-","-","-","-","-","-","-","-","-","-","-","-","-","-","-","-","-","-","-","-","-","-","-","-","-","-","-","-"
"","","0x76ff65283e60","      BAR.SYNC.DEFER_BLOCKING 0x0","3460","2122","3460","8388608","268435456","268435456","32","32","32","0","0","-","-","-","0","0","0","0","0","0","0","0","-","0","0","0","0","0","0","0","0","27","0","0","0","0","0","0","2767","0","0","399","267","0","0","0","0","0","0","6","0","0","0","0","0","0","2116","0","0","0","0","0","0","0","0"
"","","...","...","-","-","-","-","-","-","-","-","-","-","-","-","-","-","-","-","-","-","-","-","-","-","-","-","-","-","-","-","-","-","-","-","-","-","-","-","-","-","-","-","-","-","-","-","-","-","-","-","-","-","-","-","-","-","-","-","-","-","-","-","-","-","-","-","-"
"","","0x76ff65283eb0","      STS [R39+0x2800], R53","5415","3394","5415","8388608","268435456","268435456","32","32","32","0","0","Shared","Store","32","0","1","0","8388608","8388608","0","0","0","-","0","0","0","0","0","0","0","0","29","0","0","0","0","0","0","4365","0","0","758","263","0","0","0","0","0","0","2","0","0","0","0","0","0","3392","0","0","0","0","0","0","0","0"
"","","...","...","-","-","-","-","-","-","-","-","-","-","-","-","-","-","-","-","-","-","-","-","-","-","-","-","-","-","-","-","-","-","-","-","-","-","-","-","-","-","-","-","-","-","-","-","-","-","-","-","-","-","-","-","-","-","-","-","-","-","-","-","-","-","-","-","-"
"","","0x76ff65283ee0","      STS [R39+0x2900], R12","3174","1865","3174","8388608","268435456","268435456","32","32","0","0","0","Shared","Store","32","0","1","0","8388608","8388608","0","0","0","-","0","0","0","0","0","0","0","0","28","0","0","0","0","0","0","2503","0","0","395","248","0","0","0","0","0","0","9","0","0","0","0","0","0","1856","0","0","0","0","0","0","0","0"
"","","...","...","-","-","-","-","-","-","-","-","-","-","-","-","-","-","-","-","-","-","-","-","-","-","-","-","-","-","-","-","-","-","-","-","-","-","-","-","-","-","-","-","-","-","-","-","-","-","-","-","-","-","-","-","-","-","-","-","-","-","-","-","-","-","-","-","-"
"","","0x76ff65283f70","      BAR.SYNC.DEFER_BLOCKING 0x0","1599","743","1599","8388608","268435456","268435456","32","32","0","0","0","-","-","-","0","0","0","0","0","0","0","0","-","0","0","0","0","0","0","0","0","28","0","0","0","0","0","0","1057","0","0","234","280","0","0","0","0","0","0","7","0","0","0","0","0","0","736","0","0","0","0","0","0","0","0"
"","","...","...","-","-","-","-","-","-","-","-","-","-","-","-","-","-","-","-","-","-","-","-","-","-","-","-","-","-","-","-","-","-","-","-","-","-","-","-","-","-","-","-","-","-","-","-","-","-","-","-","-","-","-","-","-","-","-","-","-","-","-","-","-","-","-","-","-"
"","","0x76ff65283fc0","      LDSM.16.M88.4 R24, [R38+0x2800]","4295","2547","4295","8388608","268435456","268435456","32","32","0","0","0","Shared","Load","128","0","4","0","33554432","33554432","0","0","0","-","0","0","0","0","0","0","0","0","16","0","0","0","0","0","0","2780","0","0","441","260","0","0","0","798","0","0","5","0","0","0","0","0","0","2130","0","0","0","0","0","0","0","412"
"89","O_acc = alpha * O_acc","-","-","3101","353","3101","67108864","2147483648","2147483648","256","256","0","0","0","-","-","-","0","0","0","0","0","0","0","0","-","0","0","0","0","0","0","0","0","37","0","0","0","0","0","0","0","0","0","158","2095","0","0","0","811","0","0","1","0","0","0","0","0","0","0","0","0","0","0","0","0","0","352"
"","","0x76ff65283d30","      FMUL R16, R24, R16","597","76","597","8388608","268435456","268435456","32","32","0","0","0","-","-","-","0","0","0","0","0","0","0","0","-","0","0","0","0","0","0","0","0","9","0","0","0","0","0","0","0","0","0","66","264","0","0","0","258","0","0","1","0","0","0","0","0","0","0","0","0","0","0","0","0","0","75"
"","","0x76ff65283d40","      FMUL R17, R24, R17","254","0","254","8388608","268435456","268435456","32","32","0","0","0","-","-","-","0","0","0","0","0","0","0","0","-","0","0","0","0","0","0","0","0","0","0","0","0","0","0","0","0","0","0","0","254","0","0","0","0","0","0","0","0","0","0","0","0","0","0","0","0","0","0","0","0","0","0"
"","","0x76ff65283d50","      FMUL R20, R24, R20","291","0","291","8388608","268435456","268435456","32","32","0","0","0","-","-","-","0","0","0","0","0","0","0","0","-","0","0","0","0","0","0","0","0","2","0","0","0","0","0","0","0","0","0","0","289","0","0","0","0","0","0","0","0","0","0","0","0","0","0","0","0","0","0","0","0","0","0"
"","","0x76ff65283d60","      FMUL R21, R24, R21","261","0","261","8388608","268435456","268435456","32","32","0","0","0","-","-","-","0","0","0","0","0","0","0","0","-","0","0","0","0","0","0","0","0","4","0","0","0","0","0","0","0","0","0","0","257","0","0","0","0","0","0","0","0","0","0","0","0","0","0","0","0","0","0","0","0","0","0"
"","","...","...","-","-","-","-","-","-","-","-","-","-","-","-","-","-","-","-","-","-","-","-","-","-","-","-","-","-","-","-","-","-","-","-","-","-","-","-","-","-","-","-","-","-","-","-","-","-","-","-","-","-","-","-","-","-","-","-","-","-","-","-","-","-","-","-","-"
"","","0x76ff65283ec0","      FMUL R18, R51, R18","906","277","906","8388608","268435456","268435456","32","32","0","0","0","-","-","-","0","0","0","0","0","0","0","0","-","0","0","0","0","0","0","0","0","6","0","0","0","0","0","0","0","0","0","92","255","0","0","0","553","0","0","0","0","0","0","0","0","0","0","0","0","0","0","0","0","0","277"
"","","0x76ff65283ed0","      FMUL R19, R51, R19","243","0","243","8388608","268435456","268435456","32","32","0","0","0","-","-","-","0","0","0","0","0","0","0","0","-","0","0","0","0","0","0","0","0","2","0","0","0","0","0","0","0","0","0","0","241","0","0","0","0","0","0","0","0","0","0","0","0","0","0","0","0","0","0","0","0","0","0"
"","","...","...","-","-","-","-","-","-","-","-","-","-","-","-","-","-","-","-","-","-","-","-","-","-","-","-","-","-","-","-","-","-","-","-","-","-","-","-","-","-","-","-","-","-","-","-","-","-","-","-","-","-","-","-","-","-","-","-","-","-","-","-","-","-","-","-","-"
"","","0x76ff65283ef0","      FMUL R22, R51, R22","255","0","255","8388608","268435456","268435456","32","32","0","0","0","-","-","-","0","0","0","0","0","0","0","0","-","0","0","0","0","0","0","0","0","2","0","0","0","0","0","0","0","0","0","0","253","0","0","0","0","0","0","0","0","0","0","0","0","0","0","0","0","0","0","0","0","0","0"
"","","0x76ff65283f00","      FMUL R23, R51, R23","294","0","294","8388608","268435456","268435456","32","32","0","0","0","-","-","-","0","0","0","0","0","0","0","0","-","0","0","0","0","0","0","0","0","12","0","0","0","0","0","0","0","0","0","0","282","0","0","0","0","0","0","0","0","0","0","0","0","0","0","0","0","0","0","0","0","0","0"
"90","O_acc = tl.dot(P_ij, V_j, acc=O_acc)","-","-","27884","15989","27884","16777216","536870912","536870912","64","64","0","0","0","-","-","-","0","0","0","0","0","0","0","0","-","0","0","0","0","0","0","0","0","21","0","0","0","0","9282","0","0","0","0","278","528","17509","0","0","266","0","0","1","0","0","0","0","5507","0","0","0","0","0","0","10362","0","0","119"
"","","0x76ff65283fd0","      HMMA.16816.F32.BF16 R16, R24, R12, R16","20999","11962","20999","8388608","268435456","268435456","32","32","0","0","0","-","-","-","0","0","0","0","0","0","0","0","-","0","0","0","0","0","0","0","0","14","0","0","0","0","2758","0","0","0","0","185","267","17509","0","0","266","0","0","0","0","0","0","0","1481","0","0","0","0","0","0","10362","0","0","119"
"","","...","...","-","-","-","-","-","-","-","-","-","-","-","-","-","-","-","-","-","-","-","-","-","-","-","-","-","-","-","-","-","-","-","-","-","-","-","-","-","-","-","-","-","-","-","-","-","-","-","-","-","-","-","-","-","-","-","-","-","-","-","-","-","-","-","-","-"
"","","0x76ff65283ff0","      HMMA.16816.F32.BF16 R20, R24, R14, R20","6885","4027","6885","8388608","268435456","268435456","32","32","0","0","0","-","-","-","0","0","0","0","0","0","0","0","-","0","0","0","0","0","0","0","0","7","0","0","0","0","6524","0","0","0","0","93","261","0","0","0","0","0","0","1","0","0","0","0","4026","0","0","0","0","0","0","0","0","0","0"
"96","O_i = (O_acc / l_acc).to(O_block_ptr.type.element_ty)","-","-","52","4","52","1343488","42991616","22020096","1312","672","320","640","0","-","-","-","0","0","0","0","0","0","0","0","-","0","0","0","0","0","0","0","0","2","0","0","0","8","0","0","0","0","0","3","38","1","0","0","0","0","0","0","0","0","0","4","0","0","0","0","0","0","0","0","0","0","0"
"","","0x76ff652841d0","      FSETP.GT.AND P4, PT, |R10|, 8.50705917302346158658e+37, PT","0","0","0","32768","1048576","1048576","32","32","0","0","0","-","-","-","0","0","0","0","0","0","0","0","-","0","0","0","0","0","0","0","0","0","0","0","0","0","0","0","0","0","0","0","0","0","0","0","0","0","0","0","0","0","0","0","0","0","0","0","0","0","0","0","0","0","0"
"","","0x76ff652841e0","      IMAD.MOV.U32 R13, RZ, RZ, R20","9","4","9","32768","1048576","1048576","32","32","0","0","0","-","-","-","0","0","0","0","0","0","0","0","-","0","0","0","0","0","0","0","0","0","0","0","0","8","0","0","0","0","0","1","0","0","0","0","0","0","0","0","0","0","0","4","0","0","0","0","0","0","0","0","0","0","0"
"","","...","...","-","-","-","-","-","-","-","-","-","-","-","-","-","-","-","-","-","-","-","-","-","-","-","-","-","-","-","-","-","-","-","-","-","-","-","-","-","-","-","-","-","-","-","-","-","-","-","-","-","-","-","-","-","-","-","-","-","-","-","-","-","-","-","-","-"
"","","0x76ff65284210","      FSETP.GT.AND P2, PT, |R11|, 8.50705917302346158658e+37, PT","0","0","0","32768","1048576","1048576","32","32","0","0","0","-","-","-","0","0","0","0","0","0","0","0","-","0","0","0","0","0","0","0","0","0","0","0","0","0","0","0","0","0","0","0","0","0","0","0","0","0","0","0","0","0","0","0","0","0","0","0","0","0","0","0","0","0","0"
"","","...","...","-","-","-","-","-","-","-","-","-","-","-","-","-","-","-","-","-","-","-","-","-","-","-","-","-","-","-","-","-","-","-","-","-","-","-","-","-","-","-","-","-","-","-","-","-","-","-","-","-","-","-","-","-","-","-","-","-","-","-","-","-","-","-","-","-"
"","","0x76ff65284230","      FSETP.GEU.AND P5, PT, |R11|, 1.175494350822287508e-38, PT","1","0","1","32768","1048576","1048576","32","32","0","0","0","-","-","-","0","0","0","0","0","0","0","0","-","0","0","0","0","0","0","0","0","0","0","0","0","0","0","0","0","0","0","0","1","0","0","0","0","0","0","0","0","0","0","0","0","0","0","0","0","0","0","0","0","0","0"
"","","...","...","-","-","-","-","-","-","-","-","-","-","-","-","-","-","-","-","-","-","-","-","-","-","-","-","-","-","-","-","-","-","-","-","-","-","-","-","-","-","-","-","-","-","-","-","-","-","-","-","-","-","-","-","-","-","-","-","-","-","-","-","-","-","-","-","-"
"","","0x76ff65284280","@P4   FMUL R18, R18, 0.25","1","0","1","32768","1048576","0","32","0","32","32","0","-","-","-","0","0","0","0","0","0","0","0","-","0","0","0","0","0","0","0","0","0","0","0","0","0","0","0","0","0","0","0","1","0","0","0","0","0","0","0","0","0","0","0","0","0","0","0","0","0","0","0","0","0","0"
"","","0x76ff65284290","@P4   FMUL R19, R19, 0.25","1","0","1","32768","1048576","0","32","0","0","32","0","-","-","-","0","0","0","0","0","0","0","0","-","0","0","0","0","0","0","0","0","0","0","0","0","0","0","0","0","0","0","0","1","0","0","0","0","0","0","0","0","0","0","0","0","0","0","0","0","0","0","0","0","0","0"
"","","0x76ff652842a0","@P4   FMUL R22, R22, 0.25","0","0","0","32768","1048576","0","32","0","0","32","0","-","-","-","0","0","0","0","0","0","0","0","-","0","0","0","0","0","0","0","0","0","0","0","0","0","0","0","0","0","0","0","0","0","0","0","0","0","0","0","0","0","0","0","0","0","0","0","0","0","0","0","0","0","0"
"","","0x76ff652842b0","@P2   FMUL R11, R11, 0.25","0","0","0","32768","1048576","0","32","0","0","32","0","-","-","-","0","0","0","0","0","0","0","0","-","0","0","0","0","0","0","0","0","0","0","0","0","0","0","0","0","0","0","0","0","0","0","0","0","0","0","0","0","0","0","0","0","0","0","0","0","0","0","0","0","0","0"
"","","0x76ff652842c0","@P2   FMUL R16, R16, 0.25","1","0","1","32768","1048576","0","32","0","0","32","0","-","-","-","0","0","0","0","0","0","0","0","-","0","0","0","0","0","0","0","0","0","0","0","0","0","0","0","0","0","0","0","1","0","0","0","0","0","0","0","0","0","0","0","0","0","0","0","0","0","0","0","0","0","0"
"","","0x76ff652842d0","@P2   FMUL R17, R17, 0.25","3","0","3","32768","1048576","0","32","0","0","32","0","-","-","-","0","0","0","0","0","0","0","0","-","0","0","0","0","0","0","0","0","0","0","0","0","0","0","0","0","0","0","0","3","0","0","0","0","0","0","0","0","0","0","0","0","0","0","0","0","0","0","0","0","0","0"
"","","0x76ff652842e0","@P2   FMUL R13, R13, 0.25","0","0","0","32768","1048576","0","32","0","0","32","0","-","-","-","0","0","0","0","0","0","0","0","-","0","0","0","0","0","0","0","0","0","0","0","0","0","0","0","0","0","0","0","0","0","0","0","0","0","0","0","0","0","0","0","0","0","0","0","0","0","0","0","0","0","0"
"","","0x76ff652842f0","@P2   FMUL R21, R21, 0.25","0","0","0","32768","1048576","0","32","0","0","32","0","-","-","-","0","0","0","0","0","0","0","0","-","0","0","0","0","0","0","0","0","0","0","0","0","0","0","0","0","0","0","0","0","0","0","0","0","0","0","0","0","0","0","0","0","0","0","0","0","0","0","0","0","0","0"
"","","0x76ff65284300","      FSETP.GEU.AND P2, PT, |R10|, 1.175494350822287508e-38, PT","2","0","2","32768","1048576","1048576","32","32","32","0","0","-","-","-","0","0","0","0","0","0","0","0","-","0","0","0","0","0","0","0","0","0","0","0","0","0","0","0","0","0","0","0","2","0","0","0","0","0","0","0","0","0","0","0","0","0","0","0","0","0","0","0","0","0","0"
"","","0x76ff65284310","@P4   FMUL R10, R10, 0.25","1","0","1","32768","1048576","0","32","0","32","32","0","-","-","-","0","0","0","0","0","0","0","0","-","0","0","0","0","0","0","0","0","0","0","0","0","0","0","0","0","0","0","0","1","0","0","0","0","0","0","0","0","0","0","0","0","0","0","0","0","0","0","0","0","0","0"
"","","0x76ff65284320","@P4   FMUL R23, R23, 0.25","0","0","0","32768","1048576","0","32","0","0","32","0","-","-","-","0","0","0","0","0","0","0","0","-","0","0","0","0","0","0","0","0","0","0","0","0","0","0","0","0","0","0","0","0","0","0","0","0","0","0","0","0","0","0","0","0","0","0","0","0","0","0","0","0","0","0"
"","","0x76ff65284330","@!P5  FMUL R11, R11, 16777216","1","0","1","32768","1048576","0","32","0","0","32","0","-","-","-","0","0","0","0","0","0","0","0","-","0","0","0","0","0","0","0","0","0","0","0","0","0","0","0","0","0","0","0","1","0","0","0","0","0","0","0","0","0","0","0","0","0","0","0","0","0","0","0","0","0","0"
"","","0x76ff65284340","@!P5  FMUL R16, R16, 16777216","0","0","0","32768","1048576","0","32","0","0","32","0","-","-","-","0","0","0","0","0","0","0","0","-","0","0","0","0","0","0","0","0","0","0","0","0","0","0","0","0","0","0","0","0","0","0","0","0","0","0","0","0","0","0","0","0","0","0","0","0","0","0","0","0","0","0"
"","","0x76ff65284350","@!P5  FMUL R17, R17, 16777216","1","0","1","32768","1048576","0","32","0","0","32","0","-","-","-","0","0","0","0","0","0","0","0","-","0","0","0","0","0","0","0","0","0","0","0","0","0","0","0","0","0","0","0","1","0","0","0","0","0","0","0","0","0","0","0","0","0","0","0","0","0","0","0","0","0","0"
"","","0x76ff65284360","@!P5  FMUL R13, R13, 16777216","0","0","0","32768","1048576","0","32","0","0","32","0","-","-","-","0","0","0","0","0","0","0","0","-","0","0","0","0","0","0","0","0","0","0","0","0","0","0","0","0","0","0","0","0","0","0","0","0","0","0","0","0","0","0","0","0","0","0","0","0","0","0","0","0","0","0"
"","","0x76ff65284370","@!P5  FMUL R21, R21, 16777216","0","0","0","32768","1048576","0","32","0","0","32","0","-","-","-","0","0","0","0","0","0","0","0","-","0","0","0","0","0","0","0","0","0","0","0","0","0","0","0","0","0","0","0","0","0","0","0","0","0","0","0","0","0","0","0","0","0","0","0","0","0","0","0","0","0","0"
"","","...","...","-","-","-","-","-","-","-","-","-","-","-","-","-","-","-","-","-","-","-","-","-","-","-","-","-","-","-","-","-","-","-","-","-","-","-","-","-","-","-","-","-","-","-","-","-","-","-","-","-","-","-","-","-","-","-","-","-","-","-","-","-","-","-","-","-"
"","","0x76ff65284410","      MUFU.RCP R4, R11","0","0","0","32768","1048576","1048576","32","32","0","0","0","-","-","-","0","0","0","0","0","0","0","0","-","0","0","0","0","0","0","0","0","0","0","0","0","0","0","0","0","0","0","0","0","0","0","0","0","0","0","0","0","0","0","0","0","0","0","0","0","0","0","0","0","0","0"
"","","...","...","-","-","-","-","-","-","-","-","-","-","-","-","-","-","-","-","-","-","-","-","-","-","-","-","-","-","-","-","-","-","-","-","-","-","-","-","-","-","-","-","-","-","-","-","-","-","-","-","-","-","-","-","-","-","-","-","-","-","-","-","-","-","-","-","-"
"","","0x76ff652844b0","@!P2  FMUL R10, R10, 16777216","4","0","4","32768","1048576","0","32","0","32","32","0","-","-","-","0","0","0","0","0","0","0","0","-","0","0","0","0","0","0","0","0","0","0","0","0","0","0","0","0","0","0","0","4","0","0","0","0","0","0","0","0","0","0","0","0","0","0","0","0","0","0","0","0","0","0"
"","","0x76ff652844c0","      ISETP.LT.U32.AND P6, PT, R3, c[0x0][0x1ac], PT","3","0","3","32768","1048576","1048576","32","32","32","0","0","-","-","-","0","0","0","0","0","0","0","0","-","0","0","0","0","0","0","0","0","0","0","0","0","0","0","0","0","0","0","0","3","0","0","0","0","0","0","0","0","0","0","0","0","0","0","0","0","0","0","0","0","0","0"
"","","0x76ff652844d0","@!P2  FMUL R18, R18, 16777216","0","0","0","32768","1048576","0","32","0","32","32","0","-","-","-","0","0","0","0","0","0","0","0","-","0","0","0","0","0","0","0","0","0","0","0","0","0","0","0","0","0","0","0","0","0","0","0","0","0","0","0","0","0","0","0","0","0","0","0","0","0","0","0","0","0","0"
"","","...","...","-","-","-","-","-","-","-","-","-","-","-","-","-","-","-","-","-","-","-","-","-","-","-","-","-","-","-","-","-","-","-","-","-","-","-","-","-","-","-","-","-","-","-","-","-","-","-","-","-","-","-","-","-","-","-","-","-","-","-","-","-","-","-","-","-"
"","","0x76ff652844f0","@!P2  FMUL R19, R19, 16777216","0","0","0","32768","1048576","0","32","0","32","32","0","-","-","-","0","0","0","0","0","0","0","0","-","0","0","0","0","0","0","0","0","0","0","0","0","0","0","0","0","0","0","0","0","0","0","0","0","0","0","0","0","0","0","0","0","0","0","0","0","0","0","0","0","0","0"
"","","0x76ff65284500","      ISETP.LT.AND.EX P1, PT, R25, R14, !P1, P6","1","0","1","32768","1048576","1048576","32","32","32","0","0","-","-","-","0","0","0","0","0","0","0","0","-","0","0","0","0","0","0","0","0","0","0","0","0","0","0","0","0","0","0","1","0","0","0","0","0","0","0","0","0","0","0","0","0","0","0","0","0","0","0","0","0","0","0"
"","","0x76ff65284510","      FMUL R16, R4, R16","4","0","4","32768","1048576","1048576","32","32","0","0","0","-","-","-","0","0","0","0","0","0","0","0","-","0","0","0","0","0","0","0","0","0","0","0","0","0","0","0","0","0","0","1","2","1","0","0","0","0","0","0","0","0","0","0","0","0","0","0","0","0","0","0","0","0","0"
"","","...","...","-","-","-","-","-","-","-","-","-","-","-","-","-","-","-","-","-","-","-","-","-","-","-","-","-","-","-","-","-","-","-","-","-","-","-","-","-","-","-","-","-","-","-","-","-","-","-","-","-","-","-","-","-","-","-","-","-","-","-","-","-","-","-","-","-"
"","","0x76ff65284530","      FMUL R17, R4, R17","1","0","1","32768","1048576","1048576","32","32","0","0","0","-","-","-","0","0","0","0","0","0","0","0","-","0","0","0","0","0","0","0","0","0","0","0","0","0","0","0","0","0","0","0","1","0","0","0","0","0","0","0","0","0","0","0","0","0","0","0","0","0","0","0","0","0","0"
"","","...","...","-","-","-","-","-","-","-","-","-","-","-","-","-","-","-","-","-","-","-","-","-","-","-","-","-","-","-","-","-","-","-","-","-","-","-","-","-","-","-","-","-","-","-","-","-","-","-","-","-","-","-","-","-","-","-","-","-","-","-","-","-","-","-","-","-"
"","","0x76ff65284550","      FMUL R11, R4, R13","3","0","3","32768","1048576","1048576","32","32","0","0","0","-","-","-","0","0","0","0","0","0","0","0","-","0","0","0","0","0","0","0","0","0","0","0","0","0","0","0","0","0","0","0","3","0","0","0","0","0","0","0","0","0","0","0","0","0","0","0","0","0","0","0","0","0","0"
"","","...","...","-","-","-","-","-","-","-","-","-","-","-","-","-","-","-","-","-","-","-","-","-","-","-","-","-","-","-","-","-","-","-","-","-","-","-","-","-","-","-","-","-","-","-","-","-","-","-","-","-","-","-","-","-","-","-","-","-","-","-","-","-","-","-","-","-"
"","","0x76ff65284570","      MUFU.RCP R10, R10","2","0","2","32768","1048576","1048576","32","32","0","0","0","-","-","-","0","0","0","0","0","0","0","0","-","0","0","0","0","0","0","0","0","0","0","0","0","0","0","0","0","0","0","0","2","0","0","0","0","0","0","0","0","0","0","0","0","0","0","0","0","0","0","0","0","0","0"
"","","...","...","-","-","-","-","-","-","-","-","-","-","-","-","-","-","-","-","-","-","-","-","-","-","-","-","-","-","-","-","-","-","-","-","-","-","-","-","-","-","-","-","-","-","-","-","-","-","-","-","-","-","-","-","-","-","-","-","-","-","-","-","-","-","-","-","-"
"","","0x76ff65284590","      FMUL R12, R4, R21","2","0","2","32768","1048576","1048576","32","32","0","0","0","-","-","-","0","0","0","0","0","0","0","0","-","0","0","0","0","0","0","0","0","0","0","0","0","0","0","0","0","0","0","0","2","0","0","0","0","0","0","0","0","0","0","0","0","0","0","0","0","0","0","0","0","0","0"
"","","...","...","-","-","-","-","-","-","-","-","-","-","-","-","-","-","-","-","-","-","-","-","-","-","-","-","-","-","-","-","-","-","-","-","-","-","-","-","-","-","-","-","-","-","-","-","-","-","-","-","-","-","-","-","-","-","-","-","-","-","-","-","-","-","-","-","-"
"","","0x76ff652845b0","@!P2  FMUL R22, R22, 16777216","0","0","0","32768","1048576","0","32","0","32","32","0","-","-","-","0","0","0","0","0","0","0","0","-","0","0","0","0","0","0","0","0","0","0","0","0","0","0","0","0","0","0","0","0","0","0","0","0","0","0","0","0","0","0","0","0","0","0","0","0","0","0","0","0","0","0"
"","","...","...","-","-","-","-","-","-","-","-","-","-","-","-","-","-","-","-","-","-","-","-","-","-","-","-","-","-","-","-","-","-","-","-","-","-","-","-","-","-","-","-","-","-","-","-","-","-","-","-","-","-","-","-","-","-","-","-","-","-","-","-","-","-","-","-","-"
"","","0x76ff652845d0","@!P2  FMUL R23, R23, 16777216","2","0","2","32768","1048576","0","32","0","32","32","0","-","-","-","0","0","0","0","0","0","0","0","-","0","0","0","0","0","0","0","0","0","0","0","0","0","0","0","0","0","0","0","2","0","0","0","0","0","0","0","0","0","0","0","0","0","0","0","0","0","0","0","0","0","0"
"","","...","...","-","-","-","-","-","-","-","-","-","-","-","-","-","-","-","-","-","-","-","-","-","-","-","-","-","-","-","-","-","-","-","-","-","-","-","-","-","-","-","-","-","-","-","-","-","-","-","-","-","-","-","-","-","-","-","-","-","-","-","-","-","-","-","-","-"
"","","0x76ff65284680","      FMUL R18, R10, R18","3","0","3","32768","1048576","1048576","32","32","0","0","0","-","-","-","0","0","0","0","0","0","0","0","-","0","0","0","0","0","0","0","0","0","0","0","0","0","0","0","0","0","0","0","3","0","0","0","0","0","0","0","0","0","0","0","0","0","0","0","0","0","0","0","0","0","0"
"","","...","...","-","-","-","-","-","-","-","-","-","-","-","-","-","-","-","-","-","-","-","-","-","-","-","-","-","-","-","-","-","-","-","-","-","-","-","-","-","-","-","-","-","-","-","-","-","-","-","-","-","-","-","-","-","-","-","-","-","-","-","-","-","-","-","-","-"
"","","0x76ff652846b0","      FMUL R19, R10, R19","1","0","1","32768","1048576","1048576","32","32","0","0","0","-","-","-","0","0","0","0","0","0","0","0","-","0","0","0","0","0","0","0","0","0","0","0","0","0","0","0","0","0","0","0","1","0","0","0","0","0","0","0","0","0","0","0","0","0","0","0","0","0","0","0","0","0","0"
"","","0x76ff652846c0","      FMUL R22, R10, R22","0","0","0","32768","1048576","1048576","32","32","0","0","0","-","-","-","0","0","0","0","0","0","0","0","-","0","0","0","0","0","0","0","0","0","0","0","0","0","0","0","0","0","0","0","0","0","0","0","0","0","0","0","0","0","0","0","0","0","0","0","0","0","0","0","0","0","0"
"","","...","...","-","-","-","-","-","-","-","-","-","-","-","-","-","-","-","-","-","-","-","-","-","-","-","-","-","-","-","-","-","-","-","-","-","-","-","-","-","-","-","-","-","-","-","-","-","-","-","-","-","-","-","-","-","-","-","-","-","-","-","-","-","-","-","-","-"
"","","0x76ff652846f0","      FMUL R23, R10, R23","2","0","2","32768","1048576","1048576","32","32","0","0","0","-","-","-","0","0","0","0","0","0","0","0","-","0","0","0","0","0","0","0","0","0","0","0","0","0","0","0","0","0","0","0","2","0","0","0","0","0","0","0","0","0","0","0","0","0","0","0","0","0","0","0","0","0","0"
"","","...","...","-","-","-","-","-","-","-","-","-","-","-","-","-","-","-","-","-","-","-","-","-","-","-","-","-","-","-","-","-","-","-","-","-","-","-","-","-","-","-","-","-","-","-","-","-","-","-","-","-","-","-","-","-","-","-","-","-","-","-","-","-","-","-","-","-"
"","","0x76ff65284730","      F2FP.BF16.F32.PACK_AB R11, R12, R11","0","0","0","32768","1048576","1048576","32","32","0","0","0","-","-","-","0","0","0","0","0","0","0","0","-","0","0","0","0","0","0","0","0","0","0","0","0","0","0","0","0","0","0","0","0","0","0","0","0","0","0","0","0","0","0","0","0","0","0","0","0","0","0","0","0","0","0"
"","","...","...","-","-","-","-","-","-","-","-","-","-","-","-","-","-","-","-","-","-","-","-","-","-","-","-","-","-","-","-","-","-","-","-","-","-","-","-","-","-","-","-","-","-","-","-","-","-","-","-","-","-","-","-","-","-","-","-","-","-","-","-","-","-","-","-","-"
"","","0x76ff65284860","      F2FP.BF16.F32.PACK_AB R17, R17, R16","1","0","1","32768","1048576","1048576","32","32","0","0","0","-","-","-","0","0","0","0","0","0","0","0","-","0","0","0","0","0","0","0","0","0","0","0","0","0","0","0","0","0","0","0","1","0","0","0","0","0","0","0","0","0","0","0","0","0","0","0","0","0","0","0","0","0","0"
"","","...","...","-","-","-","-","-","-","-","-","-","-","-","-","-","-","-","-","-","-","-","-","-","-","-","-","-","-","-","-","-","-","-","-","-","-","-","-","-","-","-","-","-","-","-","-","-","-","-","-","-","-","-","-","-","-","-","-","-","-","-","-","-","-","-","-","-"
"","","0x76ff65284880","      F2FP.BF16.F32.PACK_AB R19, R19, R18","0","0","0","32768","1048576","1048576","32","32","0","0","0","-","-","-","0","0","0","0","0","0","0","0","-","0","0","0","0","0","0","0","0","0","0","0","0","0","0","0","0","0","0","0","0","0","0","0","0","0","0","0","0","0","0","0","0","0","0","0","0","0","0","0","0","0","0"
"","","...","...","-","-","-","-","-","-","-","-","-","-","-","-","-","-","-","-","-","-","-","-","-","-","-","-","-","-","-","-","-","-","-","-","-","-","-","-","-","-","-","-","-","-","-","-","-","-","-","-","-","-","-","-","-","-","-","-","-","-","-","-","-","-","-","-","-"
"","","0x76ff652848b0","      F2FP.BF16.F32.PACK_AB R22, R23, R22","2","0","2","32768","1048576","1048576","32","32","0","0","0","-","-","-","0","0","0","0","0","0","0","0","-","0","0","0","0","0","0","0","0","2","0","0","0","0","0","0","0","0","0","0","0","0","0","0","0","0","0","0","0","0","0","0","0","0","0","0","0","0","0","0","0","0","0"
"97","tl.store(O_block_ptr, O_i, boundary_check=(0, 1))","-","-","1545","736","1545","1343488","42991616","42991616","1312","1312","161","352","0","Global,Shared(8)","Load(4),Store(5)","32(8),128","131072","8","0","262144","262144","0","524288","524288","","0","0","0","0","0","0","11","8","3","0","0","0","51","2","0","33","0","3","6","275","20","0","0","1133","1","2","0","0","0","0","36","0","0","25","0","2","0","0","13","0","0","657"
"","","0x76ff65283010","      LOP3.LUT R35, R2, 0x1, RZ, 0xc0, !PT","4","2","4","0","0","0","0","0","32","32","0","-","-","-","0","0","0","0","0","0","0","0","-","0","0","0","0","0","0","0","0","0","0","0","0","0","0","0","0","0","0","0","0","0","0","0","4","0","0","0","0","0","0","0","0","0","0","0","0","0","0","0","0","0","2"
"","","0x76ff65283020","      IMAD.MOV.U32 R30, RZ, RZ, -0x800000","0","0","0","0","0","0","0","0","0","32","0","-","-","-","0","0","0","0","0","0","0","0","-","0","0","0","0","0","0","0","0","0","0","0","0","0","0","0","0","0","0","0","0","0","0","0","0","0","0","0","0","0","0","0","0","0","0","0","0","0","0","0","0","0","0"
"","","0x76ff65283030","      LOP3.LUT R36, R2, 0x10, RZ, 0xc0, !PT","0","0","0","0","0","0","0","0","0","32","0","-","-","-","0","0","0","0","0","0","0","0","-","0","0","0","0","0","0","0","0","0","0","0","0","0","0","0","0","0","0","0","0","0","0","0","0","0","0","0","0","0","0","0","0","0","0","0","0","0","0","0","0","0","0"
"","","0x76ff65283040","      IMAD.MOV.U32 R28, RZ, RZ, -0x800000","0","0","0","0","0","0","0","0","0","32","0","-","-","-","0","0","0","0","0","0","0","0","-","0","0","0","0","0","0","0","0","0","0","0","0","0","0","0","0","0","0","0","0","0","0","0","0","0","0","0","0","0","0","0","0","0","0","0","0","0","0","0","0","0","0"
"","","0x76ff65283050","      CS2R R32, SRZ","0","0","0","0","0","0","0","0","0","32","0","-","-","-","0","0","0","0","0","0","0","0","-","0","0","0","0","0","0","0","0","0","0","0","0","0","0","0","0","0","0","0","0","0","0","0","0","0","0","0","0","0","0","0","0","0","0","0","0","0","0","0","0","0","0"
"","","0x76ff65283060","      CS2R R10, SRZ","0","0","0","0","0","0","0","0","0","32","0","-","-","-","0","0","0","0","0","0","0","0","-","0","0","0","0","0","0","0","0","0","0","0","0","0","0","0","0","0","0","0","0","0","0","0","0","0","0","0","0","0","0","0","0","0","0","0","0","0","0","0","0","0","0"
"","","0x76ff65283070","      CS2R R16, SRZ","0","0","0","0","0","0","0","0","0","32","0","-","-","-","0","0","0","0","0","0","0","0","-","0","0","0","0","0","0","0","0","0","0","0","0","0","0","0","0","0","0","0","0","0","0","0","0","0","0","0","0","0","0","0","0","0","0","0","0","0","0","0","0","0","0"
"","","0x76ff65283080","      CS2R R18, SRZ","0","0","0","0","0","0","0","0","0","32","0","-","-","-","0","0","0","0","0","0","0","0","-","0","0","0","0","0","0","0","0","0","0","0","0","0","0","0","0","0","0","0","0","0","0","0","0","0","0","0","0","0","0","0","0","0","0","0","0","0","0","0","0","0","0"
"","","0x76ff65283090","      CS2R R20, SRZ","0","0","0","0","0","0","0","0","0","32","0","-","-","-","0","0","0","0","0","0","0","0","-","0","0","0","0","0","0","0","0","0","0","0","0","0","0","0","0","0","0","0","0","0","0","0","0","0","0","0","0","0","0","0","0","0","0","0","0","0","0","0","0","0","0"
"","","0x76ff652830a0","      CS2R R22, SRZ","0","0","0","0","0","0","0","0","0","32","0","-","-","-","0","0","0","0","0","0","0","0","-","0","0","0","0","0","0","0","0","0","0","0","0","0","0","0","0","0","0","0","0","0","0","0","0","0","0","0","0","0","0","0","0","0","0","0","0","0","0","0","0","0","0"
"","","0x76ff652830b0","      BRA 0x76ff652841b0","0","0","0","0","0","0","0","0","0","32","0","-","-","-","0","0","0","0","0","0","0","0","-","0","0","0","0","0","0","0","0","0","0","0","0","0","0","0","0","0","0","0","0","0","0","0","0","0","0","0","0","0","0","0","0","0","0","0","0","0","0","0","0","0","0"
"","","0x76ff652830c0","      IMAD.SHL.U32 R7, R6, 0x2, RZ","8","3","8","32768","1048576","1048576","32","32","32","0","0","-","-","-","0","0","0","0","0","0","0","0","-","0","0","0","0","0","0","0","3","0","0","0","0","0","1","0","0","0","3","1","0","0","0","0","0","0","1","0","0","0","0","0","0","0","0","0","2","0","0","0","0","0","0"
"","","...","...","-","-","-","-","-","-","-","-","-","-","-","-","-","-","-","-","-","-","-","-","-","-","-","-","-","-","-","-","-","-","-","-","-","-","-","-","-","-","-","-","-","-","-","-","-","-","-","-","-","-","-","-","-","-","-","-","-","-","-","-","-","-","-","-","-"
"","","0x76ff652841b0","      ISETP.NE.U32.AND P2, PT, R36, RZ, PT","1350","645","1350","32768","1048576","1048576","32","32","1","0","0","-","-","-","0","0","0","0","0","0","0","0","-","0","0","0","0","0","0","0","5","0","0","0","0","0","0","0","0","0","0","0","243","0","0","0","1102","0","1","0","0","0","0","0","0","0","0","0","0","0","0","0","0","0","644"
"","","...","...","-","-","-","-","-","-","-","-","-","-","-","-","-","-","-","-","-","-","-","-","-","-","-","-","-","-","-","-","-","-","-","-","-","-","-","-","-","-","-","-","-","-","-","-","-","-","-","-","-","-","-","-","-","-","-","-","-","-","-","-","-","-","-","-","-"
"","","0x76ff652841f0","      SEL R4, RZ, 0x120, !P2","1","0","1","32768","1048576","1048576","32","32","0","0","0","-","-","-","0","0","0","0","0","0","0","0","-","0","0","0","0","0","0","0","0","0","0","0","0","0","0","0","0","0","0","0","1","0","0","0","0","0","0","0","0","0","0","0","0","0","0","0","0","0","0","0","0","0","0"
"","","...","...","-","-","-","-","-","-","-","-","-","-","-","-","-","-","-","-","-","-","-","-","-","-","-","-","-","-","-","-","-","-","-","-","-","-","-","-","-","-","-","-","-","-","-","-","-","-","-","-","-","-","-","-","-","-","-","-","-","-","-","-","-","-","-","-","-"
"","","0x76ff65284250","      ISETP.NE.U32.AND P3, PT, R35, RZ, PT","2","0","2","32768","1048576","1048576","32","32","0","0","0","-","-","-","0","0","0","0","0","0","0","0","-","0","0","0","0","0","0","0","0","0","0","0","0","0","0","0","0","0","0","0","2","0","0","0","0","0","0","0","0","0","0","0","0","0","0","0","0","0","0","0","0","0","0"
"","","...","...","-","-","-","-","-","-","-","-","-","-","-","-","-","-","-","-","-","-","-","-","-","-","-","-","-","-","-","-","-","-","-","-","-","-","-","-","-","-","-","-","-","-","-","-","-","-","-","-","-","-","-","-","-","-","-","-","-","-","-","-","-","-","-","-","-"
"","","0x76ff65284270","      SEL R3, RZ, 0x240, !P3","56","37","56","32768","1048576","1048576","32","32","0","0","0","-","-","-","0","0","0","0","0","0","0","0","-","0","0","0","0","0","0","0","0","0","0","0","0","51","1","0","0","0","0","0","0","0","0","0","4","0","0","0","0","0","0","36","0","0","0","0","0","0","0","0","0","0","1"
"","","...","...","-","-","-","-","-","-","-","-","-","-","-","-","-","-","-","-","-","-","-","-","-","-","-","-","-","-","-","-","-","-","-","-","-","-","-","-","-","-","-","-","-","-","-","-","-","-","-","-","-","-","-","-","-","-","-","-","-","-","-","-","-","-","-","-","-"
"","","0x76ff65284390","      IMAD.IADD R6, R3, 0x1, R4","1","0","1","32768","1048576","1048576","32","32","0","0","0","-","-","-","0","0","0","0","0","0","0","0","-","0","0","0","0","0","0","0","0","0","0","0","0","0","0","0","0","0","0","0","1","0","0","0","0","0","0","0","0","0","0","0","0","0","0","0","0","0","0","0","0","0","0"
"","","...","...","-","-","-","-","-","-","-","-","-","-","-","-","-","-","-","-","-","-","-","-","-","-","-","-","-","-","-","-","-","-","-","-","-","-","-","-","-","-","-","-","-","-","-","-","-","-","-","-","-","-","-","-","-","-","-","-","-","-","-","-","-","-","-","-","-"
"","","0x76ff652843e0","      LOP3.LUT R5, R2, 0x1c, RZ, 0xc0, !PT","0","0","0","32768","1048576","1048576","32","32","0","0","0","-","-","-","0","0","0","0","0","0","0","0","-","0","0","0","0","0","0","0","0","0","0","0","0","0","0","0","0","0","0","0","0","0","0","0","0","0","0","0","0","0","0","0","0","0","0","0","0","0","0","0","0","0","0"
"","","0x76ff652843f0","      IMAD.U32 R14, RZ, RZ, UR4","0","0","0","32768","1048576","1048576","32","32","0","0","0","-","-","-","0","0","0","0","0","0","0","0","-","0","0","0","0","0","0","0","0","0","0","0","0","0","0","0","0","0","0","0","0","0","0","0","0","0","0","0","0","0","0","0","0","0","0","0","0","0","0","0","0","0","0"
"","","...","...","-","-","-","-","-","-","-","-","-","-","-","-","-","-","-","-","-","-","-","-","-","-","-","-","-","-","-","-","-","-","-","-","-","-","-","-","-","-","-","-","-","-","-","-","-","-","-","-","-","-","-","-","-","-","-","-","-","-","-","-","-","-","-","-","-"
"","","0x76ff65284430","      IMAD R12, R12, 0x20, R5","1","0","1","32768","1048576","1048576","32","32","0","0","0","-","-","-","0","0","0","0","0","0","0","0","-","0","0","0","0","0","0","0","0","0","0","0","0","0","0","0","0","0","0","0","1","0","0","0","0","0","0","0","0","0","0","0","0","0","0","0","0","0","0","0","0","0","0"
"","","...","...","-","-","-","-","-","-","-","-","-","-","-","-","-","-","-","-","-","-","-","-","-","-","-","-","-","-","-","-","-","-","-","-","-","-","-","-","-","-","-","-","-","-","-","-","-","-","-","-","-","-","-","-","-","-","-","-","-","-","-","-","-","-","-","-","-"
"","","0x76ff65284480","      LOP3.LUT R5, R9, 0x18, RZ, 0xc0, !PT","3","0","3","32768","1048576","1048576","32","32","32","0","0","-","-","-","0","0","0","0","0","0","0","0","-","0","0","0","0","0","0","0","0","2","0","0","0","0","0","0","0","0","0","0","1","0","0","0","0","0","0","0","0","0","0","0","0","0","0","0","0","0","0","0","0","0","0"
"","","...","...","-","-","-","-","-","-","-","-","-","-","-","-","-","-","-","-","-","-","-","-","-","-","-","-","-","-","-","-","-","-","-","-","-","-","-","-","-","-","-","-","-","-","-","-","-","-","-","-","-","-","-","-","-","-","-","-","-","-","-","-","-","-","-","-","-"
"","","0x76ff652844a0","      SEL R7, RZ, 0x120, !P6","2","0","2","32768","1048576","1048576","32","32","0","0","0","-","-","-","0","0","0","0","0","0","0","0","-","0","0","0","0","0","0","0","0","0","0","0","0","0","0","0","0","0","0","0","2","0","0","0","0","0","0","0","0","0","0","0","0","0","0","0","0","0","0","0","0","0","0"
"","","...","...","-","-","-","-","-","-","-","-","-","-","-","-","-","-","-","-","-","-","-","-","-","-","-","-","-","-","-","-","-","-","-","-","-","-","-","-","-","-","-","-","-","-","-","-","-","-","-","-","-","-","-","-","-","-","-","-","-","-","-","-","-","-","-","-","-"
"","","0x76ff652844e0","      LOP3.LUT R5, R5, 0x60, R2, 0xf8, !PT","1","0","1","32768","1048576","1048576","32","32","32","0","0","-","-","-","0","0","0","0","0","0","0","0","-","0","0","0","0","0","0","0","0","0","0","0","0","0","0","0","0","0","0","0","1","0","0","0","0","0","0","0","0","0","0","0","0","0","0","0","0","0","0","0","0","0","0"
"","","...","...","-","-","-","-","-","-","-","-","-","-","-","-","-","-","-","-","-","-","-","-","-","-","-","-","-","-","-","-","-","-","-","-","-","-","-","-","-","-","-","-","-","-","-","-","-","-","-","-","-","-","-","-","-","-","-","-","-","-","-","-","-","-","-","-","-"
"","","0x76ff65284520","      LOP3.LUT R14, R6, R5, RZ, 0x3c, !PT","1","0","1","32768","1048576","1048576","32","32","0","0","0","-","-","-","0","0","0","0","0","0","0","0","-","0","0","0","0","0","0","0","0","0","0","0","0","0","0","0","0","0","0","0","1","0","0","0","0","0","0","0","0","0","0","0","0","0","0","0","0","0","0","0","0","0","0"
"","","...","...","-","-","-","-","-","-","-","-","-","-","-","-","-","-","-","-","-","-","-","-","-","-","-","-","-","-","-","-","-","-","-","-","-","-","-","-","-","-","-","-","-","-","-","-","-","-","-","-","-","-","-","-","-","-","-","-","-","-","-","-","-","-","-","-","-"
"","","0x76ff65284580","      LOP3.LUT R20, R12, R7, RZ, 0x3c, !PT","1","0","1","32768","1048576","1048576","32","32","0","0","0","-","-","-","0","0","0","0","0","0","0","0","-","0","0","0","0","0","0","0","0","0","0","0","0","0","0","0","0","0","0","0","1","0","0","0","0","0","0","0","0","0","0","0","0","0","0","0","0","0","0","0","0","0","0"
"","","...","...","-","-","-","-","-","-","-","-","-","-","-","-","-","-","-","-","-","-","-","-","-","-","-","-","-","-","-","-","-","-","-","-","-","-","-","-","-","-","-","-","-","-","-","-","-","-","-","-","-","-","-","-","-","-","-","-","-","-","-","-","-","-","-","-","-"
"","","0x76ff65284620","      SHF.R.S32.HI R13, RZ, 0x1, R2","0","0","0","32768","1048576","1048576","32","32","0","0","0","-","-","-","0","0","0","0","0","0","0","0","-","0","0","0","0","0","0","0","0","0","0","0","0","0","0","0","0","0","0","0","0","0","0","0","0","0","0","0","0","0","0","0","0","0","0","0","0","0","0","0","0","0","0"
"","","...","...","-","-","-","-","-","-","-","-","-","-","-","-","-","-","-","-","-","-","-","-","-","-","-","-","-","-","-","-","-","-","-","-","-","-","-","-","-","-","-","-","-","-","-","-","-","-","-","-","-","-","-","-","-","-","-","-","-","-","-","-","-","-","-","-","-"
"","","0x76ff65284670","      SGXT R13, R13, 0x1","2","0","2","32768","1048576","1048576","32","32","0","0","0","-","-","-","0","0","0","0","0","0","0","0","-","0","0","0","0","0","0","0","0","0","0","0","0","0","0","0","0","0","0","0","2","0","0","0","0","0","0","0","0","0","0","0","0","0","0","0","0","0","0","0","0","0","0"
"","","...","...","-","-","-","-","-","-","-","-","-","-","-","-","-","-","-","-","-","-","-","-","-","-","-","-","-","-","-","-","-","-","-","-","-","-","-","-","-","-","-","-","-","-","-","-","-","-","-","-","-","-","-","-","-","-","-","-","-","-","-","-","-","-","-","-","-"
"","","0x76ff65284700","      LOP3.LUT R10, R14, 0x404, R13, 0xf8, !PT","0","0","0","32768","1048576","1048576","32","32","0","0","0","-","-","-","0","0","0","0","0","0","0","0","-","0","0","0","0","0","0","0","0","0","0","0","0","0","0","0","0","0","0","0","0","0","0","0","0","0","0","0","0","0","0","0","0","0","0","0","0","0","0","0","0","0","0"
"","","...","...","-","-","-","-","-","-","-","-","-","-","-","-","-","-","-","-","-","-","-","-","-","-","-","-","-","-","-","-","-","-","-","-","-","-","-","-","-","-","-","-","-","-","-","-","-","-","-","-","-","-","-","-","-","-","-","-","-","-","-","-","-","-","-","-","-"
"","","0x76ff65284780","      UIMAD UR6, UR7, UR4, URZ","0","0","0","32768","1048576","1048576","32","32","0","0","0","-","-","-","0","0","0","0","0","0","0","0","-","0","0","0","0","0","0","0","0","0","0","0","0","0","0","0","0","0","0","0","0","0","0","0","0","0","0","0","0","0","0","0","0","0","0","0","0","0","0","0","0","0","0"
"","","...","...","-","-","-","-","-","-","-","-","-","-","-","-","-","-","-","-","-","-","-","-","-","-","-","-","-","-","-","-","-","-","-","-","-","-","-","-","-","-","-","-","-","-","-","-","-","-","-","-","-","-","-","-","-","-","-","-","-","-","-","-","-","-","-","-","-"
"","","0x76ff652848d0","      LOP3.LUT R12, R10, 0x4, RZ, 0x3c, !PT","0","0","0","32768","1048576","1048576","32","32","0","0","0","-","-","-","0","0","0","0","0","0","0","0","-","0","0","0","0","0","0","0","0","0","0","0","0","0","0","0","0","0","0","0","0","0","0","0","0","0","0","0","0","0","0","0","0","0","0","0","0","0","0","0","0","0","0"
"","","...","...","-","-","-","-","-","-","-","-","-","-","-","-","-","-","-","-","-","-","-","-","-","-","-","-","-","-","-","-","-","-","-","-","-","-","-","-","-","-","-","-","-","-","-","-","-","-","-","-","-","-","-","-","-","-","-","-","-","-","-","-","-","-","-","-","-"
"","","0x76ff65284940","      LOP3.LUT R9, R20, 0x80, R9, 0xf8, !PT","1","0","1","32768","1048576","1048576","32","32","32","0","0","-","-","-","0","0","0","0","0","0","0","0","-","0","0","0","0","0","0","0","0","0","0","0","0","0","0","0","0","0","0","0","1","0","0","0","0","0","0","0","0","0","0","0","0","0","0","0","0","0","0","0","0","0","0"
"","","...","...","-","-","-","-","-","-","-","-","-","-","-","-","-","-","-","-","-","-","-","-","-","-","-","-","-","-","-","-","-","-","-","-","-","-","-","-","-","-","-","-","-","-","-","-","-","-","-","-","-","-","-","-","-","-","-","-","-","-","-","-","-","-","-","-","-"
"","","0x76ff652849a0","      LOP3.LUT R6, R9, 0x4, RZ, 0x3c, !PT","0","0","0","32768","1048576","1048576","32","32","0","0","0","-","-","-","0","0","0","0","0","0","0","0","-","0","0","0","0","0","0","0","0","0","0","0","0","0","0","0","0","0","0","0","0","0","0","0","0","0","0","0","0","0","0","0","0","0","0","0","0","0","0","0","0","0","0"
"","","...","...","-","-","-","-","-","-","-","-","-","-","-","-","-","-","-","-","-","-","-","-","-","-","-","-","-","-","-","-","-","-","-","-","-","-","-","-","-","-","-","-","-","-","-","-","-","-","-","-","-","-","-","-","-","-","-","-","-","-","-","-","-","-","-","-","-"
"","","0x76ff652849c0","      STS [R10], R17","19","2","19","32768","1048576","1048576","32","32","0","0","0","Shared","Store","32","0","1","0","32768","32768","0","0","0","-","0","0","0","0","0","0","11","0","0","0","0","0","0","0","0","3","0","0","2","3","0","0","0","0","1","0","0","0","0","0","0","0","0","1","0","0","0","0","0","0","0","0"
"","","0x76ff652849d0","      LOP3.LUT R7, R9, 0x44, RZ, 0x3c, !PT","3","0","3","32768","1048576","1048576","32","32","0","0","0","-","-","-","0","0","0","0","0","0","0","0","-","0","0","0","0","0","0","0","0","0","0","0","0","0","0","0","0","0","0","0","3","0","0","0","0","0","0","0","0","0","0","0","0","0","0","0","0","0","0","0","0","0","0"
"","","...","...","-","-","-","-","-","-","-","-","-","-","-","-","-","-","-","-","-","-","-","-","-","-","-","-","-","-","-","-","-","-","-","-","-","-","-","-","-","-","-","-","-","-","-","-","-","-","-","-","-","-","-","-","-","-","-","-","-","-","-","-","-","-","-","-","-"
"","","0x76ff652849f0","      STS [R10+0x80], R19","2","1","2","32768","1048576","1048576","32","32","0","0","0","Shared","Store","32","0","1","0","32768","32768","0","0","0","-","0","0","0","0","0","0","0","0","0","0","0","0","0","0","0","1","0","0","0","1","0","0","0","0","0","0","0","0","0","0","0","0","0","1","0","0","0","0","0","0","0","0"
"","","...","...","-","-","-","-","-","-","-","-","-","-","-","-","-","-","-","-","-","-","-","-","-","-","-","-","-","-","-","-","-","-","-","-","-","-","-","-","-","-","-","-","-","-","-","-","-","-","-","-","-","-","-","-","-","-","-","-","-","-","-","-","-","-","-","-","-"
"","","0x76ff65284a10","      LOP3.LUT R5, R9, 0x40, RZ, 0x3c, !PT","0","0","0","32768","1048576","1048576","32","32","0","0","0","-","-","-","0","0","0","0","0","0","0","0","-","0","0","0","0","0","0","0","0","0","0","0","0","0","0","0","0","0","0","0","0","0","0","0","0","0","0","0","0","0","0","0","0","0","0","0","0","0","0","0","0","0","0"
"","","0x76ff65284a20","      STS [R12], R11","10","4","10","32768","1048576","1048576","32","32","0","0","0","Shared","Store","32","0","1","0","32768","32768","0","0","0","-","0","0","0","0","0","0","0","0","0","0","0","0","0","0","0","6","0","0","0","2","0","0","0","2","0","0","0","0","0","0","0","0","0","4","0","0","0","0","0","0","0","0"
"","","...","...","-","-","-","-","-","-","-","-","-","-","-","-","-","-","-","-","-","-","-","-","-","-","-","-","-","-","-","-","-","-","-","-","-","-","-","-","-","-","-","-","-","-","-","-","-","-","-","-","-","-","-","-","-","-","-","-","-","-","-","-","-","-","-","-","-"
"","","0x76ff65284a50","      STS [R12+0x80], R22","1","1","1","32768","1048576","1048576","32","32","0","0","0","Shared","Store","32","0","1","0","32768","32768","0","0","0","-","0","0","0","0","0","0","0","0","0","0","0","0","0","0","0","1","0","0","0","0","0","0","0","0","0","0","0","0","0","0","0","0","0","1","0","0","0","0","0","0","0","0"
"","","0x76ff65284a60","      BAR.SYNC.DEFER_BLOCKING 0x0","8","5","8","32768","1048576","1048576","32","32","0","0","0","-","-","-","0","0","0","0","0","0","0","0","-","0","0","0","0","0","0","0","0","0","0","0","0","0","0","0","5","0","0","0","1","0","0","0","2","0","0","0","0","0","0","0","0","0","4","0","0","0","0","0","0","0","1"
"","","...","...","-","-","-","-","-","-","-","-","-","-","-","-","-","-","-","-","-","-","-","-","-","-","-","-","-","-","-","-","-","-","-","-","-","-","-","-","-","-","-","-","-","-","-","-","-","-","-","-","-","-","-","-","-","-","-","-","-","-","-","-","-","-","-","-","-"
"","","0x76ff65284b80","      LDS R5, [R5+0x200]","8","6","8","32768","1048576","1048576","32","32","0","0","0","Shared","Load","32","0","1","0","32768","32768","0","0","0","-","0","0","0","0","0","0","0","0","0","0","0","0","0","0","0","7","0","0","0","1","0","0","0","0","0","0","0","0","0","0","0","0","0","6","0","0","0","0","0","0","0","0"
"","","0x76ff65284b90","      LDS R6, [R6+0x400]","5","2","5","32768","1048576","1048576","32","32","0","0","0","Shared","Load","32","0","1","0","32768","32768","0","0","0","-","0","0","0","0","0","0","0","0","0","0","0","0","0","0","0","2","0","0","1","0","0","0","0","2","0","0","0","0","0","0","0","0","0","2","0","0","0","0","0","0","0","0"
"","","0x76ff65284ba0","      LDS R4, [R9]","8","4","8","32768","1048576","1048576","32","32","0","0","0","Shared","Load","32","0","1","0","32768","32768","0","0","0","-","0","0","0","0","0","0","0","0","0","0","0","0","0","0","0","2","0","0","1","1","0","0","0","4","0","0","0","0","0","0","0","0","0","2","0","0","0","0","0","0","0","2"
"","","0x76ff65284bb0","      LDS R7, [R7+0x600]","10","5","10","32768","1048576","1048576","32","32","0","0","0","Shared","Load","32","0","1","0","32768","32768","0","0","0","-","0","0","0","0","0","0","0","0","0","0","0","0","0","0","0","5","0","0","0","1","0","0","0","4","0","0","0","0","0","0","0","0","0","3","0","0","0","0","0","0","0","2"
"","","0x76ff65284bc0","      IMAD.U32 R9, RZ, RZ, UR6","18","10","18","32768","1048576","1048576","32","32","0","0","0","-","-","-","0","0","0","0","0","0","0","0","-","0","0","0","0","0","0","0","0","0","0","0","0","0","0","0","0","0","0","0","2","16","0","0","0","0","0","0","0","0","0","0","0","0","0","0","0","0","0","10","0","0","0"
"","","...","...","-","-","-","-","-","-","-","-","-","-","-","-","-","-","-","-","-","-","-","-","-","-","-","-","-","-","-","-","-","-","-","-","-","-","-","-","-","-","-","-","-","-","-","-","-","-","-","-","-","-","-","-","-","-","-","-","-","-","-","-","-","-","-","-","-"
"","","0x76ff65284be0","      IMAD R9, R10, UR4, R9","2","1","2","32768","1048576","1048576","32","32","0","0","0","-","-","-","0","0","0","0","0","0","0","0","-","0","0","0","0","0","0","0","0","0","0","0","0","0","0","0","0","0","0","1","0","0","0","0","1","0","0","0","0","0","0","0","0","0","0","0","0","0","0","0","0","0","1"
"","","0x76ff65284bf0","      IMAD.WIDE.U32 R10, R10, c[0x0][0x1a4], RZ","1","0","1","32768","1048576","1048576","32","32","0","0","0","-","-","-","0","0","0","0","0","0","0","0","-","0","0","0","0","0","0","0","0","0","0","0","0","0","0","0","0","0","0","0","1","0","0","0","0","0","0","0","0","0","0","0","0","0","0","0","0","0","0","0","0","0","0"
"","","0x76ff65284c00","      IMAD.IADD R9, R11, 0x1, R9","6","3","6","32768","1048576","1048576","32","32","0","0","0","-","-","-","0","0","0","0","0","0","0","0","-","0","0","0","0","0","0","0","0","1","0","0","0","0","0","0","0","0","0","0","1","0","0","0","4","0","0","0","0","0","0","0","0","0","0","0","0","0","0","0","0","0","3"
"","","0x76ff65284c10","      LEA R8, P3, R10, R17, 0x1","0","0","0","32768","1048576","1048576","32","32","0","0","0","-","-","-","0","0","0","0","0","0","0","0","-","0","0","0","0","0","0","0","0","0","0","0","0","0","0","0","0","0","0","0","0","0","0","0","0","0","0","0","0","0","0","0","0","0","0","0","0","0","0","0","0","0","0"
"","","...","...","-","-","-","-","-","-","-","-","-","-","-","-","-","-","-","-","-","-","-","-","-","-","-","-","-","-","-","-","-","-","-","-","-","-","-","-","-","-","-","-","-","-","-","-","-","-","-","-","-","-","-","-","-","-","-","-","-","-","-","-","-","-","-","-","-"
"","","0x76ff65284c40","      LEA.HI.X R10, R10, R12, R9, 0x1, P3","1","0","1","32768","1048576","1048576","32","32","0","0","0","-","-","-","0","0","0","0","0","0","0","0","-","0","0","0","0","0","0","0","0","0","0","0","0","0","0","0","0","0","0","0","0","0","0","0","1","0","0","0","0","0","0","0","0","0","0","0","0","0","0","0","0","0","0"
"","","0x76ff65284c50","      LEA R8, P3, R11, R8, 0x1","1","0","1","32768","1048576","1048576","32","32","0","0","0","-","-","-","0","0","0","0","0","0","0","0","-","0","0","0","0","0","0","0","0","0","0","0","0","0","0","0","0","0","0","0","0","0","0","0","1","0","0","0","0","0","0","0","0","0","0","0","0","0","0","0","0","0","0"
"","","...","...","-","-","-","-","-","-","-","-","-","-","-","-","-","-","-","-","-","-","-","-","-","-","-","-","-","-","-","-","-","-","-","-","-","-","-","-","-","-","-","-","-","-","-","-","-","-","-","-","-","-","-","-","-","-","-","-","-","-","-","-","-","-","-","-","-"
"","","0x76ff65284c90","      IMAD.X R9, RZ, RZ, R10, P3","1","0","1","32768","1048576","1048576","32","32","0","0","0","-","-","-","0","0","0","0","0","0","0","0","-","0","0","0","0","0","0","0","0","0","0","0","0","0","0","0","0","0","0","0","1","0","0","0","0","0","0","0","0","0","0","0","0","0","0","0","0","0","0","0","0","0","0"
"","","...","...","-","-","-","-","-","-","-","-","-","-","-","-","-","-","-","-","-","-","-","-","-","-","-","-","-","-","-","-","-","-","-","-","-","-","-","-","-","-","-","-","-","-","-","-","-","-","-","-","-","-","-","-","-","-","-","-","-","-","-","-","-","-","-","-","-"
"","","0x76ff65284cb0","@P0   STG.E.128 [R8.64], R4","7","5","7","32768","1048576","1048576","32","32","0","0","0","Global","Store","128","131072","0","0","0","0","0","524288","524288","","0","0","0","0","0","0","0","0","0","0","0","0","0","0","0","1","0","0","0","0","4","0","0","2","0","0","0","0","0","0","0","0","0","1","0","0","0","0","3","0","0","1"
"99","L_i = tl.reshape(m_acc + tl.log(l_acc), (Q_TILE_SIZE,))","-","-","77","5","77","1769472","56623104","50331648","1728","1536","288","192","0","-","-","-","0","0","0","0","0","0","0","0","-","0","0","0","0","0","0","0","0","1","0","0","0","0","3","0","0","0","1","8","54","4","0","0","6","0","0","0","0","0","0","0","1","0","0","0","1","0","0","3","0","0","0"
"","","0x76ff65284380","      FSETP.GEU.AND P4, PT, R32, 1.175494350822287508e-38, PT","1","0","1","32768","1048576","1048576","32","32","32","0","0","-","-","-","0","0","0","0","0","0","0","0","-","0","0","0","0","0","0","0","0","0","0","0","0","0","0","0","0","0","0","0","1","0","0","0","0","0","0","0","0","0","0","0","0","0","0","0","0","0","0","0","0","0","0"
"","","...","...","-","-","-","-","-","-","-","-","-","-","-","-","-","-","-","-","-","-","-","-","-","-","-","-","-","-","-","-","-","-","-","-","-","-","-","-","-","-","-","-","-","-","-","-","-","-","-","-","-","-","-","-","-","-","-","-","-","-","-","-","-","-","-","-","-"
"","","0x76ff652843a0","      FSETP.GEU.AND P5, PT, R33, 1.175494350822287508e-38, PT","1","0","1","32768","1048576","1048576","32","32","0","0","0","-","-","-","0","0","0","0","0","0","0","0","-","0","0","0","0","0","0","0","0","0","0","0","0","0","0","0","0","0","0","0","1","0","0","0","0","0","0","0","0","0","0","0","0","0","0","0","0","0","0","0","0","0","0"
"","","...","...","-","-","-","-","-","-","-","-","-","-","-","-","-","-","-","-","-","-","-","-","-","-","-","-","-","-","-","-","-","-","-","-","-","-","-","-","-","-","-","-","-","-","-","-","-","-","-","-","-","-","-","-","-","-","-","-","-","-","-","-","-","-","-","-","-"
"","","0x76ff65284450","@!P4  FMUL R32, R32, 8388608","1","0","1","32768","1048576","0","32","0","32","32","0","-","-","-","0","0","0","0","0","0","0","0","-","0","0","0","0","0","0","0","0","0","0","0","0","0","0","0","0","0","0","0","1","0","0","0","0","0","0","0","0","0","0","0","0","0","0","0","0","0","0","0","0","0","0"
"","","...","...","-","-","-","-","-","-","-","-","-","-","-","-","-","-","-","-","-","-","-","-","-","-","-","-","-","-","-","-","-","-","-","-","-","-","-","-","-","-","-","-","-","-","-","-","-","-","-","-","-","-","-","-","-","-","-","-","-","-","-","-","-","-","-","-","-"
"","","0x76ff65284470","@!P5  FMUL R33, R33, 8388608","1","0","1","32768","1048576","0","32","0","32","32","0","-","-","-","0","0","0","0","0","0","0","0","-","0","0","0","0","0","0","0","0","0","0","0","0","0","0","0","0","0","0","0","1","0","0","0","0","0","0","0","0","0","0","0","0","0","0","0","0","0","0","0","0","0","0"
"","","...","...","-","-","-","-","-","-","-","-","-","-","-","-","-","-","-","-","-","-","-","-","-","-","-","-","-","-","-","-","-","-","-","-","-","-","-","-","-","-","-","-","-","-","-","-","-","-","-","-","-","-","-","-","-","-","-","-","-","-","-","-","-","-","-","-","-"
"","","0x76ff65284540","      IADD3 R5, R32, -0x3f2aaaab, RZ","1","0","1","32768","1048576","1048576","32","32","0","0","0","-","-","-","0","0","0","0","0","0","0","0","-","0","0","0","0","0","0","0","0","0","0","0","0","0","0","0","0","0","0","0","1","0","0","0","0","0","0","0","0","0","0","0","0","0","0","0","0","0","0","0","0","0","0"
"","","...","...","-","-","-","-","-","-","-","-","-","-","-","-","-","-","-","-","-","-","-","-","-","-","-","-","-","-","-","-","-","-","-","-","-","-","-","-","-","-","-","-","-","-","-","-","-","-","-","-","-","-","-","-","-","-","-","-","-","-","-","-","-","-","-","-","-"
"","","0x76ff65284560","      IADD3 R6, R33, -0x3f2aaaab, RZ","0","0","0","32768","1048576","1048576","32","32","0","0","0","-","-","-","0","0","0","0","0","0","0","0","-","0","0","0","0","0","0","0","0","0","0","0","0","0","0","0","0","0","0","0","0","0","0","0","0","0","0","0","0","0","0","0","0","0","0","0","0","0","0","0","0","0","0"
"","","...","...","-","-","-","-","-","-","-","-","-","-","-","-","-","-","-","-","-","-","-","-","-","-","-","-","-","-","-","-","-","-","-","-","-","-","-","-","-","-","-","-","-","-","-","-","-","-","-","-","-","-","-","-","-","-","-","-","-","-","-","-","-","-","-","-","-"
"","","0x76ff652845a0","      LOP3.LUT R7, R5, 0xff800000, RZ, 0xc0, !PT","1","0","1","32768","1048576","1048576","32","32","0","0","0","-","-","-","0","0","0","0","0","0","0","0","-","0","0","0","0","0","0","0","0","0","0","0","0","0","0","0","0","0","0","0","1","0","0","0","0","0","0","0","0","0","0","0","0","0","0","0","0","0","0","0","0","0","0"
"","","...","...","-","-","-","-","-","-","-","-","-","-","-","-","-","-","-","-","-","-","-","-","-","-","-","-","-","-","-","-","-","-","-","-","-","-","-","-","-","-","-","-","-","-","-","-","-","-","-","-","-","-","-","-","-","-","-","-","-","-","-","-","-","-","-","-","-"
"","","0x76ff652845c0","      LOP3.LUT R6, R6, 0xff800000, RZ, 0xc0, !PT","0","0","0","32768","1048576","1048576","32","32","32","0","0","-","-","-","0","0","0","0","0","0","0","0","-","0","0","0","0","0","0","0","0","0","0","0","0","0","0","0","0","0","0","0","0","0","0","0","0","0","0","0","0","0","0","0","0","0","0","0","0","0","0","0","0","0","0"
"","","...","...","-","-","-","-","-","-","-","-","-","-","-","-","-","-","-","-","-","-","-","-","-","-","-","-","-","-","-","-","-","-","-","-","-","-","-","-","-","-","-","-","-","-","-","-","-","-","-","-","-","-","-","-","-","-","-","-","-","-","-","-","-","-","-","-","-"
"","","0x76ff652845f0","      IMAD.IADD R5, R32, 0x1, -R7","1","0","1","32768","1048576","1048576","32","32","0","0","0","-","-","-","0","0","0","0","0","0","0","0","-","0","0","0","0","0","0","0","0","0","0","0","0","0","0","0","0","0","0","0","1","0","0","0","0","0","0","0","0","0","0","0","0","0","0","0","0","0","0","0","0","0","0"
"","","...","...","-","-","-","-","-","-","-","-","-","-","-","-","-","-","-","-","-","-","-","-","-","-","-","-","-","-","-","-","-","-","-","-","-","-","-","-","-","-","-","-","-","-","-","-","-","-","-","-","-","-","-","-","-","-","-","-","-","-","-","-","-","-","-","-","-"
"","","0x76ff65284610","      IMAD.IADD R4, R33, 0x1, -R6","1","0","1","32768","1048576","1048576","32","32","0","0","0","-","-","-","0","0","0","0","0","0","0","0","-","0","0","0","0","0","0","0","0","0","0","0","0","0","0","0","0","0","0","0","1","0","0","0","0","0","0","0","0","0","0","0","0","0","0","0","0","0","0","0","0","0","0"
"","","...","...","-","-","-","-","-","-","-","-","-","-","-","-","-","-","-","-","-","-","-","-","-","-","-","-","-","-","-","-","-","-","-","-","-","-","-","-","-","-","-","-","-","-","-","-","-","-","-","-","-","-","-","-","-","-","-","-","-","-","-","-","-","-","-","-","-"
"","","0x76ff65284630","      FADD R5, R5, -1","2","0","2","32768","1048576","1048576","32","32","0","0","0","-","-","-","0","0","0","0","0","0","0","0","-","0","0","0","0","0","0","0","0","0","0","0","0","0","0","0","0","0","0","0","2","0","0","0","0","0","0","0","0","0","0","0","0","0","0","0","0","0","0","0","0","0","0"
"","","...","...","-","-","-","-","-","-","-","-","-","-","-","-","-","-","-","-","-","-","-","-","-","-","-","-","-","-","-","-","-","-","-","-","-","-","-","-","-","-","-","-","-","-","-","-","-","-","-","-","-","-","-","-","-","-","-","-","-","-","-","-","-","-","-","-","-"
"","","0x76ff65284650","      IMAD.MOV.U32 R15, RZ, RZ, 0x3e055027","0","0","0","32768","1048576","1048576","32","32","0","0","0","-","-","-","0","0","0","0","0","0","0","0","-","0","0","0","0","0","0","0","0","0","0","0","0","0","0","0","0","0","0","0","0","0","0","0","0","0","0","0","0","0","0","0","0","0","0","0","0","0","0","0","0","0","0"
"","","0x76ff65284660","      FADD R4, R4, -1","1","0","1","32768","1048576","1048576","32","32","0","0","0","-","-","-","0","0","0","0","0","0","0","0","-","0","0","0","0","0","0","0","0","0","0","0","0","0","0","0","0","0","0","0","1","0","0","0","0","0","0","0","0","0","0","0","0","0","0","0","0","0","0","0","0","0","0"
"","","...","...","-","-","-","-","-","-","-","-","-","-","-","-","-","-","-","-","-","-","-","-","-","-","-","-","-","-","-","-","-","-","-","-","-","-","-","-","-","-","-","-","-","-","-","-","-","-","-","-","-","-","-","-","-","-","-","-","-","-","-","-","-","-","-","-","-"
"","","0x76ff65284690","      FFMA.FTZ R24, R5, -R15, 0.14084610342979431152","0","0","0","32768","1048576","1048576","32","32","0","0","0","-","-","-","0","0","0","0","0","0","0","0","-","0","0","0","0","0","0","0","0","0","0","0","0","0","0","0","0","0","0","0","0","0","0","0","0","0","0","0","0","0","0","0","0","0","0","0","0","0","0","0","0","0","0"
"","","0x76ff652846a0","      FFMA.FTZ R15, R4, -R15, 0.14084610342979431152","3","0","3","32768","1048576","1048576","32","32","0","0","0","-","-","-","0","0","0","0","0","0","0","0","-","0","0","0","0","0","0","0","0","0","0","0","0","0","0","0","0","0","0","0","3","0","0","0","0","0","0","0","0","0","0","0","0","0","0","0","0","0","0","0","0","0","0"
"","","...","...","-","-","-","-","-","-","-","-","-","-","-","-","-","-","-","-","-","-","-","-","-","-","-","-","-","-","-","-","-","-","-","-","-","-","-","-","-","-","-","-","-","-","-","-","-","-","-","-","-","-","-","-","-","-","-","-","-","-","-","-","-","-","-","-","-"
"","","0x76ff652846d0","      FFMA.FTZ R24, R5, R24, -0.12148627638816833496","0","0","0","32768","1048576","1048576","32","32","0","0","0","-","-","-","0","0","0","0","0","0","0","0","-","0","0","0","0","0","0","0","0","0","0","0","0","0","0","0","0","0","0","0","0","0","0","0","0","0","0","0","0","0","0","0","0","0","0","0","0","0","0","0","0","0","0"
"","","0x76ff652846e0","      FFMA.FTZ R15, R4, R15, -0.12148627638816833496","2","0","2","32768","1048576","1048576","32","32","0","0","0","-","-","-","0","0","0","0","0","0","0","0","-","0","0","0","0","0","0","0","0","1","0","0","0","0","0","0","0","0","0","0","1","0","0","0","0","0","0","0","0","0","0","0","0","0","0","0","0","0","0","0","0","0","0"
"","","...","...","-","-","-","-","-","-","-","-","-","-","-","-","-","-","-","-","-","-","-","-","-","-","-","-","-","-","-","-","-","-","-","-","-","-","-","-","-","-","-","-","-","-","-","-","-","-","-","-","-","-","-","-","-","-","-","-","-","-","-","-","-","-","-","-","-"
"","","0x76ff65284710","      FFMA.FTZ R24, R5, R24, 0.13980610668659210205","1","0","1","32768","1048576","1048576","32","32","0","0","0","-","-","-","0","0","0","0","0","0","0","0","-","0","0","0","0","0","0","0","0","0","0","0","0","0","0","0","0","0","0","0","1","0","0","0","0","0","0","0","0","0","0","0","0","0","0","0","0","0","0","0","0","0","0"
"","","0x76ff65284720","      FFMA.FTZ R15, R4, R15, 0.13980610668659210205","2","0","2","32768","1048576","1048576","32","32","0","0","0","-","-","-","0","0","0","0","0","0","0","0","-","0","0","0","0","0","0","0","0","0","0","0","0","0","0","0","0","0","0","0","2","0","0","0","0","0","0","0","0","0","0","0","0","0","0","0","0","0","0","0","0","0","0"
"","","...","...","-","-","-","-","-","-","-","-","-","-","-","-","-","-","-","-","-","-","-","-","-","-","-","-","-","-","-","-","-","-","-","-","-","-","-","-","-","-","-","-","-","-","-","-","-","-","-","-","-","-","-","-","-","-","-","-","-","-","-","-","-","-","-","-","-"
"","","0x76ff65284750","      FFMA.FTZ R24, R5, R24, -0.16684235632419586182","1","0","1","32768","1048576","1048576","32","32","0","0","0","-","-","-","0","0","0","0","0","0","0","0","-","0","0","0","0","0","0","0","0","0","0","0","0","0","0","0","0","0","0","0","1","0","0","0","0","0","0","0","0","0","0","0","0","0","0","0","0","0","0","0","0","0","0"
"","","0x76ff65284760","      FFMA.FTZ R15, R4, R15, -0.16684235632419586182","3","0","3","32768","1048576","1048576","32","32","0","0","0","-","-","-","0","0","0","0","0","0","0","0","-","0","0","0","0","0","0","0","0","0","0","0","0","0","0","0","0","0","0","0","3","0","0","0","0","0","0","0","0","0","0","0","0","0","0","0","0","0","0","0","0","0","0"
"","","0x76ff65284770","      I2FP.F32.S32 R14, R7","0","0","0","32768","1048576","1048576","32","32","0","0","0","-","-","-","0","0","0","0","0","0","0","0","-","0","0","0","0","0","0","0","0","0","0","0","0","0","0","0","0","0","0","0","0","0","0","0","0","0","0","0","0","0","0","0","0","0","0","0","0","0","0","0","0","0","0"
"","","...","...","-","-","-","-","-","-","-","-","-","-","-","-","-","-","-","-","-","-","-","-","-","-","-","-","-","-","-","-","-","-","-","-","-","-","-","-","-","-","-","-","-","-","-","-","-","-","-","-","-","-","-","-","-","-","-","-","-","-","-","-","-","-","-","-","-"
"","","0x76ff65284790","      FFMA.FTZ R24, R5, R24, 0.20012299716472625732","1","0","1","32768","1048576","1048576","32","32","0","0","0","-","-","-","0","0","0","0","0","0","0","0","-","0","0","0","0","0","0","0","0","0","0","0","0","0","0","0","0","0","0","0","1","0","0","0","0","0","0","0","0","0","0","0","0","0","0","0","0","0","0","0","0","0","0"
"","","0x76ff652847a0","      FFMA.FTZ R15, R4, R15, 0.20012299716472625732","1","0","1","32768","1048576","1048576","32","32","0","0","0","-","-","-","0","0","0","0","0","0","0","0","-","0","0","0","0","0","0","0","0","0","0","0","0","0","0","0","0","0","0","0","1","0","0","0","0","0","0","0","0","0","0","0","0","0","0","0","0","0","0","0","0","0","0"
"","","0x76ff652847b0","      FSEL R12, RZ, -23, P5","0","0","0","32768","1048576","1048576","32","32","0","0","0","-","-","-","0","0","0","0","0","0","0","0","-","0","0","0","0","0","0","0","0","0","0","0","0","0","0","0","0","0","0","0","0","0","0","0","0","0","0","0","0","0","0","0","0","0","0","0","0","0","0","0","0","0","0"
"","","...","...","-","-","-","-","-","-","-","-","-","-","-","-","-","-","-","-","-","-","-","-","-","-","-","-","-","-","-","-","-","-","-","-","-","-","-","-","-","-","-","-","-","-","-","-","-","-","-","-","-","-","-","-","-","-","-","-","-","-","-","-","-","-","-","-","-"
"","","0x76ff652847d0","      FFMA.FTZ R24, R5, R24, -0.24999669194221496582","1","0","1","32768","1048576","1048576","32","32","0","0","0","-","-","-","0","0","0","0","0","0","0","0","-","0","0","0","0","0","0","0","0","0","0","0","0","0","0","0","0","0","0","0","1","0","0","0","0","0","0","0","0","0","0","0","0","0","0","0","0","0","0","0","0","0","0"
"","","0x76ff652847e0","      FFMA.FTZ R15, R4, R15, -0.24999669194221496582","1","0","1","32768","1048576","1048576","32","32","0","0","0","-","-","-","0","0","0","0","0","0","0","0","-","0","0","0","0","0","0","0","0","0","0","0","0","0","0","0","0","0","0","0","1","0","0","0","0","0","0","0","0","0","0","0","0","0","0","0","0","0","0","0","0","0","0"
"","","0x76ff652847f0","      I2FP.F32.S32 R7, R6","2","0","2","32768","1048576","1048576","32","32","0","0","0","-","-","-","0","0","0","0","0","0","0","0","-","0","0","0","0","0","0","0","0","0","0","0","0","0","0","0","0","0","0","0","2","0","0","0","0","0","0","0","0","0","0","0","0","0","0","0","0","0","0","0","0","0","0"
"","","0x76ff65284800","      FSEL R13, RZ, -23, P4","4","1","4","32768","1048576","1048576","32","32","0","0","0","-","-","-","0","0","0","0","0","0","0","0","-","0","0","0","0","0","0","0","0","0","0","0","0","0","2","0","0","0","0","2","0","0","0","0","0","0","0","0","0","0","0","0","1","0","0","0","0","0","0","0","0","0","0"
"","","0x76ff65284810","      FFMA.FTZ R24, R5, R24, 0.33333182334899902344","2","0","2","32768","1048576","1048576","32","32","0","0","0","-","-","-","0","0","0","0","0","0","0","0","-","0","0","0","0","0","0","0","0","0","0","0","0","0","0","0","0","0","0","0","2","0","0","0","0","0","0","0","0","0","0","0","0","0","0","0","0","0","0","0","0","0","0"
"","","0x76ff65284820","      ISETP.GE.U32.AND P2, PT, R33, 0x7f800000, PT","1","0","1","32768","1048576","1048576","32","32","0","0","0","-","-","-","0","0","0","0","0","0","0","0","-","0","0","0","0","0","0","0","0","0","0","0","0","0","0","0","0","0","0","0","1","0","0","0","0","0","0","0","0","0","0","0","0","0","0","0","0","0","0","0","0","0","0"
"","","0x76ff65284830","      FFMA.FTZ R15, R4, R15, 0.33333182334899902344","2","0","2","32768","1048576","1048576","32","32","0","0","0","-","-","-","0","0","0","0","0","0","0","0","-","0","0","0","0","0","0","0","0","0","0","0","0","0","0","0","0","0","0","0","2","0","0","0","0","0","0","0","0","0","0","0","0","0","0","0","0","0","0","0","0","0","0"
"","","0x76ff65284840","      ISETP.GE.U32.AND P4, PT, R32, 0x7f800000, PT","3","0","3","32768","1048576","1048576","32","32","0","0","0","-","-","-","0","0","0","0","0","0","0","0","-","0","0","0","0","0","0","0","0","0","0","0","0","0","0","0","0","0","0","0","3","0","0","0","0","0","0","0","0","0","0","0","0","0","0","0","0","0","0","0","0","0","0"
"","","0x76ff65284850","      FFMA.FTZ R7, R7, 1.1920928955078125e-07, R12","1","0","1","32768","1048576","1048576","32","32","0","0","0","-","-","-","0","0","0","0","0","0","0","0","-","0","0","0","0","0","0","0","0","0","0","0","0","0","0","0","0","0","0","0","1","0","0","0","0","0","0","0","0","0","0","0","0","0","0","0","0","0","0","0","0","0","0"
"","","...","...","-","-","-","-","-","-","-","-","-","-","-","-","-","-","-","-","-","-","-","-","-","-","-","-","-","-","-","-","-","-","-","-","-","-","-","-","-","-","-","-","-","-","-","-","-","-","-","-","-","-","-","-","-","-","-","-","-","-","-","-","-","-","-","-","-"
"","","0x76ff65284890","      FFMA.FTZ R24, R5, R24, -0.5","1","0","1","32768","1048576","1048576","32","32","0","0","0","-","-","-","0","0","0","0","0","0","0","0","-","0","0","0","0","0","0","0","0","0","0","0","0","0","0","0","0","0","0","0","1","0","0","0","0","0","0","0","0","0","0","0","0","0","0","0","0","0","0","0","0","0","0"
"","","0x76ff652848a0","      FFMA.FTZ R15, R4, R15, -0.5","2","0","2","32768","1048576","1048576","32","32","0","0","0","-","-","-","0","0","0","0","0","0","0","0","-","0","0","0","0","0","0","0","0","0","0","0","0","0","0","0","0","0","0","0","2","0","0","0","0","0","0","0","0","0","0","0","0","0","0","0","0","0","0","0","0","0","0"
"","","...","...","-","-","-","-","-","-","-","-","-","-","-","-","-","-","-","-","-","-","-","-","-","-","-","-","-","-","-","-","-","-","-","-","-","-","-","-","-","-","-","-","-","-","-","-","-","-","-","-","-","-","-","-","-","-","-","-","-","-","-","-","-","-","-","-","-"
"","","0x76ff652848c0","      FFMA.FTZ R13, R14, 1.1920928955078125e-07, R13","0","0","0","32768","1048576","1048576","32","32","0","0","0","-","-","-","0","0","0","0","0","0","0","0","-","0","0","0","0","0","0","0","0","0","0","0","0","0","0","0","0","0","0","0","0","0","0","0","0","0","0","0","0","0","0","0","0","0","0","0","0","0","0","0","0","0","0"
"","","...","...","-","-","-","-","-","-","-","-","-","-","-","-","-","-","-","-","-","-","-","-","-","-","-","-","-","-","-","-","-","-","-","-","-","-","-","-","-","-","-","-","-","-","-","-","-","-","-","-","-","-","-","-","-","-","-","-","-","-","-","-","-","-","-","-","-"
"","","0x76ff652848e0","      FMUL R24, R5, R24","0","0","0","32768","1048576","1048576","32","32","0","0","0","-","-","-","0","0","0","0","0","0","0","0","-","0","0","0","0","0","0","0","0","0","0","0","0","0","0","0","0","0","0","0","0","0","0","0","0","0","0","0","0","0","0","0","0","0","0","0","0","0","0","0","0","0","0"
"","","0x76ff652848f0","      FMUL R15, R4, R15","2","0","2","32768","1048576","1048576","32","32","0","0","0","-","-","-","0","0","0","0","0","0","0","0","-","0","0","0","0","0","0","0","0","0","0","0","0","0","0","0","0","0","0","0","2","0","0","0","0","0","0","0","0","0","0","0","0","0","0","0","0","0","0","0","0","0","0"
"","","0x76ff65284900","@P2   MOV R6, 0x7f800000","1","0","1","32768","1048576","0","32","0","32","32","0","-","-","-","0","0","0","0","0","0","0","0","-","0","0","0","0","0","0","0","0","0","0","0","0","0","0","0","0","0","0","0","1","0","0","0","0","0","0","0","0","0","0","0","0","0","0","0","0","0","0","0","0","0","0"
"","","0x76ff65284910","      FFMA.FTZ R24, R5, R24, R5","10","0","10","32768","1048576","1048576","32","32","32","0","0","-","-","-","0","0","0","0","0","0","0","0","-","0","0","0","0","0","0","0","0","0","0","0","0","0","0","0","0","0","0","3","3","0","0","0","4","0","0","0","0","0","0","0","0","0","0","0","0","0","0","0","0","0","0"
"","","0x76ff65284920","      FFMA.FTZ R4, R4, R15, R4","0","0","0","32768","1048576","1048576","32","32","0","0","0","-","-","-","0","0","0","0","0","0","0","0","-","0","0","0","0","0","0","0","0","0","0","0","0","0","0","0","0","0","0","0","0","0","0","0","0","0","0","0","0","0","0","0","0","0","0","0","0","0","0","0","0","0","0"
"","","0x76ff65284930","@P4   IMAD.MOV.U32 R5, RZ, RZ, 0x7f800000","1","0","1","32768","1048576","0","32","0","32","32","0","-","-","-","0","0","0","0","0","0","0","0","-","0","0","0","0","0","0","0","0","0","0","0","0","0","1","0","0","0","0","0","0","0","0","0","0","0","0","0","0","0","0","0","0","0","0","0","0","0","0","0","0","0","0"
"","","...","...","-","-","-","-","-","-","-","-","-","-","-","-","-","-","-","-","-","-","-","-","-","-","-","-","-","-","-","-","-","-","-","-","-","-","-","-","-","-","-","-","-","-","-","-","-","-","-","-","-","-","-","-","-","-","-","-","-","-","-","-","-","-","-","-","-"
"","","0x76ff65284950","      FFMA.FTZ R13, R13, 0.69314718246459960938, R24","0","0","0","32768","1048576","1048576","32","32","0","0","0","-","-","-","0","0","0","0","0","0","0","0","-","0","0","0","0","0","0","0","0","0","0","0","0","0","0","0","0","0","0","0","0","0","0","0","0","0","0","0","0","0","0","0","0","0","0","0","0","0","0","0","0","0","0"
"","","0x76ff65284960","      FFMA.FTZ R4, R7, 0.69314718246459960938, R4","0","0","0","32768","1048576","1048576","32","32","0","0","0","-","-","-","0","0","0","0","0","0","0","0","-","0","0","0","0","0","0","0","0","0","0","0","0","0","0","0","0","0","0","0","0","0","0","0","0","0","0","0","0","0","0","0","0","0","0","0","0","0","0","0","0","0","0"
"","","0x76ff65284970","@P4   FFMA.FTZ R13, R32, R5, +INF ","0","0","0","32768","1048576","0","32","0","32","32","0","-","-","-","0","0","0","0","0","0","0","0","-","0","0","0","0","0","0","0","0","0","0","0","0","0","0","0","0","0","0","0","0","0","0","0","0","0","0","0","0","0","0","0","0","0","0","0","0","0","0","0","0","0","0"
"","","0x76ff65284980","@P2   FFMA.FTZ R4, R33, R6, +INF ","2","1","2","32768","1048576","0","32","0","0","32","0","-","-","-","0","0","0","0","0","0","0","0","-","0","0","0","0","0","0","0","0","0","0","0","0","0","0","0","0","0","1","0","1","0","0","0","0","0","0","0","0","0","0","0","0","0","0","0","1","0","0","0","0","0","0"
"","","0x76ff65284990","      FSETP.NEU.AND P4, PT, R33, RZ, PT","2","0","2","32768","1048576","1048576","32","32","32","0","0","-","-","-","0","0","0","0","0","0","0","0","-","0","0","0","0","0","0","0","0","0","0","0","0","0","0","0","0","0","0","0","2","0","0","0","0","0","0","0","0","0","0","0","0","0","0","0","0","0","0","0","0","0","0"
"","","...","...","-","-","-","-","-","-","-","-","-","-","-","-","-","-","-","-","-","-","-","-","-","-","-","-","-","-","-","-","-","-","-","-","-","-","-","-","-","-","-","-","-","-","-","-","-","-","-","-","-","-","-","-","-","-","-","-","-","-","-","-","-","-","-","-","-"
"","","0x76ff652849b0","      FSEL R5, R4, -INF , P4","5","0","5","32768","1048576","1048576","32","32","0","0","0","-","-","-","0","0","0","0","0","0","0","0","-","0","0","0","0","0","0","0","0","0","0","0","0","0","0","0","0","0","0","2","2","0","0","0","1","0","0","0","0","0","0","0","0","0","0","0","0","0","0","0","0","0","0"
"","","...","...","-","-","-","-","-","-","-","-","-","-","-","-","-","-","-","-","-","-","-","-","-","-","-","-","-","-","-","-","-","-","-","-","-","-","-","-","-","-","-","-","-","-","-","-","-","-","-","-","-","-","-","-","-","-","-","-","-","-","-","-","-","-","-","-","-"
"","","0x76ff652849e0","      FSETP.NEU.AND P5, PT, R32, RZ, PT","1","0","1","32768","1048576","1048576","32","32","0","0","0","-","-","-","0","0","0","0","0","0","0","0","-","0","0","0","0","0","0","0","0","0","0","0","0","0","0","0","0","0","0","0","0","0","0","0","1","0","0","0","0","0","0","0","0","0","0","0","0","0","0","0","0","0","0"
"","","...","...","-","-","-","-","-","-","-","-","-","-","-","-","-","-","-","-","-","-","-","-","-","-","-","-","-","-","-","-","-","-","-","-","-","-","-","-","-","-","-","-","-","-","-","-","-","-","-","-","-","-","-","-","-","-","-","-","-","-","-","-","-","-","-","-","-"
"","","0x76ff65284a00","      FADD R30, R5, R30","1","0","1","32768","1048576","1048576","32","32","0","0","0","-","-","-","0","0","0","0","0","0","0","0","-","0","0","0","0","0","0","0","0","0","0","0","0","0","0","0","0","0","0","0","1","0","0","0","0","0","0","0","0","0","0","0","0","0","0","0","0","0","0","0","0","0","0"
"","","...","...","-","-","-","-","-","-","-","-","-","-","-","-","-","-","-","-","-","-","-","-","-","-","-","-","-","-","-","-","-","-","-","-","-","-","-","-","-","-","-","-","-","-","-","-","-","-","-","-","-","-","-","-","-","-","-","-","-","-","-","-","-","-","-","-","-"
"","","0x76ff65284a30","      FSEL R13, R13, -INF , P5","0","0","0","32768","1048576","1048576","32","32","0","0","0","-","-","-","0","0","0","0","0","0","0","0","-","0","0","0","0","0","0","0","0","0","0","0","0","0","0","0","0","0","0","0","0","0","0","0","0","0","0","0","0","0","0","0","0","0","0","0","0","0","0","0","0","0","0"
"","","...","...","-","-","-","-","-","-","-","-","-","-","-","-","-","-","-","-","-","-","-","-","-","-","-","-","-","-","-","-","-","-","-","-","-","-","-","-","-","-","-","-","-","-","-","-","-","-","-","-","-","-","-","-","-","-","-","-","-","-","-","-","-","-","-","-","-"
"","","0x76ff65284a80","      FADD R13, R13, R28","1","0","1","32768","1048576","1048576","32","32","0","0","0","-","-","-","0","0","0","0","0","0","0","0","-","0","0","0","0","0","0","0","0","0","0","0","0","0","0","0","0","0","0","0","1","0","0","0","0","0","0","0","0","0","0","0","0","0","0","0","0","0","0","0","0","0","0"
"","","0x76ff65284a90","      IMAD.U32 R11, RZ, RZ, UR5","6","3","6","32768","1048576","1048576","32","32","0","0","0","-","-","-","0","0","0","0","0","0","0","0","-","0","0","0","0","0","0","0","0","0","0","0","0","0","0","0","0","0","0","1","1","4","0","0","0","0","0","0","0","0","0","0","0","0","0","0","0","0","0","3","0","0","0"
"100","tl.store(L_block_ptr, L_i, boundary_check=(0,))","-","-","151","72","151","507904","15990784","15859712","512","508","16","36","0","Global","Store","32","8192","0","0","0","0","0","16384","16384","","0","0","0","0","0","0","31","6","1","62","0","0","0","4","0","12","0","0","2","18","3","0","0","12","13","3","0","42","0","0","0","1","0","9","0","0","0","0","0","0","0","4"
"","","0x76ff65284490","      IMAD.SHL.U32 R8, R2, 0x4, RZ","1","0","1","32768","1048576","1048576","32","32","0","0","0","-","-","-","0","0","0","0","0","0","0","0","-","0","0","0","0","0","0","0","0","0","0","0","0","0","0","0","0","0","0","0","1","0","0","0","0","0","0","0","0","0","0","0","0","0","0","0","0","0","0","0","0","0","0"
"","","...","...","-","-","-","-","-","-","-","-","-","-","-","-","-","-","-","-","-","-","-","-","-","-","-","-","-","-","-","-","-","-","-","-","-","-","-","-","-","-","-","-","-","-","-","-","-","-","-","-","-","-","-","-","-","-","-","-","-","-","-","-","-","-","-","-","-"
"","","0x76ff65284600","      LOP3.LUT R8, R8, 0x1c, RZ, 0xc0, !PT","2","0","2","32768","1048576","1048576","32","32","0","0","0","-","-","-","0","0","0","0","0","0","0","0","-","0","0","0","0","0","0","0","0","0","0","0","0","0","0","0","0","0","0","0","2","0","0","0","0","0","0","0","0","0","0","0","0","0","0","0","0","0","0","0","0","0","0"
"","","...","...","-","-","-","-","-","-","-","-","-","-","-","-","-","-","-","-","-","-","-","-","-","-","-","-","-","-","-","-","-","-","-","-","-","-","-","-","-","-","-","-","-","-","-","-","-","-","-","-","-","-","-","-","-","-","-","-","-","-","-","-","-","-","-","-","-"
"","","0x76ff65284640","      LOP3.LUT R8, R8, 0x3, R15, 0xf8, !PT","1","0","1","32768","1048576","1048576","32","32","0","0","0","-","-","-","0","0","0","0","0","0","0","0","-","0","0","0","0","0","0","0","0","0","0","0","0","0","0","0","0","0","0","0","1","0","0","0","0","0","0","0","0","0","0","0","0","0","0","0","0","0","0","0","0","0","0"
"","","...","...","-","-","-","-","-","-","-","-","-","-","-","-","-","-","-","-","-","-","-","-","-","-","-","-","-","-","-","-","-","-","-","-","-","-","-","-","-","-","-","-","-","-","-","-","-","-","-","-","-","-","-","-","-","-","-","-","-","-","-","-","-","-","-","-","-"
"","","0x76ff65284a40","      LOP3.LUT R14, R8, 0x1, RZ, 0x3c, !PT","7","1","7","32768","1048576","1048576","32","32","0","0","0","-","-","-","0","0","0","0","0","0","0","0","-","0","0","0","0","0","0","0","0","1","0","0","0","0","2","0","0","0","0","2","0","0","0","0","2","0","0","0","0","0","0","0","1","0","0","0","0","0","0","0","0","0","0"
"","","...","...","-","-","-","-","-","-","-","-","-","-","-","-","-","-","-","-","-","-","-","-","-","-","-","-","-","-","-","-","-","-","-","-","-","-","-","-","-","-","-","-","-","-","-","-","-","-","-","-","-","-","-","-","-","-","-","-","-","-","-","-","-","-","-","-","-"
"","","0x76ff65284aa0","      LOP3.LUT P2, RZ, R2, 0x8, RZ, 0xc0, !PT","2","0","2","32768","1048576","1048576","32","32","0","0","0","-","-","-","0","0","0","0","0","0","0","0","-","0","0","0","0","0","0","0","0","0","0","0","0","0","0","0","0","0","0","0","2","0","0","0","0","0","0","0","0","0","0","0","0","0","0","0","0","0","0","0","0","0","0"
"","","...","...","-","-","-","-","-","-","-","-","-","-","-","-","-","-","-","-","-","-","-","-","-","-","-","-","-","-","-","-","-","-","-","-","-","-","-","-","-","-","-","-","-","-","-","-","-","-","-","-","-","-","-","-","-","-","-","-","-","-","-","-","-","-","-","-","-"
"","","0x76ff65284ad0","      FSEL R15, R30, R13, !P3","1","0","1","32768","1048576","1048576","32","32","0","0","0","-","-","-","0","0","0","0","0","0","0","0","-","0","0","0","0","0","0","0","0","0","0","0","0","0","0","0","0","0","0","0","1","0","0","0","0","0","0","0","0","0","0","0","0","0","0","0","0","0","0","0","0","0","0"
"","","...","...","-","-","-","-","-","-","-","-","-","-","-","-","-","-","-","-","-","-","-","-","-","-","-","-","-","-","-","-","-","-","-","-","-","-","-","-","-","-","-","-","-","-","-","-","-","-","-","-","-","-","-","-","-","-","-","-","-","-","-","-","-","-","-","-","-"
"","","0x76ff65284af0","      FSEL R13, R13, R30, !P3","0","0","0","32768","1048576","1048576","32","32","0","0","0","-","-","-","0","0","0","0","0","0","0","0","-","0","0","0","0","0","0","0","0","0","0","0","0","0","0","0","0","0","0","0","0","0","0","0","0","0","0","0","0","0","0","0","0","0","0","0","0","0","0","0","0","0","0"
"","","...","...","-","-","-","-","-","-","-","-","-","-","-","-","-","-","-","-","-","-","-","-","-","-","-","-","-","-","-","-","-","-","-","-","-","-","-","-","-","-","-","-","-","-","-","-","-","-","-","-","-","-","-","-","-","-","-","-","-","-","-","-","-","-","-","-","-"
"","","0x76ff65284b10","      SHFL.IDX PT, R15, R15, R8, 0x1f","34","16","34","32768","1048576","1048576","32","32","0","0","0","-","-","-","0","0","0","0","0","0","0","0","-","0","0","0","0","0","0","31","0","0","0","0","0","0","0","0","3","0","0","0","0","0","0","0","0","13","0","0","0","0","0","0","0","0","3","0","0","0","0","0","0","0","0"
"","","0x76ff65284b20","      ISETP.GT.AND P1, PT, R11, -0x1, P1","2","0","2","32768","1048576","1048576","32","32","0","0","0","-","-","-","0","0","0","0","0","0","0","0","-","0","0","0","0","0","0","0","0","0","0","0","0","0","0","0","0","0","0","0","2","0","0","0","0","0","0","0","0","0","0","0","0","0","0","0","0","0","0","0","0","0","0"
"","","...","...","-","-","-","-","-","-","-","-","-","-","-","-","-","-","-","-","-","-","-","-","-","-","-","-","-","-","-","-","-","-","-","-","-","-","-","-","-","-","-","-","-","-","-","-","-","-","-","-","-","-","-","-","-","-","-","-","-","-","-","-","-","-","-","-","-"
"","","0x76ff65284b40","      SHFL.IDX PT, R14, R13, R14, 0x1f","10","5","10","32768","1048576","1048576","32","32","0","0","0","-","-","-","0","0","0","0","0","0","0","0","-","0","0","0","0","0","0","0","0","0","0","0","0","0","0","0","8","0","0","0","2","0","0","0","0","0","0","0","0","0","0","0","0","0","5","0","0","0","0","0","0","0","0"
"","","...","...","-","-","-","-","-","-","-","-","-","-","-","-","-","-","-","-","-","-","-","-","-","-","-","-","-","-","-","-","-","-","-","-","-","-","-","-","-","-","-","-","-","-","-","-","-","-","-","-","-","-","-","-","-","-","-","-","-","-","-","-","-","-","-","-","-"
"","","0x76ff65284bd0","      SEL R15, R15, R14, !P2","4","0","4","32768","1048576","1048576","32","32","0","0","0","-","-","-","0","0","0","0","0","0","0","0","-","0","0","0","0","0","0","0","0","0","0","0","0","0","0","0","0","0","0","0","1","3","0","0","0","0","0","0","0","0","0","0","0","0","0","0","0","0","0","0","0","0","0"
"","","...","...","-","-","-","-","-","-","-","-","-","-","-","-","-","-","-","-","-","-","-","-","-","-","-","-","-","-","-","-","-","-","-","-","-","-","-","-","-","-","-","-","-","-","-","-","-","-","-","-","-","-","-","-","-","-","-","-","-","-","-","-","-","-","-","-","-"
"","","0x76ff65284c60","      IMAD.U32 R11, RZ, RZ, UR7","1","0","1","32768","1048576","1048576","32","32","0","0","0","-","-","-","0","0","0","0","0","0","0","0","-","0","0","0","0","0","0","0","0","0","0","0","0","0","0","0","0","0","0","0","1","0","0","0","0","0","0","0","0","0","0","0","0","0","0","0","0","0","0","0","0","0","0"
"","","...","...","-","-","-","-","-","-","-","-","-","-","-","-","-","-","-","-","-","-","-","-","-","-","-","-","-","-","-","-","-","-","-","-","-","-","-","-","-","-","-","-","-","-","-","-","-","-","-","-","-","-","-","-","-","-","-","-","-","-","-","-","-","-","-","-","-"
"","","0x76ff65284c80","      LEA R2, P4, R3, R2, 0x2","2","0","2","32768","1048576","1048576","32","32","0","0","0","-","-","-","0","0","0","0","0","0","0","0","-","0","0","0","0","0","0","0","0","0","0","0","0","0","2","0","0","0","0","0","0","0","0","0","0","0","0","0","0","0","0","0","0","0","0","0","0","0","0","0","0","0","0"
"","","...","...","-","-","-","-","-","-","-","-","-","-","-","-","-","-","-","-","-","-","-","-","-","-","-","-","-","-","-","-","-","-","-","-","-","-","-","-","-","-","-","-","-","-","-","-","-","-","-","-","-","-","-","-","-","-","-","-","-","-","-","-","-","-","-","-","-"
"","","0x76ff65284ca0","      LEA.HI.X R3, R3, R0, R11, 0x2, P4","6","2","6","32768","1048576","1048576","32","32","0","0","0","-","-","-","0","0","0","0","0","0","0","0","-","0","0","0","0","0","0","0","0","0","0","0","0","0","0","0","0","0","0","0","1","0","0","0","5","0","0","0","0","0","0","0","0","0","0","0","0","0","0","0","0","0","2"
"","","...","...","-","-","-","-","-","-","-","-","-","-","-","-","-","-","-","-","-","-","-","-","-","-","-","-","-","-","-","-","-","-","-","-","-","-","-","-","-","-","-","-","-","-","-","-","-","-","-","-","-","-","-","-","-","-","-","-","-","-","-","-","-","-","-","-","-"
"","","0x76ff65284cc0","@!P1  EXIT","1","0","1","32768","1048576","917504","32","28","4","4","0","-","-","-","0","0","0","0","0","0","0","0","-","0","0","0","0","0","0","0","0","0","0","0","0","0","0","0","0","0","0","0","1","0","0","0","0","0","0","0","0","0","0","0","0","0","0","0","0","0","0","0","0","0","0"
"","","0x76ff65284cd0","      STG.E [R2.64], R15","59","35","59","8192","131072","131072","16","16","12","16","0","Global","Store","32","8192","0","0","0","0","0","16384","16384","","0","0","0","0","0","0","0","5","0","48","0","0","0","0","0","1","0","0","0","1","0","0","0","4","0","2","0","31","0","0","0","0","0","1","0","0","0","0","0","0","0","1"
"","","0x76ff65284ce0","      EXIT","1","0","1","8192","131072","131072","16","16","0","16","0","-","-","-","0","0","0","0","0","0","0","0","-","0","0","0","0","0","0","0","0","0","0","0","0","0","0","0","0","0","0","0","1","0","0","0","0","0","0","0","0","0","0","0","0","0","0","0","0","0","0","0","0","0","0"
"","","0x76ff65284cf0","      BRA `(.L_x_0) 0x76ff65284cf0","17","13","17","0","0","0","0","0","0","0","0","-","-","-","0","0","0","0","0","0","0","0","-","0","0","0","0","0","0","0","1","0","14","0","0","0","0","0","0","0","0","0","1","0","0","0","1","0","1","0","11","0","0","0","0","0","0","0","0","0","0","0","0","0","1"
"","","0x76ff65284d00","      NOP","0","0","0","0","0","0","0","0","0","0","0","-","-","-","0","0","0","0","0","0","0","0","-","0","0","0","0","0","0","0","0","0","0","0","0","0","0","0","0","0","0","0","0","0","0","0","0","0","0","0","0","0","0","0","0","0","0","0","0","0","0","0","0","0","0"
"","","0x76ff65284d10","      NOP","0","0","0","0","0","0","0","0","0","0","0","-","-","-","0","0","0","0","0","0","0","0","-","0","0","0","0","0","0","0","0","0","0","0","0","0","0","0","0","0","0","0","0","0","0","0","0","0","0","0","0","0","0","0","0","0","0","0","0","0","0","0","0","0","0"
"","","0x76ff65284d20","      NOP","0","0","0","0","0","0","0","0","0","0","0","-","-","-","0","0","0","0","0","0","0","0","-","0","0","0","0","0","0","0","0","0","0","0","0","0","0","0","0","0","0","0","0","0","0","0","0","0","0","0","0","0","0","0","0","0","0","0","0","0","0","0","0","0","0"
"","","0x76ff65284d30","      NOP","0","0","0","0","0","0","0","0","0","0","0","-","-","-","0","0","0","0","0","0","0","0","-","0","0","0","0","0","0","0","0","0","0","0","0","0","0","0","0","0","0","0","0","0","0","0","0","0","0","0","0","0","0","0","0","0","0","0","0","0","0","0","0","0","0"
"","","0x76ff65284d40","      NOP","0","0","0","0","0","0","0","0","0","0","0","-","-","-","0","0","0","0","0","0","0","0","-","0","0","0","0","0","0","0","0","0","0","0","0","0","0","0","0","0","0","0","0","0","0","0","0","0","0","0","0","0","0","0","0","0","0","0","0","0","0","0","0","0","0"
"","","0x76ff65284d50","      NOP","0","0","0","0","0","0","0","0","0","0","0","-","-","-","0","0","0","0","0","0","0","0","-","0","0","0","0","0","0","0","0","0","0","0","0","0","0","0","0","0","0","0","0","0","0","0","0","0","0","0","0","0","0","0","0","0","0","0","0","0","0","0","0","0","0"
"","","0x76ff65284d60","      NOP","0","0","0","0","0","0","0","0","0","0","0","-","-","-","0","0","0","0","0","0","0","0","-","0","0","0","0","0","0","0","0","0","0","0","0","0","0","0","0","0","0","0","0","0","0","0","0","0","0","0","0","0","0","0","0","0","0","0","0","0","0","0","0","0","0"
"","","0x76ff65284d70","      NOP","0","0","0","0","0","0","0","0","0","0","0","-","-","-","0","0","0","0","0","0","0","0","-","0","0","0","0","0","0","0","0","0","0","0","0","0","0","0","0","0","0","0","0","0","0","0","0","0","0","0","0","0","0","0","0","0","0","0","0","0","0","0","0","0","0"
"File Path","/home/lewis/github/cs336/cs336-2026-assignment2-systems/.venv/lib/python3.12/site-packages/triton/language/standard.py"
"Function Name","flash_fwd_kernel"
"Line No","Source","Address","Source","Warp Stall Sampling (All Samples)","Warp Stall Sampling (Not-issued Samples)","# Samples","Instructions Executed","Thread Instructions Executed","Predicated-On Thread Instructions Executed","Avg. Threads Executed","Avg. Predicated-On Threads Executed","Derivative Avg. Predicated-On Threads Executed","Avg. Predicated-On Threads Unexecuted","Divergent Branches","Address Space","Access Operation","Access Size","L1 Tag Requests Global","L1 Conflicts Shared N-Way","L1 Wavefronts Shared Excessive","L1 Wavefronts Shared","L1 Wavefronts Shared Ideal","L2 Theoretical Sectors Global Excessive","L2 Theoretical Sectors Global","L2 Theoretical Sectors Global Ideal","L2 Explicit Evict Policies","L2 Explicit Hit Policy Evict First","L2 Explicit Hit Policy Evict Last","L2 Explicit Hit Policy Evict Normal","L2 Explicit Hit Policy Evict Normal Demote","L2 Explicit Miss Policy Evict First","L2 Explicit Miss Policy Evict Normal","stall_barrier","stall_branch_resolving","stall_dispatch","stall_drain","stall_imc","stall_lg","stall_long_sb","stall_math","stall_membar","stall_mio","stall_misc","stall_no_inst","stall_not_selected","stall_selected","stall_short_sb","stall_sleep","stall_tex","stall_wait","stall_barrier (Not Issued)","stall_branch_resolving (Not Issued)","stall_dispatch (Not Issued)","stall_drain (Not Issued)","stall_imc (Not Issued)","stall_lg (Not Issued)","stall_long_sb (Not Issued)","stall_math (Not Issued)","stall_membar (Not Issued)","stall_mio (Not Issued)","stall_misc (Not Issued)","stall_no_inst (Not Issued)","stall_not_selected (Not Issued)","stall_selected (Not Issued)","stall_short_sb (Not Issued)","stall_sleeping (Not Issued)","stall_tex (Not Issued)","stall_wait (Not Issued)"
"43","return (x + (div - 1)) // div","-","-","1","0","1","32768","1048576","1048576","32","32","0","0","0","-","-","-","0","0","0","0","0","0","0","0","-","0","0","0","0","0","0","0","0","0","0","0","0","0","0","0","0","0","0","0","1","0","0","0","0","0","0","0","0","0","0","0","0","0","0","0","0","0","0","0","0","0","0"
"","","0x76ff65282b90","      UIADD3 UR6, UR6, 0xf, URZ","1","0","1","32768","1048576","1048576","32","32","0","0","0","-","-","-","0","0","0","0","0","0","0","0","-","0","0","0","0","0","0","0","0","0","0","0","0","0","0","0","0","0","0","0","1","0","0","0","0","0","0","0","0","0","0","0","0","0","0","0","0","0","0","0","0","0","0"
"170","return core.maximum(a, b)","-","-","50267","26756","50267","58720256","1879048192","1879048192","224","224","0","0","0","-","-","-","0","0","0","0","0","0","0","0","-","0","0","0","0","0","0","0","0","160","0","0","0","0","735","0","0","0","0","1791","1856","44320","0","0","1405","0","0","23","0","0","0","0","226","0","0","0","0","0","0","25756","0","0","751"
"","","0x76ff65283800","      FMNMX R24, R14, R15, !PT","1091","176","1091","8388608","268435456","268435456","32","32","0","0","0","-","-","-","0","0","0","0","0","0","0","0","-","0","0","0","0","0","0","0","0","22","0","0","0","0","152","0","0","0","0","374","260","0","0","0","283","0","0","1","0","0","0","0","51","0","0","0","0","0","0","0","0","0","124"
"","","0x76ff65283810","      FMNMX R25, R12, R13, !PT","664","174","664","8388608","268435456","268435456","32","32","0","0","0","-","-","-","0","0","0","0","0","0","0","0","-","0","0","0","0","0","0","0","0","8","0","0","0","0","29","0","0","0","0","61","271","0","0","0","295","0","0","2","0","0","0","0","6","0","0","0","0","0","0","0","0","0","166"
"","","...","...","-","-","-","-","-","-","-","-","-","-","-","-","-","-","-","-","-","-","-","-","-","-","-","-","-","-","-","-","-","-","-","-","-","-","-","-","-","-","-","-","-","-","-","-","-","-","-","-","-","-","-","-","-","-","-","-","-","-","-","-","-","-","-","-","-"
"","","0x76ff65283840","      FMNMX R27, R24, R27, !PT","12066","6660","12066","8388608","268435456","268435456","32","32","0","0","0","-","-","-","0","0","0","0","0","0","0","0","-","0","0","0","0","0","0","0","0","33","0","0","0","0","127","0","0","0","0","307","262","11337","0","0","0","0","0","5","0","0","0","0","40","0","0","0","0","0","0","6615","0","0","0"
"","","0x76ff65283850","      FMNMX R28, R25, R26, !PT","4725","2465","4725","8388608","268435456","268435456","32","32","0","0","0","-","-","-","0","0","0","0","0","0","0","0","-","0","0","0","0","0","0","0","0","26","0","0","0","0","118","0","0","0","0","276","275","3741","0","0","289","0","0","4","0","0","0","0","32","0","0","0","0","0","0","2256","0","0","173"
"","","...","...","-","-","-","-","-","-","-","-","-","-","-","-","-","-","-","-","-","-","-","-","-","-","-","-","-","-","-","-","-","-","-","-","-","-","-","-","-","-","-","-","-","-","-","-","-","-","-","-","-","-","-","-","-","-","-","-","-","-","-","-","-","-","-","-","-"
"","","0x76ff65283880","      FMNMX R26, R27, R26, !PT","11737","6575","11737","8388608","268435456","268435456","32","32","0","0","0","-","-","-","0","0","0","0","0","0","0","0","-","0","0","0","0","0","0","0","0","15","0","0","0","0","89","0","0","0","0","282","254","11097","0","0","0","0","0","4","0","0","0","0","32","0","0","0","0","0","0","6539","0","0","0"
"","","0x76ff65283890","      FMNMX R29, R28, R29, !PT","4901","2667","4901","8388608","268435456","268435456","32","32","0","0","0","-","-","-","0","0","0","0","0","0","0","0","-","0","0","0","0","0","0","0","0","27","0","0","0","0","102","0","0","0","0","238","258","4001","0","0","275","0","0","4","0","0","0","0","34","0","0","0","0","0","0","2461","0","0","168"
"","","...","...","-","-","-","-","-","-","-","-","-","-","-","-","-","-","-","-","-","-","-","-","-","-","-","-","-","-","-","-","-","-","-","-","-","-","-","-","-","-","-","-","-","-","-","-","-","-","-","-","-","-","-","-","-","-","-","-","-","-","-","-","-","-","-","-","-"
"","","0x76ff652838f0","      FMNMX R24, R8, R25, !PT","15083","8039","15083","8388608","268435456","268435456","32","32","0","0","0","-","-","-","0","0","0","0","0","0","0","0","-","0","0","0","0","0","0","0","0","29","0","0","0","0","118","0","0","0","0","253","276","14144","0","0","263","0","0","3","0","0","0","0","31","0","0","0","0","0","0","7885","0","0","120"
"191","return core.reduce(input, axis, _elementwise_max, keep_dims=keep_dims)","-","-","145954","81111","145954","109051904","3489660928","2583691264","416","308","160","108","0","Shared(6)","Load(3),Store(3)","32(6)","0","2","0","29360128","29360128","0","0","0","-","0","0","0","0","0","0","66120","0","468","0","0","0","0","0","0","42496","0","0","8908","3424","13575","0","0","10963","35762","0","89","0","0","0","0","0","0","31625","0","0","0","0","7686","0","0","5949"
"","","0x76ff65283820","      SHFL.BFLY PT, R27, R24, 0x2, 0x1f","5065","2813","5065","8388608","268435456","268435456","32","32","0","0","0","-","-","-","0","0","0","0","0","0","0","0","-","0","0","0","0","0","0","0","0","66","0","0","0","0","0","0","3418","0","0","806","246","0","0","0","529","0","0","21","0","0","0","0","0","0","2544","0","0","0","0","0","0","0","248"
"","","0x76ff65283830","      SHFL.BFLY PT, R26, R25, 0x2, 0x1f","3377","1812","3377","8388608","268435456","268435456","32","32","0","0","0","-","-","-","0","0","0","0","0","0","0","0","-","0","0","0","0","0","0","0","0","27","0","0","0","0","0","0","1864","0","0","381","294","0","0","0","811","0","0","7","0","0","0","0","0","0","1384","0","0","0","0","0","0","0","421"
"","","...","...","-","-","-","-","-","-","-","-","-","-","-","-","-","-","-","-","-","-","-","-","-","-","-","-","-","-","-","-","-","-","-","-","-","-","-","-","-","-","-","-","-","-","-","-","-","-","-","-","-","-","-","-","-","-","-","-","-","-","-","-","-","-","-","-","-"
"","","0x76ff65283860","      SHFL.BFLY PT, R26, R27, 0x1, 0x1f","6030","3417","6030","8388608","268435456","268435456","32","32","0","0","0","-","-","-","0","0","0","0","0","0","0","0","-","0","0","0","0","0","0","0","0","59","0","0","0","0","0","0","4179","0","0","969","275","0","0","0","548","0","0","7","0","0","0","0","0","0","3111","0","0","0","0","0","0","0","299"
"","","0x76ff65283870","      SHFL.BFLY PT, R29, R28, 0x1, 0x1f","3770","2145","3770","8388608","268435456","268435456","32","32","0","0","0","-","-","-","0","0","0","0","0","0","0","0","-","0","0","0","0","0","0","0","0","20","0","0","0","0","0","0","2275","0","0","396","242","0","0","0","837","0","0","3","0","0","0","0","0","0","1692","0","0","0","0","0","0","0","450"
"","","...","...","-","-","-","-","-","-","-","-","-","-","-","-","-","-","-","-","-","-","-","-","-","-","-","-","-","-","-","-","-","-","-","-","-","-","-","-","-","-","-","-","-","-","-","-","-","-","-","-","-","-","-","-","-","-","-","-","-","-","-","-","-","-","-","-","-"
"","","0x76ff652838a0","@P2   STS [R40+0x2800], R26","6294","3642","6294","8388608","268435456","33554432","32","4","28","28","0","Shared","Store","32","0","0","0","4194304","4194304","0","0","0","-","0","0","0","0","0","0","0","0","47","0","0","0","0","0","0","4450","0","0","1003","264","0","0","0","530","0","0","7","0","0","0","0","0","0","3310","0","0","0","0","0","0","0","325"
"","","0x76ff652838b0","@P2   STS [R40+0x2840], R29","3875","2209","3875","8388608","268435456","33554432","32","4","0","28","0","Shared","Store","32","0","0","0","4194304","4194304","0","0","0","-","0","0","0","0","0","0","0","0","20","0","0","0","0","0","0","2331","0","0","434","249","0","0","0","841","0","0","2","0","0","0","0","0","0","1744","0","0","0","0","0","0","0","463"
"","","0x76ff652838c0","      BAR.SYNC.DEFER_BLOCKING 0x0","4336","2423","4336","8388608","268435456","268435456","32","32","28","0","0","-","-","-","0","0","0","0","0","0","0","0","-","0","0","0","0","0","0","0","0","27","0","0","0","0","0","0","2687","0","0","499","280","0","0","0","843","0","0","6","0","0","0","0","0","0","1963","0","0","0","0","0","0","0","454"
"","","0x76ff652838d0","@!P1  LDS R8, [R49.X4+0x2800]","47029","25635","47029","8388608","268435456","67108864","32","8","24","24","0","Shared","Load","32","0","0","0","2097152","2097152","0","0","0","-","0","0","0","0","0","0","40961","0","44","0","0","0","0","0","0","3722","0","0","785","243","0","0","0","1274","22143","0","2","0","0","0","0","0","0","2788","0","0","0","0","0","0","0","702"
"","","0x76ff652838e0","      SHFL.BFLY PT, R25, R8, 0x1, 0x1f","18497","10386","18497","8388608","268435456","268435456","32","32","24","0","0","-","-","-","0","0","0","0","0","0","0","0","-","0","0","0","0","0","0","0","0","30","0","0","0","0","0","0","3090","0","0","736","272","13575","0","0","794","0","0","4","0","0","0","0","0","0","2299","0","0","0","0","7686","0","0","397"
"","","...","...","-","-","-","-","-","-","-","-","-","-","-","-","-","-","-","-","-","-","-","-","-","-","-","-","-","-","-","-","-","-","-","-","-","-","-","-","-","-","-","-","-","-","-","-","-","-","-","-","-","-","-","-","-","-","-","-","-","-","-","-","-","-","-","-","-"
"","","0x76ff65283900","@P3   STS [R49.X4+0x2800], R24","6672","3734","6672","8388608","268435456","33554432","32","4","28","28","0","Shared","Store","32","0","0","0","2097152","2097152","0","0","0","-","0","0","0","0","0","0","0","0","39","0","0","0","0","0","0","4239","0","0","1057","257","0","0","0","1080","0","0","10","0","0","0","0","0","0","3114","0","0","0","0","0","0","0","610"
"","","0x76ff65283910","      BAR.SYNC.DEFER_BLOCKING 0x0","3755","2080","3755","8388608","268435456","268435456","32","32","28","0","0","-","-","-","0","0","0","0","0","0","0","0","-","0","0","0","0","0","0","0","0","23","0","0","0","0","0","0","2260","0","0","421","276","0","0","0","775","0","0","7","0","0","0","0","0","0","1666","0","0","0","0","0","0","0","407"
"","","0x76ff65283920","      LDS R30, [R41+0x2800]","31639","17475","31639","8388608","268435456","268435456","32","32","0","0","0","Shared","Load","32","0","1","0","8388608","8388608","0","0","0","-","0","0","0","0","0","0","25159","0","33","0","0","0","0","0","0","4133","0","0","751","249","0","0","0","1314","13619","0","8","0","0","0","0","0","0","3112","0","0","0","0","0","0","0","736"
"","","0x76ff65283930","      LDS R28, [R41+0x2840]","5615","3340","5615","8388608","268435456","268435456","32","32","0","0","0","Shared","Load","32","0","1","0","8388608","8388608","0","0","0","-","0","0","0","0","0","0","0","0","33","0","0","0","0","0","0","3848","0","0","670","277","0","0","0","787","0","0","5","0","0","0","0","0","0","2898","0","0","0","0","0","0","0","437"
"263","return a + b","-","-","77958","41991","77958","58720256","1879048192","1879048192","224","224","64","0","0","-","-","-","0","0","0","0","0","0","0","0","-","0","0","0","0","0","0","0","0","153","0","0","0","0","0","0","0","0","0","1558","1891","71433","0","0","2923","0","0","14","0","0","0","0","0","0","0","0","0","0","0","40448","0","0","1529"
"","","0x76ff65283a30","      FADD R24, R15, R14","1299","439","1299","8388608","268435456","268435456","32","32","32","0","0","-","-","-","0","0","0","0","0","0","0","0","-","0","0","0","0","0","0","0","0","16","0","0","0","0","0","0","0","0","0","237","262","0","0","0","784","0","0","3","0","0","0","0","0","0","0","0","0","0","0","0","0","0","436"
"","","...","...","-","-","-","-","-","-","-","-","-","-","-","-","-","-","-","-","-","-","-","-","-","-","-","-","-","-","-","-","-","-","-","-","-","-","-","-","-","-","-","-","-","-","-","-","-","-","-","-","-","-","-","-","-","-","-","-","-","-","-","-","-","-","-","-","-"
"","","0x76ff65283a50","      FADD R25, R24, R25","15153","8309","15153","8388608","268435456","268435456","32","32","0","0","0","-","-","-","0","0","0","0","0","0","0","0","-","0","0","0","0","0","0","0","0","31","0","0","0","0","0","0","0","0","0","230","272","14356","0","0","264","0","0","3","0","0","0","0","0","0","0","0","0","0","0","8160","0","0","146"
"","","...","...","-","-","-","-","-","-","-","-","-","-","-","-","-","-","-","-","-","-","-","-","-","-","-","-","-","-","-","-","-","-","-","-","-","-","-","-","-","-","-","-","-","-","-","-","-","-","-","-","-","-","-","-","-","-","-","-","-","-","-","-","-","-","-","-","-"
"","","0x76ff65283a70","      FADD R25, R25, R29","15264","8404","15264","8388608","268435456","268435456","32","32","0","0","0","-","-","-","0","0","0","0","0","0","0","0","-","0","0","0","0","0","0","0","0","25","0","0","0","0","0","0","0","0","0","231","265","14490","0","0","253","0","0","1","0","0","0","0","0","0","0","0","0","0","0","8277","0","0","126"
"","","...","...","-","-","-","-","-","-","-","-","-","-","-","-","-","-","-","-","-","-","-","-","-","-","-","-","-","-","-","-","-","-","-","-","-","-","-","-","-","-","-","-","-","-","-","-","-","-","-","-","-","-","-","-","-","-","-","-","-","-","-","-","-","-","-","-","-"
"","","0x76ff65283b70","      FADD R27, R12, R13","1281","426","1281","8388608","268435456","268435456","32","32","32","0","0","-","-","-","0","0","0","0","0","0","0","0","-","0","0","0","0","0","0","0","0","10","0","0","0","0","0","0","0","0","0","210","279","0","0","0","782","0","0","1","0","0","0","0","0","0","0","0","0","0","0","0","0","0","425"
"","","...","...","-","-","-","-","-","-","-","-","-","-","-","-","-","-","-","-","-","-","-","-","-","-","-","-","-","-","-","-","-","-","-","-","-","-","-","-","-","-","-","-","-","-","-","-","-","-","-","-","-","-","-","-","-","-","-","-","-","-","-","-","-","-","-","-","-"
"","","0x76ff65283ba0","      FADD R27, R27, R24","15036","8239","15036","8388608","268435456","268435456","32","32","0","0","0","-","-","-","0","0","0","0","0","0","0","0","-","0","0","0","0","0","0","0","0","18","0","0","0","0","0","0","0","0","0","229","258","14234","0","0","297","0","0","1","0","0","0","0","0","0","0","0","0","0","0","8094","0","0","144"
"","","...","...","-","-","-","-","-","-","-","-","-","-","-","-","-","-","-","-","-","-","-","-","-","-","-","-","-","-","-","-","-","-","-","-","-","-","-","-","-","-","-","-","-","-","-","-","-","-","-","-","-","-","-","-","-","-","-","-","-","-","-","-","-","-","-","-","-"
"","","0x76ff65283bc0","      FADD R25, R27, R24","15225","8314","15225","8388608","268435456","268435456","32","32","0","0","0","-","-","-","0","0","0","0","0","0","0","0","-","0","0","0","0","0","0","0","0","24","0","0","0","0","0","0","0","0","0","230","283","14417","0","0","271","0","0","2","0","0","0","0","0","0","0","0","0","0","0","8183","0","0","129"
"","","...","...","-","-","-","-","-","-","-","-","-","-","-","-","-","-","-","-","-","-","-","-","-","-","-","-","-","-","-","-","-","-","-","-","-","-","-","-","-","-","-","-","-","-","-","-","-","-","-","-","-","-","-","-","-","-","-","-","-","-","-","-","-","-","-","-","-"
"","","0x76ff65283da0","      FADD R26, R6, R26","14700","7860","14700","8388608","268435456","268435456","32","32","0","0","0","-","-","-","0","0","0","0","0","0","0","0","-","0","0","0","0","0","0","0","0","29","0","0","0","0","0","0","0","0","0","191","272","13936","0","0","272","0","0","3","0","0","0","0","0","0","0","0","0","0","0","7734","0","0","123"
"293","return core.reduce(input, axis, _sum_combine, keep_dims=keep_dims)","-","-","76448","43544","76448","117440512","3758096384","2852126720","448","340","136","108","0","Shared(6)","Load(3),Store(3)","32(6)","0","2","0","29360128","29360128","0","0","0","-","0","0","0","0","0","0","0","0","627","0","0","1","0","0","0","51321","0","0","10819","3475","3260","0","1","6944","0","0","137","0","0","0","0","0","0","37928","0","0","0","0","1904","0","0","3575"
"","","0x76ff652839a0","      BAR.SYNC.DEFER_BLOCKING 0x0","4284","2468","4284","8388608","268435456","268435456","32","32","0","0","0","-","-","-","0","0","0","0","0","0","0","0","-","0","0","0","0","0","0","0","0","43","0","0","0","0","0","0","3346","0","0","628","266","0","0","1","0","0","0","7","0","0","0","0","0","0","2461","0","0","0","0","0","0","0","0"
"","","...","...","-","-","-","-","-","-","-","-","-","-","-","-","-","-","-","-","-","-","-","-","-","-","-","-","-","-","-","-","-","-","-","-","-","-","-","-","-","-","-","-","-","-","-","-","-","-","-","-","-","-","-","-","-","-","-","-","-","-","-","-","-","-","-","-","-"
"","","0x76ff65283a40","      SHFL.BFLY PT, R25, R24, 0x2, 0x1f","6995","4017","6995","8388608","268435456","268435456","32","32","0","0","0","-","-","-","0","0","0","0","0","0","0","0","-","0","0","0","0","0","0","0","0","54","0","0","0","0","0","0","4564","0","0","1023","257","0","0","0","1097","0","0","8","0","0","0","0","0","0","3365","0","0","0","0","0","0","0","644"
"","","...","...","-","-","-","-","-","-","-","-","-","-","-","-","-","-","-","-","-","-","-","-","-","-","-","-","-","-","-","-","-","-","-","-","-","-","-","-","-","-","-","-","-","-","-","-","-","-","-","-","-","-","-","-","-","-","-","-","-","-","-","-","-","-","-","-","-"
"","","0x76ff65283a60","      SHFL.BFLY PT, R29, R25, 0x1, 0x1f","6512","3661","6512","8388608","268435456","268435456","32","32","0","0","0","-","-","-","0","0","0","0","0","0","0","0","-","0","0","0","0","0","0","0","0","59","0","0","0","0","0","0","4130","0","0","1027","243","0","0","0","1053","0","0","15","0","0","0","0","0","0","3049","0","0","0","0","0","0","0","597"
"","","...","...","-","-","-","-","-","-","-","-","-","-","-","-","-","-","-","-","-","-","-","-","-","-","-","-","-","-","-","-","-","-","-","-","-","-","-","-","-","-","-","-","-","-","-","-","-","-","-","-","-","-","-","-","-","-","-","-","-","-","-","-","-","-","-","-","-"
"","","0x76ff65283aa0","@P2   STS [R40+0x2800], R25","4587","2632","4587","8388608","268435456","33554432","32","4","28","28","0","Shared","Store","32","0","0","0","4194304","4194304","0","0","0","-","0","0","0","0","0","0","0","0","55","0","0","0","0","0","0","3348","0","0","650","255","0","0","0","279","0","0","17","0","0","0","0","0","0","2481","0","0","0","0","0","0","0","134"
"","","...","...","-","-","-","-","-","-","-","-","-","-","-","-","-","-","-","-","-","-","-","-","-","-","-","-","-","-","-","-","-","-","-","-","-","-","-","-","-","-","-","-","-","-","-","-","-","-","-","-","-","-","-","-","-","-","-","-","-","-","-","-","-","-","-","-","-"
"","","0x76ff65283b90","      SHFL.BFLY PT, R24, R27, 0x2, 0x1f","6162","3443","6162","8388608","268435456","268435456","32","32","0","0","0","-","-","-","0","0","0","0","0","0","0","0","-","0","0","0","0","0","0","0","0","41","0","0","0","0","0","0","4139","0","0","957","227","0","0","0","798","0","0","12","0","0","0","0","0","0","3040","0","0","0","0","0","0","0","391"
"","","...","...","-","-","-","-","-","-","-","-","-","-","-","-","-","-","-","-","-","-","-","-","-","-","-","-","-","-","-","-","-","-","-","-","-","-","-","-","-","-","-","-","-","-","-","-","-","-","-","-","-","-","-","-","-","-","-","-","-","-","-","-","-","-","-","-","-"
"","","0x76ff65283bb0","      SHFL.BFLY PT, R24, R27, 0x1, 0x1f","6797","3775","6797","8388608","268435456","268435456","32","32","0","0","0","-","-","-","0","0","0","0","0","0","0","0","-","0","0","0","0","0","0","0","0","63","0","0","0","0","0","0","4353","0","0","1025","255","0","0","0","1101","0","0","12","0","0","0","0","0","0","3174","0","0","0","0","0","0","0","589"
"","","...","...","-","-","-","-","-","-","-","-","-","-","-","-","-","-","-","-","-","-","-","-","-","-","-","-","-","-","-","-","-","-","-","-","-","-","-","-","-","-","-","-","-","-","-","-","-","-","-","-","-","-","-","-","-","-","-","-","-","-","-","-","-","-","-","-","-"
"","","0x76ff65283c00","@P2   STS [R40+0x2840], R25","3695","1945","3695","8388608","268435456","33554432","32","4","28","28","0","Shared","Store","32","0","0","0","4194304","4194304","0","0","0","-","0","0","0","0","0","0","0","0","50","0","0","0","0","0","0","2568","0","0","563","252","0","0","0","262","0","0","7","0","0","0","0","0","0","1868","0","0","0","0","0","0","0","70"
"","","...","...","-","-","-","-","-","-","-","-","-","-","-","-","-","-","-","-","-","-","-","-","-","-","-","-","-","-","-","-","-","-","-","-","-","-","-","-","-","-","-","-","-","-","-","-","-","-","-","-","-","-","-","-","-","-","-","-","-","-","-","-","-","-","-","-","-"
"","","0x76ff65283c30","      BAR.SYNC.DEFER_BLOCKING 0x0","3718","1987","3718","8388608","268435456","268435456","32","32","0","0","0","-","-","-","0","0","0","0","0","0","0","0","-","0","0","0","0","0","0","0","0","34","0","0","0","0","0","0","2579","0","0","536","262","0","0","0","307","0","0","8","0","0","0","0","0","0","1890","0","0","0","0","0","0","0","89"
"","","...","...","-","-","-","-","-","-","-","-","-","-","-","-","-","-","-","-","-","-","-","-","-","-","-","-","-","-","-","-","-","-","-","-","-","-","-","-","-","-","-","-","-","-","-","-","-","-","-","-","-","-","-","-","-","-","-","-","-","-","-","-","-","-","-","-","-"
"","","0x76ff65283cc0","@!P1  LDS R6, [R49.X4+0x2800]","5509","3340","5509","8388608","268435456","67108864","32","8","24","24","0","Shared","Load","32","0","0","0","2097152","2097152","0","0","0","-","0","0","0","0","0","0","0","0","29","0","0","0","0","0","0","4437","0","0","784","259","0","0","0","0","0","0","2","0","0","0","0","0","0","3338","0","0","0","0","0","0","0","0"
"","","...","...","-","-","-","-","-","-","-","-","-","-","-","-","-","-","-","-","-","-","-","-","-","-","-","-","-","-","-","-","-","-","-","-","-","-","-","-","-","-","-","-","-","-","-","-","-","-","-","-","-","-","-","-","-","-","-","-","-","-","-","-","-","-","-","-","-"
"","","0x76ff65283d90","      SHFL.BFLY PT, R26, R6, 0x1, 0x1f","7866","4520","7866","8388608","268435456","268435456","32","32","0","0","0","-","-","-","0","0","0","0","0","0","0","0","-","0","0","0","0","0","0","0","0","39","0","0","0","0","0","0","3504","0","0","830","233","3260","0","0","0","0","0","9","0","0","0","0","0","0","2607","0","0","0","0","1904","0","0","0"
"","","...","...","-","-","-","-","-","-","-","-","-","-","-","-","-","-","-","-","-","-","-","-","-","-","-","-","-","-","-","-","-","-","-","-","-","-","-","-","-","-","-","-","-","-","-","-","-","-","-","-","-","-","-","-","-","-","-","-","-","-","-","-","-","-","-","-","-"
"","","0x76ff65283db0","@P3   STS [R49.X4+0x2800], R26","6454","3580","6454","8388608","268435456","33554432","32","4","28","28","0","Shared","Store","32","0","0","0","2097152","2097152","0","0","0","-","0","0","0","0","0","0","0","0","66","0","0","0","0","0","0","4187","0","0","1029","221","0","0","0","951","0","0","23","0","0","0","0","0","0","3039","0","0","0","0","0","0","0","518"
"","","0x76ff65283dc0","      BAR.SYNC.DEFER_BLOCKING 0x0","3868","2155","3868","8388608","268435456","268435456","32","32","28","0","0","-","-","-","0","0","0","0","0","0","0","0","-","0","0","0","0","0","0","0","0","29","0","0","1","0","0","0","2320","0","0","444","240","0","0","0","834","0","0","6","0","0","0","0","0","0","1717","0","0","0","0","0","0","0","432"
"","","...","...","-","-","-","-","-","-","-","-","-","-","-","-","-","-","-","-","-","-","-","-","-","-","-","-","-","-","-","-","-","-","-","-","-","-","-","-","-","-","-","-","-","-","-","-","-","-","-","-","-","-","-","-","-","-","-","-","-","-","-","-","-","-","-","-","-"
"","","0x76ff65283e10","      LDS R15, [R41+0x2800]","5940","3627","5940","8388608","268435456","268435456","32","32","0","0","0","Shared","Load","32","0","1","0","8388608","8388608","0","0","0","-","0","0","0","0","0","0","0","0","34","0","0","0","0","0","0","4796","0","0","845","265","0","0","0","0","0","0","6","0","0","0","0","0","0","3621","0","0","0","0","0","0","0","0"
"","","...","...","-","-","-","-","-","-","-","-","-","-","-","-","-","-","-","-","-","-","-","-","-","-","-","-","-","-","-","-","-","-","-","-","-","-","-","-","-","-","-","-","-","-","-","-","-","-","-","-","-","-","-","-","-","-","-","-","-","-","-","-","-","-","-","-","-"
"","","0x76ff65283e40","      LDS R26, [R41+0x2840]","4061","2394","4061","8388608","268435456","268435456","32","32","0","0","0","Shared","Load","32","0","1","0","8388608","8388608","0","0","0","-","0","0","0","0","0","0","0","0","31","0","0","0","0","0","0","3050","0","0","478","240","0","0","0","262","0","0","5","0","0","0","0","0","0","2278","0","0","0","0","0","0","0","111"
