timestamp, clocks.current.sm [MHz], clocks.current.memory [MHz], power.draw.instant [W], temperature.gpu, clocks_event_reasons.active
2026/10/03 17:19:51.900, 210 MHz, 405 MHz, 12.18 W, 45, 0x0000000000000001
2026/10/03 17:19:52.108, 210 MHz, 405 MHz, 12.18 W, 45, 0x0000000000000001
2026/10/03 17:19:52.308, 210 MHz, 405 MHz, 12.18 W, 45, 0x0000000000000001
2026/10/03 17:19:52.508, 210 MHz, 405 MHz, 12.16 W, 45, 0x0000000000000001
2026/10/03 17:19:52.708, 210 MHz, 405 MHz, 12.16 W, 45, 0x0000000000000001
2026/10/03 17:19:52.909, 210 MHz, 405 MHz, 12.08 W, 45, 0x0000000000000001
2026/10/03 17:19:53.109, 210 MHz, 405 MHz, 12.08 W, 45, 0x0000000000000001
2026/10/03 17:19:53.309, 210 MHz, 405 MHz, 12.08 W, 45, 0x0000000000000001
2026/10/03 17:19:53.509, 210 MHz, 405 MHz, 12.09 W, 45, 0x0000000000000001
2026/10/03 17:19:53.710, 210 MHz, 405 MHz, 12.09 W, 45, 0x0000000000000001
2026/10/03 17:19:53.910, 210 MHz, 405 MHz, 12.14 W, 45, 0x0000000000000001
2026/10/03 17:19:54.110, 210 MHz, 405 MHz, 12.14 W, 45, 0x0000000000000001
2026/10/03 17:19:54.311, 210 MHz, 405 MHz, 12.14 W, 45, 0x0000000000000001
2026/10/03 17:19:54.511, 210 MHz, 405 MHz, 12.27 W, 45, 0x0000000000000001
2026/10/03 17:19:54.711, 210 MHz, 405 MHz, 12.27 W, 45, 0x0000000000000001
2026/10/03 17:19:54.911, 210 MHz, 405 MHz, 12.36 W, 45, 0x0000000000000001
2026/10/03 17:19:55.112, 210 MHz, 405 MHz, 12.36 W, 45, 0x0000000000000001
2026/10/03 17:19:55.312, 210 MHz, 405 MHz, 12.36 W, 45, 0x0000000000000001
2026/10/03 17:19:55.512, 210 MHz, 405 MHz, 12.23 W, 45, 0x0000000000000001
2026/10/03 17:19:55.712, 210 MHz, 405 MHz, 12.23 W, 45, 0x0000000000000001
2026/10/03 17:19:55.913, 210 MHz, 405 MHz, 12.25 W, 45, 0x0000000000000001
2026/10/03 17:19:56.113, 210 MHz, 405 MHz, 12.25 W, 45, 0x0000000000000001
2026/10/03 17:19:56.313, 210 MHz, 405 MHz, 12.25 W, 45, 0x0000000000000001
2026/10/03 17:19:56.513, 210 MHz, 405 MHz, 12.54 W, 45, 0x0000000000000001
2026/10/03 17:19:56.713, 210 MHz, 405 MHz, 12.54 W, 45, 0x0000000000000001
2026/10/03 17:19:56.913, 210 MHz, 405 MHz, 12.29 W, 45, 0x0000000000000001
2026/10/03 17:19:57.114, 210 MHz, 405 MHz, 12.29 W, 45, 0x0000000000000001
2026/10/03 17:19:57.314, 210 MHz, 405 MHz, 12.29 W, 45, 0x0000000000000001
2026/10/03 17:19:57.514, 210 MHz, 405 MHz, 12.39 W, 45, 0x0000000000000001
2026/10/03 17:19:57.714, 210 MHz, 405 MHz, 12.39 W, 45, 0x0000000000000001
2026/10/03 17:19:57.914, 210 MHz, 405 MHz, 12.32 W, 45, 0x0000000000000001
2026/10/03 17:19:58.114, 210 MHz, 405 MHz, 12.32 W, 45, 0x0000000000000001
2026/10/03 17:19:58.315, 210 MHz, 405 MHz, 12.32 W, 45, 0x0000000000000001
2026/10/03 17:19:58.515, 210 MHz, 405 MHz, 12.14 W, 45, 0x0000000000000001
2026/10/03 17:19:58.715, 210 MHz, 405 MHz, 12.14 W, 45, 0x0000000000000001
2026/10/03 17:19:58.915, 210 MHz, 405 MHz, 12.36 W, 45, 0x0000000000000001
2026/10/03 17:19:59.115, 210 MHz, 405 MHz, 12.36 W, 45, 0x0000000000000001
2026/10/03 17:19:59.316, 210 MHz, 405 MHz, 12.36 W, 45, 0x0000000000000001
2026/10/03 17:19:59.516, 210 MHz, 405 MHz, 12.60 W, 45, 0x0000000000000001
2026/10/03 17:19:59.716, 210 MHz, 405 MHz, 12.60 W, 45, 0x0000000000000001
2026/10/03 17:19:59.916, 210 MHz, 405 MHz, 12.15 W, 45, 0x0000000000000001
2026/10/03 17:20:00.117, 210 MHz, 405 MHz, 12.15 W, 45, 0x0000000000000001
2026/10/03 17:20:00.317, 210 MHz, 405 MHz, 12.15 W, 45, 0x0000000000000001
2026/10/03 17:20:00.517, 210 MHz, 405 MHz, 12.63 W, 45, 0x0000000000000001
2026/10/03 17:20:00.717, 210 MHz, 405 MHz, 12.63 W, 45, 0x0000000000000001
2026/10/03 17:20:00.917, 210 MHz, 405 MHz, 12.13 W, 45, 0x0000000000000001
2026/10/03 17:20:01.118, 210 MHz, 405 MHz, 12.13 W, 45, 0x0000000000000001
2026/10/03 17:20:01.318, 210 MHz, 405 MHz, 12.13 W, 45, 0x0000000000000001
2026/10/03 17:20:01.518, 210 MHz, 405 MHz, 12.57 W, 45, 0x0000000000000001
2026/10/03 17:20:01.718, 210 MHz, 405 MHz, 12.57 W, 45, 0x0000000000000001
2026/10/03 17:20:01.919, 210 MHz, 405 MHz, 12.55 W, 45, 0x0000000000000001
2026/10/03 17:20:02.119, 210 MHz, 405 MHz, 12.55 W, 45, 0x0000000000000001
2026/10/03 17:20:02.319, 210 MHz, 405 MHz, 12.55 W, 45, 0x0000000000000001
2026/10/03 17:20:02.519, 210 MHz, 405 MHz, 12.24 W, 45, 0x0000000000000001
2026/10/03 17:20:02.719, 210 MHz, 405 MHz, 12.24 W, 45, 0x0000000000000001
2026/10/03 17:20:02.919, 210 MHz, 405 MHz, 12.07 W, 45, 0x0000000000000001
2026/10/03 17:20:03.120, 210 MHz, 405 MHz, 12.07 W, 45, 0x0000000000000001
2026/10/03 17:20:03.320, 210 MHz, 405 MHz, 12.07 W, 45, 0x0000000000000001
2026/10/03 17:20:03.520, 210 MHz, 405 MHz, 12.11 W, 45, 0x0000000000000001
2026/10/03 17:20:03.720, 210 MHz, 405 MHz, 12.11 W, 45, 0x0000000000000001
2026/10/03 17:20:03.921, 210 MHz, 405 MHz, 12.09 W, 45, 0x0000000000000001
2026/10/03 17:20:04.121, 210 MHz, 405 MHz, 12.09 W, 45, 0x0000000000000001
2026/10/03 17:20:04.321, 210 MHz, 405 MHz, 12.09 W, 45, 0x0000000000000001
2026/10/03 17:20:04.522, 210 MHz, 405 MHz, 12.15 W, 45, 0x0000000000000001
2026/10/03 17:20:04.722, 210 MHz, 405 MHz, 12.15 W, 45, 0x0000000000000001
2026/10/03 17:20:04.923, 210 MHz, 405 MHz, 12.17 W, 45, 0x0000000000000001
2026/10/03 17:20:05.123, 210 MHz, 405 MHz, 12.17 W, 45, 0x0000000000000001
2026/10/03 17:20:05.323, 210 MHz, 405 MHz, 12.17 W, 45, 0x0000000000000001
2026/10/03 17:20:05.524, 210 MHz, 405 MHz, 12.15 W, 45, 0x0000000000000001
2026/10/03 17:20:05.724, 210 MHz, 405 MHz, 12.15 W, 45, 0x0000000000000001
2026/10/03 17:20:05.924, 210 MHz, 405 MHz, 12.15 W, 45, 0x0000000000000001
2026/10/03 17:20:06.125, 210 MHz, 405 MHz, 12.15 W, 45, 0x0000000000000001
2026/10/03 17:20:06.325, 210 MHz, 405 MHz, 12.15 W, 45, 0x0000000000000001
2026/10/03 17:20:06.525, 210 MHz, 405 MHz, 12.60 W, 45, 0x0000000000000001
2026/10/03 17:20:06.725, 210 MHz, 405 MHz, 12.60 W, 45, 0x0000000000000001
2026/10/03 17:20:06.925, 210 MHz, 405 MHz, 12.16 W, 45, 0x0000000000000001
2026/10/03 17:20:07.125, 210 MHz, 405 MHz, 12.16 W, 45, 0x0000000000000001
2026/10/03 17:20:07.325, 210 MHz, 405 MHz, 12.16 W, 45, 0x0000000000000001
2026/10/03 17:20:07.526, 210 MHz, 405 MHz, 12.19 W, 45, 0x0000000000000001
2026/10/03 17:20:07.726, 210 MHz, 405 MHz, 12.19 W, 45, 0x0000000000000001
2026/10/03 17:20:07.927, 210 MHz, 405 MHz, 12.15 W, 45, 0x0000000000000001
2026/10/03 17:20:08.127, 210 MHz, 405 MHz, 12.15 W, 45, 0x0000000000000001
2026/10/03 17:20:08.327, 210 MHz, 405 MHz, 12.15 W, 45, 0x0000000000000001
2026/10/03 17:20:08.528, 210 MHz, 405 MHz, 12.13 W, 45, 0x0000000000000001
2026/10/03 17:20:08.728, 210 MHz, 405 MHz, 12.13 W, 45, 0x0000000000000001
2026/10/03 17:20:08.928, 210 MHz, 405 MHz, 12.81 W, 45, 0x0000000000000001
2026/10/03 17:20:09.129, 210 MHz, 405 MHz, 12.81 W, 45, 0x0000000000000001
2026/10/03 17:20:09.329, 210 MHz, 405 MHz, 12.81 W, 45, 0x0000000000000001
2026/10/03 17:20:09.529, 210 MHz, 405 MHz, 12.17 W, 45, 0x0000000000000001
2026/10/03 17:20:09.729, 210 MHz, 405 MHz, 12.17 W, 45, 0x0000000000000001
2026/10/03 17:20:09.930, 210 MHz, 405 MHz, 12.13 W, 45, 0x0000000000000001
2026/10/03 17:20:10.130, 210 MHz, 405 MHz, 12.13 W, 45, 0x0000000000000001
2026/10/03 17:20:10.330, 210 MHz, 405 MHz, 12.13 W, 45, 0x0000000000000001
2026/10/03 17:20:10.530, 210 MHz, 405 MHz, 12.22 W, 45, 0x0000000000000001
2026/10/03 17:20:10.730, 210 MHz, 405 MHz, 12.22 W, 45, 0x0000000000000001
2026/10/03 17:20:10.930, 210 MHz, 405 MHz, 12.08 W, 45, 0x0000000000000001
2026/10/03 17:20:11.131, 210 MHz, 405 MHz, 12.08 W, 45, 0x0000000000000001
2026/10/03 17:20:11.331, 210 MHz, 405 MHz, 12.08 W, 45, 0x0000000000000001
2026/10/03 17:20:11.531, 210 MHz, 405 MHz, 12.09 W, 45, 0x0000000000000001
2026/10/03 17:20:11.732, 210 MHz, 405 MHz, 12.09 W, 45, 0x0000000000000001
2026/10/03 17:20:11.932, 210 MHz, 405 MHz, 12.50 W, 45, 0x0000000000000001
2026/10/03 17:20:12.132, 210 MHz, 405 MHz, 12.50 W, 45, 0x0000000000000001
2026/10/03 17:20:12.332, 210 MHz, 405 MHz, 12.50 W, 45, 0x0000000000000001
2026/10/03 17:20:12.532, 210 MHz, 405 MHz, 12.32 W, 45, 0x0000000000000001
2026/10/03 17:20:12.732, 210 MHz, 405 MHz, 12.32 W, 45, 0x0000000000000001
2026/10/03 17:20:12.933, 2520 MHz, 10251 MHz, 39.61 W, 46, 0x0000000000000000
2026/10/03 17:20:13.133, 2520 MHz, 10251 MHz, 39.61 W, 46, 0x0000000000000000
2026/10/03 17:20:13.333, 2520 MHz, 10251 MHz, 39.61 W, 46, 0x0000000000000000
2026/10/03 17:20:13.533, 2730 MHz, 10251 MHz, 133.65 W, 52, 0x0000000000000000
2026/10/03 17:20:13.733, 2730 MHz, 10251 MHz, 133.65 W, 52, 0x0000000000000000
2026/10/03 17:20:13.933, 2595 MHz, 10251 MHz, 144.30 W, 64, 0x0000000000000000
2026/10/03 17:20:14.133, 2595 MHz, 10251 MHz, 144.30 W, 64, 0x0000000000000000
2026/10/03 17:20:14.333, 2595 MHz, 10251 MHz, 144.30 W, 64, 0x0000000000000000
2026/10/03 17:20:14.533, 2580 MHz, 10251 MHz, 165.99 W, 67, 0x0000000000000000
2026/10/03 17:20:14.734, 2580 MHz, 10251 MHz, 165.99 W, 67, 0x0000000000000000
2026/10/03 17:20:14.934, 2700 MHz, 10251 MHz, 204.24 W, 68, 0x0000000000000004
2026/10/03 17:20:15.134, 2700 MHz, 10251 MHz, 204.24 W, 68, 0x0000000000000004
2026/10/03 17:20:15.334, 2700 MHz, 10251 MHz, 204.24 W, 68, 0x0000000000000004
2026/10/03 17:20:15.534, 2730 MHz, 10501 MHz, 47.20 W, 51, 0x0000000000000000
2026/10/03 17:20:15.734, 2730 MHz, 10501 MHz, 47.20 W, 51, 0x0000000000000000
2026/10/03 17:20:15.935, 2730 MHz, 10501 MHz, 46.85 W, 50, 0x0000000000000000
2026/10/03 17:20:16.135, 2730 MHz, 10501 MHz, 46.85 W, 50, 0x0000000000000000
2026/10/03 17:20:16.335, 2730 MHz, 10501 MHz, 46.85 W, 50, 0x0000000000000000
2026/10/03 17:20:16.535, 2730 MHz, 10501 MHz, 49.40 W, 50, 0x0000000000000000
2026/10/03 17:20:16.735, 2730 MHz, 10501 MHz, 49.40 W, 50, 0x0000000000000000
2026/10/03 17:20:16.935, 690 MHz, 5001 MHz, 47.27 W, 49, 0x0000000000000000
2026/10/03 17:20:17.136, 690 MHz, 5001 MHz, 47.27 W, 49, 0x0000000000000000
2026/10/03 17:20:17.336, 690 MHz, 5001 MHz, 47.27 W, 49, 0x0000000000000000
2026/10/03 17:20:17.537, 585 MHz, 5001 MHz, 23.17 W, 47, 0x0000000000000001
2026/10/03 17:20:17.737, 585 MHz, 5001 MHz, 23.17 W, 47, 0x0000000000000001
2026/10/03 17:20:17.937, 450 MHz, 5001 MHz, 23.01 W, 47, 0x0000000000000001
2026/10/03 17:20:18.137, 450 MHz, 5001 MHz, 23.01 W, 47, 0x0000000000000001
2026/10/03 17:20:18.338, 450 MHz, 5001 MHz, 23.01 W, 47, 0x0000000000000001
2026/10/03 17:20:18.538, 375 MHz, 5001 MHz, 22.90 W, 47, 0x0000000000000001
2026/10/03 17:20:18.738, 375 MHz, 5001 MHz, 22.90 W, 47, 0x0000000000000001
2026/10/03 17:20:18.938, 300 MHz, 5001 MHz, 22.88 W, 46, 0x0000000000000001
2026/10/03 17:20:19.139, 300 MHz, 5001 MHz, 22.88 W, 46, 0x0000000000000001
2026/10/03 17:20:19.339, 300 MHz, 5001 MHz, 22.88 W, 46, 0x0000000000000001
2026/10/03 17:20:19.539, 255 MHz, 5001 MHz, 22.82 W, 46, 0x0000000000000001
2026/10/03 17:20:19.739, 255 MHz, 5001 MHz, 22.82 W, 46, 0x0000000000000001
2026/10/03 17:20:19.939, 210 MHz, 5001 MHz, 22.77 W, 46, 0x0000000000000001
2026/10/03 17:20:20.139, 210 MHz, 5001 MHz, 22.77 W, 46, 0x0000000000000001
2026/10/03 17:20:20.340, 210 MHz, 5001 MHz, 22.77 W, 46, 0x0000000000000001
2026/10/03 17:20:20.540, 210 MHz, 810 MHz, 20.53 W, 46, 0x0000000000000001
2026/10/03 17:20:20.740, 210 MHz, 810 MHz, 20.53 W, 46, 0x0000000000000001
2026/10/03 17:20:20.940, 210 MHz, 810 MHz, 19.57 W, 46, 0x0000000000000001
2026/10/03 17:20:21.140, 210 MHz, 810 MHz, 19.57 W, 46, 0x0000000000000001
2026/10/03 17:20:21.340, 210 MHz, 810 MHz, 19.57 W, 46, 0x0000000000000001
2026/10/03 17:20:21.540, 210 MHz, 810 MHz, 20.36 W, 46, 0x0000000000000001
2026/10/03 17:20:21.741, 210 MHz, 810 MHz, 20.36 W, 46, 0x0000000000000001
2026/10/03 17:20:21.941, 210 MHz, 405 MHz, 19.96 W, 46, 0x0000000000000001
2026/10/03 17:20:22.141, 210 MHz, 405 MHz, 19.96 W, 46, 0x0000000000000001
2026/10/03 17:20:22.341, 210 MHz, 405 MHz, 19.96 W, 46, 0x0000000000000001
2026/10/03 17:20:22.541, 210 MHz, 405 MHz, 12.22 W, 45, 0x0000000000000001
2026/10/03 17:20:22.742, 210 MHz, 405 MHz, 12.22 W, 45, 0x0000000000000001
2026/10/03 17:20:22.942, 210 MHz, 405 MHz, 12.33 W, 45, 0x0000000000000001
2026/10/03 17:20:23.142, 210 MHz, 405 MHz, 12.33 W, 45, 0x0000000000000001
2026/10/03 17:20:23.343, 210 MHz, 405 MHz, 12.33 W, 45, 0x0000000000000001
2026/10/03 17:20:23.543, 210 MHz, 405 MHz, 12.15 W, 45, 0x0000000000000001
2026/10/03 17:20:23.743, 210 MHz, 405 MHz, 12.15 W, 45, 0x0000000000000001
2026/10/03 17:20:23.943, 210 MHz, 405 MHz, 12.23 W, 45, 0x0000000000000001
2026/10/03 17:20:24.144, 210 MHz, 405 MHz, 12.23 W, 45, 0x0000000000000001
2026/10/03 17:20:24.344, 210 MHz, 405 MHz, 12.23 W, 45, 0x0000000000000001
2026/10/03 17:20:24.544, 210 MHz, 405 MHz, 12.37 W, 45, 0x0000000000000001
2026/10/03 17:20:24.744, 210 MHz, 405 MHz, 12.37 W, 45, 0x0000000000000001
2026/10/03 17:20:24.945, 210 MHz, 405 MHz, 12.30 W, 45, 0x0000000000000001
2026/10/03 17:20:25.145, 210 MHz, 405 MHz, 12.30 W, 45, 0x0000000000000001
2026/10/03 17:20:25.345, 210 MHz, 405 MHz, 12.30 W, 45, 0x0000000000000001
2026/10/03 17:20:25.546, 210 MHz, 405 MHz, 12.29 W, 44, 0x0000000000000001
2026/10/03 17:20:25.746, 210 MHz, 405 MHz, 12.29 W, 44, 0x0000000000000001
2026/10/03 17:20:25.946, 210 MHz, 405 MHz, 12.21 W, 44, 0x0000000000000001
2026/10/03 17:20:26.147, 210 MHz, 405 MHz, 12.21 W, 44, 0x0000000000000001
2026/10/03 17:20:26.347, 210 MHz, 405 MHz, 12.21 W, 44, 0x0000000000000001
2026/10/03 17:20:26.547, 210 MHz, 405 MHz, 12.37 W, 44, 0x0000000000000001
2026/10/03 17:20:26.748, 210 MHz, 405 MHz, 12.37 W, 44, 0x0000000000000001
2026/10/03 17:20:26.948, 210 MHz, 405 MHz, 12.28 W, 44, 0x0000000000000001
2026/10/03 17:20:27.148, 210 MHz, 405 MHz, 12.28 W, 44, 0x0000000000000001
2026/10/03 17:20:27.348, 210 MHz, 405 MHz, 12.28 W, 44, 0x0000000000000001
2026/10/03 17:20:27.548, 210 MHz, 405 MHz, 12.31 W, 44, 0x0000000000000001
2026/10/03 17:20:27.749, 210 MHz, 405 MHz, 12.31 W, 44, 0x0000000000000001
2026/10/03 17:20:27.949, 210 MHz, 405 MHz, 12.27 W, 44, 0x0000000000000001
2026/10/03 17:20:28.149, 210 MHz, 405 MHz, 12.27 W, 44, 0x0000000000000001
2026/10/03 17:20:28.349, 210 MHz, 405 MHz, 12.27 W, 44, 0x0000000000000001
2026/10/03 17:20:28.550, 210 MHz, 405 MHz, 12.37 W, 44, 0x0000000000000001
2026/10/03 17:20:28.750, 210 MHz, 405 MHz, 12.37 W, 44, 0x0000000000000001
2026/10/03 17:20:28.950, 210 MHz, 405 MHz, 12.45 W, 44, 0x0000000000000001
2026/10/03 17:20:29.150, 210 MHz, 405 MHz, 12.45 W, 44, 0x0000000000000001
2026/10/03 17:20:29.350, 210 MHz, 405 MHz, 12.45 W, 44, 0x0000000000000001
2026/10/03 17:20:29.550, 210 MHz, 405 MHz, 12.27 W, 43, 0x0000000000000001
2026/10/03 17:20:29.751, 210 MHz, 405 MHz, 12.27 W, 43, 0x0000000000000001
2026/10/03 17:20:29.951, 210 MHz, 405 MHz, 12.20 W, 43, 0x0000000000000001
2026/10/03 17:20:30.151, 210 MHz, 405 MHz, 12.20 W, 43, 0x0000000000000001
2026/10/03 17:20:30.351, 210 MHz, 405 MHz, 12.20 W, 43, 0x0000000000000001
2026/10/03 17:20:30.551, 210 MHz, 405 MHz, 12.26 W, 43, 0x0000000000000001
2026/10/03 17:20:30.751, 210 MHz, 405 MHz, 12.26 W, 43, 0x0000000000000001
2026/10/03 17:20:30.951, 210 MHz, 405 MHz, 12.24 W, 43, 0x0000000000000001
2026/10/03 17:20:31.152, 210 MHz, 405 MHz, 12.24 W, 43, 0x0000000000000001
2026/10/03 17:20:31.352, 210 MHz, 405 MHz, 12.24 W, 43, 0x0000000000000001
2026/10/03 17:20:31.552, 210 MHz, 405 MHz, 12.24 W, 43, 0x0000000000000001
2026/10/03 17:20:31.752, 210 MHz, 405 MHz, 12.24 W, 43, 0x0000000000000001
2026/10/03 17:20:31.952, 210 MHz, 405 MHz, 12.07 W, 43, 0x0000000000000001
2026/10/03 17:20:32.152, 210 MHz, 405 MHz, 12.07 W, 43, 0x0000000000000001
2026/10/03 17:20:32.352, 210 MHz, 405 MHz, 12.07 W, 43, 0x0000000000000001
2026/10/03 17:20:32.553, 210 MHz, 405 MHz, 12.20 W, 43, 0x0000000000000001
2026/10/03 17:20:32.753, 210 MHz, 405 MHz, 12.20 W, 43, 0x0000000000000001
2026/10/03 17:20:32.953, 210 MHz, 405 MHz, 12.14 W, 43, 0x0000000000000001
2026/10/03 17:20:33.153, 210 MHz, 405 MHz, 12.14 W, 43, 0x0000000000000001
2026/10/03 17:20:33.353, 210 MHz, 405 MHz, 12.14 W, 43, 0x0000000000000001
2026/10/03 17:20:33.553, 210 MHz, 405 MHz, 12.14 W, 42, 0x0000000000000001
2026/10/03 17:20:33.753, 210 MHz, 405 MHz, 12.14 W, 42, 0x0000000000000001
2026/10/03 17:20:33.954, 210 MHz, 405 MHz, 12.22 W, 42, 0x0000000000000001
2026/10/03 17:20:34.154, 210 MHz, 405 MHz, 12.22 W, 42, 0x0000000000000001
2026/10/03 17:20:34.354, 210 MHz, 405 MHz, 12.22 W, 42, 0x0000000000000001
2026/10/03 17:20:34.554, 210 MHz, 405 MHz, 12.14 W, 42, 0x0000000000000001
2026/10/03 17:20:34.754, 210 MHz, 405 MHz, 12.14 W, 42, 0x0000000000000001
2026/10/03 17:20:34.954, 210 MHz, 405 MHz, 12.10 W, 42, 0x0000000000000001
2026/10/03 17:20:35.154, 210 MHz, 405 MHz, 12.10 W, 42, 0x0000000000000001
2026/10/03 17:20:35.355, 210 MHz, 405 MHz, 12.10 W, 42, 0x0000000000000001
2026/10/03 17:20:35.555, 210 MHz, 405 MHz, 12.25 W, 42, 0x0000000000000001
2026/10/03 17:20:35.755, 210 MHz, 405 MHz, 12.25 W, 42, 0x0000000000000001
2026/10/03 17:20:35.955, 210 MHz, 405 MHz, 12.22 W, 42, 0x0000000000000001
2026/10/03 17:20:36.155, 210 MHz, 405 MHz, 12.22 W, 42, 0x0000000000000001
2026/10/03 17:20:36.355, 210 MHz, 405 MHz, 12.22 W, 42, 0x0000000000000001
2026/10/03 17:20:36.555, 2520 MHz, 10251 MHz, 36.15 W, 43, 0x0000000000000000
2026/10/03 17:20:36.755, 2520 MHz, 10251 MHz, 36.15 W, 43, 0x0000000000000000
2026/10/03 17:20:36.955, 2745 MHz, 10251 MHz, 63.93 W, 48, 0x0000000000000000
2026/10/03 17:20:37.156, 2745 MHz, 10251 MHz, 63.93 W, 48, 0x0000000000000000
2026/10/03 17:20:37.356, 2745 MHz, 10251 MHz, 63.93 W, 48, 0x0000000000000000
2026/10/03 17:20:37.556, 2730 MHz, 10251 MHz, 158.38 W, 54, 0x0000000000000000
2026/10/03 17:20:37.756, 2730 MHz, 10251 MHz, 158.38 W, 54, 0x0000000000000000
2026/10/03 17:20:37.956, 2715 MHz, 10251 MHz, 196.64 W, 59, 0x0000000000000000
2026/10/03 17:20:38.156, 2715 MHz, 10251 MHz, 196.64 W, 59, 0x0000000000000000
2026/10/03 17:20:38.356, 2715 MHz, 10251 MHz, 196.64 W, 59, 0x0000000000000000
2026/10/03 17:20:38.556, 2715 MHz, 10251 MHz, 212.90 W, 65, 0x0000000000000004
2026/10/03 17:20:38.757, 2715 MHz, 10251 MHz, 212.90 W, 65, 0x0000000000000004
2026/10/03 17:20:38.957, 2730 MHz, 10501 MHz, 46.86 W, 48, 0x0000000000000000
2026/10/03 17:20:39.157, 2730 MHz, 10501 MHz, 46.86 W, 48, 0x0000000000000000
2026/10/03 17:20:39.357, 2730 MHz, 10501 MHz, 46.86 W, 48, 0x0000000000000000
2026/10/03 17:20:39.557, 2745 MHz, 10501 MHz, 47.80 W, 46, 0x0000000000000000
2026/10/03 17:20:39.757, 2745 MHz, 10501 MHz, 47.80 W, 46, 0x0000000000000000
2026/10/03 17:20:39.958, 2745 MHz, 10501 MHz, 46.19 W, 46, 0x0000000000000000
2026/10/03 17:20:40.158, 2745 MHz, 10501 MHz, 46.19 W, 46, 0x0000000000000000
2026/10/03 17:20:40.358, 2745 MHz, 10501 MHz, 46.19 W, 46, 0x0000000000000000
2026/10/03 17:20:40.558, 780 MHz, 5001 MHz, 32.64 W, 44, 0x0000000000000001
2026/10/03 17:20:40.759, 780 MHz, 5001 MHz, 32.64 W, 44, 0x0000000000000001
2026/10/03 17:20:40.959, 615 MHz, 5001 MHz, 22.91 W, 44, 0x0000000000000001
2026/10/03 17:20:41.159, 615 MHz, 5001 MHz, 22.91 W, 44, 0x0000000000000001
2026/10/03 17:20:41.359, 615 MHz, 5001 MHz, 22.91 W, 44, 0x0000000000000001
2026/10/03 17:20:41.560, 510 MHz, 5001 MHz, 22.94 W, 43, 0x0000000000000001
2026/10/03 17:20:41.760, 510 MHz, 5001 MHz, 22.94 W, 43, 0x0000000000000001
2026/10/03 17:20:41.960, 405 MHz, 5001 MHz, 22.77 W, 43, 0x0000000000000001
2026/10/03 17:20:42.160, 405 MHz, 5001 MHz, 22.77 W, 43, 0x0000000000000001
2026/10/03 17:20:42.361, 405 MHz, 5001 MHz, 22.77 W, 43, 0x0000000000000001
2026/10/03 17:20:42.561, 345 MHz, 5001 MHz, 22.89 W, 43, 0x0000000000000001
2026/10/03 17:20:42.761, 345 MHz, 5001 MHz, 22.89 W, 43, 0x0000000000000001
2026/10/03 17:20:42.961, 270 MHz, 5001 MHz, 22.66 W, 43, 0x0000000000000001
2026/10/03 17:20:43.161, 270 MHz, 5001 MHz, 22.66 W, 43, 0x0000000000000001
2026/10/03 17:20:43.362, 270 MHz, 5001 MHz, 22.66 W, 43, 0x0000000000000001
2026/10/03 17:20:43.562, 240 MHz, 5001 MHz, 22.76 W, 43, 0x0000000000000001
2026/10/03 17:20:43.762, 240 MHz, 5001 MHz, 22.76 W, 43, 0x0000000000000001
2026/10/03 17:20:43.962, 210 MHz, 5001 MHz, 22.61 W, 42, 0x0000000000000001
2026/10/03 17:20:44.162, 210 MHz, 5001 MHz, 22.61 W, 42, 0x0000000000000001
2026/10/03 17:20:44.362, 210 MHz, 5001 MHz, 22.61 W, 42, 0x0000000000000001
2026/10/03 17:20:44.562, 210 MHz, 5001 MHz, 22.92 W, 42, 0x0000000000000001
2026/10/03 17:20:44.763, 210 MHz, 5001 MHz, 22.92 W, 42, 0x0000000000000001
2026/10/03 17:20:44.963, 210 MHz, 810 MHz, 19.20 W, 42, 0x0000000000000001
2026/10/03 17:20:45.163, 210 MHz, 810 MHz, 19.20 W, 42, 0x0000000000000001
2026/10/03 17:20:45.363, 210 MHz, 810 MHz, 19.20 W, 42, 0x0000000000000001
2026/10/03 17:20:45.563, 210 MHz, 810 MHz, 20.32 W, 42, 0x0000000000000001
2026/10/03 17:20:45.763, 210 MHz, 810 MHz, 20.32 W, 42, 0x0000000000000001
2026/10/03 17:20:45.964, 210 MHz, 810 MHz, 19.30 W, 42, 0x0000000000000001
2026/10/03 17:20:46.164, 210 MHz, 810 MHz, 19.30 W, 42, 0x0000000000000001
2026/10/03 17:20:46.364, 210 MHz, 810 MHz, 19.30 W, 42, 0x0000000000000001
2026/10/03 17:20:46.564, 210 MHz, 810 MHz, 19.20 W, 42, 0x0000000000000001
2026/10/03 17:20:46.764, 210 MHz, 810 MHz, 19.20 W, 42, 0x0000000000000001
2026/10/03 17:20:46.964, 210 MHz, 405 MHz, 12.18 W, 42, 0x0000000000000001
2026/10/03 17:20:47.164, 210 MHz, 405 MHz, 12.18 W, 42, 0x0000000000000001
2026/10/03 17:20:47.365, 210 MHz, 405 MHz, 12.18 W, 42, 0x0000000000000001
2026/10/03 17:20:47.565, 210 MHz, 405 MHz, 12.23 W, 41, 0x0000000000000001
2026/10/03 17:20:47.765, 210 MHz, 405 MHz, 12.23 W, 41, 0x0000000000000001
2026/10/03 17:20:47.965, 210 MHz, 405 MHz, 12.76 W, 41, 0x0000000000000001
2026/10/03 17:20:48.165, 210 MHz, 405 MHz, 12.76 W, 41, 0x0000000000000001
2026/10/03 17:20:48.365, 210 MHz, 405 MHz, 12.76 W, 41, 0x0000000000000001
2026/10/03 17:20:48.565, 210 MHz, 405 MHz, 12.24 W, 41, 0x0000000000000001
2026/10/03 17:20:48.766, 210 MHz, 405 MHz, 12.24 W, 41, 0x0000000000000001
2026/10/03 17:20:48.966, 210 MHz, 405 MHz, 12.11 W, 41, 0x0000000000000001
2026/10/03 17:20:49.166, 210 MHz, 405 MHz, 12.11 W, 41, 0x0000000000000001
2026/10/03 17:20:49.366, 210 MHz, 405 MHz, 12.11 W, 41, 0x0000000000000001
2026/10/03 17:20:49.566, 210 MHz, 405 MHz, 12.17 W, 41, 0x0000000000000001
2026/10/03 17:20:49.766, 210 MHz, 405 MHz, 12.17 W, 41, 0x0000000000000001
2026/10/03 17:20:49.967, 210 MHz, 405 MHz, 12.03 W, 41, 0x0000000000000001
2026/10/03 17:20:50.167, 210 MHz, 405 MHz, 12.03 W, 41, 0x0000000000000001
2026/10/03 17:20:50.367, 210 MHz, 405 MHz, 12.03 W, 41, 0x0000000000000001
2026/10/03 17:20:50.567, 210 MHz, 405 MHz, 12.09 W, 41, 0x0000000000000001
2026/10/03 17:20:50.768, 210 MHz, 405 MHz, 12.09 W, 41, 0x0000000000000001
2026/10/03 17:20:50.968, 210 MHz, 405 MHz, 11.95 W, 41, 0x0000000000000001
2026/10/03 17:20:51.168, 210 MHz, 405 MHz, 11.95 W, 41, 0x0000000000000001
2026/10/03 17:20:51.368, 210 MHz, 405 MHz, 11.95 W, 41, 0x0000000000000001
2026/10/03 17:20:51.568, 210 MHz, 405 MHz, 12.16 W, 41, 0x0000000000000001
2026/10/03 17:20:51.768, 210 MHz, 405 MHz, 12.16 W, 41, 0x0000000000000001
2026/10/03 17:20:51.969, 210 MHz, 405 MHz, 11.94 W, 41, 0x0000000000000001
2026/10/03 17:20:52.169, 210 MHz, 405 MHz, 11.94 W, 41, 0x0000000000000001
2026/10/03 17:20:52.369, 210 MHz, 405 MHz, 11.94 W, 41, 0x0000000000000001
2026/10/03 17:20:52.569, 210 MHz, 405 MHz, 12.08 W, 41, 0x0000000000000001
2026/10/03 17:20:52.769, 210 MHz, 405 MHz, 12.08 W, 41, 0x0000000000000001
2026/10/03 17:20:52.969, 210 MHz, 405 MHz, 12.27 W, 40, 0x0000000000000001
2026/10/03 17:20:53.169, 210 MHz, 405 MHz, 12.27 W, 40, 0x0000000000000001
2026/10/03 17:20:53.369, 210 MHz, 405 MHz, 12.27 W, 40, 0x0000000000000001
2026/10/03 17:20:53.570, 210 MHz, 405 MHz, 12.12 W, 40, 0x0000000000000001
2026/10/03 17:20:53.770, 210 MHz, 405 MHz, 12.12 W, 40, 0x0000000000000001
2026/10/03 17:20:53.970, 210 MHz, 405 MHz, 11.99 W, 40, 0x0000000000000001
2026/10/03 17:20:54.170, 210 MHz, 405 MHz, 11.99 W, 40, 0x0000000000000001
2026/10/03 17:20:54.370, 210 MHz, 405 MHz, 11.99 W, 40, 0x0000000000000001
2026/10/03 17:20:54.570, 210 MHz, 405 MHz, 12.10 W, 40, 0x0000000000000001
2026/10/03 17:20:54.771, 210 MHz, 405 MHz, 12.10 W, 40, 0x0000000000000001
2026/10/03 17:20:54.971, 210 MHz, 405 MHz, 11.98 W, 40, 0x0000000000000001
2026/10/03 17:20:55.171, 210 MHz, 405 MHz, 11.98 W, 40, 0x0000000000000001
2026/10/03 17:20:55.371, 210 MHz, 405 MHz, 11.98 W, 40, 0x0000000000000001
2026/10/03 17:20:55.571, 210 MHz, 405 MHz, 12.04 W, 40, 0x0000000000000001
2026/10/03 17:20:55.771, 210 MHz, 405 MHz, 12.04 W, 40, 0x0000000000000001
2026/10/03 17:20:55.972, 210 MHz, 405 MHz, 12.00 W, 40, 0x0000000000000001
2026/10/03 17:20:56.172, 210 MHz, 405 MHz, 12.00 W, 40, 0x0000000000000001
2026/10/03 17:20:56.372, 210 MHz, 405 MHz, 12.00 W, 40, 0x0000000000000001
2026/10/03 17:20:56.572, 210 MHz, 405 MHz, 11.99 W, 40, 0x0000000000000001
2026/10/03 17:20:56.772, 210 MHz, 405 MHz, 11.99 W, 40, 0x0000000000000001
2026/10/03 17:20:56.972, 210 MHz, 405 MHz, 12.00 W, 40, 0x0000000000000001
2026/10/03 17:20:57.173, 210 MHz, 405 MHz, 12.00 W, 40, 0x0000000000000001
2026/10/03 17:20:57.373, 210 MHz, 405 MHz, 12.00 W, 40, 0x0000000000000001
2026/10/03 17:20:57.573, 210 MHz, 405 MHz, 12.05 W, 40, 0x0000000000000001
2026/10/03 17:20:57.773, 210 MHz, 405 MHz, 12.05 W, 40, 0x0000000000000001
2026/10/03 17:20:57.973, 210 MHz, 405 MHz, 11.81 W, 40, 0x0000000000000001
2026/10/03 17:20:58.173, 210 MHz, 405 MHz, 11.81 W, 40, 0x0000000000000001
2026/10/03 17:20:58.373, 210 MHz, 405 MHz, 11.81 W, 40, 0x0000000000000001
2026/10/03 17:20:58.574, 210 MHz, 405 MHz, 11.88 W, 40, 0x0000000000000001
2026/10/03 17:20:58.774, 210 MHz, 405 MHz, 11.88 W, 40, 0x0000000000000001
2026/10/03 17:20:58.975, 210 MHz, 405 MHz, 12.61 W, 40, 0x0000000000000001
2026/10/03 17:20:59.175, 210 MHz, 405 MHz, 12.61 W, 40, 0x0000000000000001
2026/10/03 17:20:59.375, 210 MHz, 405 MHz, 12.61 W, 40, 0x0000000000000001
2026/10/03 17:20:59.575, 210 MHz, 405 MHz, 11.97 W, 40, 0x0000000000000001
2026/10/03 17:20:59.776, 210 MHz, 405 MHz, 11.97 W, 40, 0x0000000000000001
2026/10/03 17:20:59.976, 2520 MHz, 10251 MHz, 35.82 W, 41, 0x0000000000000000
2026/10/03 17:21:00.176, 2520 MHz, 10251 MHz, 35.82 W, 41, 0x0000000000000000
2026/10/03 17:21:00.376, 2520 MHz, 10251 MHz, 35.82 W, 41, 0x0000000000000000
2026/10/03 17:21:00.576, 2520 MHz, 10251 MHz, 104.76 W, 42, 0x0000000000000000
2026/10/03 17:21:00.776, 2520 MHz, 10251 MHz, 104.76 W, 42, 0x0000000000000000
2026/10/03 17:21:00.976, 2745 MHz, 10251 MHz, 127.45 W, 48, 0x0000000000000000
2026/10/03 17:21:01.176, 2745 MHz, 10251 MHz, 127.45 W, 48, 0x0000000000000000
2026/10/03 17:21:01.377, 2745 MHz, 10251 MHz, 127.45 W, 48, 0x0000000000000000
2026/10/03 17:21:01.577, 2745 MHz, 10251 MHz, 125.78 W, 46, 0x0000000000000000
2026/10/03 17:21:01.777, 2745 MHz, 10251 MHz, 125.78 W, 46, 0x0000000000000000
2026/10/03 17:21:01.977, 2745 MHz, 10251 MHz, 75.84 W, 48, 0x0000000000000000
2026/10/03 17:21:02.177, 2745 MHz, 10251 MHz, 75.84 W, 48, 0x0000000000000000
2026/10/03 17:21:02.377, 2745 MHz, 10251 MHz, 75.84 W, 48, 0x0000000000000000
2026/10/03 17:21:02.577, 2745 MHz, 10251 MHz, 132.36 W, 49, 0x0000000000000000
2026/10/03 17:21:02.778, 2745 MHz, 10251 MHz, 132.36 W, 49, 0x0000000000000000
2026/10/03 17:21:02.978, 2730 MHz, 10251 MHz, 159.28 W, 54, 0x0000000000000000
2026/10/03 17:21:03.178, 2730 MHz, 10251 MHz, 159.28 W, 54, 0x0000000000000000
2026/10/03 17:21:03.378, 2730 MHz, 10251 MHz, 159.28 W, 54, 0x0000000000000000
2026/10/03 17:21:03.578, 2730 MHz, 10251 MHz, 159.50 W, 54, 0x0000000000000000
2026/10/03 17:21:03.778, 2730 MHz, 10251 MHz, 159.50 W, 54, 0x0000000000000000
2026/10/03 17:21:03.978, 2715 MHz, 10251 MHz, 203.99 W, 64, 0x0000000000000000
2026/10/03 17:21:04.178, 2715 MHz, 10251 MHz, 203.99 W, 64, 0x0000000000000000
2026/10/03 17:21:04.379, 2715 MHz, 10251 MHz, 203.99 W, 64, 0x0000000000000000
2026/10/03 17:21:04.579, 2715 MHz, 10251 MHz, 203.77 W, 62, 0x0000000000000000
2026/10/03 17:21:04.779, 2715 MHz, 10251 MHz, 203.77 W, 62, 0x0000000000000000
2026/10/03 17:21:04.979, 2715 MHz, 10251 MHz, 211.12 W, 63, 0x0000000000000004
2026/10/03 17:21:05.179, 2715 MHz, 10251 MHz, 211.12 W, 63, 0x0000000000000004
2026/10/03 17:21:05.379, 2715 MHz, 10251 MHz, 211.12 W, 63, 0x0000000000000004
2026/10/03 17:21:05.579, 2625 MHz, 10251 MHz, 224.01 W, 67, 0x0000000000000004
2026/10/03 17:21:05.780, 2625 MHz, 10251 MHz, 224.01 W, 67, 0x0000000000000004
2026/10/03 17:21:05.980, 2715 MHz, 10251 MHz, 214.50 W, 67, 0x0000000000000004
2026/10/03 17:21:06.180, 2715 MHz, 10251 MHz, 214.50 W, 67, 0x0000000000000004
2026/10/03 17:21:06.380, 2715 MHz, 10251 MHz, 214.50 W, 67, 0x0000000000000004
2026/10/03 17:21:06.580, 2505 MHz, 10251 MHz, 215.03 W, 71, 0x0000000000000004
2026/10/03 17:21:06.780, 2505 MHz, 10251 MHz, 215.03 W, 71, 0x0000000000000004
2026/10/03 17:21:06.980, 2730 MHz, 10251 MHz, 59.11 W, 53, 0x0000000000000000
2026/10/03 17:21:07.180, 2730 MHz, 10251 MHz, 59.11 W, 53, 0x0000000000000000
2026/10/03 17:21:07.381, 2730 MHz, 10251 MHz, 59.11 W, 53, 0x0000000000000000
2026/10/03 17:21:07.581, 2730 MHz, 10501 MHz, 46.91 W, 48, 0x0000000000000000
2026/10/03 17:21:07.781, 2730 MHz, 10501 MHz, 46.91 W, 48, 0x0000000000000000
2026/10/03 17:21:07.981, 2730 MHz, 10501 MHz, 46.35 W, 47, 0x0000000000000000
2026/10/03 17:21:08.181, 2730 MHz, 10501 MHz, 46.35 W, 47, 0x0000000000000000
2026/10/03 17:21:08.382, 2730 MHz, 10501 MHz, 46.35 W, 47, 0x0000000000000000
2026/10/03 17:21:08.582, 2730 MHz, 10501 MHz, 46.74 W, 47, 0x0000000000000000
2026/10/03 17:21:08.782, 2730 MHz, 10501 MHz, 46.74 W, 47, 0x0000000000000000
2026/10/03 17:21:08.982, 600 MHz, 5001 MHz, 22.86 W, 45, 0x0000000000000001
2026/10/03 17:21:09.182, 600 MHz, 5001 MHz, 22.86 W, 45, 0x0000000000000001
2026/10/03 17:21:09.383, 600 MHz, 5001 MHz, 22.86 W, 45, 0x0000000000000001
2026/10/03 17:21:09.583, 510 MHz, 5001 MHz, 23.22 W, 45, 0x0000000000000001
2026/10/03 17:21:09.783, 510 MHz, 5001 MHz, 23.22 W, 45, 0x0000000000000001
2026/10/03 17:21:09.983, 405 MHz, 5001 MHz, 22.73 W, 44, 0x0000000000000001
2026/10/03 17:21:10.184, 405 MHz, 5001 MHz, 22.73 W, 44, 0x0000000000000001
2026/10/03 17:21:10.384, 405 MHz, 5001 MHz, 22.73 W, 44, 0x0000000000000001
2026/10/03 17:21:10.584, 345 MHz, 5001 MHz, 22.93 W, 44, 0x0000000000000001
2026/10/03 17:21:10.784, 345 MHz, 5001 MHz, 22.93 W, 44, 0x0000000000000001
2026/10/03 17:21:10.984, 270 MHz, 5001 MHz, 22.69 W, 44, 0x0000000000000001
2026/10/03 17:21:11.184, 270 MHz, 5001 MHz, 22.69 W, 44, 0x0000000000000001
2026/10/03 17:21:11.385, 270 MHz, 5001 MHz, 22.69 W, 44, 0x0000000000000001
2026/10/03 17:21:11.585, 225 MHz, 5001 MHz, 22.78 W, 44, 0x0000000000000001
2026/10/03 17:21:11.785, 225 MHz, 5001 MHz, 22.78 W, 44, 0x0000000000000001
2026/10/03 17:21:11.985, 210 MHz, 5001 MHz, 22.57 W, 43, 0x0000000000000001
2026/10/03 17:21:12.185, 210 MHz, 5001 MHz, 22.57 W, 43, 0x0000000000000001
2026/10/03 17:21:12.385, 210 MHz, 5001 MHz, 22.57 W, 43, 0x0000000000000001
2026/10/03 17:21:12.585, 210 MHz, 5001 MHz, 22.80 W, 43, 0x0000000000000001
2026/10/03 17:21:12.786, 210 MHz, 5001 MHz, 22.80 W, 43, 0x0000000000000001
2026/10/03 17:21:12.986, 210 MHz, 810 MHz, 22.56 W, 43, 0x0000000000000001
2026/10/03 17:21:13.186, 210 MHz, 810 MHz, 22.56 W, 43, 0x0000000000000001
2026/10/03 17:21:13.386, 210 MHz, 810 MHz, 22.56 W, 43, 0x0000000000000001
2026/10/03 17:21:13.586, 210 MHz, 810 MHz, 19.18 W, 43, 0x0000000000000001
2026/10/03 17:21:13.786, 210 MHz, 810 MHz, 19.18 W, 43, 0x0000000000000001
2026/10/03 17:21:13.986, 210 MHz, 810 MHz, 19.31 W, 43, 0x0000000000000001
2026/10/03 17:21:14.187, 210 MHz, 810 MHz, 19.31 W, 43, 0x0000000000000001
2026/10/03 17:21:14.387, 210 MHz, 810 MHz, 19.31 W, 43, 0x0000000000000001
2026/10/03 17:21:14.587, 210 MHz, 810 MHz, 19.81 W, 43, 0x0000000000000001
2026/10/03 17:21:14.787, 210 MHz, 810 MHz, 19.81 W, 43, 0x0000000000000001
2026/10/03 17:21:14.987, 210 MHz, 405 MHz, 12.21 W, 43, 0x0000000000000001
2026/10/03 17:21:15.187, 210 MHz, 405 MHz, 12.21 W, 43, 0x0000000000000001
2026/10/03 17:21:15.387, 210 MHz, 405 MHz, 12.21 W, 43, 0x0000000000000001
2026/10/03 17:21:15.588, 210 MHz, 405 MHz, 12.33 W, 42, 0x0000000000000001
2026/10/03 17:21:15.788, 210 MHz, 405 MHz, 12.33 W, 42, 0x0000000000000001
2026/10/03 17:21:15.988, 210 MHz, 405 MHz, 12.20 W, 42, 0x0000000000000001
2026/10/03 17:21:16.188, 210 MHz, 405 MHz, 12.20 W, 42, 0x0000000000000001
2026/10/03 17:21:16.388, 210 MHz, 405 MHz, 12.20 W, 42, 0x0000000000000001
2026/10/03 17:21:16.588, 210 MHz, 405 MHz, 12.24 W, 42, 0x0000000000000001
2026/10/03 17:21:16.788, 210 MHz, 405 MHz, 12.24 W, 42, 0x0000000000000001
2026/10/03 17:21:16.989, 210 MHz, 405 MHz, 12.16 W, 42, 0x0000000000000001
2026/10/03 17:21:17.189, 210 MHz, 405 MHz, 12.16 W, 42, 0x0000000000000001
2026/10/03 17:21:17.389, 210 MHz, 405 MHz, 12.16 W, 42, 0x0000000000000001
2026/10/03 17:21:17.590, 210 MHz, 405 MHz, 12.11 W, 42, 0x0000000000000001
2026/10/03 17:21:17.790, 210 MHz, 405 MHz, 12.11 W, 42, 0x0000000000000001
2026/10/03 17:21:17.990, 210 MHz, 405 MHz, 12.01 W, 42, 0x0000000000000001
2026/10/03 17:21:18.190, 210 MHz, 405 MHz, 12.01 W, 42, 0x0000000000000001
2026/10/03 17:21:18.390, 210 MHz, 405 MHz, 12.01 W, 42, 0x0000000000000001
2026/10/03 17:21:18.590, 210 MHz, 405 MHz, 12.13 W, 42, 0x0000000000000001
2026/10/03 17:21:18.791, 210 MHz, 405 MHz, 12.13 W, 42, 0x0000000000000001
2026/10/03 17:21:18.991, 210 MHz, 405 MHz, 12.06 W, 42, 0x0000000000000001
2026/10/03 17:21:19.191, 210 MHz, 405 MHz, 12.06 W, 42, 0x0000000000000001
2026/10/03 17:21:19.392, 210 MHz, 405 MHz, 12.06 W, 42, 0x0000000000000001
2026/10/03 17:21:19.592, 210 MHz, 405 MHz, 12.10 W, 42, 0x0000000000000001
2026/10/03 17:21:19.792, 210 MHz, 405 MHz, 12.10 W, 42, 0x0000000000000001
2026/10/03 17:21:19.993, 210 MHz, 405 MHz, 12.61 W, 41, 0x0000000000000001
2026/10/03 17:21:20.193, 210 MHz, 405 MHz, 12.61 W, 41, 0x0000000000000001
2026/10/03 17:21:20.393, 210 MHz, 405 MHz, 12.61 W, 41, 0x0000000000000001
2026/10/03 17:21:20.594, 210 MHz, 405 MHz, 12.13 W, 41, 0x0000000000000001
2026/10/03 17:21:20.794, 210 MHz, 405 MHz, 12.13 W, 41, 0x0000000000000001
2026/10/03 17:21:20.994, 210 MHz, 405 MHz, 11.95 W, 41, 0x0000000000000001
2026/10/03 17:21:21.194, 210 MHz, 405 MHz, 11.95 W, 41, 0x0000000000000001
2026/10/03 17:21:21.395, 210 MHz, 405 MHz, 11.95 W, 41, 0x0000000000000001
2026/10/03 17:21:21.595, 210 MHz, 405 MHz, 12.94 W, 41, 0x0000000000000001
2026/10/03 17:21:21.795, 210 MHz, 405 MHz, 12.94 W, 41, 0x0000000000000001
2026/10/03 17:21:21.995, 210 MHz, 405 MHz, 11.97 W, 41, 0x0000000000000001
2026/10/03 17:21:22.195, 210 MHz, 405 MHz, 11.97 W, 41, 0x0000000000000001
2026/10/03 17:21:22.396, 210 MHz, 405 MHz, 11.97 W, 41, 0x0000000000000001
2026/10/03 17:21:22.596, 210 MHz, 405 MHz, 12.10 W, 41, 0x0000000000000001
2026/10/03 17:21:22.796, 210 MHz, 405 MHz, 12.10 W, 41, 0x0000000000000001
2026/10/03 17:21:22.997, 210 MHz, 405 MHz, 12.02 W, 41, 0x0000000000000001
2026/10/03 17:21:23.197, 210 MHz, 405 MHz, 12.02 W, 41, 0x0000000000000001
2026/10/03 17:21:23.398, 210 MHz, 405 MHz, 12.02 W, 41, 0x0000000000000001
2026/10/03 17:21:23.598, 210 MHz, 405 MHz, 12.14 W, 41, 0x0000000000000001
2026/10/03 17:21:23.798, 210 MHz, 405 MHz, 12.14 W, 41, 0x0000000000000001
2026/10/03 17:21:23.999, 210 MHz, 405 MHz, 11.98 W, 41, 0x0000000000000001
2026/10/03 17:21:24.199, 210 MHz, 405 MHz, 11.98 W, 41, 0x0000000000000001
2026/10/03 17:21:24.399, 210 MHz, 405 MHz, 11.98 W, 41, 0x0000000000000001
2026/10/03 17:21:24.599, 210 MHz, 405 MHz, 12.08 W, 41, 0x0000000000000001
2026/10/03 17:21:24.800, 210 MHz, 405 MHz, 12.08 W, 41, 0x0000000000000001
2026/10/03 17:21:25.000, 210 MHz, 405 MHz, 11.91 W, 41, 0x0000000000000001
2026/10/03 17:21:25.200, 210 MHz, 405 MHz, 11.91 W, 41, 0x0000000000000001
2026/10/03 17:21:25.400, 210 MHz, 405 MHz, 11.91 W, 41, 0x0000000000000001
2026/10/03 17:21:25.600, 210 MHz, 405 MHz, 11.99 W, 40, 0x0000000000000001
2026/10/03 17:21:25.801, 210 MHz, 405 MHz, 11.99 W, 40, 0x0000000000000001
2026/10/03 17:21:26.001, 210 MHz, 405 MHz, 11.96 W, 40, 0x0000000000000001
2026/10/03 17:21:26.201, 210 MHz, 405 MHz, 11.96 W, 40, 0x0000000000000001
2026/10/03 17:21:26.401, 210 MHz, 405 MHz, 11.96 W, 40, 0x0000000000000001
2026/10/03 17:21:26.601, 210 MHz, 405 MHz, 12.04 W, 40, 0x0000000000000001
2026/10/03 17:21:26.801, 210 MHz, 405 MHz, 12.04 W, 40, 0x0000000000000001
2026/10/03 17:21:27.001, 210 MHz, 405 MHz, 12.05 W, 40, 0x0000000000000001
2026/10/03 17:21:27.202, 210 MHz, 405 MHz, 12.05 W, 40, 0x0000000000000001
2026/10/03 17:21:27.402, 210 MHz, 405 MHz, 12.05 W, 40, 0x0000000000000001
2026/10/03 17:21:27.602, 210 MHz, 405 MHz, 12.12 W, 40, 0x0000000000000001
2026/10/03 17:21:27.802, 210 MHz, 405 MHz, 12.12 W, 40, 0x0000000000000001
2026/10/03 17:21:28.002, 2520 MHz, 10251 MHz, 18.59 W, 41, 0x0000000000000000
2026/10/03 17:21:28.202, 2520 MHz, 10251 MHz, 18.59 W, 41, 0x0000000000000000
2026/10/03 17:21:28.402, 2520 MHz, 10251 MHz, 18.59 W, 41, 0x0000000000000000
2026/10/03 17:21:28.602, 2520 MHz, 10251 MHz, 35.96 W, 43, 0x0000000000000000
2026/10/03 17:21:28.803, 2520 MHz, 10251 MHz, 35.96 W, 43, 0x0000000000000000
2026/10/03 17:21:29.003, 2745 MHz, 10251 MHz, 128.31 W, 47, 0x0000000000000000
2026/10/03 17:21:29.203, 2745 MHz, 10251 MHz, 128.31 W, 47, 0x0000000000000000
2026/10/03 17:21:29.403, 2745 MHz, 10251 MHz, 128.31 W, 47, 0x0000000000000000
2026/10/03 17:21:29.603, 2730 MHz, 10251 MHz, 142.09 W, 51, 0x0000000000000000
2026/10/03 17:21:29.803, 2730 MHz, 10251 MHz, 142.09 W, 51, 0x0000000000000000
2026/10/03 17:21:30.003, 2580 MHz, 10251 MHz, 164.17 W, 59, 0x0000000000000000
2026/10/03 17:21:30.203, 2580 MHz, 10251 MHz, 164.17 W, 59, 0x0000000000000000
2026/10/03 17:21:30.404, 2715 MHz, 10251 MHz, 196.83 W, 61, 0x0000000000000000
2026/10/03 17:21:30.604, 2715 MHz, 10251 MHz, 196.83 W, 61, 0x0000000000000000
2026/10/03 17:21:30.804, 2715 MHz, 10251 MHz, 196.83 W, 61, 0x0000000000000000
2026/10/03 17:21:31.004, 2745 MHz, 10501 MHz, 48.92 W, 46, 0x0000000000000000
2026/10/03 17:21:31.204, 2745 MHz, 10501 MHz, 48.92 W, 46, 0x0000000000000000
2026/10/03 17:21:31.404, 2745 MHz, 10501 MHz, 46.11 W, 44, 0x0000000000000000
2026/10/03 17:21:31.604, 2745 MHz, 10501 MHz, 46.11 W, 44, 0x0000000000000000
2026/10/03 17:21:31.804, 2745 MHz, 10501 MHz, 46.11 W, 44, 0x0000000000000000
2026/10/03 17:21:32.005, 2745 MHz, 10501 MHz, 45.47 W, 44, 0x0000000000000000
2026/10/03 17:21:32.205, 2745 MHz, 10501 MHz, 45.47 W, 44, 0x0000000000000000
2026/10/03 17:21:32.405, 660 MHz, 5001 MHz, 34.92 W, 43, 0x0000000000000001
2026/10/03 17:21:32.605, 660 MHz, 5001 MHz, 34.92 W, 43, 0x0000000000000001
2026/10/03 17:21:32.805, 660 MHz, 5001 MHz, 34.92 W, 43, 0x0000000000000001
2026/10/03 17:21:33.005, 525 MHz, 5001 MHz, 22.65 W, 42, 0x0000000000000001
2026/10/03 17:21:33.206, 525 MHz, 5001 MHz, 22.65 W, 42, 0x0000000000000001
2026/10/03 17:21:33.406, 450 MHz, 5001 MHz, 22.67 W, 42, 0x0000000000000001
2026/10/03 17:21:33.606, 450 MHz, 5001 MHz, 22.67 W, 42, 0x0000000000000001
2026/10/03 17:21:33.807, 450 MHz, 5001 MHz, 22.67 W, 42, 0x0000000000000001
2026/10/03 17:21:34.007, 345 MHz, 5001 MHz, 22.47 W, 41, 0x0000000000000001
2026/10/03 17:21:34.207, 345 MHz, 5001 MHz, 22.47 W, 41, 0x0000000000000001
2026/10/03 17:21:34.407, 300 MHz, 5001 MHz, 22.72 W, 41, 0x0000000000000001
2026/10/03 17:21:34.608, 300 MHz, 5001 MHz, 22.72 W, 41, 0x0000000000000001
2026/10/03 17:21:34.808, 300 MHz, 5001 MHz, 22.72 W, 41, 0x0000000000000001
2026/10/03 17:21:35.008, 240 MHz, 5001 MHz, 22.50 W, 41, 0x0000000000000001
2026/10/03 17:21:35.209, 240 MHz, 5001 MHz, 22.50 W, 41, 0x0000000000000001
2026/10/03 17:21:35.409, 210 MHz, 5001 MHz, 22.59 W, 41, 0x0000000000000001
2026/10/03 17:21:35.609, 210 MHz, 5001 MHz, 22.59 W, 41, 0x0000000000000001
2026/10/03 17:21:35.810, 210 MHz, 5001 MHz, 22.59 W, 41, 0x0000000000000001
2026/10/03 17:21:36.010, 210 MHz, 810 MHz, 18.59 W, 41, 0x0000000000000001
2026/10/03 17:21:36.210, 210 MHz, 810 MHz, 18.59 W, 41, 0x0000000000000001
2026/10/03 17:21:36.410, 210 MHz, 810 MHz, 18.54 W, 41, 0x0000000000000001
2026/10/03 17:21:36.611, 210 MHz, 810 MHz, 18.54 W, 41, 0x0000000000000001
2026/10/03 17:21:36.811, 210 MHz, 810 MHz, 18.54 W, 41, 0x0000000000000001
2026/10/03 17:21:37.011, 210 MHz, 810 MHz, 18.84 W, 41, 0x0000000000000001
2026/10/03 17:21:37.212, 210 MHz, 810 MHz, 18.84 W, 41, 0x0000000000000001
2026/10/03 17:21:37.412, 210 MHz, 810 MHz, 19.33 W, 40, 0x0000000000000001
2026/10/03 17:21:37.612, 210 MHz, 810 MHz, 19.33 W, 40, 0x0000000000000001
2026/10/03 17:21:37.812, 210 MHz, 810 MHz, 19.33 W, 40, 0x0000000000000001
2026/10/03 17:21:38.012, 210 MHz, 405 MHz, 12.11 W, 40, 0x0000000000000001
2026/10/03 17:21:38.212, 210 MHz, 405 MHz, 12.11 W, 40, 0x0000000000000001
2026/10/03 17:21:38.413, 210 MHz, 405 MHz, 12.07 W, 40, 0x0000000000000001
2026/10/03 17:21:38.613, 210 MHz, 405 MHz, 12.07 W, 40, 0x0000000000000001
2026/10/03 17:21:38.813, 210 MHz, 405 MHz, 12.07 W, 40, 0x0000000000000001
2026/10/03 17:21:39.013, 210 MHz, 405 MHz, 12.02 W, 40, 0x0000000000000001
2026/10/03 17:21:39.213, 210 MHz, 405 MHz, 12.02 W, 40, 0x0000000000000001
2026/10/03 17:21:39.414, 210 MHz, 405 MHz, 12.11 W, 40, 0x0000000000000001
2026/10/03 17:21:39.614, 210 MHz, 405 MHz, 12.11 W, 40, 0x0000000000000001
2026/10/03 17:21:39.814, 210 MHz, 405 MHz, 12.11 W, 40, 0x0000000000000001
2026/10/03 17:21:40.015, 210 MHz, 405 MHz, 12.08 W, 40, 0x0000000000000001
2026/10/03 17:21:40.215, 210 MHz, 405 MHz, 12.08 W, 40, 0x0000000000000001
2026/10/03 17:21:40.416, 210 MHz, 405 MHz, 12.12 W, 40, 0x0000000000000001
2026/10/03 17:21:40.616, 210 MHz, 405 MHz, 12.12 W, 40, 0x0000000000000001
2026/10/03 17:21:40.816, 210 MHz, 405 MHz, 12.12 W, 40, 0x0000000000000001
2026/10/03 17:21:41.016, 210 MHz, 405 MHz, 11.93 W, 40, 0x0000000000000001
2026/10/03 17:21:41.217, 210 MHz, 405 MHz, 11.93 W, 40, 0x0000000000000001
2026/10/03 17:21:41.417, 210 MHz, 405 MHz, 12.02 W, 40, 0x0000000000000001
2026/10/03 17:21:41.618, 210 MHz, 405 MHz, 12.02 W, 40, 0x0000000000000001
2026/10/03 17:21:41.818, 210 MHz, 405 MHz, 12.02 W, 40, 0x0000000000000001
2026/10/03 17:21:42.018, 210 MHz, 405 MHz, 11.91 W, 40, 0x0000000000000001
2026/10/03 17:21:42.218, 210 MHz, 405 MHz, 11.91 W, 40, 0x0000000000000001
2026/10/03 17:21:42.418, 210 MHz, 405 MHz, 11.91 W, 40, 0x0000000000000001
2026/10/03 17:21:42.618, 210 MHz, 405 MHz, 11.91 W, 40, 0x0000000000000001
2026/10/03 17:21:42.818, 210 MHz, 405 MHz, 11.91 W, 40, 0x0000000000000001
2026/10/03 17:21:43.019, 210 MHz, 405 MHz, 12.48 W, 40, 0x0000000000000001
2026/10/03 17:21:43.219, 210 MHz, 405 MHz, 12.48 W, 40, 0x0000000000000001
2026/10/03 17:21:43.419, 210 MHz, 405 MHz, 11.88 W, 39, 0x0000000000000001
2026/10/03 17:21:43.619, 210 MHz, 405 MHz, 11.88 W, 39, 0x0000000000000001
2026/10/03 17:21:43.819, 210 MHz, 405 MHz, 11.88 W, 39, 0x0000000000000001
2026/10/03 17:21:44.019, 210 MHz, 405 MHz, 11.72 W, 39, 0x0000000000000001
2026/10/03 17:21:44.219, 210 MHz, 405 MHz, 11.72 W, 39, 0x0000000000000001
2026/10/03 17:21:44.420, 210 MHz, 405 MHz, 11.83 W, 39, 0x0000000000000001
2026/10/03 17:21:44.620, 210 MHz, 405 MHz, 11.83 W, 39, 0x0000000000000001
2026/10/03 17:21:44.820, 210 MHz, 405 MHz, 11.83 W, 39, 0x0000000000000001
2026/10/03 17:21:45.020, 210 MHz, 405 MHz, 11.98 W, 39, 0x0000000000000001
2026/10/03 17:21:45.220, 210 MHz, 405 MHz, 11.98 W, 39, 0x0000000000000001
2026/10/03 17:21:45.420, 210 MHz, 405 MHz, 12.49 W, 39, 0x0000000000000001
2026/10/03 17:21:45.620, 210 MHz, 405 MHz, 12.49 W, 39, 0x0000000000000001
2026/10/03 17:21:45.820, 210 MHz, 405 MHz, 12.49 W, 39, 0x0000000000000001
2026/10/03 17:21:46.021, 210 MHz, 405 MHz, 11.88 W, 39, 0x0000000000000001
2026/10/03 17:21:46.221, 210 MHz, 405 MHz, 11.88 W, 39, 0x0000000000000001
2026/10/03 17:21:46.421, 210 MHz, 405 MHz, 11.88 W, 39, 0x0000000000000001
2026/10/03 17:21:46.621, 210 MHz, 405 MHz, 11.88 W, 39, 0x0000000000000001
2026/10/03 17:21:46.821, 210 MHz, 405 MHz, 11.88 W, 39, 0x0000000000000001
2026/10/03 17:21:47.021, 210 MHz, 405 MHz, 11.89 W, 39, 0x0000000000000001
2026/10/03 17:21:47.221, 210 MHz, 405 MHz, 11.89 W, 39, 0x0000000000000001
2026/10/03 17:21:47.422, 210 MHz, 405 MHz, 11.91 W, 39, 0x0000000000000001
2026/10/03 17:21:47.622, 210 MHz, 405 MHz, 11.91 W, 39, 0x0000000000000001
2026/10/03 17:21:47.822, 210 MHz, 405 MHz, 11.91 W, 39, 0x0000000000000001
2026/10/03 17:21:48.022, 210 MHz, 405 MHz, 11.84 W, 39, 0x0000000000000001
2026/10/03 17:21:48.223, 210 MHz, 405 MHz, 11.84 W, 39, 0x0000000000000001
2026/10/03 17:21:48.423, 210 MHz, 405 MHz, 11.86 W, 39, 0x0000000000000001
2026/10/03 17:21:48.623, 210 MHz, 405 MHz, 11.86 W, 39, 0x0000000000000001
2026/10/03 17:21:48.824, 210 MHz, 405 MHz, 11.86 W, 39, 0x0000000000000001
2026/10/03 17:21:49.024, 210 MHz, 405 MHz, 11.74 W, 39, 0x0000000000000001
2026/10/03 17:21:49.224, 210 MHz, 405 MHz, 11.74 W, 39, 0x0000000000000001
2026/10/03 17:21:49.424, 210 MHz, 405 MHz, 11.92 W, 39, 0x0000000000000001
2026/10/03 17:21:49.625, 210 MHz, 405 MHz, 11.92 W, 39, 0x0000000000000001
2026/10/03 17:21:49.825, 210 MHz, 405 MHz, 11.92 W, 39, 0x0000000000000001
2026/10/03 17:21:50.025, 210 MHz, 405 MHz, 11.82 W, 39, 0x0000000000000001
2026/10/03 17:21:50.225, 210 MHz, 405 MHz, 11.82 W, 39, 0x0000000000000001
2026/10/03 17:21:50.426, 210 MHz, 405 MHz, 11.87 W, 39, 0x0000000000000001
2026/10/03 17:21:50.626, 210 MHz, 405 MHz, 11.87 W, 39, 0x0000000000000001
2026/10/03 17:21:50.826, 210 MHz, 405 MHz, 11.87 W, 39, 0x0000000000000001
2026/10/03 17:21:51.026, 210 MHz, 405 MHz, 11.87 W, 39, 0x0000000000000001
2026/10/03 17:21:51.226, 210 MHz, 405 MHz, 11.87 W, 39, 0x0000000000000001
2026/10/03 17:21:51.426, 210 MHz, 405 MHz, 12.86 W, 39, 0x0000000000000000
2026/10/03 17:21:51.626, 210 MHz, 405 MHz, 12.86 W, 39, 0x0000000000000000
2026/10/03 17:21:51.827, 210 MHz, 405 MHz, 12.86 W, 39, 0x0000000000000000
2026/10/03 17:21:52.027, 2520 MHz, 10251 MHz, 35.73 W, 41, 0x0000000000000000
2026/10/03 17:21:52.227, 2520 MHz, 10251 MHz, 35.73 W, 41, 0x0000000000000000
2026/10/03 17:21:52.427, 2745 MHz, 10251 MHz, 99.60 W, 42, 0x0000000000000000
2026/10/03 17:21:52.627, 2745 MHz, 10251 MHz, 99.60 W, 42, 0x0000000000000000
2026/10/03 17:21:52.827, 2745 MHz, 10251 MHz, 99.60 W, 42, 0x0000000000000000
2026/10/03 17:21:53.027, 2730 MHz, 10251 MHz, 145.62 W, 50, 0x0000000000000000
2026/10/03 17:21:53.227, 2730 MHz, 10251 MHz, 145.62 W, 50, 0x0000000000000000
2026/10/03 17:21:53.428, 2730 MHz, 10251 MHz, 168.30 W, 56, 0x0000000000000000
2026/10/03 17:21:53.628, 2730 MHz, 10251 MHz, 168.30 W, 56, 0x0000000000000000
2026/10/03 17:21:53.828, 2730 MHz, 10251 MHz, 168.30 W, 56, 0x0000000000000000
2026/10/03 17:21:54.028, 2715 MHz, 10251 MHz, 209.41 W, 63, 0x0000000000000000
2026/10/03 17:21:54.228, 2715 MHz, 10251 MHz, 209.41 W, 63, 0x0000000000000000
2026/10/03 17:21:54.428, 2745 MHz, 10501 MHz, 46.24 W, 46, 0x0000000000000000
2026/10/03 17:21:54.628, 2745 MHz, 10501 MHz, 46.24 W, 46, 0x0000000000000000
2026/10/03 17:21:54.829, 2745 MHz, 10501 MHz, 46.24 W, 46, 0x0000000000000000
2026/10/03 17:21:55.029, 2745 MHz, 10501 MHz, 45.65 W, 44, 0x0000000000000000
2026/10/03 17:21:55.229, 2745 MHz, 10501 MHz, 45.65 W, 44, 0x0000000000000000
2026/10/03 17:21:55.430, 2745 MHz, 10501 MHz, 45.77 W, 44, 0x0000000000000000
2026/10/03 17:21:55.630, 2745 MHz, 10501 MHz, 45.77 W, 44, 0x0000000000000000
2026/10/03 17:21:55.830, 2745 MHz, 10501 MHz, 45.77 W, 44, 0x0000000000000000
2026/10/03 17:21:56.031, 675 MHz, 5001 MHz, 25.74 W, 43, 0x0000000000000001
2026/10/03 17:21:56.231, 675 MHz, 5001 MHz, 25.74 W, 43, 0x0000000000000001
2026/10/03 17:21:56.431, 570 MHz, 5001 MHz, 22.69 W, 42, 0x0000000000000001
2026/10/03 17:21:56.631, 570 MHz, 5001 MHz, 22.69 W, 42, 0x0000000000000001
2026/10/03 17:21:56.832, 570 MHz, 5001 MHz, 22.69 W, 42, 0x0000000000000001
2026/10/03 17:21:57.032, 450 MHz, 5001 MHz, 22.59 W, 42, 0x0000000000000001
2026/10/03 17:21:57.232, 450 MHz, 5001 MHz, 22.59 W, 42, 0x0000000000000001
2026/10/03 17:21:57.433, 375 MHz, 5001 MHz, 22.56 W, 42, 0x0000000000000001
2026/10/03 17:21:57.633, 375 MHz, 5001 MHz, 22.56 W, 42, 0x0000000000000001
2026/10/03 17:21:57.833, 375 MHz, 5001 MHz, 22.56 W, 42, 0x0000000000000001
2026/10/03 17:21:58.033, 300 MHz, 5001 MHz, 22.51 W, 42, 0x0000000000000001
2026/10/03 17:21:58.233, 300 MHz, 5001 MHz, 22.51 W, 42, 0x0000000000000001
2026/10/03 17:21:58.434, 255 MHz, 5001 MHz, 22.53 W, 42, 0x0000000000000001
2026/10/03 17:21:58.634, 255 MHz, 5001 MHz, 22.53 W, 42, 0x0000000000000001
2026/10/03 17:21:58.834, 255 MHz, 5001 MHz, 22.53 W, 42, 0x0000000000000001
2026/10/03 17:21:59.034, 210 MHz, 5001 MHz, 23.48 W, 42, 0x0000000000000001
2026/10/03 17:21:59.234, 210 MHz, 5001 MHz, 23.48 W, 42, 0x0000000000000001
2026/10/03 17:21:59.435, 210 MHz, 5001 MHz, 22.54 W, 41, 0x0000000000000001
2026/10/03 17:21:59.635, 210 MHz, 5001 MHz, 22.54 W, 41, 0x0000000000000001
2026/10/03 17:21:59.835, 210 MHz, 5001 MHz, 22.54 W, 41, 0x0000000000000001
2026/10/03 17:22:00.035, 210 MHz, 5001 MHz, 22.65 W, 42, 0x0000000000000001
2026/10/03 17:22:00.235, 210 MHz, 5001 MHz, 22.65 W, 42, 0x0000000000000001
2026/10/03 17:22:00.436, 210 MHz, 810 MHz, 18.41 W, 41, 0x0000000000000001
2026/10/03 17:22:00.636, 210 MHz, 810 MHz, 18.41 W, 41, 0x0000000000000001
2026/10/03 17:22:00.836, 210 MHz, 810 MHz, 18.41 W, 41, 0x0000000000000001
2026/10/03 17:22:01.036, 210 MHz, 810 MHz, 18.97 W, 41, 0x0000000000000001
2026/10/03 17:22:01.236, 210 MHz, 810 MHz, 18.97 W, 41, 0x0000000000000001
2026/10/03 17:22:01.436, 210 MHz, 810 MHz, 18.96 W, 41, 0x0000000000000001
2026/10/03 17:22:01.637, 210 MHz, 810 MHz, 18.96 W, 41, 0x0000000000000001
2026/10/03 17:22:01.837, 210 MHz, 810 MHz, 18.96 W, 41, 0x0000000000000001
2026/10/03 17:22:02.037, 210 MHz, 810 MHz, 19.26 W, 41, 0x0000000000000001
2026/10/03 17:22:02.237, 210 MHz, 810 MHz, 19.26 W, 41, 0x0000000000000001
2026/10/03 17:22:02.438, 210 MHz, 405 MHz, 11.91 W, 41, 0x0000000000000001
2026/10/03 17:22:02.638, 210 MHz, 405 MHz, 11.91 W, 41, 0x0000000000000001
2026/10/03 17:22:02.838, 210 MHz, 405 MHz, 11.91 W, 41, 0x0000000000000001
2026/10/03 17:22:03.038, 210 MHz, 405 MHz, 11.96 W, 41, 0x0000000000000001
2026/10/03 17:22:03.238, 210 MHz, 405 MHz, 11.96 W, 41, 0x0000000000000001
2026/10/03 17:22:03.439, 210 MHz, 405 MHz, 11.94 W, 41, 0x0000000000000001
2026/10/03 17:22:03.639, 210 MHz, 405 MHz, 11.94 W, 41, 0x0000000000000001
2026/10/03 17:22:03.839, 210 MHz, 405 MHz, 11.94 W, 41, 0x0000000000000001
2026/10/03 17:22:04.039, 210 MHz, 405 MHz, 12.00 W, 41, 0x0000000000000001
2026/10/03 17:22:04.240, 210 MHz, 405 MHz, 12.00 W, 41, 0x0000000000000001
2026/10/03 17:22:04.440, 210 MHz, 405 MHz, 11.98 W, 41, 0x0000000000000001
2026/10/03 17:22:04.640, 210 MHz, 405 MHz, 11.98 W, 41, 0x0000000000000001
2026/10/03 17:22:04.840, 210 MHz, 405 MHz, 11.98 W, 41, 0x0000000000000001
2026/10/03 17:22:05.040, 210 MHz, 405 MHz, 11.90 W, 41, 0x0000000000000001
2026/10/03 17:22:05.241, 210 MHz, 405 MHz, 11.90 W, 41, 0x0000000000000001
2026/10/03 17:22:05.441, 210 MHz, 405 MHz, 12.07 W, 41, 0x0000000000000001
2026/10/03 17:22:05.641, 210 MHz, 405 MHz, 12.07 W, 41, 0x0000000000000001
2026/10/03 17:22:05.842, 210 MHz, 405 MHz, 12.07 W, 41, 0x0000000000000001
2026/10/03 17:22:06.042, 210 MHz, 405 MHz, 11.94 W, 41, 0x0000000000000001
2026/10/03 17:22:06.242, 210 MHz, 405 MHz, 11.94 W, 41, 0x0000000000000001
2026/10/03 17:22:06.443, 210 MHz, 405 MHz, 12.07 W, 41, 0x0000000000000001
2026/10/03 17:22:06.643, 210 MHz, 405 MHz, 12.07 W, 41, 0x0000000000000001
2026/10/03 17:22:06.843, 210 MHz, 405 MHz, 12.07 W, 41, 0x0000000000000001
2026/10/03 17:22:07.043, 210 MHz, 405 MHz, 11.99 W, 41, 0x0000000000000001
2026/10/03 17:22:07.244, 210 MHz, 405 MHz, 11.99 W, 41, 0x0000000000000001
2026/10/03 17:22:07.444, 210 MHz, 405 MHz, 11.92 W, 41, 0x0000000000000001
2026/10/03 17:22:07.645, 210 MHz, 405 MHz, 11.92 W, 41, 0x0000000000000001
2026/10/03 17:22:07.845, 210 MHz, 405 MHz, 11.92 W, 41, 0x0000000000000001
2026/10/03 17:22:08.045, 210 MHz, 405 MHz, 12.71 W, 41, 0x0000000000000001
2026/10/03 17:22:08.245, 210 MHz, 405 MHz, 12.71 W, 41, 0x0000000000000001
2026/10/03 17:22:08.445, 210 MHz, 405 MHz, 11.97 W, 41, 0x0000000000000001
2026/10/03 17:22:08.645, 210 MHz, 405 MHz, 11.97 W, 41, 0x0000000000000001
2026/10/03 17:22:08.846, 210 MHz, 405 MHz, 11.97 W, 41, 0x0000000000000001
2026/10/03 17:22:09.046, 210 MHz, 405 MHz, 12.12 W, 41, 0x0000000000000001
2026/10/03 17:22:09.246, 210 MHz, 405 MHz, 12.12 W, 41, 0x0000000000000001
2026/10/03 17:22:09.446, 210 MHz, 405 MHz, 11.96 W, 41, 0x0000000000000001
2026/10/03 17:22:09.647, 210 MHz, 405 MHz, 11.96 W, 41, 0x0000000000000001
2026/10/03 17:22:09.847, 210 MHz, 405 MHz, 11.96 W, 41, 0x0000000000000001
2026/10/03 17:22:10.047, 210 MHz, 405 MHz, 12.02 W, 41, 0x0000000000000001
2026/10/03 17:22:10.248, 210 MHz, 405 MHz, 12.02 W, 41, 0x0000000000000001
2026/10/03 17:22:10.448, 210 MHz, 405 MHz, 12.06 W, 41, 0x0000000000000001
2026/10/03 17:22:10.648, 210 MHz, 405 MHz, 12.06 W, 41, 0x0000000000000001
2026/10/03 17:22:10.848, 210 MHz, 405 MHz, 12.06 W, 41, 0x0000000000000001
2026/10/03 17:22:11.049, 210 MHz, 405 MHz, 12.09 W, 41, 0x0000000000000001
2026/10/03 17:22:11.249, 210 MHz, 405 MHz, 12.09 W, 41, 0x0000000000000001
2026/10/03 17:22:11.449, 210 MHz, 405 MHz, 12.02 W, 41, 0x0000000000000001
2026/10/03 17:22:11.649, 210 MHz, 405 MHz, 12.02 W, 41, 0x0000000000000001
2026/10/03 17:22:11.850, 210 MHz, 405 MHz, 12.02 W, 41, 0x0000000000000001
2026/10/03 17:22:12.050, 210 MHz, 405 MHz, 12.06 W, 41, 0x0000000000000001
2026/10/03 17:22:12.250, 210 MHz, 405 MHz, 12.06 W, 41, 0x0000000000000001
2026/10/03 17:22:12.450, 210 MHz, 405 MHz, 11.99 W, 41, 0x0000000000000001
2026/10/03 17:22:12.651, 210 MHz, 405 MHz, 11.99 W, 41, 0x0000000000000001
2026/10/03 17:22:12.851, 210 MHz, 405 MHz, 11.99 W, 41, 0x0000000000000001
2026/10/03 17:22:13.051, 210 MHz, 405 MHz, 12.03 W, 41, 0x0000000000000001
2026/10/03 17:22:13.251, 210 MHz, 405 MHz, 12.03 W, 41, 0x0000000000000001
2026/10/03 17:22:13.451, 210 MHz, 405 MHz, 12.04 W, 41, 0x0000000000000001
2026/10/03 17:22:13.652, 210 MHz, 405 MHz, 12.04 W, 41, 0x0000000000000001
2026/10/03 17:22:13.852, 210 MHz, 405 MHz, 12.04 W, 41, 0x0000000000000001
2026/10/03 17:22:14.052, 210 MHz, 405 MHz, 11.94 W, 41, 0x0000000000000001
2026/10/03 17:22:14.252, 210 MHz, 405 MHz, 11.94 W, 41, 0x0000000000000001
2026/10/03 17:22:14.452, 210 MHz, 405 MHz, 12.13 W, 41, 0x0000000000000001
2026/10/03 17:22:14.652, 210 MHz, 405 MHz, 12.13 W, 41, 0x0000000000000001
2026/10/03 17:22:14.852, 210 MHz, 405 MHz, 12.13 W, 41, 0x0000000000000001
2026/10/03 17:22:15.052, 210 MHz, 405 MHz, 12.09 W, 41, 0x0000000000000001
2026/10/03 17:22:15.253, 210 MHz, 405 MHz, 12.09 W, 41, 0x0000000000000001
2026/10/03 17:22:15.453, 2520 MHz, 10251 MHz, 35.85 W, 42, 0x0000000000000000
2026/10/03 17:22:15.653, 2520 MHz, 10251 MHz, 35.85 W, 42, 0x0000000000000000
2026/10/03 17:22:15.853, 2520 MHz, 10251 MHz, 35.85 W, 42, 0x0000000000000000
2026/10/03 17:22:16.053, 2520 MHz, 10251 MHz, 65.22 W, 43, 0x0000000000000000
2026/10/03 17:22:16.253, 2520 MHz, 10251 MHz, 65.22 W, 43, 0x0000000000000000
2026/10/03 17:22:16.453, 2730 MHz, 10251 MHz, 69.86 W, 47, 0x0000000000000000
2026/10/03 17:22:16.654, 2730 MHz, 10251 MHz, 69.86 W, 47, 0x0000000000000000
2026/10/03 17:22:16.854, 2730 MHz, 10251 MHz, 69.86 W, 47, 0x0000000000000000
2026/10/03 17:22:17.054, 2730 MHz, 10251 MHz, 83.85 W, 49, 0x0000000000000000
2026/10/03 17:22:17.254, 2730 MHz, 10251 MHz, 83.85 W, 49, 0x0000000000000000
2026/10/03 17:22:17.454, 2730 MHz, 10251 MHz, 121.84 W, 50, 0x0000000000000000
2026/10/03 17:22:17.654, 2730 MHz, 10251 MHz, 121.84 W, 50, 0x0000000000000000
2026/10/03 17:22:17.854, 2730 MHz, 10251 MHz, 121.84 W, 50, 0x0000000000000000
2026/10/03 17:22:18.054, 2730 MHz, 10251 MHz, 45.87 W, 46, 0x0000000000000000
2026/10/03 17:22:18.255, 2730 MHz, 10251 MHz, 45.87 W, 46, 0x0000000000000000
2026/10/03 17:22:18.455, 2730 MHz, 10251 MHz, 75.39 W, 46, 0x0000000000000000
2026/10/03 17:22:18.655, 2730 MHz, 10251 MHz, 75.39 W, 46, 0x0000000000000000
2026/10/03 17:22:18.855, 2730 MHz, 10251 MHz, 75.39 W, 46, 0x0000000000000000
2026/10/03 17:22:19.055, 2730 MHz, 10251 MHz, 45.65 W, 45, 0x0000000000000000
2026/10/03 17:22:19.255, 2730 MHz, 10251 MHz, 45.65 W, 45, 0x0000000000000000
2026/10/03 17:22:19.455, 2730 MHz, 10251 MHz, 132.44 W, 49, 0x0000000000000000
2026/10/03 17:22:19.656, 2730 MHz, 10251 MHz, 132.44 W, 49, 0x0000000000000000
2026/10/03 17:22:19.856, 2730 MHz, 10251 MHz, 132.44 W, 49, 0x0000000000000000
2026/10/03 17:22:20.056, 2730 MHz, 10251 MHz, 158.95 W, 55, 0x0000000000000000
2026/10/03 17:22:20.256, 2730 MHz, 10251 MHz, 158.95 W, 55, 0x0000000000000000
2026/10/03 17:22:20.456, 2730 MHz, 10251 MHz, 150.75 W, 56, 0x0000000000000000
2026/10/03 17:22:20.656, 2730 MHz, 10251 MHz, 150.75 W, 56, 0x0000000000000000
2026/10/03 17:22:20.856, 2730 MHz, 10251 MHz, 150.75 W, 56, 0x0000000000000000
2026/10/03 17:22:21.056, 2730 MHz, 10251 MHz, 147.91 W, 55, 0x0000000000000000
2026/10/03 17:22:21.257, 2730 MHz, 10251 MHz, 147.91 W, 55, 0x0000000000000000
2026/10/03 17:22:21.457, 2715 MHz, 10251 MHz, 204.43 W, 62, 0x0000000000000000
2026/10/03 17:22:21.657, 2715 MHz, 10251 MHz, 204.43 W, 62, 0x0000000000000000
2026/10/03 17:22:21.857, 2715 MHz, 10251 MHz, 204.43 W, 62, 0x0000000000000000
2026/10/03 17:22:22.057, 2715 MHz, 10251 MHz, 189.55 W, 63, 0x0000000000000000
2026/10/03 17:22:22.257, 2715 MHz, 10251 MHz, 189.55 W, 63, 0x0000000000000000
2026/10/03 17:22:22.457, 2715 MHz, 10251 MHz, 178.28 W, 62, 0x0000000000000000
2026/10/03 17:22:22.657, 2715 MHz, 10251 MHz, 178.28 W, 62, 0x0000000000000000
2026/10/03 17:22:22.858, 2715 MHz, 10251 MHz, 178.28 W, 62, 0x0000000000000000
2026/10/03 17:22:23.058, 2640 MHz, 10251 MHz, 239.76 W, 69, 0x0000000000000004
2026/10/03 17:22:23.258, 2640 MHz, 10251 MHz, 239.76 W, 69, 0x0000000000000004
2026/10/03 17:22:23.458, 2670 MHz, 10251 MHz, 224.54 W, 72, 0x0000000000000004
2026/10/03 17:22:23.658, 2670 MHz, 10251 MHz, 224.54 W, 72, 0x0000000000000004
2026/10/03 17:22:23.858, 2670 MHz, 10251 MHz, 224.54 W, 72, 0x0000000000000004
2026/10/03 17:22:24.058, 2655 MHz, 10251 MHz, 227.74 W, 69, 0x0000000000000004
2026/10/03 17:22:24.258, 2655 MHz, 10251 MHz, 227.74 W, 69, 0x0000000000000004
2026/10/03 17:22:24.458, 2670 MHz, 10251 MHz, 219.81 W, 70, 0x0000000000000004
2026/10/03 17:22:24.659, 2670 MHz, 10251 MHz, 219.81 W, 70, 0x0000000000000004
2026/10/03 17:22:24.859, 2670 MHz, 10251 MHz, 219.81 W, 70, 0x0000000000000004
2026/10/03 17:22:25.059, 2730 MHz, 10501 MHz, 52.04 W, 54, 0x0000000000000000
2026/10/03 17:22:25.259, 2730 MHz, 10501 MHz, 52.04 W, 54, 0x0000000000000000
2026/10/03 17:22:25.459, 2730 MHz, 10501 MHz, 47.28 W, 50, 0x0000000000000000
2026/10/03 17:22:25.659, 2730 MHz, 10501 MHz, 47.28 W, 50, 0x0000000000000000
2026/10/03 17:22:25.859, 2730 MHz, 10501 MHz, 47.28 W, 50, 0x0000000000000000
2026/10/03 17:22:26.060, 2730 MHz, 10501 MHz, 47.27 W, 50, 0x0000000000000000
2026/10/03 17:22:26.260, 2730 MHz, 10501 MHz, 47.27 W, 50, 0x0000000000000000
2026/10/03 17:22:26.460, 2730 MHz, 10501 MHz, 47.01 W, 49, 0x0000000000000000
2026/10/03 17:22:26.660, 2730 MHz, 10501 MHz, 47.01 W, 49, 0x0000000000000000
2026/10/03 17:22:26.860, 2730 MHz, 10501 MHz, 47.01 W, 49, 0x0000000000000000
2026/10/03 17:22:27.060, 585 MHz, 5001 MHz, 23.32 W, 47, 0x0000000000000001
2026/10/03 17:22:27.260, 585 MHz, 5001 MHz, 23.32 W, 47, 0x0000000000000001
2026/10/03 17:22:27.461, 465 MHz, 5001 MHz, 23.17 W, 47, 0x0000000000000001
2026/10/03 17:22:27.661, 465 MHz, 5001 MHz, 23.17 W, 47, 0x0000000000000001
2026/10/03 17:22:27.861, 465 MHz, 5001 MHz, 23.17 W, 47, 0x0000000000000001
2026/10/03 17:22:28.061, 390 MHz, 5001 MHz, 22.95 W, 46, 0x0000000000000001
2026/10/03 17:22:28.261, 390 MHz, 5001 MHz, 22.95 W, 46, 0x0000000000000001
2026/10/03 17:22:28.462, 315 MHz, 5001 MHz, 22.96 W, 46, 0x0000000000000001
2026/10/03 17:22:28.662, 315 MHz, 5001 MHz, 22.96 W, 46, 0x0000000000000001
2026/10/03 17:22:28.862, 315 MHz, 5001 MHz, 22.96 W, 46, 0x0000000000000001
2026/10/03 17:22:29.062, 270 MHz, 5001 MHz, 23.65 W, 46, 0x0000000000000001
2026/10/03 17:22:29.262, 270 MHz, 5001 MHz, 23.65 W, 46, 0x0000000000000001
2026/10/03 17:22:29.463, 225 MHz, 5001 MHz, 22.95 W, 46, 0x0000000000000001
2026/10/03 17:22:29.663, 225 MHz, 5001 MHz, 22.95 W, 46, 0x0000000000000001
2026/10/03 17:22:29.863, 225 MHz, 5001 MHz, 22.95 W, 46, 0x0000000000000001
2026/10/03 17:22:30.064, 210 MHz, 5001 MHz, 22.83 W, 46, 0x0000000000000001
2026/10/03 17:22:30.264, 210 MHz, 5001 MHz, 22.83 W, 46, 0x0000000000000001
2026/10/03 17:22:30.464, 210 MHz, 5001 MHz, 22.84 W, 45, 0x0000000000000001
2026/10/03 17:22:30.665, 210 MHz, 5001 MHz, 22.84 W, 45, 0x0000000000000001
2026/10/03 17:22:30.865, 210 MHz, 5001 MHz, 22.84 W, 45, 0x0000000000000001
2026/10/03 17:22:31.065, 210 MHz, 810 MHz, 20.07 W, 45, 0x0000000000000001
2026/10/03 17:22:31.265, 210 MHz, 810 MHz, 20.07 W, 45, 0x0000000000000001
2026/10/03 17:22:31.465, 210 MHz, 810 MHz, 19.81 W, 45, 0x0000000000000001
2026/10/03 17:22:31.666, 210 MHz, 810 MHz, 19.81 W, 45, 0x0000000000000001
2026/10/03 17:22:31.866, 210 MHz, 810 MHz, 19.81 W, 45, 0x0000000000000001
2026/10/03 17:22:32.066, 210 MHz, 810 MHz, 19.81 W, 45, 0x0000000000000001
2026/10/03 17:22:32.266, 210 MHz, 810 MHz, 19.81 W, 45, 0x0000000000000001
2026/10/03 17:22:32.467, 210 MHz, 810 MHz, 19.84 W, 45, 0x0000000000000001
2026/10/03 17:22:32.667, 210 MHz, 810 MHz, 19.84 W, 45, 0x0000000000000001
2026/10/03 17:22:32.867, 210 MHz, 810 MHz, 19.84 W, 45, 0x0000000000000001
2026/10/03 17:22:33.067, 210 MHz, 405 MHz, 12.16 W, 44, 0x0000000000000001
2026/10/03 17:22:33.268, 210 MHz, 405 MHz, 12.16 W, 44, 0x0000000000000001
2026/10/03 17:22:33.468, 210 MHz, 405 MHz, 12.28 W, 44, 0x0000000000000001
2026/10/03 17:22:33.668, 210 MHz, 405 MHz, 12.28 W, 44, 0x0000000000000001
2026/10/03 17:22:33.868, 210 MHz, 405 MHz, 12.28 W, 44, 0x0000000000000001
2026/10/03 17:22:34.068, 210 MHz, 405 MHz, 12.19 W, 44, 0x0000000000000001
2026/10/03 17:22:34.269, 210 MHz, 405 MHz, 12.19 W, 44, 0x0000000000000001
2026/10/03 17:22:34.469, 210 MHz, 405 MHz, 12.25 W, 44, 0x0000000000000001
2026/10/03 17:22:34.669, 210 MHz, 405 MHz, 12.25 W, 44, 0x0000000000000001
2026/10/03 17:22:34.869, 210 MHz, 405 MHz, 12.25 W, 44, 0x0000000000000001
2026/10/03 17:22:35.069, 210 MHz, 405 MHz, 12.36 W, 44, 0x0000000000000001
2026/10/03 17:22:35.269, 210 MHz, 405 MHz, 12.36 W, 44, 0x0000000000000001
2026/10/03 17:22:35.469, 210 MHz, 405 MHz, 12.27 W, 43, 0x0000000000000001
2026/10/03 17:22:35.670, 210 MHz, 405 MHz, 12.27 W, 43, 0x0000000000000001
2026/10/03 17:22:35.870, 210 MHz, 405 MHz, 12.27 W, 43, 0x0000000000000001
2026/10/03 17:22:36.070, 210 MHz, 405 MHz, 12.29 W, 43, 0x0000000000000001
2026/10/03 17:22:36.270, 210 MHz, 405 MHz, 12.29 W, 43, 0x0000000000000001
2026/10/03 17:22:36.470, 210 MHz, 405 MHz, 12.32 W, 43, 0x0000000000000001
2026/10/03 17:22:36.670, 210 MHz, 405 MHz, 12.32 W, 43, 0x0000000000000001
2026/10/03 17:22:36.870, 210 MHz, 405 MHz, 12.32 W, 43, 0x0000000000000001
2026/10/03 17:22:37.070, 210 MHz, 405 MHz, 12.24 W, 43, 0x0000000000000001
2026/10/03 17:22:37.271, 210 MHz, 405 MHz, 12.24 W, 43, 0x0000000000000001
2026/10/03 17:22:37.471, 210 MHz, 405 MHz, 12.30 W, 43, 0x0000000000000001
2026/10/03 17:22:37.671, 210 MHz, 405 MHz, 12.30 W, 43, 0x0000000000000001
2026/10/03 17:22:37.871, 210 MHz, 405 MHz, 12.30 W, 43, 0x0000000000000001
2026/10/03 17:22:38.071, 210 MHz, 405 MHz, 12.29 W, 43, 0x0000000000000001
2026/10/03 17:22:38.271, 210 MHz, 405 MHz, 12.29 W, 43, 0x0000000000000001
2026/10/03 17:22:38.472, 210 MHz, 405 MHz, 12.32 W, 43, 0x0000000000000001
2026/10/03 17:22:38.672, 210 MHz, 405 MHz, 12.32 W, 43, 0x0000000000000001
2026/10/03 17:22:38.872, 210 MHz, 405 MHz, 12.32 W, 43, 0x0000000000000001
2026/10/03 17:22:39.073, 210 MHz, 405 MHz, 12.20 W, 43, 0x0000000000000001
2026/10/03 17:22:39.273, 210 MHz, 405 MHz, 12.20 W, 43, 0x0000000000000001
2026/10/03 17:22:39.473, 210 MHz, 405 MHz, 12.22 W, 42, 0x0000000000000001
2026/10/03 17:22:39.673, 210 MHz, 405 MHz, 12.22 W, 42, 0x0000000000000001
2026/10/03 17:22:39.873, 210 MHz, 405 MHz, 12.22 W, 42, 0x0000000000000001
2026/10/03 17:22:40.073, 210 MHz, 405 MHz, 12.23 W, 42, 0x0000000000000001
2026/10/03 17:22:40.274, 210 MHz, 405 MHz, 12.23 W, 42, 0x0000000000000001
2026/10/03 17:22:40.474, 210 MHz, 405 MHz, 12.25 W, 42, 0x0000000000000001
2026/10/03 17:22:40.674, 210 MHz, 405 MHz, 12.25 W, 42, 0x0000000000000001
2026/10/03 17:22:40.875, 210 MHz, 405 MHz, 12.25 W, 42, 0x0000000000000001
2026/10/03 17:22:41.075, 210 MHz, 405 MHz, 12.22 W, 42, 0x0000000000000001
2026/10/03 17:22:41.275, 210 MHz, 405 MHz, 12.22 W, 42, 0x0000000000000001
2026/10/03 17:22:41.476, 210 MHz, 405 MHz, 12.24 W, 42, 0x0000000000000001
2026/10/03 17:22:41.676, 210 MHz, 405 MHz, 12.24 W, 42, 0x0000000000000001
2026/10/03 17:22:41.876, 210 MHz, 405 MHz, 12.24 W, 42, 0x0000000000000001
2026/10/03 17:22:42.076, 210 MHz, 405 MHz, 12.10 W, 42, 0x0000000000000001
2026/10/03 17:22:42.276, 210 MHz, 405 MHz, 12.10 W, 42, 0x0000000000000001
2026/10/03 17:22:42.477, 210 MHz, 405 MHz, 12.37 W, 42, 0x0000000000000001
2026/10/03 17:22:42.677, 210 MHz, 405 MHz, 12.37 W, 42, 0x0000000000000001
2026/10/03 17:22:42.877, 210 MHz, 405 MHz, 12.37 W, 42, 0x0000000000000001
2026/10/03 17:22:43.077, 210 MHz, 405 MHz, 12.09 W, 42, 0x0000000000000001
2026/10/03 17:22:43.278, 210 MHz, 405 MHz, 12.09 W, 42, 0x0000000000000001
2026/10/03 17:22:43.478, 210 MHz, 405 MHz, 12.12 W, 42, 0x0000000000000001
2026/10/03 17:22:43.678, 210 MHz, 405 MHz, 12.12 W, 42, 0x0000000000000001
2026/10/03 17:22:43.878, 210 MHz, 405 MHz, 12.12 W, 42, 0x0000000000000001
2026/10/03 17:22:44.079, 210 MHz, 405 MHz, 12.19 W, 42, 0x0000000000000001
2026/10/03 17:22:44.279, 210 MHz, 405 MHz, 12.19 W, 42, 0x0000000000000001
2026/10/03 17:22:44.479, 210 MHz, 405 MHz, 12.33 W, 42, 0x0000000000000001
2026/10/03 17:22:44.679, 210 MHz, 405 MHz, 12.33 W, 42, 0x0000000000000001
2026/10/03 17:22:44.879, 210 MHz, 405 MHz, 12.33 W, 42, 0x0000000000000001
2026/10/03 17:22:45.080, 210 MHz, 405 MHz, 12.35 W, 41, 0x0000000000000001
2026/10/03 17:22:45.280, 210 MHz, 405 MHz, 12.35 W, 41, 0x0000000000000001
2026/10/03 17:22:45.480, 210 MHz, 405 MHz, 12.23 W, 41, 0x0000000000000001
2026/10/03 17:22:45.680, 210 MHz, 405 MHz, 12.23 W, 41, 0x0000000000000001
2026/10/03 17:22:45.880, 210 MHz, 405 MHz, 12.23 W, 41, 0x0000000000000001
2026/10/03 17:22:46.080, 2520 MHz, 10251 MHz, 36.17 W, 42, 0x0000000000000000
2026/10/03 17:22:46.281, 2520 MHz, 10251 MHz, 36.17 W, 42, 0x0000000000000000
2026/10/03 17:22:46.481, 2730 MHz, 10251 MHz, 129.59 W, 49, 0x0000000000000000
2026/10/03 17:22:46.681, 2730 MHz, 10251 MHz, 129.59 W, 49, 0x0000000000000000
2026/10/03 17:22:46.881, 2730 MHz, 10251 MHz, 129.59 W, 49, 0x0000000000000000
2026/10/03 17:22:47.081, 2730 MHz, 10251 MHz, 183.59 W, 53, 0x0000000000000000
2026/10/03 17:22:47.281, 2730 MHz, 10251 MHz, 183.59 W, 53, 0x0000000000000000
2026/10/03 17:22:47.481, 2565 MHz, 10251 MHz, 199.43 W, 58, 0x0000000000000004
2026/10/03 17:22:47.681, 2565 MHz, 10251 MHz, 199.43 W, 58, 0x0000000000000004
2026/10/03 17:22:47.882, 2565 MHz, 10251 MHz, 199.43 W, 58, 0x0000000000000004
2026/10/03 17:22:48.082, 2715 MHz, 10251 MHz, 186.75 W, 65, 0x0000000000000000
2026/10/03 17:22:48.282, 2715 MHz, 10251 MHz, 186.75 W, 65, 0x0000000000000000
2026/10/03 17:22:48.482, 2730 MHz, 10501 MHz, 46.93 W, 48, 0x0000000000000000
2026/10/03 17:22:48.682, 2730 MHz, 10501 MHz, 46.93 W, 48, 0x0000000000000000
2026/10/03 17:22:48.882, 2730 MHz, 10501 MHz, 46.93 W, 48, 0x0000000000000000
2026/10/03 17:22:49.082, 2730 MHz, 10501 MHz, 47.25 W, 46, 0x0000000000000000
2026/10/03 17:22:49.282, 2730 MHz, 10501 MHz, 47.25 W, 46, 0x0000000000000000
2026/10/03 17:22:49.483, 2730 MHz, 10501 MHz, 48.21 W, 46, 0x0000000000000000
2026/10/03 17:22:49.683, 2730 MHz, 10501 MHz, 48.21 W, 46, 0x0000000000000000
2026/10/03 17:22:49.883, 2730 MHz, 10501 MHz, 48.21 W, 46, 0x0000000000000000
2026/10/03 17:22:50.083, 825 MHz, 5001 MHz, 28.09 W, 45, 0x0000000000000000
2026/10/03 17:22:50.283, 825 MHz, 5001 MHz, 28.09 W, 45, 0x0000000000000000
2026/10/03 17:22:50.483, 705 MHz, 5001 MHz, 23.76 W, 43, 0x0000000000000001
2026/10/03 17:22:50.683, 705 MHz, 5001 MHz, 23.76 W, 43, 0x0000000000000001
2026/10/03 17:22:50.884, 705 MHz, 5001 MHz, 23.76 W, 43, 0x0000000000000001
2026/10/03 17:22:51.084, 570 MHz, 5001 MHz, 23.23 W, 43, 0x0000000000000001
2026/10/03 17:22:51.284, 570 MHz, 5001 MHz, 23.23 W, 43, 0x0000000000000001
2026/10/03 17:22:51.484, 450 MHz, 5001 MHz, 23.24 W, 43, 0x0000000000000001
2026/10/03 17:22:51.684, 450 MHz, 5001 MHz, 23.24 W, 43, 0x0000000000000001
2026/10/03 17:22:51.884, 450 MHz, 5001 MHz, 23.24 W, 43, 0x0000000000000001
2026/10/03 17:22:52.084, 390 MHz, 5001 MHz, 23.83 W, 43, 0x0000000000000001
2026/10/03 17:22:52.284, 390 MHz, 5001 MHz, 23.83 W, 43, 0x0000000000000001
2026/10/03 17:22:52.485, 300 MHz, 5001 MHz, 22.76 W, 42, 0x0000000000000001
2026/10/03 17:22:52.685, 300 MHz, 5001 MHz, 22.76 W, 42, 0x0000000000000001
2026/10/03 17:22:52.885, 300 MHz, 5001 MHz, 22.76 W, 42, 0x0000000000000001
2026/10/03 17:22:53.085, 270 MHz, 5001 MHz, 22.80 W, 42, 0x0000000000000001
2026/10/03 17:22:53.285, 270 MHz, 5001 MHz, 22.80 W, 42, 0x0000000000000001
2026/10/03 17:22:53.485, 210 MHz, 810 MHz, 19.27 W, 42, 0x0000000000000001
2026/10/03 17:22:53.685, 210 MHz, 810 MHz, 19.27 W, 42, 0x0000000000000001
2026/10/03 17:22:53.885, 210 MHz, 810 MHz, 19.27 W, 42, 0x0000000000000001
2026/10/03 17:22:54.086, 210 MHz, 810 MHz, 19.27 W, 42, 0x0000000000000001
2026/10/03 17:22:54.286, 210 MHz, 810 MHz, 19.27 W, 42, 0x0000000000000001
2026/10/03 17:22:54.486, 210 MHz, 810 MHz, 19.42 W, 42, 0x0000000000000001
2026/10/03 17:22:54.686, 210 MHz, 810 MHz, 19.42 W, 42, 0x0000000000000001
2026/10/03 17:22:54.886, 210 MHz, 810 MHz, 19.42 W, 42, 0x0000000000000001
2026/10/03 17:22:55.086, 210 MHz, 405 MHz, 13.27 W, 42, 0x0000000000000001
2026/10/03 17:22:55.286, 210 MHz, 405 MHz, 13.27 W, 42, 0x0000000000000001
2026/10/03 17:22:55.486, 210 MHz, 405 MHz, 12.20 W, 41, 0x0000000000000001
2026/10/03 17:22:55.687, 210 MHz, 405 MHz, 12.20 W, 41, 0x0000000000000001
2026/10/03 17:22:55.887, 210 MHz, 405 MHz, 12.20 W, 41, 0x0000000000000001
2026/10/03 17:22:56.087, 210 MHz, 405 MHz, 12.36 W, 41, 0x0000000000000001
2026/10/03 17:22:56.287, 210 MHz, 405 MHz, 12.36 W, 41, 0x0000000000000001
2026/10/03 17:22:56.487, 210 MHz, 405 MHz, 12.90 W, 41, 0x0000000000000001
2026/10/03 17:22:56.687, 210 MHz, 405 MHz, 12.90 W, 41, 0x0000000000000001
2026/10/03 17:22:56.887, 210 MHz, 405 MHz, 12.90 W, 41, 0x0000000000000001
2026/10/03 17:22:57.088, 255 MHz, 405 MHz, 12.66 W, 41, 0x0000000000000001
2026/10/03 17:22:57.288, 255 MHz, 405 MHz, 12.66 W, 41, 0x0000000000000001
2026/10/03 17:22:57.488, 255 MHz, 405 MHz, 12.95 W, 41, 0x0000000000000001
2026/10/03 17:22:57.688, 255 MHz, 405 MHz, 12.95 W, 41, 0x0000000000000001
2026/10/03 17:22:57.888, 255 MHz, 405 MHz, 12.95 W, 41, 0x0000000000000001
2026/10/03 17:22:58.088, 255 MHz, 405 MHz, 12.21 W, 41, 0x0000000000000001
2026/10/03 17:22:58.289, 255 MHz, 405 MHz, 12.21 W, 41, 0x0000000000000001
2026/10/03 17:22:58.489, 255 MHz, 405 MHz, 12.11 W, 41, 0x0000000000000001
2026/10/03 17:22:58.689, 255 MHz, 405 MHz, 12.11 W, 41, 0x0000000000000001
2026/10/03 17:22:58.889, 255 MHz, 405 MHz, 12.11 W, 41, 0x0000000000000001
2026/10/03 17:22:59.089, 210 MHz, 405 MHz, 12.11 W, 41, 0x0000000000000001
2026/10/03 17:22:59.289, 210 MHz, 405 MHz, 12.11 W, 41, 0x0000000000000001
2026/10/03 17:22:59.490, 210 MHz, 405 MHz, 12.33 W, 41, 0x0000000000000001
2026/10/03 17:22:59.690, 210 MHz, 405 MHz, 12.33 W, 41, 0x0000000000000001
2026/10/03 17:22:59.890, 210 MHz, 405 MHz, 12.33 W, 41, 0x0000000000000001
2026/10/03 17:23:00.090, 210 MHz, 405 MHz, 12.09 W, 41, 0x0000000000000001
2026/10/03 17:23:00.290, 210 MHz, 405 MHz, 12.09 W, 41, 0x0000000000000001
2026/10/03 17:23:00.490, 210 MHz, 405 MHz, 12.41 W, 40, 0x0000000000000001
2026/10/03 17:23:00.690, 210 MHz, 405 MHz, 12.41 W, 40, 0x0000000000000001
2026/10/03 17:23:00.891, 210 MHz, 405 MHz, 12.41 W, 40, 0x0000000000000001
2026/10/03 17:23:01.091, 210 MHz, 405 MHz, 12.33 W, 40, 0x0000000000000001
2026/10/03 17:23:01.291, 210 MHz, 405 MHz, 12.33 W, 40, 0x0000000000000001
2026/10/03 17:23:01.491, 210 MHz, 405 MHz, 12.49 W, 40, 0x0000000000000001
2026/10/03 17:23:01.691, 210 MHz, 405 MHz, 12.49 W, 40, 0x0000000000000001
2026/10/03 17:23:01.891, 210 MHz, 405 MHz, 12.49 W, 40, 0x0000000000000001
2026/10/03 17:23:02.091, 210 MHz, 405 MHz, 12.39 W, 40, 0x0000000000000001
2026/10/03 17:23:02.291, 210 MHz, 405 MHz, 12.39 W, 40, 0x0000000000000001
2026/10/03 17:23:02.492, 210 MHz, 405 MHz, 12.90 W, 40, 0x0000000000000001
2026/10/03 17:23:02.692, 210 MHz, 405 MHz, 12.90 W, 40, 0x0000000000000001
2026/10/03 17:23:02.892, 210 MHz, 405 MHz, 12.90 W, 40, 0x0000000000000001
2026/10/03 17:23:03.092, 210 MHz, 405 MHz, 12.60 W, 40, 0x0000000000000001
2026/10/03 17:23:03.292, 210 MHz, 405 MHz, 12.60 W, 40, 0x0000000000000001
2026/10/03 17:23:03.492, 210 MHz, 405 MHz, 11.78 W, 40, 0x0000000000000001
2026/10/03 17:23:03.692, 210 MHz, 405 MHz, 11.78 W, 40, 0x0000000000000001
2026/10/03 17:23:03.893, 210 MHz, 405 MHz, 11.78 W, 40, 0x0000000000000001
2026/10/03 17:23:04.093, 210 MHz, 405 MHz, 12.42 W, 40, 0x0000000000000001
2026/10/03 17:23:04.293, 210 MHz, 405 MHz, 12.42 W, 40, 0x0000000000000001
2026/10/03 17:23:04.493, 210 MHz, 405 MHz, 12.34 W, 40, 0x0000000000000001
2026/10/03 17:23:04.693, 210 MHz, 405 MHz, 12.34 W, 40, 0x0000000000000001
2026/10/03 17:23:04.894, 210 MHz, 405 MHz, 12.34 W, 40, 0x0000000000000001
2026/10/03 17:23:05.094, 210 MHz, 405 MHz, 12.04 W, 40, 0x0000000000000001
2026/10/03 17:23:05.294, 210 MHz, 405 MHz, 12.04 W, 40, 0x0000000000000001
2026/10/03 17:23:05.494, 210 MHz, 405 MHz, 12.87 W, 40, 0x0000000000000001
2026/10/03 17:23:05.695, 210 MHz, 405 MHz, 12.87 W, 40, 0x0000000000000001
2026/10/03 17:23:05.895, 210 MHz, 405 MHz, 12.87 W, 40, 0x0000000000000001
2026/10/03 17:23:06.095, 210 MHz, 405 MHz, 12.51 W, 40, 0x0000000000000001
2026/10/03 17:23:06.295, 210 MHz, 405 MHz, 12.51 W, 40, 0x0000000000000001
2026/10/03 17:23:06.495, 210 MHz, 405 MHz, 12.77 W, 40, 0x0000000000000001
2026/10/03 17:23:06.695, 210 MHz, 405 MHz, 12.77 W, 40, 0x0000000000000001
2026/10/03 17:23:06.896, 210 MHz, 405 MHz, 12.77 W, 40, 0x0000000000000001
2026/10/03 17:23:07.096, 210 MHz, 405 MHz, 11.88 W, 40, 0x0000000000000001
2026/10/03 17:23:07.296, 210 MHz, 405 MHz, 11.88 W, 40, 0x0000000000000001
2026/10/03 17:23:07.496, 210 MHz, 405 MHz, 12.06 W, 40, 0x0000000000000001
2026/10/03 17:23:07.697, 210 MHz, 405 MHz, 12.06 W, 40, 0x0000000000000001
2026/10/03 17:23:07.897, 210 MHz, 405 MHz, 12.06 W, 40, 0x0000000000000001
2026/10/03 17:23:08.097, 210 MHz, 405 MHz, 12.58 W, 40, 0x0000000000000001
2026/10/03 17:23:08.297, 210 MHz, 405 MHz, 12.58 W, 40, 0x0000000000000001
2026/10/03 17:23:08.498, 285 MHz, 405 MHz, 12.85 W, 40, 0x0000000000000001
2026/10/03 17:23:08.698, 285 MHz, 405 MHz, 12.85 W, 40, 0x0000000000000001
2026/10/03 17:23:08.898, 285 MHz, 405 MHz, 12.85 W, 40, 0x0000000000000001
2026/10/03 17:23:09.098, 300 MHz, 405 MHz, 12.62 W, 40, 0x0000000000000001
2026/10/03 17:23:09.298, 300 MHz, 405 MHz, 12.62 W, 40, 0x0000000000000001
2026/10/03 17:23:09.499, 2520 MHz, 10251 MHz, 85.46 W, 42, 0x0000000000000000
2026/10/03 17:23:09.699, 2520 MHz, 10251 MHz, 85.46 W, 42, 0x0000000000000000
2026/10/03 17:23:09.899, 2520 MHz, 10251 MHz, 85.46 W, 42, 0x0000000000000000
2026/10/03 17:23:10.099, 2730 MHz, 10251 MHz, 153.91 W, 50, 0x0000000000000000
2026/10/03 17:23:10.299, 2730 MHz, 10251 MHz, 153.91 W, 50, 0x0000000000000000
2026/10/03 17:23:10.499, 2730 MHz, 10251 MHz, 177.01 W, 57, 0x0000000000000000
2026/10/03 17:23:10.699, 2730 MHz, 10251 MHz, 177.01 W, 57, 0x0000000000000000
2026/10/03 17:23:10.900, 2730 MHz, 10251 MHz, 177.01 W, 57, 0x0000000000000000
2026/10/03 17:23:11.100, 2715 MHz, 10251 MHz, 201.48 W, 63, 0x0000000000000000
2026/10/03 17:23:11.300, 2715 MHz, 10251 MHz, 201.48 W, 63, 0x0000000000000000
2026/10/03 17:23:11.500, 2730 MHz, 10251 MHz, 49.66 W, 49, 0x0000000000000000
2026/10/03 17:23:11.700, 2730 MHz, 10251 MHz, 49.66 W, 49, 0x0000000000000000
2026/10/03 17:23:11.900, 2730 MHz, 10251 MHz, 49.66 W, 49, 0x0000000000000000
2026/10/03 17:23:12.100, 2745 MHz, 10501 MHz, 45.52 W, 45, 0x0000000000000000
2026/10/03 17:23:12.300, 2745 MHz, 10501 MHz, 45.52 W, 45, 0x0000000000000000
2026/10/03 17:23:12.500, 2745 MHz, 10501 MHz, 46.80 W, 44, 0x0000000000000000
2026/10/03 17:23:12.701, 2745 MHz, 10501 MHz, 46.80 W, 44, 0x0000000000000000
2026/10/03 17:23:12.901, 2745 MHz, 10501 MHz, 46.80 W, 44, 0x0000000000000000
2026/10/03 17:23:13.101, 2745 MHz, 10501 MHz, 45.73 W, 44, 0x0000000000000000
2026/10/03 17:23:13.301, 2745 MHz, 10501 MHz, 45.73 W, 44, 0x0000000000000000
2026/10/03 17:23:13.501, 705 MHz, 5001 MHz, 25.58 W, 43, 0x0000000000000001
2026/10/03 17:23:13.701, 705 MHz, 5001 MHz, 25.58 W, 43, 0x0000000000000001
2026/10/03 17:23:13.901, 705 MHz, 5001 MHz, 25.58 W, 43, 0x0000000000000001
2026/10/03 17:23:14.101, 600 MHz, 5001 MHz, 23.11 W, 42, 0x0000000000000001
2026/10/03 17:23:14.302, 600 MHz, 5001 MHz, 23.11 W, 42, 0x0000000000000001
2026/10/03 17:23:14.502, 480 MHz, 5001 MHz, 23.63 W, 42, 0x0000000000000001
2026/10/03 17:23:14.702, 480 MHz, 5001 MHz, 23.63 W, 42, 0x0000000000000001
2026/10/03 17:23:14.902, 480 MHz, 5001 MHz, 23.63 W, 42, 0x0000000000000001
2026/10/03 17:23:15.102, 435 MHz, 5001 MHz, 23.37 W, 42, 0x0000000000000001
2026/10/03 17:23:15.302, 435 MHz, 5001 MHz, 23.37 W, 42, 0x0000000000000001
2026/10/03 17:23:15.502, 360 MHz, 5001 MHz, 22.60 W, 42, 0x0000000000000001
2026/10/03 17:23:15.703, 360 MHz, 5001 MHz, 22.60 W, 42, 0x0000000000000001
2026/10/03 17:23:15.903, 360 MHz, 5001 MHz, 22.60 W, 42, 0x0000000000000001
2026/10/03 17:23:16.103, 315 MHz, 5001 MHz, 23.15 W, 42, 0x0000000000000001
2026/10/03 17:23:16.303, 315 MHz, 5001 MHz, 23.15 W, 42, 0x0000000000000001
2026/10/03 17:23:16.503, 270 MHz, 5001 MHz, 23.81 W, 42, 0x0000000000000001
2026/10/03 17:23:16.703, 270 MHz, 5001 MHz, 23.81 W, 42, 0x0000000000000001
2026/10/03 17:23:16.903, 270 MHz, 5001 MHz, 23.81 W, 42, 0x0000000000000001
2026/10/03 17:23:17.104, 240 MHz, 5001 MHz, 22.83 W, 42, 0x0000000000000001
2026/10/03 17:23:17.304, 240 MHz, 5001 MHz, 22.83 W, 42, 0x0000000000000001
2026/10/03 17:23:17.504, 210 MHz, 810 MHz, 18.88 W, 42, 0x0000000000000001
2026/10/03 17:23:17.704, 210 MHz, 810 MHz, 18.88 W, 42, 0x0000000000000001
2026/10/03 17:23:17.904, 210 MHz, 810 MHz, 18.88 W, 42, 0x0000000000000001
2026/10/03 17:23:18.104, 210 MHz, 810 MHz, 20.31 W, 42, 0x0000000000000001
2026/10/03 17:23:18.304, 210 MHz, 810 MHz, 20.31 W, 42, 0x0000000000000001
2026/10/03 17:23:18.504, 210 MHz, 810 MHz, 20.47 W, 42, 0x0000000000000001
2026/10/03 17:23:18.705, 210 MHz, 810 MHz, 20.47 W, 42, 0x0000000000000001
2026/10/03 17:23:18.905, 210 MHz, 810 MHz, 20.47 W, 42, 0x0000000000000001
2026/10/03 17:23:19.105, 210 MHz, 405 MHz, 13.94 W, 41, 0x0000000000000001
2026/10/03 17:23:19.305, 210 MHz, 405 MHz, 13.94 W, 41, 0x0000000000000001
2026/10/03 17:23:19.505, 210 MHz, 405 MHz, 12.20 W, 41, 0x0000000000000001
2026/10/03 17:23:19.705, 210 MHz, 405 MHz, 12.20 W, 41, 0x0000000000000001
2026/10/03 17:23:19.906, 210 MHz, 405 MHz, 12.20 W, 41, 0x0000000000000001
2026/10/03 17:23:20.106, 210 MHz, 405 MHz, 12.34 W, 41, 0x0000000000000001
2026/10/03 17:23:20.306, 210 MHz, 405 MHz, 12.34 W, 41, 0x0000000000000001
2026/10/03 17:23:20.506, 210 MHz, 405 MHz, 11.93 W, 41, 0x0000000000000001
2026/10/03 17:23:20.706, 210 MHz, 405 MHz, 11.93 W, 41, 0x0000000000000001
2026/10/03 17:23:20.906, 210 MHz, 405 MHz, 11.93 W, 41, 0x0000000000000001
2026/10/03 17:23:21.107, 210 MHz, 405 MHz, 11.95 W, 41, 0x0000000000000001
2026/10/03 17:23:21.307, 210 MHz, 405 MHz, 11.95 W, 41, 0x0000000000000001
2026/10/03 17:23:21.507, 210 MHz, 405 MHz, 12.12 W, 41, 0x0000000000000001
2026/10/03 17:23:21.707, 210 MHz, 405 MHz, 12.12 W, 41, 0x0000000000000001
2026/10/03 17:23:21.907, 210 MHz, 405 MHz, 12.12 W, 41, 0x0000000000000001
2026/10/03 17:23:22.107, 210 MHz, 405 MHz, 12.08 W, 41, 0x0000000000000001
2026/10/03 17:23:22.307, 210 MHz, 405 MHz, 12.08 W, 41, 0x0000000000000001
2026/10/03 17:23:22.508, 210 MHz, 405 MHz, 12.34 W, 41, 0x0000000000000001
2026/10/03 17:23:22.708, 210 MHz, 405 MHz, 12.34 W, 41, 0x0000000000000001
2026/10/03 17:23:22.908, 210 MHz, 405 MHz, 12.34 W, 41, 0x0000000000000001
2026/10/03 17:23:23.108, 210 MHz, 405 MHz, 12.25 W, 41, 0x0000000000000001
2026/10/03 17:23:23.308, 210 MHz, 405 MHz, 12.25 W, 41, 0x0000000000000001
2026/10/03 17:23:23.508, 225 MHz, 405 MHz, 12.79 W, 41, 0x0000000000000001
2026/10/03 17:23:23.708, 225 MHz, 405 MHz, 12.79 W, 41, 0x0000000000000001
2026/10/03 17:23:23.908, 225 MHz, 405 MHz, 12.79 W, 41, 0x0000000000000001
2026/10/03 17:23:24.109, 225 MHz, 405 MHz, 12.10 W, 41, 0x0000000000000001
2026/10/03 17:23:24.309, 225 MHz, 405 MHz, 12.10 W, 41, 0x0000000000000001
2026/10/03 17:23:24.509, 270 MHz, 405 MHz, 12.74 W, 41, 0x0000000000000001
2026/10/03 17:23:24.709, 270 MHz, 405 MHz, 12.74 W, 41, 0x0000000000000001
2026/10/03 17:23:24.909, 270 MHz, 405 MHz, 12.74 W, 41, 0x0000000000000001
2026/10/03 17:23:25.109, 270 MHz, 405 MHz, 12.66 W, 41, 0x0000000000000001
2026/10/03 17:23:25.310, 270 MHz, 405 MHz, 12.66 W, 41, 0x0000000000000001
2026/10/03 17:23:25.510, 285 MHz, 405 MHz, 12.90 W, 41, 0x0000000000000001
2026/10/03 17:23:25.710, 285 MHz, 405 MHz, 12.90 W, 41, 0x0000000000000001
2026/10/03 17:23:25.910, 285 MHz, 405 MHz, 12.90 W, 41, 0x0000000000000001
2026/10/03 17:23:26.110, 285 MHz, 405 MHz, 12.80 W, 41, 0x0000000000000001
2026/10/03 17:23:26.310, 285 MHz, 405 MHz, 12.80 W, 41, 0x0000000000000001
2026/10/03 17:23:26.510, 285 MHz, 405 MHz, 12.12 W, 41, 0x0000000000000001
2026/10/03 17:23:26.710, 285 MHz, 405 MHz, 12.12 W, 41, 0x0000000000000001
2026/10/03 17:23:26.911, 285 MHz, 405 MHz, 12.12 W, 41, 0x0000000000000001
2026/10/03 17:23:27.111, 285 MHz, 405 MHz, 12.01 W, 41, 0x0000000000000001
2026/10/03 17:23:27.311, 285 MHz, 405 MHz, 12.01 W, 41, 0x0000000000000001
2026/10/03 17:23:27.511, 210 MHz, 405 MHz, 12.03 W, 41, 0x0000000000000001
2026/10/03 17:23:27.711, 210 MHz, 405 MHz, 12.03 W, 41, 0x0000000000000001
2026/10/03 17:23:27.911, 210 MHz, 405 MHz, 12.03 W, 41, 0x0000000000000001
2026/10/03 17:23:28.111, 210 MHz, 405 MHz, 12.12 W, 41, 0x0000000000000001
2026/10/03 17:23:28.311, 210 MHz, 405 MHz, 12.12 W, 41, 0x0000000000000001
2026/10/03 17:23:28.512, 210 MHz, 405 MHz, 12.01 W, 41, 0x0000000000000001
2026/10/03 17:23:28.712, 210 MHz, 405 MHz, 12.01 W, 41, 0x0000000000000001
2026/10/03 17:23:28.912, 210 MHz, 405 MHz, 12.01 W, 41, 0x0000000000000001
2026/10/03 17:23:29.112, 210 MHz, 405 MHz, 11.94 W, 41, 0x0000000000000001
2026/10/03 17:23:29.312, 210 MHz, 405 MHz, 11.94 W, 41, 0x0000000000000001
2026/10/03 17:23:29.512, 240 MHz, 405 MHz, 12.82 W, 41, 0x0000000000000001
2026/10/03 17:23:29.712, 240 MHz, 405 MHz, 12.82 W, 41, 0x0000000000000001
2026/10/03 17:23:29.912, 240 MHz, 405 MHz, 12.82 W, 41, 0x0000000000000001
2026/10/03 17:23:30.113, 240 MHz, 405 MHz, 12.62 W, 42, 0x0000000000000001
2026/10/03 17:23:30.313, 240 MHz, 405 MHz, 12.62 W, 42, 0x0000000000000001
2026/10/03 17:23:30.513, 240 MHz, 405 MHz, 12.13 W, 41, 0x0000000000000001
2026/10/03 17:23:30.713, 240 MHz, 405 MHz, 12.13 W, 41, 0x0000000000000001
2026/10/03 17:23:30.913, 240 MHz, 405 MHz, 12.13 W, 41, 0x0000000000000001
2026/10/03 17:23:31.113, 240 MHz, 405 MHz, 12.09 W, 41, 0x0000000000000001
2026/10/03 17:23:31.313, 240 MHz, 405 MHz, 12.09 W, 41, 0x0000000000000001
2026/10/03 17:23:31.514, 210 MHz, 405 MHz, 12.44 W, 41, 0x0000000000000001
2026/10/03 17:23:31.716, 210 MHz, 405 MHz, 12.44 W, 41, 0x0000000000000001
2026/10/03 17:23:31.916, 210 MHz, 405 MHz, 12.44 W, 41, 0x0000000000000001
2026/10/03 17:23:32.116, 210 MHz, 405 MHz, 12.76 W, 42, 0x0000000000000001
2026/10/03 17:23:32.316, 210 MHz, 405 MHz, 12.76 W, 42, 0x0000000000000001
2026/10/03 17:23:32.517, 2520 MHz, 10251 MHz, 37.23 W, 43, 0x0000000000000000
2026/10/03 17:23:32.717, 2520 MHz, 10251 MHz, 37.23 W, 43, 0x0000000000000000
2026/10/03 17:23:32.917, 2520 MHz, 10251 MHz, 37.23 W, 43, 0x0000000000000000
2026/10/03 17:23:33.117, 2745 MHz, 10251 MHz, 135.71 W, 50, 0x0000000000000000
2026/10/03 17:23:33.317, 2745 MHz, 10251 MHz, 135.71 W, 50, 0x0000000000000000
2026/10/03 17:23:33.517, 2745 MHz, 10251 MHz, 137.41 W, 52, 0x0000000000000000
2026/10/03 17:23:33.717, 2745 MHz, 10251 MHz, 137.41 W, 52, 0x0000000000000000
2026/10/03 17:23:33.917, 2745 MHz, 10251 MHz, 137.41 W, 52, 0x0000000000000000
2026/10/03 17:23:34.118, 2730 MHz, 10251 MHz, 159.97 W, 55, 0x0000000000000000
2026/10/03 17:23:34.318, 2730 MHz, 10251 MHz, 159.97 W, 55, 0x0000000000000000
2026/10/03 17:23:34.518, 2730 MHz, 10251 MHz, 154.78 W, 55, 0x0000000000000000
2026/10/03 17:23:34.718, 2730 MHz, 10251 MHz, 154.78 W, 55, 0x0000000000000000
2026/10/03 17:23:34.918, 2730 MHz, 10251 MHz, 154.78 W, 55, 0x0000000000000000
2026/10/03 17:23:35.118, 2730 MHz, 10251 MHz, 162.49 W, 57, 0x0000000000000000
2026/10/03 17:23:35.318, 2730 MHz, 10251 MHz, 162.49 W, 57, 0x0000000000000000
2026/10/03 17:23:35.519, 2715 MHz, 10251 MHz, 204.54 W, 63, 0x0000000000000004
2026/10/03 17:23:35.719, 2715 MHz, 10251 MHz, 204.54 W, 63, 0x0000000000000004
2026/10/03 17:23:35.919, 2715 MHz, 10251 MHz, 204.54 W, 63, 0x0000000000000004
2026/10/03 17:23:36.119, 2715 MHz, 10251 MHz, 200.11 W, 64, 0x0000000000000000
2026/10/03 17:23:36.319, 2715 MHz, 10251 MHz, 200.11 W, 64, 0x0000000000000000
2026/10/03 17:23:36.519, 2715 MHz, 10251 MHz, 202.24 W, 64, 0x0000000000000000
2026/10/03 17:23:36.719, 2715 MHz, 10251 MHz, 202.24 W, 64, 0x0000000000000000
2026/10/03 17:23:36.919, 2715 MHz, 10251 MHz, 202.24 W, 64, 0x0000000000000000
2026/10/03 17:23:37.120, 2640 MHz, 10251 MHz, 219.98 W, 70, 0x0000000000000004
2026/10/03 17:23:37.320, 2640 MHz, 10251 MHz, 219.98 W, 70, 0x0000000000000004
2026/10/03 17:23:37.520, 2565 MHz, 10251 MHz, 223.87 W, 68, 0x0000000000000004
2026/10/03 17:23:37.720, 2565 MHz, 10251 MHz, 223.87 W, 68, 0x0000000000000004
2026/10/03 17:23:37.920, 2565 MHz, 10251 MHz, 223.87 W, 68, 0x0000000000000004
2026/10/03 17:23:38.120, 2610 MHz, 10251 MHz, 215.89 W, 71, 0x0000000000000004
2026/10/03 17:23:38.320, 2610 MHz, 10251 MHz, 215.89 W, 71, 0x0000000000000004
2026/10/03 17:23:38.520, 2730 MHz, 10501 MHz, 52.47 W, 53, 0x0000000000000000
2026/10/03 17:23:38.721, 2730 MHz, 10501 MHz, 52.47 W, 53, 0x0000000000000000
2026/10/03 17:23:38.921, 2730 MHz, 10501 MHz, 52.47 W, 53, 0x0000000000000000
2026/10/03 17:23:39.121, 2730 MHz, 10501 MHz, 46.90 W, 50, 0x0000000000000000
2026/10/03 17:23:39.321, 2730 MHz, 10501 MHz, 46.90 W, 50, 0x0000000000000000
2026/10/03 17:23:39.521, 2730 MHz, 10501 MHz, 46.89 W, 49, 0x0000000000000000
2026/10/03 17:23:39.721, 2730 MHz, 10501 MHz, 46.89 W, 49, 0x0000000000000000
2026/10/03 17:23:39.922, 2730 MHz, 10501 MHz, 46.62 W, 49, 0x0000000000000000
2026/10/03 17:23:40.122, 2730 MHz, 10501 MHz, 46.62 W, 49, 0x0000000000000000
2026/10/03 17:23:40.322, 2730 MHz, 10501 MHz, 46.62 W, 49, 0x0000000000000000
2026/10/03 17:23:40.523, 630 MHz, 5001 MHz, 27.20 W, 47, 0x0000000000000001
2026/10/03 17:23:40.723, 630 MHz, 5001 MHz, 27.20 W, 47, 0x0000000000000001
2026/10/03 17:23:40.923, 525 MHz, 5001 MHz, 22.90 W, 46, 0x0000000000000001
2026/10/03 17:23:41.123, 525 MHz, 5001 MHz, 22.90 W, 46, 0x0000000000000001
2026/10/03 17:23:41.323, 525 MHz, 5001 MHz, 22.90 W, 46, 0x0000000000000001
2026/10/03 17:23:41.523, 405 MHz, 5001 MHz, 22.93 W, 46, 0x0000000000000001
2026/10/03 17:23:41.723, 405 MHz, 5001 MHz, 22.93 W, 46, 0x0000000000000001
2026/10/03 17:23:41.923, 345 MHz, 5001 MHz, 22.93 W, 46, 0x0000000000000001
2026/10/03 17:23:42.124, 345 MHz, 5001 MHz, 22.93 W, 46, 0x0000000000000001
2026/10/03 17:23:42.324, 345 MHz, 5001 MHz, 22.93 W, 46, 0x0000000000000001
2026/10/03 17:23:42.524, 270 MHz, 5001 MHz, 22.81 W, 45, 0x0000000000000001
2026/10/03 17:23:42.724, 270 MHz, 5001 MHz, 22.81 W, 45, 0x0000000000000001
2026/10/03 17:23:42.924, 240 MHz, 5001 MHz, 22.70 W, 45, 0x0000000000000001
2026/10/03 17:23:43.124, 240 MHz, 5001 MHz, 22.70 W, 45, 0x0000000000000001
2026/10/03 17:23:43.325, 240 MHz, 5001 MHz, 22.70 W, 45, 0x0000000000000001
2026/10/03 17:23:43.525, 210 MHz, 5001 MHz, 23.63 W, 45, 0x0000000000000001
2026/10/03 17:23:43.725, 210 MHz, 5001 MHz, 23.63 W, 45, 0x0000000000000001
2026/10/03 17:23:43.925, 210 MHz, 5001 MHz, 23.46 W, 45, 0x0000000000000001
2026/10/03 17:23:44.125, 210 MHz, 5001 MHz, 23.46 W, 45, 0x0000000000000001
2026/10/03 17:23:44.325, 210 MHz, 5001 MHz, 23.46 W, 45, 0x0000000000000001
2026/10/03 17:23:44.525, 210 MHz, 810 MHz, 19.46 W, 45, 0x0000000000000001
2026/10/03 17:23:44.726, 210 MHz, 810 MHz, 19.46 W, 45, 0x0000000000000001
2026/10/03 17:23:44.926, 210 MHz, 810 MHz, 19.78 W, 44, 0x0000000000000001
2026/10/03 17:23:45.126, 210 MHz, 810 MHz, 19.78 W, 44, 0x0000000000000001
2026/10/03 17:23:45.326, 210 MHz, 810 MHz, 19.78 W, 44, 0x0000000000000001
2026/10/03 17:23:45.526, 210 MHz, 810 MHz, 20.82 W, 44, 0x0000000000000001
2026/10/03 17:23:45.726, 210 MHz, 810 MHz, 20.82 W, 44, 0x0000000000000001
2026/10/03 17:23:45.926, 210 MHz, 405 MHz, 13.30 W, 44, 0x0000000000000001
2026/10/03 17:23:46.127, 210 MHz, 405 MHz, 13.30 W, 44, 0x0000000000000001
2026/10/03 17:23:46.327, 210 MHz, 405 MHz, 13.30 W, 44, 0x0000000000000001
2026/10/03 17:23:46.527, 210 MHz, 405 MHz, 12.30 W, 44, 0x0000000000000001
2026/10/03 17:23:46.727, 210 MHz, 405 MHz, 12.30 W, 44, 0x0000000000000001
2026/10/03 17:23:46.927, 210 MHz, 405 MHz, 12.19 W, 44, 0x0000000000000001
2026/10/03 17:23:47.128, 210 MHz, 405 MHz, 12.19 W, 44, 0x0000000000000001
2026/10/03 17:23:47.328, 210 MHz, 405 MHz, 12.19 W, 44, 0x0000000000000001
2026/10/03 17:23:47.528, 210 MHz, 405 MHz, 12.32 W, 43, 0x0000000000000001
2026/10/03 17:23:47.728, 210 MHz, 405 MHz, 12.32 W, 43, 0x0000000000000001
2026/10/03 17:23:47.929, 210 MHz, 405 MHz, 12.34 W, 43, 0x0000000000000001
2026/10/03 17:23:48.129, 210 MHz, 405 MHz, 12.34 W, 43, 0x0000000000000001
2026/10/03 17:23:48.329, 210 MHz, 405 MHz, 12.34 W, 43, 0x0000000000000001
2026/10/03 17:23:48.529, 210 MHz, 405 MHz, 12.74 W, 43, 0x0000000000000001
2026/10/03 17:23:48.729, 210 MHz, 405 MHz, 12.74 W, 43, 0x0000000000000001
2026/10/03 17:23:48.929, 210 MHz, 405 MHz, 12.08 W, 43, 0x0000000000000001
2026/10/03 17:23:49.129, 210 MHz, 405 MHz, 12.08 W, 43, 0x0000000000000001
2026/10/03 17:23:49.330, 210 MHz, 405 MHz, 12.08 W, 43, 0x0000000000000001
2026/10/03 17:23:49.530, 210 MHz, 405 MHz, 12.74 W, 43, 0x0000000000000001
2026/10/03 17:23:49.730, 210 MHz, 405 MHz, 12.74 W, 43, 0x0000000000000001
2026/10/03 17:23:49.930, 210 MHz, 405 MHz, 12.58 W, 43, 0x0000000000000001
2026/10/03 17:23:50.130, 210 MHz, 405 MHz, 12.58 W, 43, 0x0000000000000001
2026/10/03 17:23:50.331, 210 MHz, 405 MHz, 12.58 W, 43, 0x0000000000000001
2026/10/03 17:23:50.531, 210 MHz, 405 MHz, 12.28 W, 43, 0x0000000000000001
2026/10/03 17:23:50.731, 210 MHz, 405 MHz, 12.28 W, 43, 0x0000000000000001
2026/10/03 17:23:50.931, 210 MHz, 405 MHz, 12.09 W, 43, 0x0000000000000001
2026/10/03 17:23:51.131, 210 MHz, 405 MHz, 12.09 W, 43, 0x0000000000000001
2026/10/03 17:23:51.332, 210 MHz, 405 MHz, 12.09 W, 43, 0x0000000000000001
2026/10/03 17:23:51.532, 210 MHz, 405 MHz, 12.25 W, 42, 0x0000000000000001
2026/10/03 17:23:51.732, 210 MHz, 405 MHz, 12.25 W, 42, 0x0000000000000001
2026/10/03 17:23:51.932, 210 MHz, 405 MHz, 12.38 W, 42, 0x0000000000000001
2026/10/03 17:23:52.132, 210 MHz, 405 MHz, 12.38 W, 42, 0x0000000000000001
2026/10/03 17:23:52.332, 210 MHz, 405 MHz, 12.38 W, 42, 0x0000000000000001
2026/10/03 17:23:52.532, 210 MHz, 405 MHz, 12.53 W, 42, 0x0000000000000001
2026/10/03 17:23:52.732, 210 MHz, 405 MHz, 12.53 W, 42, 0x0000000000000001
2026/10/03 17:23:52.933, 210 MHz, 405 MHz, 12.59 W, 42, 0x0000000000000001
2026/10/03 17:23:53.133, 210 MHz, 405 MHz, 12.59 W, 42, 0x0000000000000001
2026/10/03 17:23:53.333, 210 MHz, 405 MHz, 12.59 W, 42, 0x0000000000000001
2026/10/03 17:23:53.533, 210 MHz, 405 MHz, 13.02 W, 42, 0x0000000000000001
2026/10/03 17:23:53.733, 210 MHz, 405 MHz, 13.02 W, 42, 0x0000000000000001
2026/10/03 17:23:53.933, 210 MHz, 405 MHz, 12.49 W, 42, 0x0000000000000001
2026/10/03 17:23:54.133, 210 MHz, 405 MHz, 12.49 W, 42, 0x0000000000000001
2026/10/03 17:23:54.333, 210 MHz, 405 MHz, 12.49 W, 42, 0x0000000000000001
2026/10/03 17:23:54.534, 210 MHz, 405 MHz, 12.97 W, 42, 0x0000000000000001
2026/10/03 17:23:54.734, 210 MHz, 405 MHz, 12.97 W, 42, 0x0000000000000001
2026/10/03 17:23:54.934, 210 MHz, 405 MHz, 12.13 W, 42, 0x0000000000000001
2026/10/03 17:23:55.134, 210 MHz, 405 MHz, 12.13 W, 42, 0x0000000000000001
2026/10/03 17:23:55.334, 210 MHz, 405 MHz, 12.13 W, 42, 0x0000000000000001
2026/10/03 17:23:55.534, 210 MHz, 405 MHz, 12.85 W, 42, 0x0000000000000001
2026/10/03 17:23:55.734, 210 MHz, 405 MHz, 12.85 W, 42, 0x0000000000000001
2026/10/03 17:23:55.934, 210 MHz, 405 MHz, 12.64 W, 42, 0x0000000000000001
2026/10/03 17:23:56.135, 210 MHz, 405 MHz, 12.64 W, 42, 0x0000000000000001
2026/10/03 17:23:56.335, 210 MHz, 405 MHz, 12.64 W, 42, 0x0000000000000001
2026/10/03 17:23:56.535, 210 MHz, 405 MHz, 12.36 W, 42, 0x0000000000000001
2026/10/03 17:23:56.735, 210 MHz, 405 MHz, 12.36 W, 42, 0x0000000000000001
2026/10/03 17:23:56.935, 210 MHz, 405 MHz, 12.20 W, 42, 0x0000000000000001
2026/10/03 17:23:57.135, 210 MHz, 405 MHz, 12.20 W, 42, 0x0000000000000001
2026/10/03 17:23:57.335, 210 MHz, 405 MHz, 12.20 W, 42, 0x0000000000000001
2026/10/03 17:23:57.535, 210 MHz, 405 MHz, 12.60 W, 41, 0x0000000000000001
2026/10/03 17:23:57.736, 210 MHz, 405 MHz, 12.60 W, 41, 0x0000000000000001
2026/10/03 17:23:57.936, 210 MHz, 405 MHz, 12.76 W, 41, 0x0000000000000001
2026/10/03 17:23:58.136, 210 MHz, 405 MHz, 12.76 W, 41, 0x0000000000000001
2026/10/03 17:23:58.336, 210 MHz, 405 MHz, 12.76 W, 41, 0x0000000000000001
2026/10/03 17:23:58.536, 210 MHz, 405 MHz, 12.98 W, 41, 0x0000000000000001
2026/10/03 17:23:58.736, 210 MHz, 405 MHz, 12.98 W, 41, 0x0000000000000001
2026/10/03 17:23:58.936, 210 MHz, 405 MHz, 12.87 W, 41, 0x0000000000000001
2026/10/03 17:23:59.136, 210 MHz, 405 MHz, 12.87 W, 41, 0x0000000000000001
2026/10/03 17:23:59.337, 210 MHz, 405 MHz, 12.87 W, 41, 0x0000000000000001
2026/10/03 17:23:59.537, 2520 MHz, 10251 MHz, 35.92 W, 42, 0x0000000000000000
2026/10/03 17:23:59.737, 2520 MHz, 10251 MHz, 35.92 W, 42, 0x0000000000000000
2026/10/03 17:23:59.937, 2730 MHz, 10251 MHz, 140.36 W, 52, 0x0000000000000000
2026/10/03 17:24:00.137, 2730 MHz, 10251 MHz, 140.36 W, 52, 0x0000000000000000
2026/10/03 17:24:00.337, 2730 MHz, 10251 MHz, 140.36 W, 52, 0x0000000000000000
2026/10/03 17:24:00.537, 2730 MHz, 10251 MHz, 187.65 W, 58, 0x0000000000000000
2026/10/03 17:24:00.737, 2730 MHz, 10251 MHz, 187.65 W, 58, 0x0000000000000000
2026/10/03 17:24:00.938, 2640 MHz, 10251 MHz, 236.22 W, 64, 0x0000000000000004
2026/10/03 17:24:01.138, 2640 MHz, 10251 MHz, 236.22 W, 64, 0x0000000000000004
2026/10/03 17:24:01.338, 2640 MHz, 10251 MHz, 236.22 W, 64, 0x0000000000000004
2026/10/03 17:24:01.538, 2730 MHz, 10251 MHz, 90.00 W, 51, 0x0000000000000000
2026/10/03 17:24:01.738, 2730 MHz, 10251 MHz, 90.00 W, 51, 0x0000000000000000
2026/10/03 17:24:01.938, 2730 MHz, 10501 MHz, 49.49 W, 47, 0x0000000000000000
2026/10/03 17:24:02.138, 2730 MHz, 10501 MHz, 49.49 W, 47, 0x0000000000000000
2026/10/03 17:24:02.338, 2730 MHz, 10501 MHz, 49.49 W, 47, 0x0000000000000000
2026/10/03 17:24:02.539, 2730 MHz, 10501 MHz, 49.56 W, 46, 0x0000000000000000
2026/10/03 17:24:02.739, 2730 MHz, 10501 MHz, 49.56 W, 46, 0x0000000000000000
2026/10/03 17:24:02.939, 2730 MHz, 10501 MHz, 49.01 W, 45, 0x0000000000000000
2026/10/03 17:24:03.139, 2730 MHz, 10501 MHz, 49.01 W, 45, 0x0000000000000000
2026/10/03 17:24:03.339, 2730 MHz, 10501 MHz, 49.01 W, 45, 0x0000000000000000
2026/10/03 17:24:03.539, 780 MHz, 5001 MHz, 38.77 W, 44, 0x0000000000000001
2026/10/03 17:24:03.739, 780 MHz, 5001 MHz, 38.77 W, 44, 0x0000000000000001
2026/10/03 17:24:03.939, 675 MHz, 5001 MHz, 23.64 W, 43, 0x0000000000000001
2026/10/03 17:24:04.140, 675 MHz, 5001 MHz, 23.64 W, 43, 0x0000000000000001
2026/10/03 17:24:04.340, 675 MHz, 5001 MHz, 23.64 W, 43, 0x0000000000000001
2026/10/03 17:24:04.540, 525 MHz, 5001 MHz, 22.82 W, 42, 0x0000000000000001
2026/10/03 17:24:04.740, 525 MHz, 5001 MHz, 22.82 W, 42, 0x0000000000000001
2026/10/03 17:24:04.940, 450 MHz, 5001 MHz, 22.70 W, 42, 0x0000000000000001
2026/10/03 17:24:05.140, 450 MHz, 5001 MHz, 22.70 W, 42, 0x0000000000000001
2026/10/03 17:24:05.341, 450 MHz, 5001 MHz, 22.70 W, 42, 0x0000000000000001
2026/10/03 17:24:05.541, 345 MHz, 5001 MHz, 22.78 W, 42, 0x0000000000000001
2026/10/03 17:24:05.741, 345 MHz, 5001 MHz, 22.78 W, 42, 0x0000000000000001
2026/10/03 17:24:05.941, 300 MHz, 5001 MHz, 22.69 W, 42, 0x0000000000000001
2026/10/03 17:24:06.141, 300 MHz, 5001 MHz, 22.69 W, 42, 0x0000000000000001
2026/10/03 17:24:06.341, 300 MHz, 5001 MHz, 22.69 W, 42, 0x0000000000000001
2026/10/03 17:24:06.542, 240 MHz, 810 MHz, 18.90 W, 42, 0x0000000000000001
2026/10/03 17:24:06.742, 240 MHz, 810 MHz, 18.90 W, 42, 0x0000000000000001
2026/10/03 17:24:06.942, 210 MHz, 810 MHz, 19.12 W, 42, 0x0000000000000001
2026/10/03 17:24:07.142, 210 MHz, 810 MHz, 19.12 W, 42, 0x0000000000000001
2026/10/03 17:24:07.343, 210 MHz, 810 MHz, 19.12 W, 42, 0x0000000000000001
2026/10/03 17:24:07.543, 210 MHz, 810 MHz, 19.32 W, 42, 0x0000000000000001
2026/10/03 17:24:07.743, 210 MHz, 810 MHz, 19.32 W, 42, 0x0000000000000001
2026/10/03 17:24:07.943, 210 MHz, 810 MHz, 19.23 W, 41, 0x0000000000000001
2026/10/03 17:24:08.144, 210 MHz, 810 MHz, 19.23 W, 41, 0x0000000000000001
2026/10/03 17:24:08.344, 210 MHz, 810 MHz, 19.23 W, 41, 0x0000000000000001
2026/10/03 17:24:08.544, 210 MHz, 405 MHz, 12.06 W, 41, 0x0000000000000001
2026/10/03 17:24:08.744, 210 MHz, 405 MHz, 12.06 W, 41, 0x0000000000000001
2026/10/03 17:24:08.944, 210 MHz, 405 MHz, 12.06 W, 41, 0x0000000000000001
2026/10/03 17:24:09.145, 210 MHz, 405 MHz, 12.06 W, 41, 0x0000000000000001
2026/10/03 17:24:09.345, 210 MHz, 405 MHz, 12.06 W, 41, 0x0000000000000001
2026/10/03 17:24:09.545, 210 MHz, 405 MHz, 11.98 W, 41, 0x0000000000000001
2026/10/03 17:24:09.745, 210 MHz, 405 MHz, 11.98 W, 41, 0x0000000000000001
2026/10/03 17:24:09.945, 210 MHz, 405 MHz, 12.05 W, 41, 0x0000000000000001
2026/10/03 17:24:10.145, 210 MHz, 405 MHz, 12.05 W, 41, 0x0000000000000001
2026/10/03 17:24:10.345, 210 MHz, 405 MHz, 12.05 W, 41, 0x0000000000000001
2026/10/03 17:24:10.546, 210 MHz, 405 MHz, 12.07 W, 41, 0x0000000000000001
2026/10/03 17:24:10.746, 210 MHz, 405 MHz, 12.07 W, 41, 0x0000000000000001
2026/10/03 17:24:10.946, 210 MHz, 405 MHz, 11.82 W, 41, 0x0000000000000001
2026/10/03 17:24:11.146, 210 MHz, 405 MHz, 11.82 W, 41, 0x0000000000000001
2026/10/03 17:24:11.346, 210 MHz, 405 MHz, 11.82 W, 41, 0x0000000000000001
2026/10/03 17:24:11.546, 210 MHz, 405 MHz, 12.46 W, 41, 0x0000000000000001
2026/10/03 17:24:11.746, 210 MHz, 405 MHz, 12.46 W, 41, 0x0000000000000001
2026/10/03 17:24:11.947, 210 MHz, 405 MHz, 12.51 W, 41, 0x0000000000000001
2026/10/03 17:24:12.147, 210 MHz, 405 MHz, 12.51 W, 41, 0x0000000000000001
2026/10/03 17:24:12.347, 210 MHz, 405 MHz, 12.51 W, 41, 0x0000000000000001
2026/10/03 17:24:12.547, 210 MHz, 405 MHz, 12.18 W, 40, 0x0000000000000001
2026/10/03 17:24:12.747, 210 MHz, 405 MHz, 12.18 W, 40, 0x0000000000000001
2026/10/03 17:24:12.947, 210 MHz, 405 MHz, 11.98 W, 40, 0x0000000000000001
2026/10/03 17:24:13.147, 210 MHz, 405 MHz, 11.98 W, 40, 0x0000000000000001
2026/10/03 17:24:13.348, 210 MHz, 405 MHz, 11.98 W, 40, 0x0000000000000001
2026/10/03 17:24:13.548, 210 MHz, 405 MHz, 12.05 W, 40, 0x0000000000000001
2026/10/03 17:24:13.748, 210 MHz, 405 MHz, 12.05 W, 40, 0x0000000000000001
2026/10/03 17:24:13.948, 210 MHz, 405 MHz, 11.98 W, 40, 0x0000000000000001
2026/10/03 17:24:14.148, 210 MHz, 405 MHz, 11.98 W, 40, 0x0000000000000001
2026/10/03 17:24:14.348, 210 MHz, 405 MHz, 11.98 W, 40, 0x0000000000000001
2026/10/03 17:24:14.548, 210 MHz, 405 MHz, 12.14 W, 40, 0x0000000000000001
2026/10/03 17:24:14.748, 210 MHz, 405 MHz, 12.14 W, 40, 0x0000000000000001
2026/10/03 17:24:14.948, 210 MHz, 405 MHz, 12.04 W, 40, 0x0000000000000001
2026/10/03 17:24:15.149, 210 MHz, 405 MHz, 12.04 W, 40, 0x0000000000000001
2026/10/03 17:24:15.349, 210 MHz, 405 MHz, 12.04 W, 40, 0x0000000000000001
2026/10/03 17:24:15.549, 210 MHz, 405 MHz, 12.05 W, 40, 0x0000000000000001
2026/10/03 17:24:15.749, 210 MHz, 405 MHz, 12.05 W, 40, 0x0000000000000001
2026/10/03 17:24:15.949, 210 MHz, 405 MHz, 12.09 W, 40, 0x0000000000000001
2026/10/03 17:24:16.149, 210 MHz, 405 MHz, 12.09 W, 40, 0x0000000000000001
2026/10/03 17:24:16.349, 210 MHz, 405 MHz, 12.09 W, 40, 0x0000000000000001
2026/10/03 17:24:16.550, 210 MHz, 405 MHz, 12.03 W, 40, 0x0000000000000001
2026/10/03 17:24:16.750, 210 MHz, 405 MHz, 12.03 W, 40, 0x0000000000000001
2026/10/03 17:24:16.950, 210 MHz, 405 MHz, 12.00 W, 40, 0x0000000000000001
2026/10/03 17:24:17.150, 210 MHz, 405 MHz, 12.00 W, 40, 0x0000000000000001
2026/10/03 17:24:17.350, 210 MHz, 405 MHz, 12.00 W, 40, 0x0000000000000001
2026/10/03 17:24:17.550, 210 MHz, 405 MHz, 12.68 W, 40, 0x0000000000000001
2026/10/03 17:24:17.750, 210 MHz, 405 MHz, 12.68 W, 40, 0x0000000000000001
2026/10/03 17:24:17.950, 210 MHz, 405 MHz, 11.85 W, 40, 0x0000000000000001
2026/10/03 17:24:18.151, 210 MHz, 405 MHz, 11.85 W, 40, 0x0000000000000001
2026/10/03 17:24:18.351, 210 MHz, 405 MHz, 11.85 W, 40, 0x0000000000000001
2026/10/03 17:24:18.551, 210 MHz, 405 MHz, 12.05 W, 40, 0x0000000000000001
2026/10/03 17:24:18.751, 210 MHz, 405 MHz, 12.05 W, 40, 0x0000000000000001
2026/10/03 17:24:18.951, 210 MHz, 405 MHz, 12.00 W, 40, 0x0000000000000001
2026/10/03 17:24:19.151, 210 MHz, 405 MHz, 12.00 W, 40, 0x0000000000000001
2026/10/03 17:24:19.351, 210 MHz, 405 MHz, 12.00 W, 40, 0x0000000000000001
2026/10/03 17:24:19.551, 210 MHz, 405 MHz, 12.05 W, 40, 0x0000000000000001
2026/10/03 17:24:19.752, 210 MHz, 405 MHz, 12.05 W, 40, 0x0000000000000001
2026/10/03 17:24:19.952, 210 MHz, 405 MHz, 12.55 W, 40, 0x0000000000000001
2026/10/03 17:24:20.152, 210 MHz, 405 MHz, 12.55 W, 40, 0x0000000000000001
2026/10/03 17:24:20.352, 210 MHz, 405 MHz, 12.55 W, 40, 0x0000000000000001
2026/10/03 17:24:20.552, 210 MHz, 405 MHz, 12.55 W, 40, 0x0000000000000001
2026/10/03 17:24:20.752, 210 MHz, 405 MHz, 12.55 W, 40, 0x0000000000000001
2026/10/03 17:24:20.952, 210 MHz, 405 MHz, 12.55 W, 40, 0x0000000000000001
2026/10/03 17:24:21.152, 210 MHz, 405 MHz, 12.55 W, 40, 0x0000000000000001
2026/10/03 17:24:21.353, 210 MHz, 405 MHz, 12.55 W, 40, 0x0000000000000001
2026/10/03 17:24:21.553, 210 MHz, 405 MHz, 12.57 W, 40, 0x0000000000000001
2026/10/03 17:24:21.753, 210 MHz, 405 MHz, 12.57 W, 40, 0x0000000000000001
2026/10/03 17:24:21.953, 210 MHz, 405 MHz, 12.44 W, 40, 0x0000000000000001
2026/10/03 17:24:22.153, 210 MHz, 405 MHz, 12.44 W, 40, 0x0000000000000001
2026/10/03 17:24:22.353, 210 MHz, 405 MHz, 12.44 W, 40, 0x0000000000000001
2026/10/03 17:24:22.553, 2520 MHz, 10501 MHz, 13.34 W, 40, 0x0000000000000000
2026/10/03 17:24:22.754, 2520 MHz, 10501 MHz, 13.34 W, 40, 0x0000000000000000
2026/10/03 17:24:22.954, 2745 MHz, 10251 MHz, 127.75 W, 46, 0x0000000000000000
2026/10/03 17:24:23.154, 2745 MHz, 10251 MHz, 127.75 W, 46, 0x0000000000000000
2026/10/03 17:24:23.354, 2745 MHz, 10251 MHz, 127.75 W, 46, 0x0000000000000000
2026/10/03 17:24:23.554, 2730 MHz, 10251 MHz, 143.97 W, 50, 0x0000000000000000
2026/10/03 17:24:23.754, 2730 MHz, 10251 MHz, 143.97 W, 50, 0x0000000000000000
2026/10/03 17:24:23.954, 2730 MHz, 10251 MHz, 166.12 W, 55, 0x0000000000000000
2026/10/03 17:24:24.154, 2730 MHz, 10251 MHz, 166.12 W, 55, 0x0000000000000000
2026/10/03 17:24:24.355, 2730 MHz, 10251 MHz, 166.12 W, 55, 0x0000000000000000
2026/10/03 17:24:24.555, 2715 MHz, 10251 MHz, 212.60 W, 62, 0x0000000000000004
2026/10/03 17:24:24.755, 2715 MHz, 10251 MHz, 212.60 W, 62, 0x0000000000000004
2026/10/03 17:24:24.955, 2745 MHz, 10501 MHz, 46.05 W, 45, 0x0000000000000000
2026/10/03 17:24:25.155, 2745 MHz, 10501 MHz, 46.05 W, 45, 0x0000000000000000
2026/10/03 17:24:25.355, 2745 MHz, 10501 MHz, 46.05 W, 45, 0x0000000000000000
2026/10/03 17:24:25.555, 2745 MHz, 10501 MHz, 46.19 W, 44, 0x0000000000000000
2026/10/03 17:24:25.756, 2745 MHz, 10501 MHz, 46.19 W, 44, 0x0000000000000000
2026/10/03 17:24:25.956, 2745 MHz, 10501 MHz, 45.66 W, 44, 0x0000000000000000
2026/10/03 17:24:26.156, 2745 MHz, 10501 MHz, 45.66 W, 44, 0x0000000000000000
2026/10/03 17:24:26.356, 2745 MHz, 10501 MHz, 45.66 W, 44, 0x0000000000000000
2026/10/03 17:24:26.556, 870 MHz, 5001 MHz, 48.27 W, 44, 0x0000000000000000
2026/10/03 17:24:26.756, 870 MHz, 5001 MHz, 48.27 W, 44, 0x0000000000000000
2026/10/03 17:24:26.956, 765 MHz, 5001 MHz, 23.69 W, 42, 0x0000000000000001
2026/10/03 17:24:27.156, 765 MHz, 5001 MHz, 23.69 W, 42, 0x0000000000000001
2026/10/03 17:24:27.357, 765 MHz, 5001 MHz, 23.69 W, 42, 0x0000000000000001
2026/10/03 17:24:27.557, 630 MHz, 5001 MHz, 23.65 W, 42, 0x0000000000000001
2026/10/03 17:24:27.757, 630 MHz, 5001 MHz, 23.65 W, 42, 0x0000000000000001
2026/10/03 17:24:27.957, 540 MHz, 5001 MHz, 23.80 W, 42, 0x0000000000000001
2026/10/03 17:24:28.157, 540 MHz, 5001 MHz, 23.80 W, 42, 0x0000000000000001
2026/10/03 17:24:28.357, 540 MHz, 5001 MHz, 23.80 W, 42, 0x0000000000000001
2026/10/03 17:24:28.557, 435 MHz, 5001 MHz, 22.68 W, 42, 0x0000000000000001
2026/10/03 17:24:28.758, 435 MHz, 5001 MHz, 22.68 W, 42, 0x0000000000000001
2026/10/03 17:24:28.958, 375 MHz, 5001 MHz, 22.65 W, 42, 0x0000000000000001
2026/10/03 17:24:29.158, 375 MHz, 5001 MHz, 22.65 W, 42, 0x0000000000000001
2026/10/03 17:24:29.358, 375 MHz, 5001 MHz, 22.65 W, 42, 0x0000000000000001
2026/10/03 17:24:29.558, 300 MHz, 5001 MHz, 23.39 W, 42, 0x0000000000000001
2026/10/03 17:24:29.758, 300 MHz, 5001 MHz, 23.39 W, 42, 0x0000000000000001
2026/10/03 17:24:29.958, 255 MHz, 5001 MHz, 22.52 W, 42, 0x0000000000000001
2026/10/03 17:24:30.158, 255 MHz, 5001 MHz, 22.52 W, 42, 0x0000000000000001
2026/10/03 17:24:30.359, 255 MHz, 5001 MHz, 22.52 W, 42, 0x0000000000000001
2026/10/03 17:24:30.559, 225 MHz, 810 MHz, 19.90 W, 42, 0x0000000000000001
2026/10/03 17:24:30.759, 225 MHz, 810 MHz, 19.90 W, 42, 0x0000000000000001
2026/10/03 17:24:30.959, 210 MHz, 810 MHz, 20.09 W, 42, 0x0000000000000001
2026/10/03 17:24:31.159, 210 MHz, 810 MHz, 20.09 W, 42, 0x0000000000000001
2026/10/03 17:24:31.359, 210 MHz, 810 MHz, 20.09 W, 42, 0x0000000000000001
2026/10/03 17:24:31.559, 210 MHz, 810 MHz, 19.00 W, 41, 0x0000000000000001
2026/10/03 17:24:31.759, 210 MHz, 810 MHz, 19.00 W, 41, 0x0000000000000001
2026/10/03 17:24:31.960, 210 MHz, 810 MHz, 19.13 W, 41, 0x0000000000000001
2026/10/03 17:24:32.160, 210 MHz, 810 MHz, 19.13 W, 41, 0x0000000000000001
2026/10/03 17:24:32.360, 210 MHz, 810 MHz, 19.13 W, 41, 0x0000000000000001
2026/10/03 17:24:32.560, 210 MHz, 405 MHz, 12.29 W, 41, 0x0000000000000001
2026/10/03 17:24:32.760, 210 MHz, 405 MHz, 12.29 W, 41, 0x0000000000000001
2026/10/03 17:24:32.960, 210 MHz, 405 MHz, 11.95 W, 41, 0x0000000000000001
2026/10/03 17:24:33.160, 210 MHz, 405 MHz, 11.95 W, 41, 0x0000000000000001
2026/10/03 17:24:33.361, 210 MHz, 405 MHz, 11.95 W, 41, 0x0000000000000001
2026/10/03 17:24:33.561, 210 MHz, 405 MHz, 11.93 W, 41, 0x0000000000000001
2026/10/03 17:24:33.761, 210 MHz, 405 MHz, 11.93 W, 41, 0x0000000000000001
2026/10/03 17:24:33.962, 210 MHz, 405 MHz, 11.84 W, 41, 0x0000000000000001
2026/10/03 17:24:34.162, 210 MHz, 405 MHz, 11.84 W, 41, 0x0000000000000001
2026/10/03 17:24:34.362, 210 MHz, 405 MHz, 11.84 W, 41, 0x0000000000000001
2026/10/03 17:24:34.562, 210 MHz, 405 MHz, 12.54 W, 41, 0x0000000000000001
2026/10/03 17:24:34.762, 210 MHz, 405 MHz, 12.54 W, 41, 0x0000000000000001
2026/10/03 17:24:34.962, 240 MHz, 405 MHz, 12.46 W, 41, 0x0000000000000001
2026/10/03 17:24:35.163, 240 MHz, 405 MHz, 12.46 W, 41, 0x0000000000000001
2026/10/03 17:24:35.363, 240 MHz, 405 MHz, 12.46 W, 41, 0x0000000000000001
2026/10/03 17:24:35.563, 240 MHz, 405 MHz, 12.50 W, 41, 0x0000000000000001
2026/10/03 17:24:35.763, 240 MHz, 405 MHz, 12.50 W, 41, 0x0000000000000001
2026/10/03 17:24:35.963, 240 MHz, 405 MHz, 11.92 W, 41, 0x0000000000000001
2026/10/03 17:24:36.163, 240 MHz, 405 MHz, 11.92 W, 41, 0x0000000000000001
2026/10/03 17:24:36.363, 240 MHz, 405 MHz, 11.92 W, 41, 0x0000000000000001
2026/10/03 17:24:36.564, 210 MHz, 405 MHz, 11.93 W, 41, 0x0000000000000001
2026/10/03 17:24:36.764, 210 MHz, 405 MHz, 11.93 W, 41, 0x0000000000000001
2026/10/03 17:24:36.964, 210 MHz, 405 MHz, 11.88 W, 41, 0x0000000000000001
2026/10/03 17:24:37.164, 210 MHz, 405 MHz, 11.88 W, 41, 0x0000000000000001
2026/10/03 17:24:37.364, 210 MHz, 405 MHz, 11.88 W, 41, 0x0000000000000001
2026/10/03 17:24:37.564, 210 MHz, 405 MHz, 11.95 W, 41, 0x0000000000000001
2026/10/03 17:24:37.765, 210 MHz, 405 MHz, 11.95 W, 41, 0x0000000000000001
2026/10/03 17:24:37.965, 210 MHz, 405 MHz, 12.31 W, 41, 0x0000000000000001
2026/10/03 17:24:38.165, 210 MHz, 405 MHz, 12.31 W, 41, 0x0000000000000001
2026/10/03 17:24:38.365, 210 MHz, 405 MHz, 12.31 W, 41, 0x0000000000000001
2026/10/03 17:24:38.565, 210 MHz, 405 MHz, 12.06 W, 41, 0x0000000000000001
2026/10/03 17:24:38.765, 210 MHz, 405 MHz, 12.06 W, 41, 0x0000000000000001
2026/10/03 17:24:38.965, 210 MHz, 405 MHz, 12.45 W, 41, 0x0000000000000001
2026/10/03 17:24:39.166, 210 MHz, 405 MHz, 12.45 W, 41, 0x0000000000000001
2026/10/03 17:24:39.366, 210 MHz, 405 MHz, 12.45 W, 41, 0x0000000000000001
2026/10/03 17:24:39.566, 210 MHz, 405 MHz, 12.30 W, 41, 0x0000000000000001
2026/10/03 17:24:39.766, 210 MHz, 405 MHz, 12.30 W, 41, 0x0000000000000001
2026/10/03 17:24:39.966, 210 MHz, 405 MHz, 11.99 W, 41, 0x0000000000000001
2026/10/03 17:24:40.166, 210 MHz, 405 MHz, 11.99 W, 41, 0x0000000000000001
2026/10/03 17:24:40.366, 210 MHz, 405 MHz, 11.99 W, 41, 0x0000000000000001
2026/10/03 17:24:40.567, 210 MHz, 405 MHz, 12.69 W, 41, 0x0000000000000001
2026/10/03 17:24:40.767, 210 MHz, 405 MHz, 12.69 W, 41, 0x0000000000000001
2026/10/03 17:24:40.967, 240 MHz, 405 MHz, 12.72 W, 41, 0x0000000000000001
2026/10/03 17:24:41.167, 240 MHz, 405 MHz, 12.72 W, 41, 0x0000000000000001
2026/10/03 17:24:41.367, 240 MHz, 405 MHz, 12.72 W, 41, 0x0000000000000001
2026/10/03 17:24:41.567, 240 MHz, 405 MHz, 12.02 W, 41, 0x0000000000000001
2026/10/03 17:24:41.767, 240 MHz, 405 MHz, 12.02 W, 41, 0x0000000000000001
2026/10/03 17:24:41.968, 240 MHz, 405 MHz, 12.74 W, 41, 0x0000000000000001
2026/10/03 17:24:42.168, 240 MHz, 405 MHz, 12.74 W, 41, 0x0000000000000001
2026/10/03 17:24:42.368, 240 MHz, 405 MHz, 12.74 W, 41, 0x0000000000000001
2026/10/03 17:24:42.568, 210 MHz, 405 MHz, 12.69 W, 41, 0x0000000000000001
2026/10/03 17:24:42.768, 210 MHz, 405 MHz, 12.69 W, 41, 0x0000000000000001
2026/10/03 17:24:42.968, 210 MHz, 405 MHz, 11.94 W, 41, 0x0000000000000001
2026/10/03 17:24:43.169, 210 MHz, 405 MHz, 11.94 W, 41, 0x0000000000000001
2026/10/03 17:24:43.369, 210 MHz, 405 MHz, 11.94 W, 41, 0x0000000000000001
2026/10/03 17:24:43.569, 210 MHz, 405 MHz, 11.97 W, 41, 0x0000000000000001
2026/10/03 17:24:43.769, 210 MHz, 405 MHz, 11.97 W, 41, 0x0000000000000001
2026/10/03 17:24:43.969, 210 MHz, 405 MHz, 11.90 W, 41, 0x0000000000000001
2026/10/03 17:24:44.170, 210 MHz, 405 MHz, 11.90 W, 41, 0x0000000000000001
2026/10/03 17:24:44.370, 210 MHz, 405 MHz, 11.90 W, 41, 0x0000000000000001
2026/10/03 17:24:44.570, 210 MHz, 405 MHz, 12.18 W, 41, 0x0000000000000001
2026/10/03 17:24:44.770, 210 MHz, 405 MHz, 12.18 W, 41, 0x0000000000000001
2026/10/03 17:24:44.970, 210 MHz, 405 MHz, 12.10 W, 41, 0x0000000000000001
2026/10/03 17:24:45.170, 210 MHz, 405 MHz, 12.10 W, 41, 0x0000000000000001
2026/10/03 17:24:45.371, 210 MHz, 405 MHz, 12.10 W, 41, 0x0000000000000001
2026/10/03 17:24:45.571, 210 MHz, 405 MHz, 12.96 W, 41, 0x0000000000000001
2026/10/03 17:24:45.771, 210 MHz, 405 MHz, 12.96 W, 41, 0x0000000000000001
2026/10/03 17:24:45.971, 2520 MHz, 10251 MHz, 43.67 W, 45, 0x0000000000000000
2026/10/03 17:24:46.171, 2520 MHz, 10251 MHz, 43.67 W, 45, 0x0000000000000000
2026/10/03 17:24:46.371, 2520 MHz, 10251 MHz, 43.67 W, 45, 0x0000000000000000
2026/10/03 17:24:46.571, 2745 MHz, 10251 MHz, 137.31 W, 51, 0x0000000000000000
2026/10/03 17:24:46.772, 2745 MHz, 10251 MHz, 137.31 W, 51, 0x0000000000000000
2026/10/03 17:24:46.972, 2745 MHz, 10251 MHz, 133.06 W, 51, 0x0000000000000000
2026/10/03 17:24:47.172, 2745 MHz, 10251 MHz, 133.06 W, 51, 0x0000000000000000
2026/10/03 17:24:47.372, 2745 MHz, 10251 MHz, 133.06 W, 51, 0x0000000000000000
2026/10/03 17:24:47.572, 2745 MHz, 10251 MHz, 146.14 W, 54, 0x0000000000000000
2026/10/03 17:24:47.772, 2745 MHz, 10251 MHz, 146.14 W, 54, 0x0000000000000000
2026/10/03 17:24:47.972, 2730 MHz, 10251 MHz, 161.55 W, 56, 0x0000000000000000
2026/10/03 17:24:48.172, 2730 MHz, 10251 MHz, 161.55 W, 56, 0x0000000000000000
2026/10/03 17:24:48.373, 2730 MHz, 10251 MHz, 161.55 W, 56, 0x0000000000000000
2026/10/03 17:24:48.573, 2730 MHz, 10251 MHz, 148.11 W, 55, 0x0000000000000000
2026/10/03 17:24:48.773, 2730 MHz, 10251 MHz, 148.11 W, 55, 0x0000000000000000
2026/10/03 17:24:48.973, 2715 MHz, 10251 MHz, 159.54 W, 60, 0x0000000000000000
2026/10/03 17:24:49.173, 2715 MHz, 10251 MHz, 159.54 W, 60, 0x0000000000000000
2026/10/03 17:24:49.373, 2715 MHz, 10251 MHz, 159.54 W, 60, 0x0000000000000000
2026/10/03 17:24:49.573, 2715 MHz, 10251 MHz, 200.77 W, 63, 0x0000000000000000
2026/10/03 17:24:49.773, 2715 MHz, 10251 MHz, 200.77 W, 63, 0x0000000000000000
2026/10/03 17:24:49.974, 2715 MHz, 10251 MHz, 178.40 W, 61, 0x0000000000000000
2026/10/03 17:24:50.174, 2715 MHz, 10251 MHz, 178.40 W, 61, 0x0000000000000000
2026/10/03 17:24:50.374, 2715 MHz, 10251 MHz, 178.40 W, 61, 0x0000000000000000
2026/10/03 17:24:50.574, 2715 MHz, 10251 MHz, 174.57 W, 61, 0x0000000000000000
2026/10/03 17:24:50.774, 2715 MHz, 10251 MHz, 174.57 W, 61, 0x0000000000000000
2026/10/03 17:24:50.974, 2655 MHz, 10251 MHz, 223.24 W, 69, 0x0000000000000004
2026/10/03 17:24:51.174, 2655 MHz, 10251 MHz, 223.24 W, 69, 0x0000000000000004
2026/10/03 17:24:51.374, 2655 MHz, 10251 MHz, 223.24 W, 69, 0x0000000000000004
2026/10/03 17:24:51.575, 2700 MHz, 10251 MHz, 217.86 W, 69, 0x0000000000000004
2026/10/03 17:24:51.775, 2700 MHz, 10251 MHz, 217.86 W, 69, 0x0000000000000004
2026/10/03 17:24:51.975, 2700 MHz, 10251 MHz, 217.55 W, 68, 0x0000000000000004
2026/10/03 17:24:52.175, 2700 MHz, 10251 MHz, 217.55 W, 68, 0x0000000000000004
2026/10/03 17:24:52.375, 2700 MHz, 10251 MHz, 217.55 W, 68, 0x0000000000000004
2026/10/03 17:24:52.575, 2715 MHz, 10251 MHz, 133.27 W, 57, 0x0000000000000000
2026/10/03 17:24:52.775, 2715 MHz, 10251 MHz, 133.27 W, 57, 0x0000000000000000
2026/10/03 17:24:52.975, 2730 MHz, 10501 MHz, 48.66 W, 51, 0x0000000000000000
2026/10/03 17:24:53.176, 2730 MHz, 10501 MHz, 48.66 W, 51, 0x0000000000000000
2026/10/03 17:24:53.376, 2730 MHz, 10501 MHz, 48.66 W, 51, 0x0000000000000000
2026/10/03 17:24:53.576, 2730 MHz, 10501 MHz, 47.03 W, 50, 0x0000000000000000
2026/10/03 17:24:53.776, 2730 MHz, 10501 MHz, 47.03 W, 50, 0x0000000000000000
2026/10/03 17:24:53.976, 2730 MHz, 10501 MHz, 48.16 W, 49, 0x0000000000000000
2026/10/03 17:24:54.176, 2730 MHz, 10501 MHz, 48.16 W, 49, 0x0000000000000000
2026/10/03 17:24:54.377, 2730 MHz, 10501 MHz, 48.16 W, 49, 0x0000000000000000
2026/10/03 17:24:54.577, 720 MHz, 5001 MHz, 40.97 W, 48, 0x0000000000000001
2026/10/03 17:24:54.777, 720 MHz, 5001 MHz, 40.97 W, 48, 0x0000000000000001
2026/10/03 17:24:54.977, 615 MHz, 5001 MHz, 23.10 W, 47, 0x0000000000000001
2026/10/03 17:24:55.178, 615 MHz, 5001 MHz, 23.10 W, 47, 0x0000000000000001
2026/10/03 17:24:55.378, 615 MHz, 5001 MHz, 23.10 W, 47, 0x0000000000000001
2026/10/03 17:24:55.578, 480 MHz, 5001 MHz, 22.97 W, 46, 0x0000000000000001
2026/10/03 17:24:55.778, 480 MHz, 5001 MHz, 22.97 W, 46, 0x0000000000000001
2026/10/03 17:24:55.978, 405 MHz, 5001 MHz, 22.82 W, 46, 0x0000000000000001
2026/10/03 17:24:56.179, 405 MHz, 5001 MHz, 22.82 W, 46, 0x0000000000000001
2026/10/03 17:24:56.379, 405 MHz, 5001 MHz, 22.82 W, 46, 0x0000000000000001
2026/10/03 17:24:56.579, 315 MHz, 5001 MHz, 22.83 W, 46, 0x0000000000000001
2026/10/03 17:24:56.780, 315 MHz, 5001 MHz, 22.83 W, 46, 0x0000000000000001
2026/10/03 17:24:56.980, 270 MHz, 5001 MHz, 22.74 W, 45, 0x0000000000000001
2026/10/03 17:24:57.180, 270 MHz, 5001 MHz, 22.74 W, 45, 0x0000000000000001
2026/10/03 17:24:57.380, 270 MHz, 5001 MHz, 22.74 W, 45, 0x0000000000000001
2026/10/03 17:24:57.580, 210 MHz, 5001 MHz, 22.78 W, 45, 0x0000000000000001
2026/10/03 17:24:57.780, 210 MHz, 5001 MHz, 22.78 W, 45, 0x0000000000000001
2026/10/03 17:24:57.980, 210 MHz, 5001 MHz, 22.71 W, 45, 0x0000000000000001
2026/10/03 17:24:58.181, 210 MHz, 5001 MHz, 22.71 W, 45, 0x0000000000000001
2026/10/03 17:24:58.381, 210 MHz, 5001 MHz, 22.71 W, 45, 0x0000000000000001
2026/10/03 17:24:58.581, 210 MHz, 810 MHz, 22.76 W, 45, 0x0000000000000001
2026/10/03 17:24:58.781, 210 MHz, 810 MHz, 22.76 W, 45, 0x0000000000000001
2026/10/03 17:24:58.982, 210 MHz, 810 MHz, 19.33 W, 45, 0x0000000000000001
2026/10/03 17:24:59.182, 210 MHz, 810 MHz, 19.33 W, 45, 0x0000000000000001
2026/10/03 17:24:59.382, 210 MHz, 810 MHz, 19.33 W, 45, 0x0000000000000001
2026/10/03 17:24:59.582, 210 MHz, 810 MHz, 19.60 W, 44, 0x0000000000000001
2026/10/03 17:24:59.782, 210 MHz, 810 MHz, 19.60 W, 44, 0x0000000000000001
2026/10/03 17:24:59.983, 210 MHz, 810 MHz, 19.51 W, 44, 0x0000000000000001
2026/10/03 17:25:00.183, 210 MHz, 810 MHz, 19.51 W, 44, 0x0000000000000001
2026/10/03 17:25:00.383, 210 MHz, 810 MHz, 19.51 W, 44, 0x0000000000000001
2026/10/03 17:25:00.584, 210 MHz, 405 MHz, 12.07 W, 44, 0x0000000000000001
2026/10/03 17:25:00.784, 210 MHz, 405 MHz, 12.07 W, 44, 0x0000000000000001
2026/10/03 17:25:00.984, 210 MHz, 405 MHz, 11.97 W, 44, 0x0000000000000001
2026/10/03 17:25:01.184, 210 MHz, 405 MHz, 11.97 W, 44, 0x0000000000000001
2026/10/03 17:25:01.384, 210 MHz, 405 MHz, 11.97 W, 44, 0x0000000000000001
2026/10/03 17:25:01.585, 210 MHz, 405 MHz, 11.95 W, 44, 0x0000000000000001
2026/10/03 17:25:01.785, 210 MHz, 405 MHz, 11.95 W, 44, 0x0000000000000001
2026/10/03 17:25:01.985, 210 MHz, 405 MHz, 12.09 W, 43, 0x0000000000000001
2026/10/03 17:25:02.185, 210 MHz, 405 MHz, 12.09 W, 43, 0x0000000000000001
2026/10/03 17:25:02.386, 210 MHz, 405 MHz, 12.09 W, 43, 0x0000000000000001
2026/10/03 17:25:02.586, 210 MHz, 405 MHz, 12.13 W, 43, 0x0000000000000001
2026/10/03 17:25:02.786, 210 MHz, 405 MHz, 12.13 W, 43, 0x0000000000000001
2026/10/03 17:25:02.986, 210 MHz, 405 MHz, 12.14 W, 43, 0x0000000000000001
2026/10/03 17:25:03.186, 210 MHz, 405 MHz, 12.14 W, 43, 0x0000000000000001
2026/10/03 17:25:03.386, 210 MHz, 405 MHz, 12.14 W, 43, 0x0000000000000001
2026/10/03 17:25:03.587, 210 MHz, 405 MHz, 12.02 W, 43, 0x0000000000000001
2026/10/03 17:25:03.787, 210 MHz, 405 MHz, 12.02 W, 43, 0x0000000000000001
2026/10/03 17:25:03.987, 210 MHz, 405 MHz, 11.99 W, 43, 0x0000000000000001
2026/10/03 17:25:04.187, 210 MHz, 405 MHz, 11.99 W, 43, 0x0000000000000001
2026/10/03 17:25:04.387, 210 MHz, 405 MHz, 11.99 W, 43, 0x0000000000000001
2026/10/03 17:25:04.588, 210 MHz, 405 MHz, 12.09 W, 43, 0x0000000000000001
2026/10/03 17:25:04.788, 210 MHz, 405 MHz, 12.09 W, 43, 0x0000000000000001
2026/10/03 17:25:04.988, 210 MHz, 405 MHz, 12.04 W, 43, 0x0000000000000001
2026/10/03 17:25:05.189, 210 MHz, 405 MHz, 12.04 W, 43, 0x0000000000000001
2026/10/03 17:25:05.389, 210 MHz, 405 MHz, 12.04 W, 43, 0x0000000000000001
2026/10/03 17:25:05.589, 210 MHz, 405 MHz, 12.04 W, 43, 0x0000000000000001
2026/10/03 17:25:05.790, 210 MHz, 405 MHz, 12.04 W, 43, 0x0000000000000001
2026/10/03 17:25:05.990, 210 MHz, 405 MHz, 12.10 W, 42, 0x0000000000000001
2026/10/03 17:25:06.190, 210 MHz, 405 MHz, 12.10 W, 42, 0x0000000000000001
2026/10/03 17:25:06.390, 210 MHz, 405 MHz, 12.10 W, 42, 0x0000000000000001
2026/10/03 17:25:06.590, 210 MHz, 405 MHz, 11.98 W, 42, 0x0000000000000001
2026/10/03 17:25:06.790, 210 MHz, 405 MHz, 11.98 W, 42, 0x0000000000000001
2026/10/03 17:25:06.991, 210 MHz, 405 MHz, 12.06 W, 42, 0x0000000000000001
2026/10/03 17:25:07.191, 210 MHz, 405 MHz, 12.06 W, 42, 0x0000000000000001
2026/10/03 17:25:07.391, 210 MHz, 405 MHz, 12.06 W, 42, 0x0000000000000001
2026/10/03 17:25:07.591, 210 MHz, 405 MHz, 12.13 W, 42, 0x0000000000000001
2026/10/03 17:25:07.791, 210 MHz, 405 MHz, 12.13 W, 42, 0x0000000000000001
2026/10/03 17:25:07.991, 210 MHz, 405 MHz, 12.09 W, 42, 0x0000000000000001
2026/10/03 17:25:08.192, 210 MHz, 405 MHz, 12.09 W, 42, 0x0000000000000001
2026/10/03 17:25:08.392, 210 MHz, 405 MHz, 12.09 W, 42, 0x0000000000000001
2026/10/03 17:25:08.592, 210 MHz, 405 MHz, 12.11 W, 42, 0x0000000000000001
2026/10/03 17:25:08.792, 210 MHz, 405 MHz, 12.11 W, 42, 0x0000000000000001
2026/10/03 17:25:08.992, 210 MHz, 405 MHz, 12.00 W, 42, 0x0000000000000001
2026/10/03 17:25:09.192, 210 MHz, 405 MHz, 12.00 W, 42, 0x0000000000000001
2026/10/03 17:25:09.393, 210 MHz, 405 MHz, 12.00 W, 42, 0x0000000000000001
2026/10/03 17:25:09.593, 210 MHz, 405 MHz, 12.13 W, 42, 0x0000000000000001
2026/10/03 17:25:09.793, 210 MHz, 405 MHz, 12.13 W, 42, 0x0000000000000001
2026/10/03 17:25:09.994, 210 MHz, 405 MHz, 12.10 W, 42, 0x0000000000000001
2026/10/03 17:25:10.194, 210 MHz, 405 MHz, 12.10 W, 42, 0x0000000000000001
2026/10/03 17:25:10.394, 210 MHz, 405 MHz, 12.10 W, 42, 0x0000000000000001
2026/10/03 17:25:10.594, 210 MHz, 405 MHz, 12.11 W, 42, 0x0000000000000001
2026/10/03 17:25:10.794, 210 MHz, 405 MHz, 12.11 W, 42, 0x0000000000000001
2026/10/03 17:25:10.994, 210 MHz, 405 MHz, 12.02 W, 42, 0x0000000000000001
2026/10/03 17:25:11.195, 210 MHz, 405 MHz, 12.02 W, 42, 0x0000000000000001
2026/10/03 17:25:11.395, 210 MHz, 405 MHz, 12.02 W, 42, 0x0000000000000001
2026/10/03 17:25:11.595, 210 MHz, 405 MHz, 12.12 W, 41, 0x0000000000000001
2026/10/03 17:25:11.795, 210 MHz, 405 MHz, 12.12 W, 41, 0x0000000000000001
2026/10/03 17:25:11.995, 210 MHz, 405 MHz, 12.14 W, 41, 0x0000000000000001
2026/10/03 17:25:12.195, 210 MHz, 405 MHz, 12.14 W, 41, 0x0000000000000001
2026/10/03 17:25:12.395, 210 MHz, 405 MHz, 12.14 W, 41, 0x0000000000000001
2026/10/03 17:25:12.596, 210 MHz, 405 MHz, 12.15 W, 41, 0x0000000000000001
2026/10/03 17:25:12.796, 210 MHz, 405 MHz, 12.15 W, 41, 0x0000000000000001
2026/10/03 17:25:12.996, 210 MHz, 405 MHz, 12.19 W, 41, 0x0000000000000001
2026/10/03 17:25:13.196, 210 MHz, 405 MHz, 12.19 W, 41, 0x0000000000000001
2026/10/03 17:25:13.396, 210 MHz, 405 MHz, 12.19 W, 41, 0x0000000000000001
2026/10/03 17:25:13.596, 2520 MHz, 10501 MHz, 33.90 W, 41, 0x0000000000000000
2026/10/03 17:25:13.796, 2520 MHz, 10501 MHz, 33.90 W, 41, 0x0000000000000000
2026/10/03 17:25:13.997, 2520 MHz, 10251 MHz, 121.33 W, 48, 0x0000000000000000
2026/10/03 17:25:14.197, 2520 MHz, 10251 MHz, 121.33 W, 48, 0x0000000000000000
2026/10/03 17:25:14.397, 2520 MHz, 10251 MHz, 121.33 W, 48, 0x0000000000000000
2026/10/03 17:25:14.597, 2730 MHz, 10251 MHz, 156.56 W, 57, 0x0000000000000000
2026/10/03 17:25:14.797, 2730 MHz, 10251 MHz, 156.56 W, 57, 0x0000000000000000
2026/10/03 17:25:14.997, 2715 MHz, 10251 MHz, 181.35 W, 63, 0x0000000000000000
2026/10/03 17:25:15.197, 2715 MHz, 10251 MHz, 181.35 W, 63, 0x0000000000000000
2026/10/03 17:25:15.398, 2715 MHz, 10251 MHz, 181.35 W, 63, 0x0000000000000000
2026/10/03 17:25:15.598, 2580 MHz, 10251 MHz, 216.12 W, 66, 0x0000000000000004
2026/10/03 17:25:15.798, 2580 MHz, 10251 MHz, 216.12 W, 66, 0x0000000000000004
2026/10/03 17:25:15.998, 2730 MHz, 10501 MHz, 46.48 W, 48, 0x0000000000000000
2026/10/03 17:25:16.198, 2730 MHz, 10501 MHz, 46.48 W, 48, 0x0000000000000000
2026/10/03 17:25:16.398, 2730 MHz, 10501 MHz, 46.48 W, 48, 0x0000000000000000
2026/10/03 17:25:16.599, 2745 MHz, 10501 MHz, 46.48 W, 46, 0x0000000000000000
2026/10/03 17:25:16.799, 2745 MHz, 10501 MHz, 46.48 W, 46, 0x0000000000000000
2026/10/03 17:25:16.999, 2745 MHz, 10501 MHz, 46.29 W, 45, 0x0000000000000000
2026/10/03 17:25:17.199, 2745 MHz, 10501 MHz, 46.29 W, 45, 0x0000000000000000
2026/10/03 17:25:17.399, 2745 MHz, 10501 MHz, 46.29 W, 45, 0x0000000000000000
2026/10/03 17:25:17.599, 705 MHz, 5001 MHz, 26.06 W, 44, 0x0000000000000001
2026/10/03 17:25:17.800, 705 MHz, 5001 MHz, 26.06 W, 44, 0x0000000000000001
2026/10/03 17:25:18.000, 600 MHz, 5001 MHz, 22.81 W, 43, 0x0000000000000001
2026/10/03 17:25:18.200, 600 MHz, 5001 MHz, 22.81 W, 43, 0x0000000000000001
2026/10/03 17:25:18.400, 600 MHz, 5001 MHz, 22.81 W, 43, 0x0000000000000001
2026/10/03 17:25:18.600, 465 MHz, 5001 MHz, 22.87 W, 43, 0x0000000000000001
2026/10/03 17:25:18.800, 465 MHz, 5001 MHz, 22.87 W, 43, 0x0000000000000001
2026/10/03 17:25:19.000, 390 MHz, 5001 MHz, 22.62 W, 42, 0x0000000000000001
2026/10/03 17:25:19.201, 390 MHz, 5001 MHz, 22.62 W, 42, 0x0000000000000001
2026/10/03 17:25:19.401, 390 MHz, 5001 MHz, 22.62 W, 42, 0x0000000000000001
2026/10/03 17:25:19.601, 300 MHz, 5001 MHz, 22.67 W, 42, 0x0000000000000001
2026/10/03 17:25:19.801, 300 MHz, 5001 MHz, 22.67 W, 42, 0x0000000000000001
2026/10/03 17:25:20.001, 255 MHz, 5001 MHz, 22.64 W, 42, 0x0000000000000001
2026/10/03 17:25:20.201, 255 MHz, 5001 MHz, 22.64 W, 42, 0x0000000000000001
2026/10/03 17:25:20.401, 255 MHz, 5001 MHz, 22.64 W, 42, 0x0000000000000001
2026/10/03 17:25:20.601, 210 MHz, 5001 MHz, 22.64 W, 42, 0x0000000000000001
2026/10/03 17:25:20.802, 210 MHz, 5001 MHz, 22.64 W, 42, 0x0000000000000001
2026/10/03 17:25:21.002, 210 MHz, 810 MHz, 18.82 W, 42, 0x0000000000000001
2026/10/03 17:25:21.203, 210 MHz, 810 MHz, 18.82 W, 42, 0x0000000000000001
2026/10/03 17:25:21.403, 210 MHz, 810 MHz, 18.82 W, 42, 0x0000000000000001
2026/10/03 17:25:21.603, 210 MHz, 810 MHz, 19.45 W, 42, 0x0000000000000001
2026/10/03 17:25:21.803, 210 MHz, 810 MHz, 19.45 W, 42, 0x0000000000000001
2026/10/03 17:25:22.003, 210 MHz, 810 MHz, 19.45 W, 42, 0x0000000000000001
2026/10/03 17:25:22.204, 210 MHz, 810 MHz, 19.45 W, 42, 0x0000000000000001
2026/10/03 17:25:22.404, 210 MHz, 810 MHz, 19.45 W, 42, 0x0000000000000001
2026/10/03 17:25:22.604, 210 MHz, 405 MHz, 13.17 W, 41, 0x0000000000000001
2026/10/03 17:25:22.804, 210 MHz, 405 MHz, 13.17 W, 41, 0x0000000000000001
2026/10/03 17:25:23.004, 210 MHz, 405 MHz, 12.05 W, 41, 0x0000000000000001
2026/10/03 17:25:23.205, 210 MHz, 405 MHz, 12.05 W, 41, 0x0000000000000001
2026/10/03 17:25:23.405, 210 MHz, 405 MHz, 12.05 W, 41, 0x0000000000000001
2026/10/03 17:25:23.605, 210 MHz, 405 MHz, 12.05 W, 41, 0x0000000000000001
2026/10/03 17:25:23.805, 210 MHz, 405 MHz, 12.05 W, 41, 0x0000000000000001
2026/10/03 17:25:24.006, 210 MHz, 405 MHz, 12.15 W, 41, 0x0000000000000001
2026/10/03 17:25:24.206, 210 MHz, 405 MHz, 12.15 W, 41, 0x0000000000000001
2026/10/03 17:25:24.406, 210 MHz, 405 MHz, 12.15 W, 41, 0x0000000000000001
2026/10/03 17:25:24.607, 210 MHz, 405 MHz, 12.10 W, 41, 0x0000000000000001
2026/10/03 17:25:24.807, 210 MHz, 405 MHz, 12.10 W, 41, 0x0000000000000001
2026/10/03 17:25:25.007, 210 MHz, 405 MHz, 12.03 W, 41, 0x0000000000000001
2026/10/03 17:25:25.207, 210 MHz, 405 MHz, 12.03 W, 41, 0x0000000000000001
2026/10/03 17:25:25.407, 210 MHz, 405 MHz, 12.03 W, 41, 0x0000000000000001
2026/10/03 17:25:25.607, 210 MHz, 405 MHz, 12.15 W, 41, 0x0000000000000001
2026/10/03 17:25:25.807, 210 MHz, 405 MHz, 12.15 W, 41, 0x0000000000000001
2026/10/03 17:25:26.007, 210 MHz, 405 MHz, 11.98 W, 41, 0x0000000000000001
2026/10/03 17:25:26.208, 210 MHz, 405 MHz, 11.98 W, 41, 0x0000000000000001
2026/10/03 17:25:26.408, 210 MHz, 405 MHz, 11.98 W, 41, 0x0000000000000001
2026/10/03 17:25:26.608, 210 MHz, 405 MHz, 12.12 W, 40, 0x0000000000000001
2026/10/03 17:25:26.809, 210 MHz, 405 MHz, 12.12 W, 40, 0x0000000000000001
2026/10/03 17:25:27.009, 210 MHz, 405 MHz, 12.13 W, 40, 0x0000000000000001
2026/10/03 17:25:27.209, 210 MHz, 405 MHz, 12.13 W, 40, 0x0000000000000001
2026/10/03 17:25:27.409, 210 MHz, 405 MHz, 12.13 W, 40, 0x0000000000000001
2026/10/03 17:25:27.610, 210 MHz, 405 MHz, 12.14 W, 40, 0x0000000000000001
2026/10/03 17:25:27.810, 210 MHz, 405 MHz, 12.14 W, 40, 0x0000000000000001
2026/10/03 17:25:28.010, 210 MHz, 405 MHz, 12.13 W, 40, 0x0000000000000001
2026/10/03 17:25:28.210, 210 MHz, 405 MHz, 12.13 W, 40, 0x0000000000000001
2026/10/03 17:25:28.410, 210 MHz, 405 MHz, 12.13 W, 40, 0x0000000000000001
2026/10/03 17:25:28.611, 210 MHz, 405 MHz, 12.10 W, 40, 0x0000000000000001
2026/10/03 17:25:28.811, 210 MHz, 405 MHz, 12.10 W, 40, 0x0000000000000001
2026/10/03 17:25:29.011, 210 MHz, 405 MHz, 12.01 W, 40, 0x0000000000000001
2026/10/03 17:25:29.211, 210 MHz, 405 MHz, 12.01 W, 40, 0x0000000000000001
2026/10/03 17:25:29.411, 210 MHz, 405 MHz, 12.01 W, 40, 0x0000000000000001
2026/10/03 17:25:29.611, 210 MHz, 405 MHz, 12.11 W, 40, 0x0000000000000001
2026/10/03 17:25:29.811, 210 MHz, 405 MHz, 12.11 W, 40, 0x0000000000000001
2026/10/03 17:25:30.011, 210 MHz, 405 MHz, 12.22 W, 40, 0x0000000000000001
2026/10/03 17:25:30.212, 210 MHz, 405 MHz, 12.22 W, 40, 0x0000000000000001
2026/10/03 17:25:30.412, 210 MHz, 405 MHz, 12.22 W, 40, 0x0000000000000001
2026/10/03 17:25:30.612, 210 MHz, 405 MHz, 12.98 W, 40, 0x0000000000000001
2026/10/03 17:25:30.812, 210 MHz, 405 MHz, 12.98 W, 40, 0x0000000000000001
2026/10/03 17:25:31.012, 210 MHz, 405 MHz, 12.85 W, 40, 0x0000000000000001
2026/10/03 17:25:31.212, 210 MHz, 405 MHz, 12.85 W, 40, 0x0000000000000001
2026/10/03 17:25:31.412, 210 MHz, 405 MHz, 12.85 W, 40, 0x0000000000000001
2026/10/03 17:25:31.612, 210 MHz, 405 MHz, 13.07 W, 40, 0x0000000000000001
2026/10/03 17:25:31.813, 210 MHz, 405 MHz, 13.07 W, 40, 0x0000000000000001
2026/10/03 17:25:32.013, 210 MHz, 405 MHz, 12.69 W, 40, 0x0000000000000001
2026/10/03 17:25:32.213, 210 MHz, 405 MHz, 12.69 W, 40, 0x0000000000000001
2026/10/03 17:25:32.413, 210 MHz, 405 MHz, 12.69 W, 40, 0x0000000000000001
2026/10/03 17:25:32.613, 210 MHz, 405 MHz, 12.21 W, 40, 0x0000000000000001
2026/10/03 17:25:32.813, 210 MHz, 405 MHz, 12.21 W, 40, 0x0000000000000001
2026/10/03 17:25:33.013, 210 MHz, 405 MHz, 11.92 W, 40, 0x0000000000000001
2026/10/03 17:25:33.214, 210 MHz, 405 MHz, 11.92 W, 40, 0x0000000000000001
2026/10/03 17:25:33.414, 210 MHz, 405 MHz, 11.92 W, 40, 0x0000000000000001
2026/10/03 17:25:33.614, 210 MHz, 405 MHz, 12.25 W, 40, 0x0000000000000001
2026/10/03 17:25:33.814, 210 MHz, 405 MHz, 12.25 W, 40, 0x0000000000000001
2026/10/03 17:25:34.014, 210 MHz, 405 MHz, 11.90 W, 39, 0x0000000000000001
2026/10/03 17:25:34.214, 210 MHz, 405 MHz, 11.90 W, 39, 0x0000000000000001
2026/10/03 17:25:34.415, 210 MHz, 405 MHz, 11.90 W, 39, 0x0000000000000001
2026/10/03 17:25:34.615, 210 MHz, 405 MHz, 12.19 W, 39, 0x0000000000000001
2026/10/03 17:25:34.815, 210 MHz, 405 MHz, 12.19 W, 39, 0x0000000000000001
2026/10/03 17:25:35.015, 210 MHz, 405 MHz, 12.17 W, 39, 0x0000000000000001
2026/10/03 17:25:35.215, 210 MHz, 405 MHz, 12.17 W, 39, 0x0000000000000001
2026/10/03 17:25:35.415, 210 MHz, 405 MHz, 12.17 W, 39, 0x0000000000000001
2026/10/03 17:25:35.615, 210 MHz, 405 MHz, 12.01 W, 39, 0x0000000000000001
2026/10/03 17:25:35.816, 210 MHz, 405 MHz, 12.01 W, 39, 0x0000000000000001
2026/10/03 17:25:36.016, 210 MHz, 405 MHz, 12.38 W, 39, 0x0000000000000001
2026/10/03 17:25:36.216, 210 MHz, 405 MHz, 12.38 W, 39, 0x0000000000000001
2026/10/03 17:25:36.416, 210 MHz, 405 MHz, 12.38 W, 39, 0x0000000000000001
2026/10/03 17:25:36.616, 210 MHz, 405 MHz, 12.21 W, 39, 0x0000000000000001
2026/10/03 17:25:36.816, 210 MHz, 405 MHz, 12.21 W, 39, 0x0000000000000001
2026/10/03 17:25:37.016, 2520 MHz, 10251 MHz, 35.85 W, 40, 0x0000000000000000
2026/10/03 17:25:37.216, 2520 MHz, 10251 MHz, 35.85 W, 40, 0x0000000000000000
2026/10/03 17:25:37.417, 2520 MHz, 10251 MHz, 35.85 W, 40, 0x0000000000000000
2026/10/03 17:25:37.617, 2730 MHz, 10251 MHz, 155.02 W, 50, 0x0000000000000000
2026/10/03 17:25:37.817, 2730 MHz, 10251 MHz, 155.02 W, 50, 0x0000000000000000
2026/10/03 17:25:38.017, 2730 MHz, 10251 MHz, 194.35 W, 57, 0x0000000000000000
2026/10/03 17:25:38.217, 2730 MHz, 10251 MHz, 194.35 W, 57, 0x0000000000000000
2026/10/03 17:25:38.417, 2730 MHz, 10251 MHz, 194.35 W, 57, 0x0000000000000000
2026/10/03 17:25:38.617, 2700 MHz, 10251 MHz, 207.76 W, 64, 0x0000000000000004
2026/10/03 17:25:38.818, 2700 MHz, 10251 MHz, 207.76 W, 64, 0x0000000000000004
2026/10/03 17:25:39.018, 2730 MHz, 10251 MHz, 48.45 W, 50, 0x0000000000000000
2026/10/03 17:25:39.218, 2730 MHz, 10251 MHz, 48.45 W, 50, 0x0000000000000000
2026/10/03 17:25:39.418, 2730 MHz, 10251 MHz, 48.45 W, 50, 0x0000000000000000
2026/10/03 17:25:39.618, 2745 MHz, 10501 MHz, 46.33 W, 45, 0x0000000000000000
2026/10/03 17:25:39.818, 2745 MHz, 10501 MHz, 46.33 W, 45, 0x0000000000000000
2026/10/03 17:25:40.018, 2745 MHz, 10501 MHz, 45.71 W, 44, 0x0000000000000000
2026/10/03 17:25:40.219, 2745 MHz, 10501 MHz, 45.71 W, 44, 0x0000000000000000
2026/10/03 17:25:40.419, 2745 MHz, 10501 MHz, 45.71 W, 44, 0x0000000000000000
2026/10/03 17:25:40.619, 2745 MHz, 10501 MHz, 45.79 W, 44, 0x0000000000000000
2026/10/03 17:25:40.819, 2745 MHz, 10501 MHz, 45.79 W, 44, 0x0000000000000000
2026/10/03 17:25:41.019, 660 MHz, 5001 MHz, 22.77 W, 42, 0x0000000000000001
2026/10/03 17:25:41.220, 660 MHz, 5001 MHz, 22.77 W, 42, 0x0000000000000001
2026/10/03 17:25:41.420, 660 MHz, 5001 MHz, 22.77 W, 42, 0x0000000000000001
2026/10/03 17:25:41.620, 510 MHz, 5001 MHz, 22.81 W, 42, 0x0000000000000001
2026/10/03 17:25:41.820, 510 MHz, 5001 MHz, 22.81 W, 42, 0x0000000000000001
2026/10/03 17:25:42.021, 435 MHz, 5001 MHz, 22.72 W, 42, 0x0000000000000001
2026/10/03 17:25:42.221, 435 MHz, 5001 MHz, 22.72 W, 42, 0x0000000000000001
2026/10/03 17:25:42.421, 435 MHz, 5001 MHz, 22.72 W, 42, 0x0000000000000001
2026/10/03 17:25:42.622, 330 MHz, 5001 MHz, 22.88 W, 42, 0x0000000000000001
2026/10/03 17:25:42.822, 330 MHz, 5001 MHz, 22.88 W, 42, 0x0000000000000001
2026/10/03 17:25:43.022, 285 MHz, 5001 MHz, 22.62 W, 42, 0x0000000000000001
2026/10/03 17:25:43.223, 285 MHz, 5001 MHz, 22.62 W, 42, 0x0000000000000001
2026/10/03 17:25:43.423, 285 MHz, 5001 MHz, 22.62 W, 42, 0x0000000000000001
2026/10/03 17:25:43.623, 225 MHz, 5001 MHz, 22.66 W, 42, 0x0000000000000001
2026/10/03 17:25:43.824, 225 MHz, 5001 MHz, 22.66 W, 42, 0x0000000000000001
2026/10/03 17:25:44.024, 210 MHz, 5001 MHz, 22.58 W, 42, 0x0000000000000001
2026/10/03 17:25:44.224, 210 MHz, 5001 MHz, 22.58 W, 42, 0x0000000000000001
2026/10/03 17:25:44.424, 210 MHz, 5001 MHz, 22.58 W, 42, 0x0000000000000001
2026/10/03 17:25:44.624, 210 MHz, 810 MHz, 18.79 W, 41, 0x0000000000000001
2026/10/03 17:25:44.825, 210 MHz, 810 MHz, 18.79 W, 41, 0x0000000000000001
2026/10/03 17:25:45.025, 210 MHz, 810 MHz, 18.88 W, 41, 0x0000000000000001
2026/10/03 17:25:45.225, 210 MHz, 810 MHz, 18.88 W, 41, 0x0000000000000001
2026/10/03 17:25:45.425, 210 MHz, 810 MHz, 18.88 W, 41, 0x0000000000000001
2026/10/03 17:25:45.625, 210 MHz, 810 MHz, 19.18 W, 41, 0x0000000000000001
2026/10/03 17:25:45.826, 210 MHz, 810 MHz, 19.18 W, 41, 0x0000000000000001
2026/10/03 17:25:46.026, 210 MHz, 405 MHz, 11.86 W, 41, 0x0000000000000001
2026/10/03 17:25:46.227, 210 MHz, 405 MHz, 11.86 W, 41, 0x0000000000000001
2026/10/03 17:25:46.427, 210 MHz, 405 MHz, 11.86 W, 41, 0x0000000000000001
2026/10/03 17:25:46.627, 210 MHz, 405 MHz, 11.96 W, 41, 0x0000000000000001
2026/10/03 17:25:46.827, 210 MHz, 405 MHz, 11.96 W, 41, 0x0000000000000001
2026/10/03 17:25:47.027, 210 MHz, 405 MHz, 11.76 W, 41, 0x0000000000000001
2026/10/03 17:25:47.228, 210 MHz, 405 MHz, 11.76 W, 41, 0x0000000000000001
2026/10/03 17:25:47.428, 210 MHz, 405 MHz, 11.76 W, 41, 0x0000000000000001
2026/10/03 17:25:47.628, 210 MHz, 405 MHz, 11.80 W, 41, 0x0000000000000001
2026/10/03 17:25:47.828, 210 MHz, 405 MHz, 11.80 W, 41, 0x0000000000000001
2026/10/03 17:25:48.028, 210 MHz, 405 MHz, 11.94 W, 41, 0x0000000000000001
2026/10/03 17:25:48.228, 210 MHz, 405 MHz, 11.94 W, 41, 0x0000000000000001
2026/10/03 17:25:48.429, 210 MHz, 405 MHz, 11.94 W, 41, 0x0000000000000001
2026/10/03 17:25:48.629, 210 MHz, 405 MHz, 12.09 W, 41, 0x0000000000000001
2026/10/03 17:25:48.829, 210 MHz, 405 MHz, 12.09 W, 41, 0x0000000000000001
2026/10/03 17:25:49.029, 210 MHz, 405 MHz, 11.88 W, 41, 0x0000000000000001
2026/10/03 17:25:49.229, 210 MHz, 405 MHz, 11.88 W, 41, 0x0000000000000001
2026/10/03 17:25:49.429, 210 MHz, 405 MHz, 11.88 W, 41, 0x0000000000000001
2026/10/03 17:25:49.629, 210 MHz, 405 MHz, 11.84 W, 41, 0x0000000000000001
2026/10/03 17:25:49.830, 210 MHz, 405 MHz, 11.84 W, 41, 0x0000000000000001
2026/10/03 17:25:50.030, 210 MHz, 405 MHz, 11.76 W, 41, 0x0000000000000001
2026/10/03 17:25:50.230, 210 MHz, 405 MHz, 11.76 W, 41, 0x0000000000000001
2026/10/03 17:25:50.430, 210 MHz, 405 MHz, 11.76 W, 41, 0x0000000000000001
2026/10/03 17:25:50.630, 210 MHz, 405 MHz, 11.89 W, 41, 0x0000000000000001
2026/10/03 17:25:50.830, 210 MHz, 405 MHz, 11.89 W, 41, 0x0000000000000001
2026/10/03 17:25:51.030, 210 MHz, 405 MHz, 12.05 W, 41, 0x0000000000000001
2026/10/03 17:25:51.230, 210 MHz, 405 MHz, 12.05 W, 41, 0x0000000000000001
2026/10/03 17:25:51.431, 210 MHz, 405 MHz, 12.05 W, 41, 0x0000000000000001
2026/10/03 17:25:51.631, 210 MHz, 405 MHz, 12.13 W, 41, 0x0000000000000001
2026/10/03 17:25:51.831, 210 MHz, 405 MHz, 12.13 W, 41, 0x0000000000000001
2026/10/03 17:25:52.031, 210 MHz, 405 MHz, 11.83 W, 41, 0x0000000000000001
2026/10/03 17:25:52.231, 210 MHz, 405 MHz, 11.83 W, 41, 0x0000000000000001
2026/10/03 17:25:52.431, 210 MHz, 405 MHz, 11.83 W, 41, 0x0000000000000001
2026/10/03 17:25:52.631, 210 MHz, 405 MHz, 11.91 W, 41, 0x0000000000000001
2026/10/03 17:25:52.831, 210 MHz, 405 MHz, 11.91 W, 41, 0x0000000000000001
2026/10/03 17:25:53.032, 210 MHz, 405 MHz, 11.95 W, 41, 0x0000000000000001
2026/10/03 17:25:53.232, 210 MHz, 405 MHz, 11.95 W, 41, 0x0000000000000001
2026/10/03 17:25:53.432, 210 MHz, 405 MHz, 11.95 W, 41, 0x0000000000000001
2026/10/03 17:25:53.632, 210 MHz, 405 MHz, 11.99 W, 41, 0x0000000000000001
2026/10/03 17:25:53.832, 210 MHz, 405 MHz, 11.99 W, 41, 0x0000000000000001
2026/10/03 17:25:54.032, 210 MHz, 405 MHz, 11.94 W, 41, 0x0000000000000001
2026/10/03 17:25:54.233, 210 MHz, 405 MHz, 11.94 W, 41, 0x0000000000000001
2026/10/03 17:25:54.433, 210 MHz, 405 MHz, 11.94 W, 41, 0x0000000000000001
2026/10/03 17:25:54.633, 210 MHz, 405 MHz, 12.13 W, 41, 0x0000000000000001
2026/10/03 17:25:54.833, 210 MHz, 405 MHz, 12.13 W, 41, 0x0000000000000001
2026/10/03 17:25:55.033, 210 MHz, 405 MHz, 11.84 W, 41, 0x0000000000000001
2026/10/03 17:25:55.233, 210 MHz, 405 MHz, 11.84 W, 41, 0x0000000000000001
2026/10/03 17:25:55.433, 210 MHz, 405 MHz, 11.84 W, 41, 0x0000000000000001
2026/10/03 17:25:55.634, 210 MHz, 405 MHz, 11.89 W, 41, 0x0000000000000001
2026/10/03 17:25:55.834, 210 MHz, 405 MHz, 11.89 W, 41, 0x0000000000000001
2026/10/03 17:25:56.034, 210 MHz, 405 MHz, 11.99 W, 41, 0x0000000000000001
2026/10/03 17:25:56.234, 210 MHz, 405 MHz, 11.99 W, 41, 0x0000000000000001
2026/10/03 17:25:56.434, 210 MHz, 405 MHz, 11.99 W, 41, 0x0000000000000001
2026/10/03 17:25:56.634, 210 MHz, 405 MHz, 11.94 W, 41, 0x0000000000000001
2026/10/03 17:25:56.834, 210 MHz, 405 MHz, 11.94 W, 41, 0x0000000000000001
2026/10/03 17:25:57.035, 210 MHz, 405 MHz, 11.86 W, 41, 0x0000000000000001
2026/10/03 17:25:57.235, 210 MHz, 405 MHz, 11.86 W, 41, 0x0000000000000001
2026/10/03 17:25:57.435, 210 MHz, 405 MHz, 11.86 W, 41, 0x0000000000000001
2026/10/03 17:25:57.635, 210 MHz, 405 MHz, 12.16 W, 41, 0x0000000000000001
2026/10/03 17:25:57.835, 210 MHz, 405 MHz, 12.16 W, 41, 0x0000000000000001
2026/10/03 17:25:58.035, 210 MHz, 405 MHz, 11.98 W, 41, 0x0000000000000001
2026/10/03 17:25:58.236, 210 MHz, 405 MHz, 11.98 W, 41, 0x0000000000000001
2026/10/03 17:25:58.436, 210 MHz, 405 MHz, 11.98 W, 41, 0x0000000000000001
2026/10/03 17:25:58.636, 210 MHz, 405 MHz, 12.08 W, 41, 0x0000000000000001
2026/10/03 17:25:58.836, 210 MHz, 405 MHz, 12.08 W, 41, 0x0000000000000001
2026/10/03 17:25:59.037, 210 MHz, 405 MHz, 11.84 W, 41, 0x0000000000000001
2026/10/03 17:25:59.237, 210 MHz, 405 MHz, 11.84 W, 41, 0x0000000000000001
2026/10/03 17:25:59.437, 210 MHz, 405 MHz, 11.84 W, 41, 0x0000000000000001
2026/10/03 17:25:59.637, 210 MHz, 405 MHz, 12.07 W, 41, 0x0000000000000001
2026/10/03 17:25:59.837, 210 MHz, 405 MHz, 12.07 W, 41, 0x0000000000000001
2026/10/03 17:26:00.037, 2520 MHz, 10251 MHz, 40.34 W, 42, 0x0000000000000000
2026/10/03 17:26:00.237, 2520 MHz, 10251 MHz, 40.34 W, 42, 0x0000000000000000
2026/10/03 17:26:00.438, 2520 MHz, 10251 MHz, 40.34 W, 42, 0x0000000000000000
2026/10/03 17:26:00.638, 2745 MHz, 10251 MHz, 130.73 W, 48, 0x0000000000000000
2026/10/03 17:26:00.838, 2745 MHz, 10251 MHz, 130.73 W, 48, 0x0000000000000000
2026/10/03 17:26:01.038, 2745 MHz, 10251 MHz, 138.10 W, 51, 0x0000000000000000
2026/10/03 17:26:01.238, 2745 MHz, 10251 MHz, 138.10 W, 51, 0x0000000000000000
2026/10/03 17:26:01.438, 2745 MHz, 10251 MHz, 138.10 W, 51, 0x0000000000000000
2026/10/03 17:26:01.638, 2730 MHz, 10251 MHz, 152.67 W, 54, 0x0000000000000000
2026/10/03 17:26:01.838, 2730 MHz, 10251 MHz, 152.67 W, 54, 0x0000000000000000
2026/10/03 17:26:02.039, 2730 MHz, 10251 MHz, 158.99 W, 56, 0x0000000000000000
2026/10/03 17:26:02.239, 2730 MHz, 10251 MHz, 158.99 W, 56, 0x0000000000000000
2026/10/03 17:26:02.439, 2730 MHz, 10251 MHz, 158.99 W, 56, 0x0000000000000000
2026/10/03 17:26:02.639, 2730 MHz, 10251 MHz, 163.83 W, 58, 0x0000000000000000
2026/10/03 17:26:02.839, 2730 MHz, 10251 MHz, 163.83 W, 58, 0x0000000000000000
2026/10/03 17:26:03.039, 2700 MHz, 10251 MHz, 209.40 W, 63, 0x0000000000000004
2026/10/03 17:26:03.239, 2700 MHz, 10251 MHz, 209.40 W, 63, 0x0000000000000004
2026/10/03 17:26:03.439, 2700 MHz, 10251 MHz, 209.40 W, 63, 0x0000000000000004
2026/10/03 17:26:03.640, 2715 MHz, 10251 MHz, 196.97 W, 62, 0x0000000000000004
2026/10/03 17:26:03.840, 2715 MHz, 10251 MHz, 196.97 W, 62, 0x0000000000000004
2026/10/03 17:26:04.040, 2715 MHz, 10251 MHz, 206.50 W, 65, 0x0000000000000004
2026/10/03 17:26:04.240, 2715 MHz, 10251 MHz, 206.50 W, 65, 0x0000000000000004
2026/10/03 17:26:04.440, 2715 MHz, 10251 MHz, 206.50 W, 65, 0x0000000000000004
2026/10/03 17:26:04.640, 2625 MHz, 10251 MHz, 222.17 W, 68, 0x0000000000000004
2026/10/03 17:26:04.840, 2625 MHz, 10251 MHz, 222.17 W, 68, 0x0000000000000004
2026/10/03 17:26:05.040, 2580 MHz, 10251 MHz, 225.78 W, 69, 0x0000000000000004
2026/10/03 17:26:05.241, 2580 MHz, 10251 MHz, 225.78 W, 69, 0x0000000000000004
2026/10/03 17:26:05.441, 2580 MHz, 10251 MHz, 225.78 W, 69, 0x0000000000000004
2026/10/03 17:26:05.641, 2580 MHz, 10251 MHz, 213.87 W, 71, 0x0000000000000004
2026/10/03 17:26:05.841, 2580 MHz, 10251 MHz, 213.87 W, 71, 0x0000000000000004
2026/10/03 17:26:06.041, 2715 MHz, 10251 MHz, 50.42 W, 54, 0x0000000000000000
2026/10/03 17:26:06.242, 2715 MHz, 10251 MHz, 50.42 W, 54, 0x0000000000000000
2026/10/03 17:26:06.442, 2715 MHz, 10251 MHz, 50.42 W, 54, 0x0000000000000000
2026/10/03 17:26:06.642, 2730 MHz, 10501 MHz, 47.44 W, 50, 0x0000000000000000
2026/10/03 17:26:06.842, 2730 MHz, 10501 MHz, 47.44 W, 50, 0x0000000000000000
2026/10/03 17:26:07.042, 2730 MHz, 10501 MHz, 46.59 W, 49, 0x0000000000000000
2026/10/03 17:26:07.243, 2730 MHz, 10501 MHz, 46.59 W, 49, 0x0000000000000000
2026/10/03 17:26:07.443, 2730 MHz, 10501 MHz, 46.59 W, 49, 0x0000000000000000
2026/10/03 17:26:07.643, 2730 MHz, 10501 MHz, 46.90 W, 49, 0x0000000000000000
2026/10/03 17:26:07.843, 2730 MHz, 10501 MHz, 46.90 W, 49, 0x0000000000000000
2026/10/03 17:26:08.044, 600 MHz, 5001 MHz, 23.14 W, 47, 0x0000000000000001
2026/10/03 17:26:08.244, 600 MHz, 5001 MHz, 23.14 W, 47, 0x0000000000000001
2026/10/03 17:26:08.444, 600 MHz, 5001 MHz, 23.14 W, 47, 0x0000000000000001
2026/10/03 17:26:08.644, 510 MHz, 5001 MHz, 23.01 W, 46, 0x0000000000000001
2026/10/03 17:26:08.844, 510 MHz, 5001 MHz, 23.01 W, 46, 0x0000000000000001
2026/10/03 17:26:09.045, 390 MHz, 5001 MHz, 22.92 W, 46, 0x0000000000000001
2026/10/03 17:26:09.245, 390 MHz, 5001 MHz, 22.92 W, 46, 0x0000000000000001
2026/10/03 17:26:09.445, 390 MHz, 5001 MHz, 22.92 W, 46, 0x0000000000000001
2026/10/03 17:26:09.646, 345 MHz, 5001 MHz, 23.20 W, 46, 0x0000000000000001
2026/10/03 17:26:09.846, 345 MHz, 5001 MHz, 23.20 W, 46, 0x0000000000000001
2026/10/03 17:26:10.046, 270 MHz, 5001 MHz, 22.83 W, 45, 0x0000000000000001
2026/10/03 17:26:10.247, 270 MHz, 5001 MHz, 22.83 W, 45, 0x0000000000000001
2026/10/03 17:26:10.447, 270 MHz, 5001 MHz, 22.83 W, 45, 0x0000000000000001
2026/10/03 17:26:10.647, 240 MHz, 5001 MHz, 23.03 W, 45, 0x0000000000000001
2026/10/03 17:26:10.848, 240 MHz, 5001 MHz, 23.03 W, 45, 0x0000000000000001
2026/10/03 17:26:11.048, 210 MHz, 5001 MHz, 23.31 W, 45, 0x0000000000000001
2026/10/03 17:26:11.248, 210 MHz, 5001 MHz, 23.31 W, 45, 0x0000000000000001
2026/10/03 17:26:11.448, 210 MHz, 5001 MHz, 23.31 W, 45, 0x0000000000000001
2026/10/03 17:26:11.648, 210 MHz, 5001 MHz, 22.93 W, 45, 0x0000000000000001
2026/10/03 17:26:11.849, 210 MHz, 5001 MHz, 22.93 W, 45, 0x0000000000000001
2026/10/03 17:26:12.049, 210 MHz, 810 MHz, 19.95 W, 45, 0x0000000000000001
2026/10/03 17:26:12.249, 210 MHz, 810 MHz, 19.95 W, 45, 0x0000000000000001
2026/10/03 17:26:12.449, 210 MHz, 810 MHz, 19.90 W, 45, 0x0000000000000001
2026/10/03 17:26:12.649, 210 MHz, 810 MHz, 19.90 W, 44, 0x0000000000000001
2026/10/03 17:26:12.849, 210 MHz, 810 MHz, 19.90 W, 44, 0x0000000000000001
2026/10/03 17:26:13.049, 210 MHz, 810 MHz, 19.95 W, 44, 0x0000000000000001
2026/10/03 17:26:13.249, 210 MHz, 810 MHz, 19.95 W, 44, 0x0000000000000001
2026/10/03 17:26:13.450, 210 MHz, 405 MHz, 19.95 W, 44, 0x0000000000000001
2026/10/03 17:26:13.650, 210 MHz, 405 MHz, 14.39 W, 44, 0x0000000000000001
2026/10/03 17:26:13.850, 210 MHz, 405 MHz, 14.39 W, 44, 0x0000000000000001
2026/10/03 17:26:14.050, 210 MHz, 405 MHz, 12.76 W, 44, 0x0000000000000001
2026/10/03 17:26:14.250, 210 MHz, 405 MHz, 12.76 W, 44, 0x0000000000000001
2026/10/03 17:26:14.450, 210 MHz, 405 MHz, 12.76 W, 44, 0x0000000000000001
2026/10/03 17:26:14.650, 210 MHz, 405 MHz, 12.21 W, 44, 0x0000000000000001
2026/10/03 17:26:14.850, 210 MHz, 405 MHz, 12.21 W, 44, 0x0000000000000001
2026/10/03 17:26:15.051, 210 MHz, 405 MHz, 12.14 W, 44, 0x0000000000000001
2026/10/03 17:26:15.251, 210 MHz, 405 MHz, 12.14 W, 44, 0x0000000000000001
2026/10/03 17:26:15.451, 210 MHz, 405 MHz, 12.16 W, 43, 0x0000000000000001
2026/10/03 17:26:15.651, 210 MHz, 405 MHz, 12.16 W, 43, 0x0000000000000001
2026/10/03 17:26:15.851, 210 MHz, 405 MHz, 12.16 W, 43, 0x0000000000000001
2026/10/03 17:26:16.051, 210 MHz, 405 MHz, 12.06 W, 43, 0x0000000000000001
2026/10/03 17:26:16.251, 210 MHz, 405 MHz, 12.06 W, 43, 0x0000000000000001
2026/10/03 17:26:16.452, 210 MHz, 405 MHz, 12.05 W, 43, 0x0000000000000001
2026/10/03 17:26:16.652, 210 MHz, 405 MHz, 12.05 W, 43, 0x0000000000000001
2026/10/03 17:26:16.852, 210 MHz, 405 MHz, 12.05 W, 43, 0x0000000000000001
2026/10/03 17:26:17.052, 210 MHz, 405 MHz, 11.92 W, 43, 0x0000000000000001
2026/10/03 17:26:17.252, 210 MHz, 405 MHz, 11.92 W, 43, 0x0000000000000001
2026/10/03 17:26:17.452, 210 MHz, 405 MHz, 12.05 W, 43, 0x0000000000000001
2026/10/03 17:26:17.652, 210 MHz, 405 MHz, 12.05 W, 43, 0x0000000000000001
2026/10/03 17:26:17.853, 210 MHz, 405 MHz, 12.05 W, 43, 0x0000000000000001
2026/10/03 17:26:18.053, 210 MHz, 405 MHz, 12.06 W, 43, 0x0000000000000001
2026/10/03 17:26:18.253, 210 MHz, 405 MHz, 12.06 W, 43, 0x0000000000000001
2026/10/03 17:26:18.453, 210 MHz, 405 MHz, 12.15 W, 43, 0x0000000000000001
2026/10/03 17:26:18.653, 210 MHz, 405 MHz, 12.15 W, 43, 0x0000000000000001
2026/10/03 17:26:18.854, 210 MHz, 405 MHz, 12.15 W, 43, 0x0000000000000001
2026/10/03 17:26:19.054, 210 MHz, 405 MHz, 12.45 W, 43, 0x0000000000000001
2026/10/03 17:26:19.254, 210 MHz, 405 MHz, 12.45 W, 43, 0x0000000000000001
2026/10/03 17:26:19.454, 210 MHz, 405 MHz, 12.37 W, 42, 0x0000000000000001
2026/10/03 17:26:19.654, 210 MHz, 405 MHz, 12.37 W, 42, 0x0000000000000001
2026/10/03 17:26:19.854, 210 MHz, 405 MHz, 12.37 W, 42, 0x0000000000000001
2026/10/03 17:26:20.054, 210 MHz, 405 MHz, 12.82 W, 42, 0x0000000000000001
2026/10/03 17:26:20.254, 210 MHz, 405 MHz, 12.82 W, 42, 0x0000000000000001
2026/10/03 17:26:20.455, 210 MHz, 405 MHz, 12.34 W, 42, 0x0000000000000001
2026/10/03 17:26:20.655, 210 MHz, 405 MHz, 12.34 W, 42, 0x0000000000000001
2026/10/03 17:26:20.855, 210 MHz, 405 MHz, 12.34 W, 42, 0x0000000000000001
2026/10/03 17:26:21.055, 210 MHz, 405 MHz, 12.86 W, 42, 0x0000000000000001
2026/10/03 17:26:21.255, 210 MHz, 405 MHz, 12.86 W, 42, 0x0000000000000001
2026/10/03 17:26:21.455, 210 MHz, 405 MHz, 12.23 W, 42, 0x0000000000000001
2026/10/03 17:26:21.655, 210 MHz, 405 MHz, 12.23 W, 42, 0x0000000000000001
2026/10/03 17:26:21.855, 210 MHz, 405 MHz, 12.23 W, 42, 0x0000000000000001
2026/10/03 17:26:22.056, 210 MHz, 405 MHz, 12.19 W, 42, 0x0000000000000001
2026/10/03 17:26:22.256, 210 MHz, 405 MHz, 12.19 W, 42, 0x0000000000000001
2026/10/03 17:26:22.456, 210 MHz, 405 MHz, 12.26 W, 42, 0x0000000000000001
2026/10/03 17:26:22.656, 210 MHz, 405 MHz, 12.26 W, 42, 0x0000000000000001
2026/10/03 17:26:22.856, 210 MHz, 405 MHz, 12.26 W, 42, 0x0000000000000001
2026/10/03 17:26:23.056, 210 MHz, 405 MHz, 12.19 W, 42, 0x0000000000000001
2026/10/03 17:26:23.257, 210 MHz, 405 MHz, 12.19 W, 42, 0x0000000000000001
2026/10/03 17:26:23.457, 210 MHz, 405 MHz, 12.13 W, 42, 0x0000000000000001
2026/10/03 17:26:23.657, 210 MHz, 405 MHz, 12.13 W, 42, 0x0000000000000001
2026/10/03 17:26:23.858, 210 MHz, 405 MHz, 12.13 W, 42, 0x0000000000000001
2026/10/03 17:26:24.058, 210 MHz, 405 MHz, 12.26 W, 42, 0x0000000000000001
2026/10/03 17:26:24.258, 210 MHz, 405 MHz, 12.26 W, 42, 0x0000000000000001
2026/10/03 17:26:24.458, 210 MHz, 405 MHz, 12.27 W, 41, 0x0000000000000001
2026/10/03 17:26:24.658, 210 MHz, 405 MHz, 12.27 W, 41, 0x0000000000000001
2026/10/03 17:26:24.858, 210 MHz, 405 MHz, 12.27 W, 41, 0x0000000000000001
2026/10/03 17:26:25.058, 210 MHz, 405 MHz, 12.24 W, 41, 0x0000000000000001
2026/10/03 17:26:25.258, 210 MHz, 405 MHz, 12.24 W, 41, 0x0000000000000001
2026/10/03 17:26:25.459, 210 MHz, 405 MHz, 12.09 W, 41, 0x0000000000000001
2026/10/03 17:26:25.659, 210 MHz, 405 MHz, 12.09 W, 41, 0x0000000000000001
2026/10/03 17:26:25.859, 210 MHz, 405 MHz, 12.09 W, 41, 0x0000000000000001
2026/10/03 17:26:26.059, 210 MHz, 405 MHz, 12.16 W, 41, 0x0000000000000001
2026/10/03 17:26:26.260, 210 MHz, 405 MHz, 12.16 W, 41, 0x0000000000000001
2026/10/03 17:26:26.460, 210 MHz, 405 MHz, 12.29 W, 41, 0x0000000000000001
2026/10/03 17:26:26.660, 210 MHz, 405 MHz, 12.29 W, 41, 0x0000000000000001
2026/10/03 17:26:26.861, 210 MHz, 405 MHz, 12.29 W, 41, 0x0000000000000001
2026/10/03 17:26:27.061, 2520 MHz, 10251 MHz, 37.59 W, 42, 0x0000000000000000
2026/10/03 17:26:27.261, 2520 MHz, 10251 MHz, 37.59 W, 42, 0x0000000000000000
2026/10/03 17:26:27.461, 2745 MHz, 10251 MHz, 126.20 W, 47, 0x0000000000000000
2026/10/03 17:26:27.661, 2745 MHz, 10251 MHz, 126.20 W, 47, 0x0000000000000000
2026/10/03 17:26:27.861, 2745 MHz, 10251 MHz, 126.20 W, 47, 0x0000000000000000
2026/10/03 17:26:28.061, 2730 MHz, 10251 MHz, 172.93 W, 52, 0x0000000000000004
2026/10/03 17:26:28.262, 2730 MHz, 10251 MHz, 172.93 W, 52, 0x0000000000000004
2026/10/03 17:26:28.462, 2625 MHz, 10251 MHz, 212.81 W, 61, 0x0000000000000004
2026/10/03 17:26:28.662, 2625 MHz, 10251 MHz, 212.81 W, 61, 0x0000000000000004
2026/10/03 17:26:28.862, 2625 MHz, 10251 MHz, 212.81 W, 61, 0x0000000000000004
2026/10/03 17:26:29.062, 2715 MHz, 10251 MHz, 108.49 W, 63, 0x0000000000000000
2026/10/03 17:26:29.262, 2715 MHz, 10251 MHz, 108.49 W, 63, 0x0000000000000000
2026/10/03 17:26:29.462, 2745 MHz, 10501 MHz, 46.53 W, 46, 0x0000000000000000
2026/10/03 17:26:29.662, 2745 MHz, 10501 MHz, 46.53 W, 46, 0x0000000000000000
2026/10/03 17:26:29.863, 2745 MHz, 10501 MHz, 46.53 W, 46, 0x0000000000000000
2026/10/03 17:26:30.063, 2745 MHz, 10501 MHz, 46.12 W, 45, 0x0000000000000000
2026/10/03 17:26:30.263, 2745 MHz, 10501 MHz, 46.12 W, 45, 0x0000000000000000
2026/10/03 17:26:30.463, 2745 MHz, 10501 MHz, 46.01 W, 45, 0x0000000000000000
2026/10/03 17:26:30.663, 2745 MHz, 10501 MHz, 46.01 W, 45, 0x0000000000000000
2026/10/03 17:26:30.863, 2745 MHz, 10501 MHz, 46.01 W, 45, 0x0000000000000000
2026/10/03 17:26:31.063, 630 MHz, 5001 MHz, 22.84 W, 43, 0x0000000000000001
2026/10/03 17:26:31.263, 630 MHz, 5001 MHz, 22.84 W, 43, 0x0000000000000001
2026/10/03 17:26:31.464, 540 MHz, 5001 MHz, 22.80 W, 43, 0x0000000000000001
2026/10/03 17:26:31.664, 540 MHz, 5001 MHz, 22.80 W, 43, 0x0000000000000001
2026/10/03 17:26:31.864, 540 MHz, 5001 MHz, 22.80 W, 43, 0x0000000000000001
2026/10/03 17:26:32.065, 420 MHz, 5001 MHz, 22.66 W, 42, 0x0000000000000001
2026/10/03 17:26:32.265, 420 MHz, 5001 MHz, 22.66 W, 42, 0x0000000000000001
2026/10/03 17:26:32.465, 345 MHz, 5001 MHz, 22.62 W, 42, 0x0000000000000001
2026/10/03 17:26:32.665, 345 MHz, 5001 MHz, 22.62 W, 42, 0x0000000000000001
2026/10/03 17:26:32.865, 345 MHz, 5001 MHz, 22.62 W, 42, 0x0000000000000001
2026/10/03 17:26:33.066, 270 MHz, 5001 MHz, 22.54 W, 42, 0x0000000000000001
2026/10/03 17:26:33.266, 270 MHz, 5001 MHz, 22.54 W, 42, 0x0000000000000001
2026/10/03 17:26:33.466, 240 MHz, 5001 MHz, 22.55 W, 42, 0x0000000000000001
2026/10/03 17:26:33.666, 240 MHz, 5001 MHz, 22.55 W, 42, 0x0000000000000001
2026/10/03 17:26:33.866, 240 MHz, 5001 MHz, 22.55 W, 42, 0x0000000000000001
2026/10/03 17:26:34.066, 210 MHz, 810 MHz, 18.81 W, 42, 0x0000000000000001
2026/10/03 17:26:34.266, 210 MHz, 810 MHz, 18.81 W, 42, 0x0000000000000001
2026/10/03 17:26:34.467, 210 MHz, 810 MHz, 18.74 W, 42, 0x0000000000000001
2026/10/03 17:26:34.667, 210 MHz, 810 MHz, 18.74 W, 42, 0x0000000000000001
2026/10/03 17:26:34.867, 210 MHz, 810 MHz, 18.74 W, 42, 0x0000000000000001
2026/10/03 17:26:35.067, 210 MHz, 810 MHz, 19.05 W, 41, 0x0000000000000001
2026/10/03 17:26:35.267, 210 MHz, 810 MHz, 19.05 W, 41, 0x0000000000000001
2026/10/03 17:26:35.467, 210 MHz, 810 MHz, 19.07 W, 41, 0x0000000000000001
2026/10/03 17:26:35.667, 210 MHz, 810 MHz, 19.07 W, 41, 0x0000000000000001
2026/10/03 17:26:35.868, 210 MHz, 810 MHz, 19.07 W, 41, 0x0000000000000001
2026/10/03 17:26:36.068, 210 MHz, 405 MHz, 12.14 W, 41, 0x0000000000000001
2026/10/03 17:26:36.268, 210 MHz, 405 MHz, 12.14 W, 41, 0x0000000000000001
2026/10/03 17:26:36.468, 210 MHz, 405 MHz, 12.11 W, 41, 0x0000000000000001
2026/10/03 17:26:36.668, 210 MHz, 405 MHz, 12.11 W, 41, 0x0000000000000001
2026/10/03 17:26:36.868, 210 MHz, 405 MHz, 12.11 W, 41, 0x0000000000000001
2026/10/03 17:26:37.068, 210 MHz, 405 MHz, 12.02 W, 41, 0x0000000000000001
2026/10/03 17:26:37.269, 210 MHz, 405 MHz, 12.02 W, 41, 0x0000000000000001
2026/10/03 17:26:37.469, 210 MHz, 405 MHz, 12.05 W, 41, 0x0000000000000001
2026/10/03 17:26:37.669, 210 MHz, 405 MHz, 12.05 W, 41, 0x0000000000000001
2026/10/03 17:26:37.869, 210 MHz, 405 MHz, 12.05 W, 41, 0x0000000000000001
2026/10/03 17:26:38.070, 210 MHz, 405 MHz, 11.94 W, 41, 0x0000000000000001
2026/10/03 17:26:38.270, 210 MHz, 405 MHz, 11.94 W, 41, 0x0000000000000001
2026/10/03 17:26:38.470, 210 MHz, 405 MHz, 12.04 W, 41, 0x0000000000000001
2026/10/03 17:26:38.671, 210 MHz, 405 MHz, 12.04 W, 41, 0x0000000000000001
2026/10/03 17:26:38.871, 210 MHz, 405 MHz, 12.04 W, 41, 0x0000000000000001
2026/10/03 17:26:39.071, 210 MHz, 405 MHz, 12.04 W, 41, 0x0000000000000001
2026/10/03 17:26:39.271, 210 MHz, 405 MHz, 12.04 W, 41, 0x0000000000000001
2026/10/03 17:26:39.471, 210 MHz, 405 MHz, 12.09 W, 40, 0x0000000000000001
2026/10/03 17:26:39.671, 210 MHz, 405 MHz, 12.09 W, 40, 0x0000000000000001
2026/10/03 17:26:39.871, 210 MHz, 405 MHz, 12.09 W, 40, 0x0000000000000001
2026/10/03 17:26:40.072, 210 MHz, 405 MHz, 11.95 W, 40, 0x0000000000000001
2026/10/03 17:26:40.272, 210 MHz, 405 MHz, 11.95 W, 40, 0x0000000000000001
2026/10/03 17:26:40.472, 210 MHz, 405 MHz, 12.03 W, 40, 0x0000000000000001
2026/10/03 17:26:40.672, 210 MHz, 405 MHz, 12.03 W, 40, 0x0000000000000001
2026/10/03 17:26:40.872, 210 MHz, 405 MHz, 12.03 W, 40, 0x0000000000000001
2026/10/03 17:26:41.073, 210 MHz, 405 MHz, 12.09 W, 40, 0x0000000000000001
2026/10/03 17:26:41.273, 210 MHz, 405 MHz, 12.09 W, 40, 0x0000000000000001
2026/10/03 17:26:41.473, 210 MHz, 405 MHz, 12.11 W, 40, 0x0000000000000001
2026/10/03 17:26:41.673, 210 MHz, 405 MHz, 12.11 W, 40, 0x0000000000000001
2026/10/03 17:26:41.873, 210 MHz, 405 MHz, 12.11 W, 40, 0x0000000000000001
2026/10/03 17:26:42.073, 210 MHz, 405 MHz, 12.18 W, 40, 0x0000000000000001
2026/10/03 17:26:42.273, 210 MHz, 405 MHz, 12.18 W, 40, 0x0000000000000001
2026/10/03 17:26:42.474, 210 MHz, 405 MHz, 11.95 W, 40, 0x0000000000000001
2026/10/03 17:26:42.674, 210 MHz, 405 MHz, 11.95 W, 40, 0x0000000000000001
2026/10/03 17:26:42.874, 210 MHz, 405 MHz, 11.95 W, 40, 0x0000000000000001
2026/10/03 17:26:43.074, 210 MHz, 405 MHz, 12.08 W, 40, 0x0000000000000001
2026/10/03 17:26:43.274, 210 MHz, 405 MHz, 12.08 W, 40, 0x0000000000000001
2026/10/03 17:26:43.474, 210 MHz, 405 MHz, 11.93 W, 40, 0x0000000000000001
2026/10/03 17:26:43.674, 210 MHz, 405 MHz, 11.93 W, 40, 0x0000000000000001
2026/10/03 17:26:43.874, 210 MHz, 405 MHz, 11.93 W, 40, 0x0000000000000001
2026/10/03 17:26:44.074, 210 MHz, 405 MHz, 12.28 W, 40, 0x0000000000000001
2026/10/03 17:26:44.275, 210 MHz, 405 MHz, 12.28 W, 40, 0x0000000000000001
2026/10/03 17:26:44.475, 210 MHz, 405 MHz, 12.26 W, 40, 0x0000000000000001
2026/10/03 17:26:44.675, 210 MHz, 405 MHz, 12.26 W, 40, 0x0000000000000001
2026/10/03 17:26:44.875, 210 MHz, 405 MHz, 12.26 W, 40, 0x0000000000000001
2026/10/03 17:26:45.075, 210 MHz, 405 MHz, 12.65 W, 40, 0x0000000000000001
2026/10/03 17:26:45.275, 210 MHz, 405 MHz, 12.65 W, 40, 0x0000000000000001
2026/10/03 17:26:45.475, 210 MHz, 405 MHz, 12.30 W, 40, 0x0000000000000001
2026/10/03 17:26:45.675, 210 MHz, 405 MHz, 12.30 W, 40, 0x0000000000000001
2026/10/03 17:26:45.876, 210 MHz, 405 MHz, 12.30 W, 40, 0x0000000000000001
2026/10/03 17:26:46.076, 210 MHz, 405 MHz, 11.77 W, 40, 0x0000000000000001
2026/10/03 17:26:46.276, 210 MHz, 405 MHz, 11.77 W, 40, 0x0000000000000001
2026/10/03 17:26:46.476, 210 MHz, 405 MHz, 12.34 W, 40, 0x0000000000000001
2026/10/03 17:26:46.676, 210 MHz, 405 MHz, 12.34 W, 40, 0x0000000000000001
2026/10/03 17:26:46.876, 210 MHz, 405 MHz, 12.34 W, 40, 0x0000000000000001
2026/10/03 17:26:47.076, 210 MHz, 405 MHz, 12.26 W, 40, 0x0000000000000001
2026/10/03 17:26:47.277, 210 MHz, 405 MHz, 12.26 W, 40, 0x0000000000000001
2026/10/03 17:26:47.477, 210 MHz, 405 MHz, 11.74 W, 39, 0x0000000000000001
2026/10/03 17:26:47.677, 210 MHz, 405 MHz, 11.74 W, 39, 0x0000000000000001
2026/10/03 17:26:47.877, 210 MHz, 405 MHz, 11.74 W, 39, 0x0000000000000001
2026/10/03 17:26:48.077, 210 MHz, 405 MHz, 11.86 W, 39, 0x0000000000000001
2026/10/03 17:26:48.277, 210 MHz, 405 MHz, 11.86 W, 39, 0x0000000000000001
2026/10/03 17:26:48.477, 210 MHz, 405 MHz, 12.13 W, 39, 0x0000000000000001
2026/10/03 17:26:48.677, 210 MHz, 405 MHz, 12.13 W, 39, 0x0000000000000001
2026/10/03 17:26:48.878, 210 MHz, 405 MHz, 12.13 W, 39, 0x0000000000000001
2026/10/03 17:26:49.078, 210 MHz, 405 MHz, 12.53 W, 40, 0x0000000000000001
2026/10/03 17:26:49.278, 210 MHz, 405 MHz, 12.53 W, 40, 0x0000000000000001
2026/10/03 17:26:49.478, 210 MHz, 405 MHz, 11.83 W, 39, 0x0000000000000001
2026/10/03 17:26:49.678, 210 MHz, 405 MHz, 11.83 W, 39, 0x0000000000000001
2026/10/03 17:26:49.878, 210 MHz, 405 MHz, 11.83 W, 39, 0x0000000000000001
2026/10/03 17:26:50.079, 2520 MHz, 10501 MHz, 14.18 W, 40, 0x0000000000000000
2026/10/03 17:26:50.279, 2520 MHz, 10501 MHz, 14.18 W, 40, 0x0000000000000000
2026/10/03 17:26:50.479, 2745 MHz, 10251 MHz, 128.70 W, 46, 0x0000000000000000
2026/10/03 17:26:50.679, 2745 MHz, 10251 MHz, 128.70 W, 46, 0x0000000000000000
2026/10/03 17:26:50.879, 2745 MHz, 10251 MHz, 128.70 W, 46, 0x0000000000000000
2026/10/03 17:26:51.079, 2730 MHz, 10251 MHz, 144.94 W, 50, 0x0000000000000000
2026/10/03 17:26:51.279, 2730 MHz, 10251 MHz, 144.94 W, 50, 0x0000000000000000
2026/10/03 17:26:51.479, 2730 MHz, 10251 MHz, 171.54 W, 55, 0x0000000000000000
2026/10/03 17:26:51.680, 2730 MHz, 10251 MHz, 171.54 W, 55, 0x0000000000000000
2026/10/03 17:26:51.880, 2730 MHz, 10251 MHz, 171.54 W, 55, 0x0000000000000000
2026/10/03 17:26:52.080, 2715 MHz, 10251 MHz, 209.37 W, 62, 0x0000000000000004
2026/10/03 17:26:52.280, 2715 MHz, 10251 MHz, 209.37 W, 62, 0x0000000000000004
2026/10/03 17:26:52.480, 2745 MHz, 10501 MHz, 46.25 W, 46, 0x0000000000000000
2026/10/03 17:26:52.680, 2745 MHz, 10501 MHz, 46.25 W, 46, 0x0000000000000000
2026/10/03 17:26:52.881, 2745 MHz, 10501 MHz, 46.25 W, 46, 0x0000000000000000
2026/10/03 17:26:53.081, 2745 MHz, 10501 MHz, 45.72 W, 44, 0x0000000000000000
2026/10/03 17:26:53.282, 2745 MHz, 10501 MHz, 45.72 W, 44, 0x0000000000000000
2026/10/03 17:26:53.482, 2745 MHz, 10501 MHz, 48.51 W, 44, 0x0000000000000000
2026/10/03 17:26:53.682, 2745 MHz, 10501 MHz, 48.51 W, 44, 0x0000000000000000
2026/10/03 17:26:53.882, 2745 MHz, 10501 MHz, 48.51 W, 44, 0x0000000000000000
2026/10/03 17:26:54.082, 720 MHz, 5001 MHz, 48.30 W, 44, 0x0000000000000000
2026/10/03 17:26:54.283, 720 MHz, 5001 MHz, 48.30 W, 44, 0x0000000000000000
2026/10/03 17:26:54.483, 615 MHz, 5001 MHz, 23.51 W, 42, 0x0000000000000001
2026/10/03 17:26:54.683, 615 MHz, 5001 MHz, 23.51 W, 42, 0x0000000000000001
2026/10/03 17:26:54.883, 615 MHz, 5001 MHz, 23.51 W, 42, 0x0000000000000001
2026/10/03 17:26:55.083, 480 MHz, 5001 MHz, 22.76 W, 42, 0x0000000000000001
2026/10/03 17:26:55.284, 480 MHz, 5001 MHz, 22.76 W, 42, 0x0000000000000001
2026/10/03 17:26:55.484, 405 MHz, 5001 MHz, 22.73 W, 42, 0x0000000000000001
2026/10/03 17:26:55.684, 405 MHz, 5001 MHz, 22.73 W, 42, 0x0000000000000001
2026/10/03 17:26:55.885, 405 MHz, 5001 MHz, 22.73 W, 42, 0x0000000000000001
2026/10/03 17:26:56.085, 315 MHz, 5001 MHz, 22.68 W, 42, 0x0000000000000001
2026/10/03 17:26:56.285, 315 MHz, 5001 MHz, 22.68 W, 42, 0x0000000000000001
2026/10/03 17:26:56.485, 270 MHz, 5001 MHz, 22.51 W, 42, 0x0000000000000001
2026/10/03 17:26:56.685, 270 MHz, 5001 MHz, 22.51 W, 42, 0x0000000000000001
2026/10/03 17:26:56.885, 270 MHz, 5001 MHz, 22.51 W, 42, 0x0000000000000001
2026/10/03 17:26:57.086, 210 MHz, 5001 MHz, 22.54 W, 42, 0x0000000000000001
2026/10/03 17:26:57.286, 210 MHz, 5001 MHz, 22.54 W, 42, 0x0000000000000001
2026/10/03 17:26:57.486, 210 MHz, 5001 MHz, 22.51 W, 42, 0x0000000000000001
2026/10/03 17:26:57.686, 210 MHz, 5001 MHz, 22.51 W, 42, 0x0000000000000001
2026/10/03 17:26:57.886, 210 MHz, 5001 MHz, 22.51 W, 42, 0x0000000000000001
2026/10/03 17:26:58.087, 210 MHz, 810 MHz, 18.64 W, 41, 0x0000000000000001
2026/10/03 17:26:58.287, 210 MHz, 810 MHz, 18.64 W, 41, 0x0000000000000001
2026/10/03 17:26:58.487, 210 MHz, 810 MHz, 19.73 W, 42, 0x0000000000000001
2026/10/03 17:26:58.687, 210 MHz, 810 MHz, 19.73 W, 42, 0x0000000000000001
2026/10/03 17:26:58.887, 210 MHz, 810 MHz, 19.73 W, 42, 0x0000000000000001
2026/10/03 17:26:59.087, 210 MHz, 810 MHz, 19.85 W, 42, 0x0000000000000001
2026/10/03 17:26:59.288, 210 MHz, 810 MHz, 19.85 W, 42, 0x0000000000000001
2026/10/03 17:26:59.488, 210 MHz, 810 MHz, 19.12 W, 41, 0x0000000000000001
2026/10/03 17:26:59.688, 210 MHz, 810 MHz, 19.12 W, 41, 0x0000000000000001
2026/10/03 17:26:59.888, 210 MHz, 810 MHz, 19.12 W, 41, 0x0000000000000001
2026/10/03 17:27:00.088, 210 MHz, 405 MHz, 11.97 W, 41, 0x0000000000000001
2026/10/03 17:27:00.289, 210 MHz, 405 MHz, 11.97 W, 41, 0x0000000000000001
2026/10/03 17:27:00.489, 210 MHz, 405 MHz, 12.02 W, 41, 0x0000000000000001
2026/10/03 17:27:00.689, 210 MHz, 405 MHz, 12.02 W, 41, 0x0000000000000001
2026/10/03 17:27:00.889, 210 MHz, 405 MHz, 12.02 W, 41, 0x0000000000000001
2026/10/03 17:27:01.089, 210 MHz, 405 MHz, 12.13 W, 41, 0x0000000000000001
2026/10/03 17:27:01.289, 210 MHz, 405 MHz, 12.13 W, 41, 0x0000000000000001
2026/10/03 17:27:01.490, 210 MHz, 405 MHz, 11.96 W, 41, 0x0000000000000001
2026/10/03 17:27:01.690, 210 MHz, 405 MHz, 11.96 W, 41, 0x0000000000000001
2026/10/03 17:27:01.890, 210 MHz, 405 MHz, 11.96 W, 41, 0x0000000000000001
2026/10/03 17:27:02.090, 210 MHz, 405 MHz, 12.13 W, 41, 0x0000000000000001
2026/10/03 17:27:02.290, 210 MHz, 405 MHz, 12.13 W, 41, 0x0000000000000001
2026/10/03 17:27:02.490, 210 MHz, 405 MHz, 11.96 W, 41, 0x0000000000000001
2026/10/03 17:27:02.690, 210 MHz, 405 MHz, 11.96 W, 41, 0x0000000000000001
2026/10/03 17:27:02.891, 210 MHz, 405 MHz, 11.96 W, 41, 0x0000000000000001
2026/10/03 17:27:03.091, 210 MHz, 405 MHz, 12.11 W, 41, 0x0000000000000001
2026/10/03 17:27:03.291, 210 MHz, 405 MHz, 12.11 W, 41, 0x0000000000000001
2026/10/03 17:27:03.491, 210 MHz, 405 MHz, 12.21 W, 41, 0x0000000000000001
2026/10/03 17:27:03.691, 210 MHz, 405 MHz, 12.21 W, 41, 0x0000000000000001
2026/10/03 17:27:03.891, 210 MHz, 405 MHz, 12.21 W, 41, 0x0000000000000001
2026/10/03 17:27:04.091, 210 MHz, 405 MHz, 12.12 W, 41, 0x0000000000000001
2026/10/03 17:27:04.292, 210 MHz, 405 MHz, 12.12 W, 41, 0x0000000000000001
2026/10/03 17:27:04.492, 210 MHz, 405 MHz, 12.21 W, 41, 0x0000000000000001
2026/10/03 17:27:04.692, 210 MHz, 405 MHz, 12.21 W, 41, 0x0000000000000001
2026/10/03 17:27:04.892, 210 MHz, 405 MHz, 12.21 W, 41, 0x0000000000000001
2026/10/03 17:27:05.092, 210 MHz, 405 MHz, 12.06 W, 41, 0x0000000000000001
2026/10/03 17:27:05.292, 210 MHz, 405 MHz, 12.06 W, 41, 0x0000000000000001
2026/10/03 17:27:05.492, 210 MHz, 405 MHz, 12.90 W, 41, 0x0000000000000001
2026/10/03 17:27:05.693, 210 MHz, 405 MHz, 12.90 W, 41, 0x0000000000000001
2026/10/03 17:27:05.893, 210 MHz, 405 MHz, 12.90 W, 41, 0x0000000000000001
2026/10/03 17:27:06.093, 210 MHz, 405 MHz, 12.04 W, 41, 0x0000000000000001
2026/10/03 17:27:06.293, 210 MHz, 405 MHz, 12.04 W, 41, 0x0000000000000001
2026/10/03 17:27:06.493, 210 MHz, 405 MHz, 12.13 W, 41, 0x0000000000000001
2026/10/03 17:27:06.693, 210 MHz, 405 MHz, 12.13 W, 41, 0x0000000000000001
2026/10/03 17:27:06.893, 210 MHz, 405 MHz, 12.13 W, 41, 0x0000000000000001
2026/10/03 17:27:07.094, 210 MHz, 405 MHz, 12.02 W, 41, 0x0000000000000001
2026/10/03 17:27:07.294, 210 MHz, 405 MHz, 12.02 W, 41, 0x0000000000000001
2026/10/03 17:27:07.494, 210 MHz, 405 MHz, 12.05 W, 41, 0x0000000000000001
2026/10/03 17:27:07.694, 210 MHz, 405 MHz, 12.05 W, 41, 0x0000000000000001
2026/10/03 17:27:07.894, 210 MHz, 405 MHz, 12.05 W, 41, 0x0000000000000001
2026/10/03 17:27:08.094, 210 MHz, 405 MHz, 12.06 W, 41, 0x0000000000000001
2026/10/03 17:27:08.295, 210 MHz, 405 MHz, 12.06 W, 41, 0x0000000000000001
2026/10/03 17:27:08.495, 210 MHz, 405 MHz, 12.63 W, 41, 0x0000000000000001
2026/10/03 17:27:08.695, 210 MHz, 405 MHz, 12.63 W, 41, 0x0000000000000001
2026/10/03 17:27:08.895, 210 MHz, 405 MHz, 12.63 W, 41, 0x0000000000000001
2026/10/03 17:27:09.095, 210 MHz, 405 MHz, 12.93 W, 41, 0x0000000000000001
2026/10/03 17:27:09.295, 210 MHz, 405 MHz, 12.93 W, 41, 0x0000000000000001
2026/10/03 17:27:09.495, 210 MHz, 405 MHz, 12.72 W, 41, 0x0000000000000001
2026/10/03 17:27:09.696, 210 MHz, 405 MHz, 12.72 W, 41, 0x0000000000000001
2026/10/03 17:27:09.896, 210 MHz, 405 MHz, 12.72 W, 41, 0x0000000000000001
2026/10/03 17:27:10.096, 210 MHz, 405 MHz, 12.04 W, 41, 0x0000000000000001
2026/10/03 17:27:10.296, 210 MHz, 405 MHz, 12.04 W, 41, 0x0000000000000001
2026/10/03 17:27:10.496, 210 MHz, 405 MHz, 12.60 W, 41, 0x0000000000000001
2026/10/03 17:27:10.696, 210 MHz, 405 MHz, 12.60 W, 41, 0x0000000000000001
2026/10/03 17:27:10.896, 210 MHz, 405 MHz, 12.60 W, 41, 0x0000000000000001
2026/10/03 17:27:11.097, 210 MHz, 405 MHz, 12.92 W, 41, 0x0000000000000001
2026/10/03 17:27:11.297, 210 MHz, 405 MHz, 12.92 W, 41, 0x0000000000000001
2026/10/03 17:27:11.497, 210 MHz, 405 MHz, 12.30 W, 41, 0x0000000000000001
2026/10/03 17:27:11.697, 210 MHz, 405 MHz, 12.30 W, 41, 0x0000000000000001
2026/10/03 17:27:11.897, 210 MHz, 405 MHz, 12.30 W, 41, 0x0000000000000001
2026/10/03 17:27:12.097, 210 MHz, 405 MHz, 12.06 W, 41, 0x0000000000000001
2026/10/03 17:27:12.297, 210 MHz, 405 MHz, 12.06 W, 41, 0x0000000000000001
2026/10/03 17:27:12.498, 210 MHz, 405 MHz, 12.69 W, 41, 0x0000000000000001
2026/10/03 17:27:12.698, 210 MHz, 405 MHz, 12.69 W, 41, 0x0000000000000001
2026/10/03 17:27:12.898, 210 MHz, 405 MHz, 12.69 W, 41, 0x0000000000000001
2026/10/03 17:27:13.098, 210 MHz, 405 MHz, 12.64 W, 42, 0x0000000000000001
2026/10/03 17:27:13.298, 210 MHz, 405 MHz, 12.64 W, 42, 0x0000000000000001
2026/10/03 17:27:13.498, 2520 MHz, 10251 MHz, 47.40 W, 46, 0x0000000000000000
2026/10/03 17:27:13.698, 2520 MHz, 10251 MHz, 47.40 W, 46, 0x0000000000000000
2026/10/03 17:27:13.899, 2520 MHz, 10251 MHz, 47.40 W, 46, 0x0000000000000000
2026/10/03 17:27:14.099, 2730 MHz, 10251 MHz, 137.74 W, 51, 0x0000000000000000
2026/10/03 17:27:14.299, 2730 MHz, 10251 MHz, 137.74 W, 51, 0x0000000000000000
2026/10/03 17:27:14.499, 2730 MHz, 10251 MHz, 131.04 W, 51, 0x0000000000000000
2026/10/03 17:27:14.699, 2730 MHz, 10251 MHz, 131.04 W, 51, 0x0000000000000000
2026/10/03 17:27:14.899, 2730 MHz, 10251 MHz, 131.04 W, 51, 0x0000000000000000
2026/10/03 17:27:15.100, 2730 MHz, 10251 MHz, 146.32 W, 54, 0x0000000000000000
2026/10/03 17:27:15.300, 2730 MHz, 10251 MHz, 146.32 W, 54, 0x0000000000000000
2026/10/03 17:27:15.500, 2730 MHz, 10251 MHz, 158.62 W, 56, 0x0000000000000000
2026/10/03 17:27:15.700, 2730 MHz, 10251 MHz, 158.62 W, 56, 0x0000000000000000
2026/10/03 17:27:15.900, 2730 MHz, 10251 MHz, 158.62 W, 56, 0x0000000000000000
2026/10/03 17:27:16.100, 2730 MHz, 10251 MHz, 146.59 W, 55, 0x0000000000000000
2026/10/03 17:27:16.300, 2730 MHz, 10251 MHz, 146.59 W, 55, 0x0000000000000000
2026/10/03 17:27:16.500, 2730 MHz, 10251 MHz, 140.79 W, 61, 0x0000000000000000
2026/10/03 17:27:16.701, 2730 MHz, 10251 MHz, 140.79 W, 61, 0x0000000000000000
2026/10/03 17:27:16.901, 2730 MHz, 10251 MHz, 140.79 W, 61, 0x0000000000000000
2026/10/03 17:27:17.101, 2715 MHz, 10251 MHz, 188.38 W, 64, 0x0000000000000000
2026/10/03 17:27:17.301, 2715 MHz, 10251 MHz, 188.38 W, 64, 0x0000000000000000
2026/10/03 17:27:17.501, 2715 MHz, 10251 MHz, 180.68 W, 61, 0x0000000000000000
2026/10/03 17:27:17.701, 2715 MHz, 10251 MHz, 180.68 W, 61, 0x0000000000000000
2026/10/03 17:27:17.901, 2715 MHz, 10251 MHz, 180.68 W, 61, 0x0000000000000000
2026/10/03 17:27:18.101, 2715 MHz, 10251 MHz, 179.70 W, 61, 0x0000000000000000
2026/10/03 17:27:18.301, 2715 MHz, 10251 MHz, 179.70 W, 61, 0x0000000000000000
2026/10/03 17:27:18.502, 2670 MHz, 10251 MHz, 221.86 W, 69, 0x0000000000000004
2026/10/03 17:27:18.702, 2670 MHz, 10251 MHz, 221.86 W, 69, 0x0000000000000004
2026/10/03 17:27:18.902, 2670 MHz, 10251 MHz, 221.86 W, 69, 0x0000000000000004
2026/10/03 17:27:19.102, 2700 MHz, 10251 MHz, 219.43 W, 69, 0x0000000000000004
2026/10/03 17:27:19.302, 2700 MHz, 10251 MHz, 219.43 W, 69, 0x0000000000000004
2026/10/03 17:27:19.502, 2715 MHz, 10251 MHz, 216.47 W, 68, 0x0000000000000004
2026/10/03 17:27:19.702, 2715 MHz, 10251 MHz, 216.47 W, 68, 0x0000000000000004
2026/10/03 17:27:19.902, 2715 MHz, 10251 MHz, 216.47 W, 68, 0x0000000000000004
2026/10/03 17:27:20.103, 2715 MHz, 10251 MHz, 190.87 W, 59, 0x0000000000000000
2026/10/03 17:27:20.303, 2715 MHz, 10251 MHz, 190.87 W, 59, 0x0000000000000000
2026/10/03 17:27:20.503, 2730 MHz, 10501 MHz, 47.01 W, 51, 0x0000000000000000
2026/10/03 17:27:20.703, 2730 MHz, 10501 MHz, 47.01 W, 51, 0x0000000000000000
2026/10/03 17:27:20.903, 2730 MHz, 10501 MHz, 47.01 W, 51, 0x0000000000000000
2026/10/03 17:27:21.103, 2730 MHz, 10501 MHz, 49.55 W, 50, 0x0000000000000000
2026/10/03 17:27:21.303, 2730 MHz, 10501 MHz, 49.55 W, 50, 0x0000000000000000
2026/10/03 17:27:21.503, 2730 MHz, 10501 MHz, 49.39 W, 50, 0x0000000000000000
2026/10/03 17:27:21.704, 2730 MHz, 10501 MHz, 49.39 W, 50, 0x0000000000000000
2026/10/03 17:27:21.904, 2730 MHz, 10501 MHz, 49.39 W, 50, 0x0000000000000000
2026/10/03 17:27:22.104, 705 MHz, 5001 MHz, 23.30 W, 47, 0x0000000000000001
2026/10/03 17:27:22.304, 705 MHz, 5001 MHz, 23.30 W, 47, 0x0000000000000001
2026/10/03 17:27:22.504, 585 MHz, 5001 MHz, 23.24 W, 47, 0x0000000000000001
2026/10/03 17:27:22.704, 585 MHz, 5001 MHz, 23.24 W, 47, 0x0000000000000001
2026/10/03 17:27:22.904, 585 MHz, 5001 MHz, 23.24 W, 47, 0x0000000000000001
2026/10/03 17:27:23.104, 465 MHz, 5001 MHz, 23.01 W, 46, 0x0000000000000001
2026/10/03 17:27:23.305, 465 MHz, 5001 MHz, 23.01 W, 46, 0x0000000000000001
2026/10/03 17:27:23.505, 405 MHz, 5001 MHz, 23.02 W, 46, 0x0000000000000001
2026/10/03 17:27:23.705, 405 MHz, 5001 MHz, 23.02 W, 46, 0x0000000000000001
2026/10/03 17:27:23.905, 405 MHz, 5001 MHz, 23.02 W, 46, 0x0000000000000001
2026/10/03 17:27:24.105, 330 MHz, 5001 MHz, 23.92 W, 46, 0x0000000000000001
2026/10/03 17:27:24.305, 330 MHz, 5001 MHz, 23.92 W, 46, 0x0000000000000001
2026/10/03 17:27:24.505, 285 MHz, 5001 MHz, 22.85 W, 46, 0x0000000000000001
2026/10/03 17:27:24.706, 285 MHz, 5001 MHz, 22.85 W, 46, 0x0000000000000001
2026/10/03 17:27:24.906, 285 MHz, 5001 MHz, 22.85 W, 46, 0x0000000000000001
2026/10/03 17:27:25.106, 240 MHz, 5001 MHz, 23.79 W, 45, 0x0000000000000001
2026/10/03 17:27:25.306, 240 MHz, 5001 MHz, 23.79 W, 45, 0x0000000000000001
2026/10/03 17:27:25.506, 225 MHz, 5001 MHz, 23.26 W, 45, 0x0000000000000001
2026/10/03 17:27:25.706, 225 MHz, 5001 MHz, 23.26 W, 45, 0x0000000000000001
2026/10/03 17:27:25.906, 225 MHz, 5001 MHz, 23.26 W, 45, 0x0000000000000001
2026/10/03 17:27:26.106, 210 MHz, 810 MHz, 23.38 W, 45, 0x0000000000000001
2026/10/03 17:27:26.307, 210 MHz, 810 MHz, 23.38 W, 45, 0x0000000000000001
2026/10/03 17:27:26.507, 210 MHz, 810 MHz, 19.88 W, 45, 0x0000000000000001
2026/10/03 17:27:26.707, 210 MHz, 810 MHz, 19.88 W, 45, 0x0000000000000001
2026/10/03 17:27:26.907, 210 MHz, 810 MHz, 19.88 W, 45, 0x0000000000000001
2026/10/03 17:27:27.107, 210 MHz, 810 MHz, 20.41 W, 45, 0x0000000000000001
2026/10/03 17:27:27.307, 210 MHz, 810 MHz, 20.41 W, 45, 0x0000000000000001
2026/10/03 17:27:27.507, 210 MHz, 810 MHz, 19.80 W, 45, 0x0000000000000001
2026/10/03 17:27:27.707, 210 MHz, 810 MHz, 19.80 W, 45, 0x0000000000000001
2026/10/03 17:27:27.908, 210 MHz, 810 MHz, 19.80 W, 45, 0x0000000000000001
2026/10/03 17:27:28.108, 210 MHz, 810 MHz, 20.29 W, 44, 0x0000000000000001
2026/10/03 17:27:28.308, 210 MHz, 810 MHz, 20.29 W, 44, 0x0000000000000001
2026/10/03 17:27:28.508, 210 MHz, 405 MHz, 15.16 W, 44, 0x0000000000000001
2026/10/03 17:27:28.708, 210 MHz, 405 MHz, 15.16 W, 44, 0x0000000000000001
2026/10/03 17:27:28.908, 210 MHz, 405 MHz, 15.16 W, 44, 0x0000000000000001
2026/10/03 17:27:29.108, 270 MHz, 405 MHz, 12.55 W, 44, 0x0000000000000001
2026/10/03 17:27:29.309, 270 MHz, 405 MHz, 12.55 W, 44, 0x0000000000000001
2026/10/03 17:27:29.509, 270 MHz, 405 MHz, 12.21 W, 44, 0x0000000000000001
2026/10/03 17:27:29.709, 270 MHz, 405 MHz, 12.21 W, 44, 0x0000000000000001
2026/10/03 17:27:29.909, 270 MHz, 405 MHz, 12.21 W, 44, 0x0000000000000001
2026/10/03 17:27:30.110, 270 MHz, 405 MHz, 12.36 W, 44, 0x0000000000000001
2026/10/03 17:27:30.310, 270 MHz, 405 MHz, 12.36 W, 44, 0x0000000000000001
2026/10/03 17:27:30.510, 210 MHz, 405 MHz, 13.59 W, 44, 0x0000000000000001
2026/10/03 17:27:30.710, 210 MHz, 405 MHz, 13.59 W, 44, 0x0000000000000001
2026/10/03 17:27:30.910, 210 MHz, 405 MHz, 13.59 W, 44, 0x0000000000000001
2026/10/03 17:27:31.110, 255 MHz, 405 MHz, 12.85 W, 43, 0x0000000000000001
2026/10/03 17:27:31.311, 255 MHz, 405 MHz, 12.85 W, 43, 0x0000000000000001
2026/10/03 17:27:31.511, 255 MHz, 405 MHz, 12.93 W, 43, 0x0000000000000001
2026/10/03 17:27:31.711, 255 MHz, 405 MHz, 12.93 W, 43, 0x0000000000000001
2026/10/03 17:27:31.911, 255 MHz, 405 MHz, 12.93 W, 43, 0x0000000000000001
2026/10/03 17:27:32.111, 255 MHz, 405 MHz, 12.26 W, 43, 0x0000000000000001
2026/10/03 17:27:32.311, 255 MHz, 405 MHz, 12.26 W, 43, 0x0000000000000001
2026/10/03 17:27:32.511, 210 MHz, 405 MHz, 12.31 W, 43, 0x0000000000000001
2026/10/03 17:27:32.712, 210 MHz, 405 MHz, 12.31 W, 43, 0x0000000000000001
2026/10/03 17:27:32.912, 210 MHz, 405 MHz, 12.31 W, 43, 0x0000000000000001
2026/10/03 17:27:33.112, 210 MHz, 405 MHz, 12.24 W, 43, 0x0000000000000001
2026/10/03 17:27:33.312, 210 MHz, 405 MHz, 12.24 W, 43, 0x0000000000000001
2026/10/03 17:27:33.513, 210 MHz, 405 MHz, 12.29 W, 43, 0x0000000000000001
2026/10/03 17:27:33.713, 210 MHz, 405 MHz, 12.29 W, 43, 0x0000000000000001
2026/10/03 17:27:33.913, 210 MHz, 405 MHz, 12.29 W, 43, 0x0000000000000001
2026/10/03 17:27:34.113, 210 MHz, 405 MHz, 12.22 W, 43, 0x0000000000000001
2026/10/03 17:27:34.314, 210 MHz, 405 MHz, 12.22 W, 43, 0x0000000000000001
2026/10/03 17:27:34.514, 210 MHz, 405 MHz, 12.82 W, 43, 0x0000000000000001
2026/10/03 17:27:34.714, 210 MHz, 405 MHz, 12.82 W, 43, 0x0000000000000001
2026/10/03 17:27:34.914, 210 MHz, 405 MHz, 12.82 W, 43, 0x0000000000000001
2026/10/03 17:27:35.114, 210 MHz, 405 MHz, 12.80 W, 42, 0x0000000000000001
2026/10/03 17:27:35.314, 210 MHz, 405 MHz, 12.80 W, 42, 0x0000000000000001
2026/10/03 17:27:35.514, 255 MHz, 405 MHz, 12.94 W, 42, 0x0000000000000001
2026/10/03 17:27:35.715, 255 MHz, 405 MHz, 12.94 W, 42, 0x0000000000000001
2026/10/03 17:27:35.915, 255 MHz, 405 MHz, 12.94 W, 42, 0x0000000000000001
2026/10/03 17:27:36.115, 255 MHz, 405 MHz, 12.66 W, 42, 0x0000000000000001
2026/10/03 17:27:36.315, 255 MHz, 405 MHz, 12.66 W, 42, 0x0000000000000001
2026/10/03 17:27:36.515, 255 MHz, 405 MHz, 12.91 W, 42, 0x0000000000000001
2026/10/03 17:27:36.715, 255 MHz, 405 MHz, 12.91 W, 42, 0x0000000000000001
2026/10/03 17:27:36.915, 255 MHz, 405 MHz, 12.91 W, 42, 0x0000000000000001
2026/10/03 17:27:37.115, 255 MHz, 405 MHz, 12.56 W, 42, 0x0000000000000001
2026/10/03 17:27:37.316, 255 MHz, 405 MHz, 12.56 W, 42, 0x0000000000000001
2026/10/03 17:27:37.516, 210 MHz, 405 MHz, 12.87 W, 42, 0x0000000000000001
2026/10/03 17:27:37.716, 210 MHz, 405 MHz, 12.87 W, 42, 0x0000000000000001
2026/10/03 17:27:37.916, 210 MHz, 405 MHz, 12.87 W, 42, 0x0000000000000001
2026/10/03 17:27:38.116, 210 MHz, 405 MHz, 12.47 W, 42, 0x0000000000000001
2026/10/03 17:27:38.316, 210 MHz, 405 MHz, 12.47 W, 42, 0x0000000000000001
2026/10/03 17:27:38.517, 210 MHz, 405 MHz, 12.03 W, 42, 0x0000000000000001
2026/10/03 17:27:38.717, 210 MHz, 405 MHz, 12.03 W, 42, 0x0000000000000001
2026/10/03 17:27:38.917, 210 MHz, 405 MHz, 12.03 W, 42, 0x0000000000000001
2026/10/03 17:27:39.117, 210 MHz, 405 MHz, 12.66 W, 42, 0x0000000000000001
2026/10/03 17:27:39.317, 210 MHz, 405 MHz, 12.66 W, 42, 0x0000000000000001
2026/10/03 17:27:39.517, 210 MHz, 405 MHz, 12.26 W, 42, 0x0000000000000001
2026/10/03 17:27:39.717, 210 MHz, 405 MHz, 12.26 W, 42, 0x0000000000000001
2026/10/03 17:27:39.917, 210 MHz, 405 MHz, 12.26 W, 42, 0x0000000000000001
2026/10/03 17:27:40.118, 210 MHz, 405 MHz, 12.57 W, 42, 0x0000000000000001
2026/10/03 17:27:40.318, 210 MHz, 405 MHz, 12.57 W, 42, 0x0000000000000001
2026/10/03 17:27:40.518, 210 MHz, 405 MHz, 12.49 W, 41, 0x0000000000000001
2026/10/03 17:27:40.718, 210 MHz, 405 MHz, 12.49 W, 41, 0x0000000000000001
2026/10/03 17:27:40.918, 210 MHz, 405 MHz, 12.49 W, 41, 0x0000000000000001
2026/10/03 17:27:41.118, 210 MHz, 405 MHz, 12.15 W, 41, 0x0000000000000001
2026/10/03 17:27:41.318, 210 MHz, 405 MHz, 12.15 W, 41, 0x0000000000000001
2026/10/03 17:27:41.519, 2520 MHz, 10251 MHz, 112.00 W, 46, 0x0000000000000000
2026/10/03 17:27:41.719, 2520 MHz, 10251 MHz, 112.00 W, 46, 0x0000000000000000
2026/10/03 17:27:41.919, 2520 MHz, 10251 MHz, 112.00 W, 46, 0x0000000000000000
2026/10/03 17:27:42.119, 2730 MHz, 10251 MHz, 151.26 W, 57, 0x0000000000000000
2026/10/03 17:27:42.319, 2730 MHz, 10251 MHz, 151.26 W, 57, 0x0000000000000000
2026/10/03 17:27:42.519, 2640 MHz, 10251 MHz, 197.12 W, 63, 0x0000000000000000
2026/10/03 17:27:42.719, 2640 MHz, 10251 MHz, 197.12 W, 63, 0x0000000000000000
2026/10/03 17:27:42.919, 2640 MHz, 10251 MHz, 197.12 W, 63, 0x0000000000000000
2026/10/03 17:27:43.120, 2640 MHz, 10251 MHz, 200.07 W, 67, 0x0000000000000000
2026/10/03 17:27:43.320, 2640 MHz, 10251 MHz, 200.07 W, 67, 0x0000000000000000
2026/10/03 17:27:43.520, 2730 MHz, 10501 MHz, 50.88 W, 50, 0x0000000000000000
2026/10/03 17:27:43.720, 2730 MHz, 10501 MHz, 50.88 W, 50, 0x0000000000000000
2026/10/03 17:27:43.920, 2730 MHz, 10501 MHz, 50.88 W, 50, 0x0000000000000000
2026/10/03 17:27:44.120, 2730 MHz, 10501 MHz, 49.74 W, 47, 0x0000000000000000
2026/10/03 17:27:44.320, 2730 MHz, 10501 MHz, 49.74 W, 47, 0x0000000000000000
2026/10/03 17:27:44.521, 2730 MHz, 10501 MHz, 49.29 W, 46, 0x0000000000000000
2026/10/03 17:27:44.721, 2730 MHz, 10501 MHz, 49.29 W, 46, 0x0000000000000000
2026/10/03 17:27:44.921, 2730 MHz, 10501 MHz, 49.29 W, 46, 0x0000000000000000
2026/10/03 17:27:45.121, 2730 MHz, 10501 MHz, 49.92 W, 46, 0x0000000000000000
2026/10/03 17:27:45.321, 2730 MHz, 10501 MHz, 49.92 W, 46, 0x0000000000000000
2026/10/03 17:27:45.521, 780 MHz, 5001 MHz, 28.65 W, 44, 0x0000000000000001
2026/10/03 17:27:45.721, 780 MHz, 5001 MHz, 28.65 W, 44, 0x0000000000000001
2026/10/03 17:27:45.922, 780 MHz, 5001 MHz, 28.65 W, 44, 0x0000000000000001
2026/10/03 17:27:46.122, 645 MHz, 5001 MHz, 24.20 W, 43, 0x0000000000000001
2026/10/03 17:27:46.322, 645 MHz, 5001 MHz, 24.20 W, 43, 0x0000000000000001
2026/10/03 17:27:46.522, 555 MHz, 5001 MHz, 24.19 W, 43, 0x0000000000000001
2026/10/03 17:27:46.722, 555 MHz, 5001 MHz, 24.19 W, 43, 0x0000000000000001
2026/10/03 17:27:46.922, 555 MHz, 5001 MHz, 24.19 W, 43, 0x0000000000000001
2026/10/03 17:27:47.124, 465 MHz, 5001 MHz, 23.58 W, 43, 0x0000000000000001
2026/10/03 17:27:47.325, 465 MHz, 5001 MHz, 23.58 W, 43, 0x0000000000000001
2026/10/03 17:27:47.525, 390 MHz, 5001 MHz, 22.87 W, 43, 0x0000000000000001
2026/10/03 17:27:47.725, 390 MHz, 5001 MHz, 22.87 W, 43, 0x0000000000000001
2026/10/03 17:27:47.925, 390 MHz, 5001 MHz, 22.87 W, 43, 0x0000000000000001
2026/10/03 17:27:48.125, 315 MHz, 5001 MHz, 22.69 W, 42, 0x0000000000000001
2026/10/03 17:27:48.325, 315 MHz, 5001 MHz, 22.69 W, 42, 0x0000000000000001
2026/10/03 17:27:48.525, 270 MHz, 5001 MHz, 23.16 W, 42, 0x0000000000000001
2026/10/03 17:27:48.725, 270 MHz, 5001 MHz, 23.16 W, 42, 0x0000000000000001
2026/10/03 17:27:48.926, 270 MHz, 5001 MHz, 23.16 W, 42, 0x0000000000000001
2026/10/03 17:27:49.126, 225 MHz, 810 MHz, 20.08 W, 42, 0x0000000000000001
2026/10/03 17:27:49.326, 225 MHz, 810 MHz, 20.08 W, 42, 0x0000000000000001
2026/10/03 17:27:49.526, 210 MHz, 810 MHz, 19.81 W, 42, 0x0000000000000001
2026/10/03 17:27:49.726, 210 MHz, 810 MHz, 19.81 W, 42, 0x0000000000000001
2026/10/03 17:27:49.927, 210 MHz, 810 MHz, 19.81 W, 42, 0x0000000000000001
2026/10/03 17:27:50.127, 210 MHz, 810 MHz, 20.22 W, 42, 0x0000000000000001
2026/10/03 17:27:50.327, 210 MHz, 810 MHz, 20.22 W, 42, 0x0000000000000001
2026/10/03 17:27:50.527, 210 MHz, 810 MHz, 20.43 W, 42, 0x0000000000000001
2026/10/03 17:27:50.727, 210 MHz, 810 MHz, 20.43 W, 42, 0x0000000000000001
2026/10/03 17:27:50.927, 210 MHz, 810 MHz, 20.43 W, 42, 0x0000000000000001
2026/10/03 17:27:51.128, 210 MHz, 810 MHz, 19.74 W, 42, 0x0000000000000001
2026/10/03 17:27:51.328, 210 MHz, 810 MHz, 19.74 W, 42, 0x0000000000000001
2026/10/03 17:27:51.528, 210 MHz, 405 MHz, 12.75 W, 41, 0x0000000000000001
2026/10/03 17:27:51.728, 210 MHz, 405 MHz, 12.75 W, 41, 0x0000000000000001
2026/10/03 17:27:51.928, 210 MHz, 405 MHz, 12.75 W, 41, 0x0000000000000001
2026/10/03 17:27:52.128, 210 MHz, 405 MHz, 12.57 W, 41, 0x0000000000000001
2026/10/03 17:27:52.328, 210 MHz, 405 MHz, 12.57 W, 41, 0x0000000000000001
2026/10/03 17:27:52.529, 210 MHz, 405 MHz, 12.12 W, 41, 0x0000000000000001
2026/10/03 17:27:52.729, 210 MHz, 405 MHz, 12.12 W, 41, 0x0000000000000001
2026/10/03 17:27:52.929, 210 MHz, 405 MHz, 12.12 W, 41, 0x0000000000000001
2026/10/03 17:27:53.129, 210 MHz, 405 MHz, 12.01 W, 41, 0x0000000000000001
2026/10/03 17:27:53.330, 210 MHz, 405 MHz, 12.01 W, 41, 0x0000000000000001
2026/10/03 17:27:53.530, 210 MHz, 405 MHz, 12.05 W, 41, 0x0000000000000001
2026/10/03 17:27:53.730, 210 MHz, 405 MHz, 12.05 W, 41, 0x0000000000000001
2026/10/03 17:27:53.931, 210 MHz, 405 MHz, 12.05 W, 41, 0x0000000000000001
2026/10/03 17:27:54.131, 210 MHz, 405 MHz, 12.07 W, 41, 0x0000000000000001
2026/10/03 17:27:54.331, 210 MHz, 405 MHz, 12.07 W, 41, 0x0000000000000001
2026/10/03 17:27:54.531, 210 MHz, 405 MHz, 11.98 W, 41, 0x0000000000000001
2026/10/03 17:27:54.731, 210 MHz, 405 MHz, 11.98 W, 41, 0x0000000000000001
2026/10/03 17:27:54.932, 210 MHz, 405 MHz, 11.98 W, 41, 0x0000000000000001
2026/10/03 17:27:55.132, 210 MHz, 405 MHz, 11.90 W, 41, 0x0000000000000001
2026/10/03 17:27:55.332, 210 MHz, 405 MHz, 11.90 W, 41, 0x0000000000000001
2026/10/03 17:27:55.532, 210 MHz, 405 MHz, 12.09 W, 41, 0x0000000000000001
2026/10/03 17:27:55.732, 210 MHz, 405 MHz, 12.09 W, 41, 0x0000000000000001
2026/10/03 17:27:55.932, 210 MHz, 405 MHz, 12.09 W, 41, 0x0000000000000001
2026/10/03 17:27:56.132, 210 MHz, 405 MHz, 12.15 W, 41, 0x0000000000000001
2026/10/03 17:27:56.333, 210 MHz, 405 MHz, 12.15 W, 41, 0x0000000000000001
2026/10/03 17:27:56.533, 210 MHz, 405 MHz, 12.17 W, 40, 0x0000000000000001
2026/10/03 17:27:56.733, 210 MHz, 405 MHz, 12.17 W, 40, 0x0000000000000001
2026/10/03 17:27:56.933, 210 MHz, 405 MHz, 12.17 W, 40, 0x0000000000000001
2026/10/03 17:27:57.133, 210 MHz, 405 MHz, 12.18 W, 40, 0x0000000000000001
2026/10/03 17:27:57.333, 210 MHz, 405 MHz, 12.18 W, 40, 0x0000000000000001
2026/10/03 17:27:57.534, 210 MHz, 405 MHz, 12.18 W, 40, 0x0000000000000001
2026/10/03 17:27:57.734, 210 MHz, 405 MHz, 12.18 W, 40, 0x0000000000000001
2026/10/03 17:27:57.934, 210 MHz, 405 MHz, 12.18 W, 40, 0x0000000000000001
2026/10/03 17:27:58.134, 210 MHz, 405 MHz, 12.18 W, 40, 0x0000000000000001
2026/10/03 17:27:58.334, 210 MHz, 405 MHz, 12.18 W, 40, 0x0000000000000001
2026/10/03 17:27:58.534, 210 MHz, 405 MHz, 12.06 W, 40, 0x0000000000000001
2026/10/03 17:27:58.735, 210 MHz, 405 MHz, 12.06 W, 40, 0x0000000000000001
2026/10/03 17:27:58.935, 210 MHz, 405 MHz, 12.06 W, 40, 0x0000000000000001
2026/10/03 17:27:59.135, 210 MHz, 405 MHz, 12.08 W, 40, 0x0000000000000001
2026/10/03 17:27:59.335, 210 MHz, 405 MHz, 12.08 W, 40, 0x0000000000000001
2026/10/03 17:27:59.535, 210 MHz, 405 MHz, 11.95 W, 40, 0x0000000000000001
2026/10/03 17:27:59.735, 210 MHz, 405 MHz, 11.95 W, 40, 0x0000000000000001
2026/10/03 17:27:59.935, 210 MHz, 405 MHz, 11.95 W, 40, 0x0000000000000001
2026/10/03 17:28:00.136, 210 MHz, 405 MHz, 12.09 W, 40, 0x0000000000000001
2026/10/03 17:28:00.336, 210 MHz, 405 MHz, 12.09 W, 40, 0x0000000000000001
2026/10/03 17:28:00.537, 210 MHz, 405 MHz, 12.10 W, 40, 0x0000000000000001
2026/10/03 17:28:00.737, 210 MHz, 405 MHz, 12.10 W, 40, 0x0000000000000001
2026/10/03 17:28:00.937, 210 MHz, 405 MHz, 12.10 W, 40, 0x0000000000000001
2026/10/03 17:28:01.137, 210 MHz, 405 MHz, 12.75 W, 40, 0x0000000000000001
2026/10/03 17:28:01.337, 210 MHz, 405 MHz, 12.75 W, 40, 0x0000000000000001
2026/10/03 17:28:01.537, 210 MHz, 405 MHz, 12.16 W, 40, 0x0000000000000001
2026/10/03 17:28:01.738, 210 MHz, 405 MHz, 12.16 W, 40, 0x0000000000000001
2026/10/03 17:28:01.938, 210 MHz, 405 MHz, 12.16 W, 40, 0x0000000000000001
2026/10/03 17:28:02.138, 210 MHz, 405 MHz, 12.18 W, 40, 0x0000000000000001
2026/10/03 17:28:02.338, 210 MHz, 405 MHz, 12.18 W, 40, 0x0000000000000001
2026/10/03 17:28:02.538, 210 MHz, 405 MHz, 12.09 W, 40, 0x0000000000000001
2026/10/03 17:28:02.738, 210 MHz, 405 MHz, 12.09 W, 40, 0x0000000000000001
2026/10/03 17:28:02.938, 210 MHz, 405 MHz, 12.09 W, 40, 0x0000000000000001
2026/10/03 17:28:03.139, 210 MHz, 405 MHz, 11.93 W, 40, 0x0000000000000001
2026/10/03 17:28:03.339, 210 MHz, 405 MHz, 11.93 W, 40, 0x0000000000000001
2026/10/03 17:28:03.539, 210 MHz, 405 MHz, 11.94 W, 40, 0x0000000000000001
2026/10/03 17:28:03.739, 210 MHz, 405 MHz, 11.94 W, 40, 0x0000000000000001
2026/10/03 17:28:03.939, 210 MHz, 405 MHz, 11.94 W, 40, 0x0000000000000001
2026/10/03 17:28:04.140, 210 MHz, 405 MHz, 12.52 W, 40, 0x0000000000000001
2026/10/03 17:28:04.340, 210 MHz, 405 MHz, 12.52 W, 40, 0x0000000000000001
2026/10/03 17:28:04.540, 2520 MHz, 10251 MHz, 40.47 W, 40, 0x0000000000000000
2026/10/03 17:28:04.740, 2520 MHz, 10251 MHz, 40.47 W, 40, 0x0000000000000000
2026/10/03 17:28:04.940, 2520 MHz, 10251 MHz, 40.47 W, 40, 0x0000000000000000
2026/10/03 17:28:05.140, 2745 MHz, 10251 MHz, 131.30 W, 47, 0x0000000000000000
2026/10/03 17:28:05.341, 2745 MHz, 10251 MHz, 131.30 W, 47, 0x0000000000000000
2026/10/03 17:28:05.541, 2730 MHz, 10251 MHz, 139.03 W, 57, 0x0000000000000000
2026/10/03 17:28:05.741, 2730 MHz, 10251 MHz, 139.03 W, 57, 0x0000000000000000
2026/10/03 17:28:05.941, 2730 MHz, 10251 MHz, 139.03 W, 57, 0x0000000000000000
2026/10/03 17:28:06.141, 2625 MHz, 10251 MHz, 194.78 W, 62, 0x0000000000000004
2026/10/03 17:28:06.341, 2625 MHz, 10251 MHz, 194.78 W, 62, 0x0000000000000004
2026/10/03 17:28:06.541, 2730 MHz, 10251 MHz, 179.81 W, 53, 0x0000000000000000
2026/10/03 17:28:06.742, 2730 MHz, 10251 MHz, 179.81 W, 53, 0x0000000000000000
2026/10/03 17:28:06.942, 2730 MHz, 10251 MHz, 179.81 W, 53, 0x0000000000000000
2026/10/03 17:28:07.142, 2745 MHz, 10501 MHz, 48.69 W, 46, 0x0000000000000000
2026/10/03 17:28:07.342, 2745 MHz, 10501 MHz, 48.69 W, 46, 0x0000000000000000
2026/10/03 17:28:07.543, 2745 MHz, 10501 MHz, 45.65 W, 44, 0x0000000000000000
2026/10/03 17:28:07.743, 2745 MHz, 10501 MHz, 45.65 W, 44, 0x0000000000000000
2026/10/03 17:28:07.943, 2745 MHz, 10501 MHz, 45.65 W, 44, 0x0000000000000000
2026/10/03 17:28:08.143, 2745 MHz, 10501 MHz, 47.50 W, 44, 0x0000000000000000
2026/10/03 17:28:08.343, 2745 MHz, 10501 MHz, 47.50 W, 44, 0x0000000000000000
2026/10/03 17:28:08.543, 705 MHz, 5001 MHz, 28.35 W, 43, 0x0000000000000001
2026/10/03 17:28:08.743, 705 MHz, 5001 MHz, 28.35 W, 43, 0x0000000000000001
2026/10/03 17:28:08.944, 705 MHz, 5001 MHz, 28.35 W, 43, 0x0000000000000001
2026/10/03 17:28:09.144, 555 MHz, 5001 MHz, 22.88 W, 42, 0x0000000000000001
2026/10/03 17:28:09.344, 555 MHz, 5001 MHz, 22.88 W, 42, 0x0000000000000001
2026/10/03 17:28:09.544, 480 MHz, 5001 MHz, 22.63 W, 42, 0x0000000000000001
2026/10/03 17:28:09.745, 480 MHz, 5001 MHz, 22.63 W, 42, 0x0000000000000001
2026/10/03 17:28:09.945, 480 MHz, 5001 MHz, 22.63 W, 42, 0x0000000000000001
2026/10/03 17:28:10.145, 375 MHz, 5001 MHz, 22.63 W, 42, 0x0000000000000001
2026/10/03 17:28:10.346, 375 MHz, 5001 MHz, 22.63 W, 42, 0x0000000000000001
2026/10/03 17:28:10.546, 315 MHz, 5001 MHz, 22.58 W, 42, 0x0000000000000001
2026/10/03 17:28:10.746, 315 MHz, 5001 MHz, 22.58 W, 42, 0x0000000000000001
2026/10/03 17:28:10.946, 315 MHz, 5001 MHz, 22.58 W, 42, 0x0000000000000001
2026/10/03 17:28:11.147, 255 MHz, 5001 MHz, 22.61 W, 42, 0x0000000000000001
2026/10/03 17:28:11.347, 255 MHz, 5001 MHz, 22.61 W, 42, 0x0000000000000001
2026/10/03 17:28:11.547, 225 MHz, 5001 MHz, 22.59 W, 42, 0x0000000000000001
2026/10/03 17:28:11.748, 225 MHz, 5001 MHz, 22.59 W, 42, 0x0000000000000001
2026/10/03 17:28:11.948, 225 MHz, 5001 MHz, 22.59 W, 42, 0x0000000000000001
2026/10/03 17:28:12.148, 210 MHz, 5001 MHz, 22.56 W, 42, 0x0000000000000001
2026/10/03 17:28:12.348, 210 MHz, 5001 MHz, 22.56 W, 42, 0x0000000000000001
2026/10/03 17:28:12.548, 210 MHz, 810 MHz, 18.41 W, 41, 0x0000000000000001
2026/10/03 17:28:12.748, 210 MHz, 810 MHz, 18.41 W, 41, 0x0000000000000001
2026/10/03 17:28:12.949, 210 MHz, 810 MHz, 18.41 W, 41, 0x0000000000000001
2026/10/03 17:28:13.149, 210 MHz, 810 MHz, 19.09 W, 41, 0x0000000000000001
2026/10/03 17:28:13.349, 210 MHz, 810 MHz, 19.09 W, 41, 0x0000000000000001
2026/10/03 17:28:13.549, 210 MHz, 810 MHz, 20.12 W, 42, 0x0000000000000001
2026/10/03 17:28:13.749, 210 MHz, 810 MHz, 20.12 W, 42, 0x0000000000000001
2026/10/03 17:28:13.949, 210 MHz, 810 MHz, 20.12 W, 42, 0x0000000000000001
2026/10/03 17:28:14.149, 210 MHz, 405 MHz, 19.13 W, 41, 0x0000000000000001
2026/10/03 17:28:14.349, 210 MHz, 405 MHz, 19.13 W, 41, 0x0000000000000001
2026/10/03 17:28:14.550, 210 MHz, 405 MHz, 11.88 W, 41, 0x0000000000000001
2026/10/03 17:28:14.750, 210 MHz, 405 MHz, 11.88 W, 41, 0x0000000000000001
2026/10/03 17:28:14.950, 210 MHz, 405 MHz, 11.88 W, 41, 0x0000000000000001
2026/10/03 17:28:15.150, 210 MHz, 405 MHz, 11.94 W, 41, 0x0000000000000001
2026/10/03 17:28:15.350, 210 MHz, 405 MHz, 11.94 W, 41, 0x0000000000000001
2026/10/03 17:28:15.551, 210 MHz, 405 MHz, 11.99 W, 41, 0x0000000000000001
2026/10/03 17:28:15.751, 210 MHz, 405 MHz, 11.99 W, 41, 0x0000000000000001
2026/10/03 17:28:15.951, 210 MHz, 405 MHz, 11.99 W, 41, 0x0000000000000001
2026/10/03 17:28:16.151, 210 MHz, 405 MHz, 12.44 W, 41, 0x0000000000000001
2026/10/03 17:28:16.351, 210 MHz, 405 MHz, 12.44 W, 41, 0x0000000000000001
2026/10/03 17:28:16.551, 210 MHz, 405 MHz, 12.07 W, 41, 0x0000000000000001
2026/10/03 17:28:16.751, 210 MHz, 405 MHz, 12.07 W, 41, 0x0000000000000001
2026/10/03 17:28:16.951, 210 MHz, 405 MHz, 12.07 W, 41, 0x0000000000000001
2026/10/03 17:28:17.152, 210 MHz, 405 MHz, 12.29 W, 41, 0x0000000000000001
2026/10/03 17:28:17.352, 210 MHz, 405 MHz, 12.29 W, 41, 0x0000000000000001
2026/10/03 17:28:17.552, 210 MHz, 405 MHz, 12.47 W, 41, 0x0000000000000001
2026/10/03 17:28:17.752, 210 MHz, 405 MHz, 12.47 W, 41, 0x0000000000000001
2026/10/03 17:28:17.952, 210 MHz, 405 MHz, 12.47 W, 41, 0x0000000000000001
2026/10/03 17:28:18.152, 210 MHz, 405 MHz, 12.02 W, 41, 0x0000000000000001
2026/10/03 17:28:18.352, 210 MHz, 405 MHz, 12.02 W, 41, 0x0000000000000001
2026/10/03 17:28:18.553, 210 MHz, 405 MHz, 12.03 W, 41, 0x0000000000000001
2026/10/03 17:28:18.753, 210 MHz, 405 MHz, 12.03 W, 41, 0x0000000000000001
2026/10/03 17:28:18.953, 210 MHz, 405 MHz, 12.03 W, 41, 0x0000000000000001
2026/10/03 17:28:19.153, 210 MHz, 405 MHz, 12.24 W, 41, 0x0000000000000001
2026/10/03 17:28:19.353, 210 MHz, 405 MHz, 12.24 W, 41, 0x0000000000000001
2026/10/03 17:28:19.553, 210 MHz, 405 MHz, 12.29 W, 41, 0x0000000000000001
2026/10/03 17:28:19.753, 210 MHz, 405 MHz, 12.29 W, 41, 0x0000000000000001
2026/10/03 17:28:19.954, 210 MHz, 405 MHz, 12.29 W, 41, 0x0000000000000001
2026/10/03 17:28:20.154, 210 MHz, 405 MHz, 11.99 W, 41, 0x0000000000000001
2026/10/03 17:28:20.354, 210 MHz, 405 MHz, 11.99 W, 41, 0x0000000000000001
2026/10/03 17:28:20.554, 210 MHz, 405 MHz, 12.13 W, 41, 0x0000000000000001
2026/10/03 17:28:20.754, 210 MHz, 405 MHz, 12.13 W, 41, 0x0000000000000001
2026/10/03 17:28:20.954, 210 MHz, 405 MHz, 12.13 W, 41, 0x0000000000000001
2026/10/03 17:28:21.154, 210 MHz, 405 MHz, 12.09 W, 41, 0x0000000000000001
2026/10/03 17:28:21.354, 210 MHz, 405 MHz, 12.09 W, 41, 0x0000000000000001
2026/10/03 17:28:21.555, 210 MHz, 405 MHz, 11.91 W, 41, 0x0000000000000001
2026/10/03 17:28:21.755, 210 MHz, 405 MHz, 11.91 W, 41, 0x0000000000000001
2026/10/03 17:28:21.955, 210 MHz, 405 MHz, 11.91 W, 41, 0x0000000000000001
2026/10/03 17:28:22.155, 210 MHz, 405 MHz, 11.85 W, 41, 0x0000000000000001
2026/10/03 17:28:22.355, 210 MHz, 405 MHz, 11.85 W, 41, 0x0000000000000001
2026/10/03 17:28:22.556, 210 MHz, 405 MHz, 11.99 W, 41, 0x0000000000000001
2026/10/03 17:28:22.756, 210 MHz, 405 MHz, 11.99 W, 41, 0x0000000000000001
2026/10/03 17:28:22.956, 210 MHz, 405 MHz, 11.99 W, 41, 0x0000000000000001
2026/10/03 17:28:23.156, 210 MHz, 405 MHz, 11.94 W, 41, 0x0000000000000001
2026/10/03 17:28:23.357, 210 MHz, 405 MHz, 11.94 W, 41, 0x0000000000000001
2026/10/03 17:28:23.557, 210 MHz, 405 MHz, 12.03 W, 41, 0x0000000000000001
2026/10/03 17:28:23.758, 210 MHz, 405 MHz, 12.03 W, 41, 0x0000000000000001
2026/10/03 17:28:23.958, 210 MHz, 405 MHz, 12.03 W, 41, 0x0000000000000001
2026/10/03 17:28:24.158, 210 MHz, 405 MHz, 12.02 W, 41, 0x0000000000000001
2026/10/03 17:28:24.358, 210 MHz, 405 MHz, 12.02 W, 41, 0x0000000000000001
2026/10/03 17:28:24.558, 210 MHz, 405 MHz, 12.08 W, 41, 0x0000000000000001
2026/10/03 17:28:24.759, 210 MHz, 405 MHz, 12.08 W, 41, 0x0000000000000001
2026/10/03 17:28:24.959, 210 MHz, 405 MHz, 12.08 W, 41, 0x0000000000000001
2026/10/03 17:28:25.159, 210 MHz, 405 MHz, 12.25 W, 41, 0x0000000000000001
2026/10/03 17:28:25.359, 210 MHz, 405 MHz, 12.25 W, 41, 0x0000000000000001
2026/10/03 17:28:25.559, 210 MHz, 405 MHz, 11.99 W, 41, 0x0000000000000001
2026/10/03 17:28:25.759, 210 MHz, 405 MHz, 11.99 W, 41, 0x0000000000000001
2026/10/03 17:28:25.960, 210 MHz, 405 MHz, 11.99 W, 41, 0x0000000000000001
2026/10/03 17:28:26.160, 210 MHz, 405 MHz, 12.05 W, 41, 0x0000000000000001
2026/10/03 17:28:26.360, 210 MHz, 405 MHz, 12.05 W, 41, 0x0000000000000001
2026/10/03 17:28:26.560, 210 MHz, 405 MHz, 11.98 W, 41, 0x0000000000000001
2026/10/03 17:28:26.760, 210 MHz, 405 MHz, 11.98 W, 41, 0x0000000000000001
2026/10/03 17:28:26.960, 210 MHz, 405 MHz, 11.98 W, 41, 0x0000000000000001
2026/10/03 17:28:27.161, 210 MHz, 405 MHz, 12.24 W, 41, 0x0000000000000001
2026/10/03 17:28:27.361, 210 MHz, 405 MHz, 12.24 W, 41, 0x0000000000000001
2026/10/03 17:28:27.561, 210 MHz, 405 MHz, 12.03 W, 41, 0x0000000000000000
2026/10/03 17:28:27.761, 210 MHz, 405 MHz, 12.03 W, 41, 0x0000000000000000
2026/10/03 17:28:27.961, 210 MHz, 405 MHz, 12.03 W, 41, 0x0000000000000000
2026/10/03 17:28:28.161, 2745 MHz, 10251 MHz, 111.25 W, 47, 0x0000000000000000
2026/10/03 17:28:28.362, 2745 MHz, 10251 MHz, 111.25 W, 47, 0x0000000000000000
2026/10/03 17:28:28.562, 2730 MHz, 10251 MHz, 134.98 W, 51, 0x0000000000000000
2026/10/03 17:28:28.762, 2730 MHz, 10251 MHz, 134.98 W, 51, 0x0000000000000000
2026/10/03 17:28:28.962, 2730 MHz, 10251 MHz, 134.98 W, 51, 0x0000000000000000
2026/10/03 17:28:29.162, 2730 MHz, 10251 MHz, 140.23 W, 52, 0x0000000000000000
2026/10/03 17:28:29.362, 2730 MHz, 10251 MHz, 140.23 W, 52, 0x0000000000000000
2026/10/03 17:28:29.562, 2730 MHz, 10251 MHz, 162.50 W, 56, 0x0000000000000000
2026/10/03 17:28:29.762, 2730 MHz, 10251 MHz, 162.50 W, 56, 0x0000000000000000
2026/10/03 17:28:29.963, 2730 MHz, 10251 MHz, 162.50 W, 56, 0x0000000000000000
2026/10/03 17:28:30.163, 2730 MHz, 10251 MHz, 161.80 W, 57, 0x0000000000000000
2026/10/03 17:28:30.363, 2730 MHz, 10251 MHz, 161.80 W, 57, 0x0000000000000000
2026/10/03 17:28:30.563, 2730 MHz, 10251 MHz, 173.04 W, 61, 0x0000000000000004
2026/10/03 17:28:30.763, 2730 MHz, 10251 MHz, 173.04 W, 61, 0x0000000000000004
2026/10/03 17:28:30.963, 2730 MHz, 10251 MHz, 173.04 W, 61, 0x0000000000000004
2026/10/03 17:28:31.163, 2715 MHz, 10251 MHz, 208.52 W, 64, 0x0000000000000000
2026/10/03 17:28:31.363, 2715 MHz, 10251 MHz, 208.52 W, 64, 0x0000000000000000
2026/10/03 17:28:31.564, 2715 MHz, 10251 MHz, 208.56 W, 67, 0x0000000000000004
2026/10/03 17:28:31.764, 2715 MHz, 10251 MHz, 208.56 W, 67, 0x0000000000000004
2026/10/03 17:28:31.964, 2715 MHz, 10251 MHz, 208.56 W, 67, 0x0000000000000004
2026/10/03 17:28:32.164, 2625 MHz, 10251 MHz, 206.38 W, 70, 0x0000000000000004
2026/10/03 17:28:32.364, 2625 MHz, 10251 MHz, 206.38 W, 70, 0x0000000000000004
2026/10/03 17:28:32.564, 2670 MHz, 10251 MHz, 218.02 W, 70, 0x0000000000000004
2026/10/03 17:28:32.764, 2670 MHz, 10251 MHz, 218.02 W, 70, 0x0000000000000004
2026/10/03 17:28:32.964, 2670 MHz, 10251 MHz, 218.02 W, 70, 0x0000000000000004
2026/10/03 17:28:33.165, 2640 MHz, 10251 MHz, 218.83 W, 70, 0x0000000000000004
2026/10/03 17:28:33.365, 2640 MHz, 10251 MHz, 218.83 W, 70, 0x0000000000000004
2026/10/03 17:28:33.565, 2715 MHz, 10251 MHz, 155.95 W, 57, 0x0000000000000000
2026/10/03 17:28:33.765, 2715 MHz, 10251 MHz, 155.95 W, 57, 0x0000000000000000
2026/10/03 17:28:33.965, 2715 MHz, 10251 MHz, 155.95 W, 57, 0x0000000000000000
2026/10/03 17:28:34.165, 2730 MHz, 10501 MHz, 46.94 W, 50, 0x0000000000000000
2026/10/03 17:28:34.365, 2730 MHz, 10501 MHz, 46.94 W, 50, 0x0000000000000000
2026/10/03 17:28:34.566, 2730 MHz, 10501 MHz, 47.79 W, 50, 0x0000000000000000
2026/10/03 17:28:34.766, 2730 MHz, 10501 MHz, 47.79 W, 50, 0x0000000000000000
2026/10/03 17:28:34.966, 2730 MHz, 10501 MHz, 47.79 W, 50, 0x0000000000000000
2026/10/03 17:28:35.166, 2730 MHz, 10501 MHz, 46.63 W, 49, 0x0000000000000000
2026/10/03 17:28:35.366, 2730 MHz, 10501 MHz, 46.63 W, 49, 0x0000000000000000
2026/10/03 17:28:35.566, 870 MHz, 5001 MHz, 23.27 W, 47, 0x0000000000000001
2026/10/03 17:28:35.766, 870 MHz, 5001 MHz, 23.27 W, 47, 0x0000000000000001
2026/10/03 17:28:35.967, 870 MHz, 5001 MHz, 23.27 W, 47, 0x0000000000000001
2026/10/03 17:28:36.167, 675 MHz, 5001 MHz, 23.17 W, 46, 0x0000000000000001
2026/10/03 17:28:36.367, 675 MHz, 5001 MHz, 23.17 W, 46, 0x0000000000000001
2026/10/03 17:28:36.567, 585 MHz, 5001 MHz, 23.00 W, 46, 0x0000000000000001
2026/10/03 17:28:36.767, 585 MHz, 5001 MHz, 23.00 W, 46, 0x0000000000000001
2026/10/03 17:28:36.968, 585 MHz, 5001 MHz, 23.00 W, 46, 0x0000000000000001
2026/10/03 17:28:37.168, 450 MHz, 5001 MHz, 22.87 W, 46, 0x0000000000000001
2026/10/03 17:28:37.368, 450 MHz, 5001 MHz, 22.87 W, 46, 0x0000000000000001
2026/10/03 17:28:37.568, 375 MHz, 5001 MHz, 22.83 W, 45, 0x0000000000000001
2026/10/03 17:28:37.768, 375 MHz, 5001 MHz, 22.83 W, 45, 0x0000000000000001
2026/10/03 17:28:37.968, 375 MHz, 5001 MHz, 22.83 W, 45, 0x0000000000000001
2026/10/03 17:28:38.168, 300 MHz, 5001 MHz, 23.58 W, 45, 0x0000000000000001
2026/10/03 17:28:38.369, 300 MHz, 5001 MHz, 23.58 W, 45, 0x0000000000000001
2026/10/03 17:28:38.569, 270 MHz, 5001 MHz, 22.95 W, 45, 0x0000000000000001
2026/10/03 17:28:38.769, 270 MHz, 5001 MHz, 22.95 W, 45, 0x0000000000000001
2026/10/03 17:28:38.969, 270 MHz, 5001 MHz, 22.95 W, 45, 0x0000000000000001
2026/10/03 17:28:39.169, 225 MHz, 5001 MHz, 22.77 W, 45, 0x0000000000000001
2026/10/03 17:28:39.369, 225 MHz, 5001 MHz, 22.77 W, 45, 0x0000000000000001
2026/10/03 17:28:39.570, 210 MHz, 810 MHz, 19.61 W, 45, 0x0000000000000001
2026/10/03 17:28:39.770, 210 MHz, 810 MHz, 19.61 W, 45, 0x0000000000000001
2026/10/03 17:28:39.970, 210 MHz, 810 MHz, 19.61 W, 45, 0x0000000000000001
2026/10/03 17:28:40.170, 210 MHz, 810 MHz, 19.49 W, 45, 0x0000000000000001
2026/10/03 17:28:40.370, 210 MHz, 810 MHz, 19.49 W, 45, 0x0000000000000001
2026/10/03 17:28:40.571, 210 MHz, 810 MHz, 19.55 W, 44, 0x0000000000000001
2026/10/03 17:28:40.771, 210 MHz, 810 MHz, 19.55 W, 44, 0x0000000000000001
2026/10/03 17:28:40.971, 210 MHz, 810 MHz, 19.55 W, 44, 0x0000000000000001
2026/10/03 17:28:41.171, 210 MHz, 405 MHz, 13.30 W, 44, 0x0000000000000001
2026/10/03 17:28:41.371, 210 MHz, 405 MHz, 13.30 W, 44, 0x0000000000000001
2026/10/03 17:28:41.571, 210 MHz, 405 MHz, 12.25 W, 44, 0x0000000000000001
2026/10/03 17:28:41.771, 210 MHz, 405 MHz, 12.25 W, 44, 0x0000000000000001
2026/10/03 17:28:41.972, 210 MHz, 405 MHz, 12.25 W, 44, 0x0000000000000001
2026/10/03 17:28:42.172, 210 MHz, 405 MHz, 12.42 W, 44, 0x0000000000000001
2026/10/03 17:28:42.372, 210 MHz, 405 MHz, 12.42 W, 44, 0x0000000000000001
2026/10/03 17:28:42.572, 210 MHz, 405 MHz, 12.31 W, 44, 0x0000000000000001
2026/10/03 17:28:42.772, 210 MHz, 405 MHz, 12.31 W, 44, 0x0000000000000001
2026/10/03 17:28:42.972, 210 MHz, 405 MHz, 12.31 W, 44, 0x0000000000000001
2026/10/03 17:28:43.173, 210 MHz, 405 MHz, 12.13 W, 43, 0x0000000000000001
2026/10/03 17:28:43.373, 210 MHz, 405 MHz, 12.13 W, 43, 0x0000000000000001
2026/10/03 17:28:43.573, 210 MHz, 405 MHz, 12.26 W, 43, 0x0000000000000001
2026/10/03 17:28:43.773, 210 MHz, 405 MHz, 12.26 W, 43, 0x0000000000000001
2026/10/03 17:28:43.974, 210 MHz, 405 MHz, 12.26 W, 43, 0x0000000000000001
2026/10/03 17:28:44.174, 210 MHz, 405 MHz, 12.23 W, 43, 0x0000000000000001
2026/10/03 17:28:44.374, 210 MHz, 405 MHz, 12.23 W, 43, 0x0000000000000001
2026/10/03 17:28:44.574, 210 MHz, 405 MHz, 12.16 W, 43, 0x0000000000000001
2026/10/03 17:28:44.774, 210 MHz, 405 MHz, 12.16 W, 43, 0x0000000000000001
2026/10/03 17:28:44.974, 210 MHz, 405 MHz, 12.16 W, 43, 0x0000000000000001
2026/10/03 17:28:45.174, 210 MHz, 405 MHz, 12.68 W, 43, 0x0000000000000001
2026/10/03 17:28:45.375, 210 MHz, 405 MHz, 12.68 W, 43, 0x0000000000000001
2026/10/03 17:28:45.575, 210 MHz, 405 MHz, 12.92 W, 43, 0x0000000000000001
2026/10/03 17:28:45.775, 210 MHz, 405 MHz, 12.92 W, 43, 0x0000000000000001
2026/10/03 17:28:45.975, 210 MHz, 405 MHz, 12.92 W, 43, 0x0000000000000001
2026/10/03 17:28:46.176, 210 MHz, 405 MHz, 12.07 W, 43, 0x0000000000000001
2026/10/03 17:28:46.376, 210 MHz, 405 MHz, 12.07 W, 43, 0x0000000000000001
2026/10/03 17:28:46.576, 210 MHz, 405 MHz, 12.19 W, 43, 0x0000000000000001
2026/10/03 17:28:46.776, 210 MHz, 405 MHz, 12.19 W, 43, 0x0000000000000001
2026/10/03 17:28:46.977, 210 MHz, 405 MHz, 12.19 W, 43, 0x0000000000000001
2026/10/03 17:28:47.177, 210 MHz, 405 MHz, 12.15 W, 43, 0x0000000000000001
2026/10/03 17:28:47.377, 210 MHz, 405 MHz, 12.15 W, 43, 0x0000000000000001
2026/10/03 17:28:47.577, 210 MHz, 405 MHz, 12.19 W, 42, 0x0000000000000001
2026/10/03 17:28:47.778, 210 MHz, 405 MHz, 12.19 W, 42, 0x0000000000000001
2026/10/03 17:28:47.978, 210 MHz, 405 MHz, 12.19 W, 42, 0x0000000000000001
2026/10/03 17:28:48.178, 210 MHz, 405 MHz, 12.78 W, 42, 0x0000000000000001
2026/10/03 17:28:48.378, 210 MHz, 405 MHz, 12.78 W, 42, 0x0000000000000001
2026/10/03 17:28:48.578, 210 MHz, 405 MHz, 12.15 W, 42, 0x0000000000000001
2026/10/03 17:28:48.778, 210 MHz, 405 MHz, 12.15 W, 42, 0x0000000000000001
2026/10/03 17:28:48.979, 210 MHz, 405 MHz, 12.15 W, 42, 0x0000000000000001
2026/10/03 17:28:49.179, 210 MHz, 405 MHz, 12.18 W, 42, 0x0000000000000001
2026/10/03 17:28:49.379, 210 MHz, 405 MHz, 12.18 W, 42, 0x0000000000000001
2026/10/03 17:28:49.579, 210 MHz, 405 MHz, 12.57 W, 42, 0x0000000000000001
2026/10/03 17:28:49.779, 210 MHz, 405 MHz, 12.57 W, 42, 0x0000000000000001
2026/10/03 17:28:49.980, 210 MHz, 405 MHz, 12.19 W, 42, 0x0000000000000001
2026/10/03 17:28:50.180, 210 MHz, 405 MHz, 12.19 W, 42, 0x0000000000000001
2026/10/03 17:28:50.380, 210 MHz, 405 MHz, 12.19 W, 42, 0x0000000000000001
2026/10/03 17:28:50.580, 210 MHz, 405 MHz, 12.15 W, 42, 0x0000000000000001
2026/10/03 17:28:50.780, 210 MHz, 405 MHz, 12.15 W, 42, 0x0000000000000001
2026/10/03 17:28:50.981, 210 MHz, 405 MHz, 12.26 W, 42, 0x0000000000000001
2026/10/03 17:28:51.181, 210 MHz, 405 MHz, 12.26 W, 42, 0x0000000000000001
2026/10/03 17:28:51.381, 210 MHz, 405 MHz, 12.26 W, 42, 0x0000000000000001
2026/10/03 17:28:51.581, 210 MHz, 405 MHz, 13.10 W, 42, 0x0000000000000001
2026/10/03 17:28:51.781, 210 MHz, 405 MHz, 13.10 W, 42, 0x0000000000000001
2026/10/03 17:28:51.981, 210 MHz, 405 MHz, 12.08 W, 42, 0x0000000000000001
2026/10/03 17:28:52.182, 210 MHz, 405 MHz, 12.08 W, 42, 0x0000000000000001
2026/10/03 17:28:52.382, 210 MHz, 405 MHz, 12.08 W, 42, 0x0000000000000001
2026/10/03 17:28:52.582, 210 MHz, 405 MHz, 12.31 W, 41, 0x0000000000000001
2026/10/03 17:28:52.782, 210 MHz, 405 MHz, 12.31 W, 41, 0x0000000000000001
2026/10/03 17:28:52.982, 210 MHz, 405 MHz, 12.25 W, 41, 0x0000000000000001
2026/10/03 17:28:53.182, 210 MHz, 405 MHz, 12.25 W, 41, 0x0000000000000001
2026/10/03 17:28:53.382, 210 MHz, 405 MHz, 12.25 W, 41, 0x0000000000000001
2026/10/03 17:28:53.582, 210 MHz, 405 MHz, 12.42 W, 41, 0x0000000000000001
2026/10/03 17:28:53.783, 210 MHz, 405 MHz, 12.42 W, 41, 0x0000000000000001
2026/10/03 17:28:53.983, 210 MHz, 405 MHz, 12.29 W, 41, 0x0000000000000001
2026/10/03 17:28:54.183, 210 MHz, 405 MHz, 12.29 W, 41, 0x0000000000000001
2026/10/03 17:28:54.383, 210 MHz, 405 MHz, 12.29 W, 41, 0x0000000000000001
2026/10/03 17:28:54.583, 2520 MHz, 10501 MHz, 16.08 W, 41, 0x0000000000000000
2026/10/03 17:28:54.783, 2520 MHz, 10501 MHz, 16.08 W, 41, 0x0000000000000000
2026/10/03 17:28:54.983, 2745 MHz, 10251 MHz, 129.03 W, 47, 0x0000000000000000
2026/10/03 17:28:55.183, 2745 MHz, 10251 MHz, 129.03 W, 47, 0x0000000000000000
2026/10/03 17:28:55.384, 2745 MHz, 10251 MHz, 129.03 W, 47, 0x0000000000000000
2026/10/03 17:28:55.584, 2745 MHz, 10251 MHz, 145.51 W, 52, 0x0000000000000000
2026/10/03 17:28:55.784, 2745 MHz, 10251 MHz, 145.51 W, 52, 0x0000000000000000
2026/10/03 17:28:55.984, 2715 MHz, 10251 MHz, 170.84 W, 57, 0x0000000000000000
2026/10/03 17:28:56.184, 2715 MHz, 10251 MHz, 170.84 W, 57, 0x0000000000000000
2026/10/03 17:28:56.384, 2715 MHz, 10251 MHz, 170.84 W, 57, 0x0000000000000000
2026/10/03 17:28:56.585, 2715 MHz, 10251 MHz, 209.68 W, 64, 0x0000000000000004
2026/10/03 17:28:56.785, 2715 MHz, 10251 MHz, 209.68 W, 64, 0x0000000000000004
2026/10/03 17:28:56.985, 2730 MHz, 10501 MHz, 46.60 W, 48, 0x0000000000000000
2026/10/03 17:28:57.185, 2730 MHz, 10501 MHz, 46.60 W, 48, 0x0000000000000000
2026/10/03 17:28:57.385, 2730 MHz, 10501 MHz, 46.60 W, 48, 0x0000000000000000
2026/10/03 17:28:57.585, 2745 MHz, 10501 MHz, 46.38 W, 46, 0x0000000000000000
2026/10/03 17:28:57.785, 2745 MHz, 10501 MHz, 46.38 W, 46, 0x0000000000000000
2026/10/03 17:28:57.985, 2745 MHz, 10501 MHz, 46.17 W, 45, 0x0000000000000000
2026/10/03 17:28:58.186, 2745 MHz, 10501 MHz, 46.17 W, 45, 0x0000000000000000
2026/10/03 17:28:58.386, 2745 MHz, 10501 MHz, 46.17 W, 45, 0x0000000000000000
2026/10/03 17:28:58.586, 2745 MHz, 10501 MHz, 46.17 W, 45, 0x0000000000000000
2026/10/03 17:28:58.786, 2745 MHz, 10501 MHz, 46.17 W, 45, 0x0000000000000000
2026/10/03 17:28:58.986, 585 MHz, 5001 MHz, 23.92 W, 43, 0x0000000000000001
2026/10/03 17:28:59.186, 585 MHz, 5001 MHz, 23.92 W, 43, 0x0000000000000001
2026/10/03 17:28:59.386, 585 MHz, 5001 MHz, 23.92 W, 43, 0x0000000000000001
2026/10/03 17:28:59.586, 510 MHz, 5001 MHz, 23.79 W, 43, 0x0000000000000001
2026/10/03 17:28:59.787, 510 MHz, 5001 MHz, 23.79 W, 43, 0x0000000000000001
2026/10/03 17:28:59.987, 405 MHz, 5001 MHz, 22.71 W, 42, 0x0000000000000001
2026/10/03 17:29:00.187, 405 MHz, 5001 MHz, 22.71 W, 42, 0x0000000000000001
2026/10/03 17:29:00.387, 405 MHz, 5001 MHz, 22.71 W, 42, 0x0000000000000001
2026/10/03 17:29:00.587, 345 MHz, 5001 MHz, 22.77 W, 42, 0x0000000000000001
2026/10/03 17:29:00.787, 345 MHz, 5001 MHz, 22.77 W, 42, 0x0000000000000001
2026/10/03 17:29:00.987, 285 MHz, 5001 MHz, 23.35 W, 42, 0x0000000000000001
2026/10/03 17:29:01.188, 285 MHz, 5001 MHz, 23.35 W, 42, 0x0000000000000001
2026/10/03 17:29:01.388, 285 MHz, 5001 MHz, 23.35 W, 42, 0x0000000000000001
2026/10/03 17:29:01.588, 240 MHz, 5001 MHz, 22.64 W, 42, 0x0000000000000001
2026/10/03 17:29:01.788, 240 MHz, 5001 MHz, 22.64 W, 42, 0x0000000000000001
2026/10/03 17:29:01.988, 210 MHz, 810 MHz, 19.34 W, 42, 0x0000000000000001
2026/10/03 17:29:02.188, 210 MHz, 810 MHz, 19.34 W, 42, 0x0000000000000001
2026/10/03 17:29:02.388, 210 MHz, 810 MHz, 19.34 W, 42, 0x0000000000000001
2026/10/03 17:29:02.589, 210 MHz, 810 MHz, 18.82 W, 42, 0x0000000000000001
2026/10/03 17:29:02.789, 210 MHz, 810 MHz, 18.82 W, 42, 0x0000000000000001
2026/10/03 17:29:02.989, 210 MHz, 810 MHz, 19.32 W, 42, 0x0000000000000001
2026/10/03 17:29:03.189, 210 MHz, 810 MHz, 19.32 W, 42, 0x0000000000000001
2026/10/03 17:29:03.389, 210 MHz, 810 MHz, 19.32 W, 42, 0x0000000000000001
2026/10/03 17:29:03.589, 210 MHz, 810 MHz, 19.28 W, 41, 0x0000000000000001
2026/10/03 17:29:03.789, 210 MHz, 810 MHz, 19.28 W, 41, 0x0000000000000001
2026/10/03 17:29:03.990, 210 MHz, 405 MHz, 12.16 W, 41, 0x0000000000000001
2026/10/03 17:29:04.190, 210 MHz, 405 MHz, 12.16 W, 41, 0x0000000000000001
2026/10/03 17:29:04.390, 210 MHz, 405 MHz, 12.16 W, 41, 0x0000000000000001
2026/10/03 17:29:04.590, 210 MHz, 405 MHz, 12.11 W, 41, 0x0000000000000001
2026/10/03 17:29:04.791, 210 MHz, 405 MHz, 12.11 W, 41, 0x0000000000000001
2026/10/03 17:29:04.991, 210 MHz, 405 MHz, 12.24 W, 41, 0x0000000000000001
2026/10/03 17:29:05.192, 210 MHz, 405 MHz, 12.24 W, 41, 0x0000000000000001
2026/10/03 17:29:05.392, 210 MHz, 405 MHz, 12.24 W, 41, 0x0000000000000001
2026/10/03 17:29:05.592, 210 MHz, 405 MHz, 12.09 W, 41, 0x0000000000000001
2026/10/03 17:29:05.793, 210 MHz, 405 MHz, 12.09 W, 41, 0x0000000000000001
2026/10/03 17:29:05.993, 210 MHz, 405 MHz, 12.11 W, 41, 0x0000000000000001
2026/10/03 17:29:06.193, 210 MHz, 405 MHz, 12.11 W, 41, 0x0000000000000001
2026/10/03 17:29:06.393, 210 MHz, 405 MHz, 12.11 W, 41, 0x0000000000000001
2026/10/03 17:29:06.593, 210 MHz, 405 MHz, 12.12 W, 41, 0x0000000000000001
2026/10/03 17:29:06.793, 210 MHz, 405 MHz, 12.12 W, 41, 0x0000000000000001
2026/10/03 17:29:06.994, 210 MHz, 405 MHz, 11.96 W, 41, 0x0000000000000001
2026/10/03 17:29:07.194, 210 MHz, 405 MHz, 11.96 W, 41, 0x0000000000000001
2026/10/03 17:29:07.394, 210 MHz, 405 MHz, 11.96 W, 41, 0x0000000000000001
2026/10/03 17:29:07.595, 210 MHz, 405 MHz, 12.04 W, 41, 0x0000000000000001
2026/10/03 17:29:07.795, 210 MHz, 405 MHz, 12.04 W, 41, 0x0000000000000001
2026/10/03 17:29:07.995, 210 MHz, 405 MHz, 12.07 W, 40, 0x0000000000000001
2026/10/03 17:29:08.196, 210 MHz, 405 MHz, 12.07 W, 40, 0x0000000000000001
2026/10/03 17:29:08.396, 210 MHz, 405 MHz, 12.07 W, 40, 0x0000000000000001
2026/10/03 17:29:08.596, 210 MHz, 405 MHz, 12.10 W, 40, 0x0000000000000001
2026/10/03 17:29:08.796, 210 MHz, 405 MHz, 12.10 W, 40, 0x0000000000000001
2026/10/03 17:29:08.996, 210 MHz, 405 MHz, 12.83 W, 40, 0x0000000000000001
2026/10/03 17:29:09.196, 210 MHz, 405 MHz, 12.83 W, 40, 0x0000000000000001
2026/10/03 17:29:09.397, 210 MHz, 405 MHz, 12.83 W, 40, 0x0000000000000001
2026/10/03 17:29:09.597, 210 MHz, 405 MHz, 12.18 W, 40, 0x0000000000000001
2026/10/03 17:29:09.797, 210 MHz, 405 MHz, 12.18 W, 40, 0x0000000000000001
2026/10/03 17:29:09.997, 210 MHz, 405 MHz, 12.02 W, 40, 0x0000000000000001
2026/10/03 17:29:10.197, 210 MHz, 405 MHz, 12.02 W, 40, 0x0000000000000001
2026/10/03 17:29:10.398, 210 MHz, 405 MHz, 12.02 W, 40, 0x0000000000000001
2026/10/03 17:29:10.598, 210 MHz, 405 MHz, 12.16 W, 40, 0x0000000000000001
2026/10/03 17:29:10.798, 210 MHz, 405 MHz, 12.16 W, 40, 0x0000000000000001
2026/10/03 17:29:10.999, 210 MHz, 405 MHz, 12.03 W, 40, 0x0000000000000001
2026/10/03 17:29:11.199, 210 MHz, 405 MHz, 12.03 W, 40, 0x0000000000000001
2026/10/03 17:29:11.399, 210 MHz, 405 MHz, 12.03 W, 40, 0x0000000000000001
2026/10/03 17:29:11.599, 210 MHz, 405 MHz, 12.08 W, 40, 0x0000000000000001
2026/10/03 17:29:11.799, 210 MHz, 405 MHz, 12.08 W, 40, 0x0000000000000001
2026/10/03 17:29:11.999, 210 MHz, 405 MHz, 12.06 W, 40, 0x0000000000000001
2026/10/03 17:29:12.199, 210 MHz, 405 MHz, 12.06 W, 40, 0x0000000000000001
2026/10/03 17:29:12.400, 210 MHz, 405 MHz, 12.06 W, 40, 0x0000000000000001
2026/10/03 17:29:12.600, 210 MHz, 405 MHz, 12.00 W, 40, 0x0000000000000001
2026/10/03 17:29:12.800, 210 MHz, 405 MHz, 12.00 W, 40, 0x0000000000000001
2026/10/03 17:29:13.000, 210 MHz, 405 MHz, 12.07 W, 40, 0x0000000000000001
2026/10/03 17:29:13.200, 210 MHz, 405 MHz, 12.07 W, 40, 0x0000000000000001
2026/10/03 17:29:13.400, 210 MHz, 405 MHz, 12.07 W, 40, 0x0000000000000001
2026/10/03 17:29:13.601, 210 MHz, 405 MHz, 11.97 W, 40, 0x0000000000000001
2026/10/03 17:29:13.801, 210 MHz, 405 MHz, 11.97 W, 40, 0x0000000000000001
2026/10/03 17:29:14.001, 210 MHz, 405 MHz, 11.99 W, 40, 0x0000000000000001
2026/10/03 17:29:14.201, 210 MHz, 405 MHz, 11.99 W, 40, 0x0000000000000001
2026/10/03 17:29:14.401, 210 MHz, 405 MHz, 11.99 W, 40, 0x0000000000000001
2026/10/03 17:29:14.601, 210 MHz, 405 MHz, 12.13 W, 40, 0x0000000000000001
2026/10/03 17:29:14.802, 210 MHz, 405 MHz, 12.13 W, 40, 0x0000000000000001
2026/10/03 17:29:15.002, 210 MHz, 405 MHz, 11.96 W, 40, 0x0000000000000001
2026/10/03 17:29:15.202, 210 MHz, 405 MHz, 11.96 W, 40, 0x0000000000000001
2026/10/03 17:29:15.403, 210 MHz, 405 MHz, 11.96 W, 40, 0x0000000000000001
2026/10/03 17:29:15.603, 210 MHz, 405 MHz, 12.02 W, 39, 0x0000000000000001
2026/10/03 17:29:15.803, 210 MHz, 405 MHz, 12.02 W, 39, 0x0000000000000001
2026/10/03 17:29:16.004, 210 MHz, 405 MHz, 12.07 W, 39, 0x0000000000000001
2026/10/03 17:29:16.204, 210 MHz, 405 MHz, 12.07 W, 39, 0x0000000000000001
2026/10/03 17:29:16.404, 210 MHz, 405 MHz, 12.07 W, 39, 0x0000000000000001
2026/10/03 17:29:16.604, 210 MHz, 405 MHz, 12.00 W, 39, 0x0000000000000001
2026/10/03 17:29:16.804, 210 MHz, 405 MHz, 12.00 W, 39, 0x0000000000000001
2026/10/03 17:29:17.004, 210 MHz, 405 MHz, 12.11 W, 39, 0x0000000000000001
2026/10/03 17:29:17.204, 210 MHz, 405 MHz, 12.11 W, 39, 0x0000000000000001
2026/10/03 17:29:17.404, 210 MHz, 405 MHz, 12.11 W, 39, 0x0000000000000001
2026/10/03 17:29:17.604, 210 MHz, 405 MHz, 12.00 W, 40, 0x0000000000000001
2026/10/03 17:29:17.805, 210 MHz, 405 MHz, 12.00 W, 40, 0x0000000000000001
2026/10/03 17:29:18.005, 2520 MHz, 10251 MHz, 47.24 W, 41, 0x0000000000000000
2026/10/03 17:29:18.205, 2520 MHz, 10251 MHz, 47.24 W, 41, 0x0000000000000000
2026/10/03 17:29:18.405, 2520 MHz, 10251 MHz, 47.24 W, 41, 0x0000000000000000
2026/10/03 17:29:18.605, 2730 MHz, 10251 MHz, 155.46 W, 50, 0x0000000000000000
2026/10/03 17:29:18.805, 2730 MHz, 10251 MHz, 155.46 W, 50, 0x0000000000000000
2026/10/03 17:29:19.005, 2730 MHz, 10251 MHz, 186.66 W, 57, 0x0000000000000000
2026/10/03 17:29:19.206, 2730 MHz, 10251 MHz, 186.66 W, 57, 0x0000000000000000
2026/10/03 17:29:19.406, 2730 MHz, 10251 MHz, 186.66 W, 57, 0x0000000000000000
2026/10/03 17:29:19.606, 2715 MHz, 10251 MHz, 213.77 W, 64, 0x0000000000000000
2026/10/03 17:29:19.806, 2715 MHz, 10251 MHz, 213.77 W, 64, 0x0000000000000000
2026/10/03 17:29:20.006, 2730 MHz, 10251 MHz, 48.17 W, 49, 0x0000000000000000
2026/10/03 17:29:20.207, 2730 MHz, 10251 MHz, 48.17 W, 49, 0x0000000000000000
2026/10/03 17:29:20.407, 2730 MHz, 10251 MHz, 48.17 W, 49, 0x0000000000000000
2026/10/03 17:29:20.607, 2730 MHz, 10501 MHz, 45.96 W, 45, 0x0000000000000000
2026/10/03 17:29:20.807, 2730 MHz, 10501 MHz, 45.96 W, 45, 0x0000000000000000
2026/10/03 17:29:21.008, 2730 MHz, 10501 MHz, 45.72 W, 44, 0x0000000000000000
2026/10/03 17:29:21.208, 2730 MHz, 10501 MHz, 45.72 W, 44, 0x0000000000000000
2026/10/03 17:29:21.408, 2730 MHz, 10501 MHz, 45.72 W, 44, 0x0000000000000000
2026/10/03 17:29:21.609, 2730 MHz, 10501 MHz, 45.52 W, 44, 0x0000000000000000
2026/10/03 17:29:21.809, 2730 MHz, 10501 MHz, 45.52 W, 44, 0x0000000000000000
2026/10/03 17:29:22.009, 615 MHz, 5001 MHz, 22.76 W, 42, 0x0000000000000001
2026/10/03 17:29:22.209, 615 MHz, 5001 MHz, 22.76 W, 42, 0x0000000000000001
2026/10/03 17:29:22.409, 615 MHz, 5001 MHz, 22.76 W, 42, 0x0000000000000001
2026/10/03 17:29:22.610, 465 MHz, 5001 MHz, 22.80 W, 42, 0x0000000000000001
2026/10/03 17:29:22.810, 465 MHz, 5001 MHz, 22.80 W, 42, 0x0000000000000001
2026/10/03 17:29:23.010, 405 MHz, 5001 MHz, 22.66 W, 42, 0x0000000000000001
2026/10/03 17:29:23.210, 405 MHz, 5001 MHz, 22.66 W, 42, 0x0000000000000001
2026/10/03 17:29:23.411, 405 MHz, 5001 MHz, 22.66 W, 42, 0x0000000000000001
2026/10/03 17:29:23.611, 315 MHz, 5001 MHz, 22.70 W, 42, 0x0000000000000001
2026/10/03 17:29:23.811, 315 MHz, 5001 MHz, 22.70 W, 42, 0x0000000000000001
2026/10/03 17:29:24.012, 270 MHz, 5001 MHz, 22.61 W, 42, 0x0000000000000001
2026/10/03 17:29:24.212, 270 MHz, 5001 MHz, 22.61 W, 42, 0x0000000000000001
2026/10/03 17:29:24.412, 270 MHz, 5001 MHz, 22.61 W, 42, 0x0000000000000001
2026/10/03 17:29:24.612, 210 MHz, 5001 MHz, 22.57 W, 42, 0x0000000000000001
2026/10/03 17:29:24.813, 210 MHz, 5001 MHz, 22.57 W, 42, 0x0000000000000001
2026/10/03 17:29:25.013, 210 MHz, 810 MHz, 18.86 W, 41, 0x0000000000000001
2026/10/03 17:29:25.213, 210 MHz, 810 MHz, 18.86 W, 41, 0x0000000000000001
2026/10/03 17:29:25.414, 210 MHz, 810 MHz, 18.86 W, 41, 0x0000000000000001
2026/10/03 17:29:25.614, 210 MHz, 810 MHz, 18.76 W, 41, 0x0000000000000001
2026/10/03 17:29:25.814, 210 MHz, 810 MHz, 18.76 W, 41, 0x0000000000000001
2026/10/03 17:29:26.014, 210 MHz, 810 MHz, 19.05 W, 41, 0x0000000000000001
2026/10/03 17:29:26.214, 210 MHz, 810 MHz, 19.05 W, 41, 0x0000000000000001
2026/10/03 17:29:26.414, 210 MHz, 810 MHz, 19.05 W, 41, 0x0000000000000001
2026/10/03 17:29:26.615, 210 MHz, 810 MHz, 19.51 W, 41, 0x0000000000000001
2026/10/03 17:29:26.815, 210 MHz, 810 MHz, 19.51 W, 41, 0x0000000000000001
2026/10/03 17:29:27.015, 210 MHz, 405 MHz, 12.15 W, 41, 0x0000000000000001
2026/10/03 17:29:27.215, 210 MHz, 405 MHz, 12.15 W, 41, 0x0000000000000001
2026/10/03 17:29:27.415, 210 MHz, 405 MHz, 12.15 W, 41, 0x0000000000000001
2026/10/03 17:29:27.615, 210 MHz, 405 MHz, 11.97 W, 41, 0x0000000000000001
2026/10/03 17:29:27.816, 210 MHz, 405 MHz, 11.97 W, 41, 0x0000000000000001
2026/10/03 17:29:28.016, 210 MHz, 405 MHz, 12.01 W, 41, 0x0000000000000001
2026/10/03 17:29:28.216, 210 MHz, 405 MHz, 12.01 W, 41, 0x0000000000000001
2026/10/03 17:29:28.416, 210 MHz, 405 MHz, 12.01 W, 41, 0x0000000000000001
2026/10/03 17:29:28.616, 210 MHz, 405 MHz, 12.09 W, 41, 0x0000000000000001
2026/10/03 17:29:28.816, 210 MHz, 405 MHz, 12.09 W, 41, 0x0000000000000001
2026/10/03 17:29:29.016, 210 MHz, 405 MHz, 12.74 W, 41, 0x0000000000000001
2026/10/03 17:29:29.217, 210 MHz, 405 MHz, 12.74 W, 41, 0x0000000000000001
2026/10/03 17:29:29.417, 210 MHz, 405 MHz, 12.74 W, 41, 0x0000000000000001
2026/10/03 17:29:29.617, 210 MHz, 405 MHz, 11.99 W, 41, 0x0000000000000001
2026/10/03 17:29:29.817, 210 MHz, 405 MHz, 11.99 W, 41, 0x0000000000000001
2026/10/03 17:29:30.017, 210 MHz, 405 MHz, 12.02 W, 41, 0x0000000000000001
2026/10/03 17:29:30.218, 210 MHz, 405 MHz, 12.02 W, 41, 0x0000000000000001
2026/10/03 17:29:30.418, 210 MHz, 405 MHz, 12.02 W, 41, 0x0000000000000001
2026/10/03 17:29:30.618, 210 MHz, 405 MHz, 11.85 W, 41, 0x0000000000000001
2026/10/03 17:29:30.818, 210 MHz, 405 MHz, 11.85 W, 41, 0x0000000000000001
2026/10/03 17:29:31.019, 210 MHz, 405 MHz, 12.11 W, 41, 0x0000000000000001
2026/10/03 17:29:31.219, 210 MHz, 405 MHz, 12.11 W, 41, 0x0000000000000001
2026/10/03 17:29:31.419, 210 MHz, 405 MHz, 12.11 W, 41, 0x0000000000000001
2026/10/03 17:29:31.619, 210 MHz, 405 MHz, 11.92 W, 41, 0x0000000000000001
2026/10/03 17:29:31.819, 210 MHz, 405 MHz, 11.92 W, 41, 0x0000000000000001
2026/10/03 17:29:32.019, 210 MHz, 405 MHz, 12.22 W, 41, 0x0000000000000001
2026/10/03 17:29:32.220, 210 MHz, 405 MHz, 12.22 W, 41, 0x0000000000000001
2026/10/03 17:29:32.420, 210 MHz, 405 MHz, 12.22 W, 41, 0x0000000000000001
2026/10/03 17:29:32.620, 210 MHz, 405 MHz, 12.50 W, 41, 0x0000000000000001
2026/10/03 17:29:32.820, 210 MHz, 405 MHz, 12.50 W, 41, 0x0000000000000001
2026/10/03 17:29:33.020, 210 MHz, 405 MHz, 12.77 W, 41, 0x0000000000000001
2026/10/03 17:29:33.220, 210 MHz, 405 MHz, 12.77 W, 41, 0x0000000000000001
2026/10/03 17:29:33.420, 210 MHz, 405 MHz, 12.77 W, 41, 0x0000000000000001
2026/10/03 17:29:33.621, 210 MHz, 405 MHz, 12.03 W, 41, 0x0000000000000001
2026/10/03 17:29:33.821, 210 MHz, 405 MHz, 12.03 W, 41, 0x0000000000000001
2026/10/03 17:29:34.021, 210 MHz, 405 MHz, 12.11 W, 41, 0x0000000000000001
2026/10/03 17:29:34.221, 210 MHz, 405 MHz, 12.11 W, 41, 0x0000000000000001
2026/10/03 17:29:34.421, 210 MHz, 405 MHz, 12.11 W, 41, 0x0000000000000001
2026/10/03 17:29:34.621, 210 MHz, 405 MHz, 12.10 W, 41, 0x0000000000000001
2026/10/03 17:29:34.821, 210 MHz, 405 MHz, 12.10 W, 41, 0x0000000000000001
2026/10/03 17:29:35.022, 210 MHz, 405 MHz, 12.03 W, 41, 0x0000000000000001
2026/10/03 17:29:35.222, 210 MHz, 405 MHz, 12.03 W, 41, 0x0000000000000001
2026/10/03 17:29:35.422, 210 MHz, 405 MHz, 12.03 W, 41, 0x0000000000000001
2026/10/03 17:29:35.623, 210 MHz, 405 MHz, 12.14 W, 41, 0x0000000000000001
2026/10/03 17:29:35.823, 210 MHz, 405 MHz, 12.14 W, 41, 0x0000000000000001
2026/10/03 17:29:36.023, 210 MHz, 405 MHz, 12.10 W, 41, 0x0000000000000001
2026/10/03 17:29:36.224, 210 MHz, 405 MHz, 12.10 W, 41, 0x0000000000000001
2026/10/03 17:29:36.424, 210 MHz, 405 MHz, 12.10 W, 41, 0x0000000000000001
2026/10/03 17:29:36.624, 210 MHz, 405 MHz, 12.10 W, 41, 0x0000000000000001
2026/10/03 17:29:36.824, 210 MHz, 405 MHz, 12.10 W, 41, 0x0000000000000001
2026/10/03 17:29:37.024, 210 MHz, 405 MHz, 12.08 W, 41, 0x0000000000000001
2026/10/03 17:29:37.225, 210 MHz, 405 MHz, 12.08 W, 41, 0x0000000000000001
2026/10/03 17:29:37.425, 210 MHz, 405 MHz, 12.08 W, 41, 0x0000000000000001
2026/10/03 17:29:37.625, 210 MHz, 405 MHz, 12.11 W, 41, 0x0000000000000001
2026/10/03 17:29:37.825, 210 MHz, 405 MHz, 12.11 W, 41, 0x0000000000000001
2026/10/03 17:29:38.026, 210 MHz, 405 MHz, 11.99 W, 41, 0x0000000000000001
2026/10/03 17:29:38.226, 210 MHz, 405 MHz, 11.99 W, 41, 0x0000000000000001
2026/10/03 17:29:38.426, 210 MHz, 405 MHz, 11.99 W, 41, 0x0000000000000001
2026/10/03 17:29:38.627, 210 MHz, 405 MHz, 12.02 W, 41, 0x0000000000000001
2026/10/03 17:29:38.827, 210 MHz, 405 MHz, 12.02 W, 41, 0x0000000000000001
2026/10/03 17:29:39.027, 210 MHz, 405 MHz, 11.98 W, 41, 0x0000000000000001
2026/10/03 17:29:39.227, 210 MHz, 405 MHz, 11.98 W, 41, 0x0000000000000001
2026/10/03 17:29:39.427, 210 MHz, 405 MHz, 11.98 W, 41, 0x0000000000000001
2026/10/03 17:29:39.627, 210 MHz, 405 MHz, 12.14 W, 41, 0x0000000000000001
2026/10/03 17:29:39.828, 210 MHz, 405 MHz, 12.14 W, 41, 0x0000000000000001
2026/10/03 17:29:40.028, 210 MHz, 405 MHz, 12.11 W, 41, 0x0000000000000001
2026/10/03 17:29:40.228, 210 MHz, 405 MHz, 12.11 W, 41, 0x0000000000000001
2026/10/03 17:29:40.428, 210 MHz, 405 MHz, 12.11 W, 41, 0x0000000000000001
2026/10/03 17:29:40.628, 210 MHz, 405 MHz, 12.11 W, 41, 0x0000000000000001
2026/10/03 17:29:40.828, 210 MHz, 405 MHz, 12.11 W, 41, 0x0000000000000001
2026/10/03 17:29:41.028, 2520 MHz, 10251 MHz, 39.32 W, 42, 0x0000000000000000
2026/10/03 17:29:41.229, 2520 MHz, 10251 MHz, 39.32 W, 42, 0x0000000000000000
2026/10/03 17:29:41.429, 2520 MHz, 10251 MHz, 39.32 W, 42, 0x0000000000000000
2026/10/03 17:29:41.629, 2730 MHz, 10251 MHz, 135.84 W, 49, 0x0000000000000000
2026/10/03 17:29:41.829, 2730 MHz, 10251 MHz, 135.84 W, 49, 0x0000000000000000
2026/10/03 17:29:42.029, 2730 MHz, 10251 MHz, 133.01 W, 51, 0x0000000000000000
2026/10/03 17:29:42.229, 2730 MHz, 10251 MHz, 133.01 W, 51, 0x0000000000000000
2026/10/03 17:29:42.430, 2730 MHz, 10251 MHz, 133.01 W, 51, 0x0000000000000000
2026/10/03 17:29:42.630, 2730 MHz, 10251 MHz, 133.49 W, 52, 0x0000000000000000
2026/10/03 17:29:42.830, 2730 MHz, 10251 MHz, 133.49 W, 52, 0x0000000000000000
2026/10/03 17:29:43.030, 2730 MHz, 10251 MHz, 156.15 W, 55, 0x0000000000000000
2026/10/03 17:29:43.230, 2730 MHz, 10251 MHz, 156.15 W, 55, 0x0000000000000000
2026/10/03 17:29:43.430, 2730 MHz, 10251 MHz, 156.15 W, 55, 0x0000000000000000
2026/10/03 17:29:43.630, 2730 MHz, 10251 MHz, 148.99 W, 55, 0x0000000000000000
2026/10/03 17:29:43.831, 2730 MHz, 10251 MHz, 148.99 W, 55, 0x0000000000000000
2026/10/03 17:29:44.031, 2730 MHz, 10251 MHz, 148.32 W, 55, 0x0000000000000000
2026/10/03 17:29:44.231, 2730 MHz, 10251 MHz, 148.32 W, 55, 0x0000000000000000
2026/10/03 17:29:44.431, 2730 MHz, 10251 MHz, 148.32 W, 55, 0x0000000000000000
2026/10/03 17:29:44.631, 2715 MHz, 10251 MHz, 204.85 W, 64, 0x0000000000000000
2026/10/03 17:29:44.832, 2715 MHz, 10251 MHz, 204.85 W, 64, 0x0000000000000000
2026/10/03 17:29:45.032, 2715 MHz, 10251 MHz, 184.79 W, 63, 0x0000000000000000
2026/10/03 17:29:45.232, 2715 MHz, 10251 MHz, 184.79 W, 63, 0x0000000000000000
2026/10/03 17:29:45.432, 2715 MHz, 10251 MHz, 184.79 W, 63, 0x0000000000000000
2026/10/03 17:29:45.632, 2715 MHz, 10251 MHz, 180.23 W, 61, 0x0000000000000000
2026/10/03 17:29:45.832, 2715 MHz, 10251 MHz, 180.23 W, 61, 0x0000000000000000
2026/10/03 17:29:46.033, 2640 MHz, 10251 MHz, 220.80 W, 68, 0x0000000000000004
2026/10/03 17:29:46.233, 2640 MHz, 10251 MHz, 220.80 W, 68, 0x0000000000000004
2026/10/03 17:29:46.433, 2640 MHz, 10251 MHz, 220.80 W, 68, 0x0000000000000004
2026/10/03 17:29:46.633, 2655 MHz, 10251 MHz, 222.53 W, 70, 0x0000000000000004
2026/10/03 17:29:46.833, 2655 MHz, 10251 MHz, 222.53 W, 70, 0x0000000000000004
2026/10/03 17:29:47.033, 2685 MHz, 10251 MHz, 217.59 W, 69, 0x0000000000000004
2026/10/03 17:29:47.233, 2685 MHz, 10251 MHz, 217.59 W, 69, 0x0000000000000004
2026/10/03 17:29:47.433, 2685 MHz, 10251 MHz, 217.59 W, 69, 0x0000000000000004
2026/10/03 17:29:47.633, 2700 MHz, 10251 MHz, 214.28 W, 69, 0x0000000000000004
2026/10/03 17:29:47.834, 2700 MHz, 10251 MHz, 214.28 W, 69, 0x0000000000000004
2026/10/03 17:29:48.034, 2730 MHz, 10501 MHz, 47.34 W, 52, 0x0000000000000000
2026/10/03 17:29:48.234, 2730 MHz, 10501 MHz, 47.34 W, 52, 0x0000000000000000
2026/10/03 17:29:48.434, 2730 MHz, 10501 MHz, 47.34 W, 52, 0x0000000000000000
2026/10/03 17:29:48.634, 2730 MHz, 10501 MHz, 46.97 W, 50, 0x0000000000000000
2026/10/03 17:29:48.835, 2730 MHz, 10501 MHz, 46.97 W, 50, 0x0000000000000000
2026/10/03 17:29:49.035, 2730 MHz, 10501 MHz, 46.86 W, 49, 0x0000000000000000
2026/10/03 17:29:49.235, 2730 MHz, 10501 MHz, 46.86 W, 49, 0x0000000000000000
2026/10/03 17:29:49.435, 2730 MHz, 10501 MHz, 46.86 W, 49, 0x0000000000000000
2026/10/03 17:29:49.635, 2730 MHz, 10501 MHz, 46.89 W, 49, 0x0000000000000000
2026/10/03 17:29:49.835, 2730 MHz, 10501 MHz, 46.89 W, 49, 0x0000000000000000
2026/10/03 17:29:50.035, 570 MHz, 5001 MHz, 23.19 W, 47, 0x0000000000000001
2026/10/03 17:29:50.236, 570 MHz, 5001 MHz, 23.19 W, 47, 0x0000000000000001
2026/10/03 17:29:50.436, 570 MHz, 5001 MHz, 23.19 W, 47, 0x0000000000000001
2026/10/03 17:29:50.636, 450 MHz, 5001 MHz, 22.96 W, 46, 0x0000000000000001
2026/10/03 17:29:50.836, 450 MHz, 5001 MHz, 22.96 W, 46, 0x0000000000000001
2026/10/03 17:29:51.036, 390 MHz, 5001 MHz, 23.97 W, 46, 0x0000000000000001
2026/10/03 17:29:51.236, 390 MHz, 5001 MHz, 23.97 W, 46, 0x0000000000000001
2026/10/03 17:29:51.437, 390 MHz, 5001 MHz, 23.97 W, 46, 0x0000000000000001
2026/10/03 17:29:51.637, 315 MHz, 5001 MHz, 22.92 W, 46, 0x0000000000000001
2026/10/03 17:29:51.837, 315 MHz, 5001 MHz, 22.92 W, 46, 0x0000000000000001
2026/10/03 17:29:52.037, 270 MHz, 5001 MHz, 22.86 W, 46, 0x0000000000000001
2026/10/03 17:29:52.237, 270 MHz, 5001 MHz, 22.86 W, 46, 0x0000000000000001
2026/10/03 17:29:52.438, 270 MHz, 5001 MHz, 22.86 W, 46, 0x0000000000000001
2026/10/03 17:29:52.638, 210 MHz, 5001 MHz, 22.82 W, 45, 0x0000000000000001
2026/10/03 17:29:52.838, 210 MHz, 5001 MHz, 22.82 W, 45, 0x0000000000000001
2026/10/03 17:29:53.038, 210 MHz, 5001 MHz, 22.67 W, 45, 0x0000000000000001
2026/10/03 17:29:53.238, 210 MHz, 5001 MHz, 22.67 W, 45, 0x0000000000000001
2026/10/03 17:29:53.438, 210 MHz, 5001 MHz, 22.67 W, 45, 0x0000000000000001
2026/10/03 17:29:53.638, 210 MHz, 5001 MHz, 22.72 W, 45, 0x0000000000000001
2026/10/03 17:29:53.839, 210 MHz, 5001 MHz, 22.72 W, 45, 0x0000000000000001
2026/10/03 17:29:54.039, 210 MHz, 810 MHz, 20.62 W, 45, 0x0000000000000001
2026/10/03 17:29:54.239, 210 MHz, 810 MHz, 20.62 W, 45, 0x0000000000000001
2026/10/03 17:29:54.439, 210 MHz, 810 MHz, 20.62 W, 45, 0x0000000000000001
2026/10/03 17:29:54.639, 210 MHz, 810 MHz, 20.71 W, 45, 0x0000000000000001
2026/10/03 17:29:54.839, 210 MHz, 810 MHz, 20.71 W, 45, 0x0000000000000001
2026/10/03 17:29:55.039, 210 MHz, 810 MHz, 19.87 W, 44, 0x0000000000000001
2026/10/03 17:29:55.240, 210 MHz, 810 MHz, 19.87 W, 44, 0x0000000000000001
2026/10/03 17:29:55.440, 210 MHz, 810 MHz, 19.87 W, 44, 0x0000000000000001
2026/10/03 17:29:55.640, 210 MHz, 810 MHz, 19.65 W, 44, 0x0000000000000001
2026/10/03 17:29:55.840, 210 MHz, 810 MHz, 19.65 W, 44, 0x0000000000000001
2026/10/03 17:29:56.040, 210 MHz, 405 MHz, 14.05 W, 44, 0x0000000000000001
2026/10/03 17:29:56.241, 210 MHz, 405 MHz, 14.05 W, 44, 0x0000000000000001
2026/10/03 17:29:56.441, 210 MHz, 405 MHz, 14.05 W, 44, 0x0000000000000001
2026/10/03 17:29:56.641, 210 MHz, 405 MHz, 12.14 W, 44, 0x0000000000000001
2026/10/03 17:29:56.842, 210 MHz, 405 MHz, 12.14 W, 44, 0x0000000000000001
2026/10/03 17:29:57.042, 210 MHz, 405 MHz, 12.16 W, 44, 0x0000000000000001
2026/10/03 17:29:57.242, 210 MHz, 405 MHz, 12.16 W, 44, 0x0000000000000001
2026/10/03 17:29:57.443, 210 MHz, 405 MHz, 12.16 W, 44, 0x0000000000000001
2026/10/03 17:29:57.643, 210 MHz, 405 MHz, 12.19 W, 43, 0x0000000000000001
2026/10/03 17:29:57.843, 210 MHz, 405 MHz, 12.19 W, 43, 0x0000000000000001
2026/10/03 17:29:58.043, 210 MHz, 405 MHz, 12.10 W, 43, 0x0000000000000001
2026/10/03 17:29:58.243, 210 MHz, 405 MHz, 12.10 W, 43, 0x0000000000000001
2026/10/03 17:29:58.443, 210 MHz, 405 MHz, 12.10 W, 43, 0x0000000000000001
2026/10/03 17:29:58.644, 210 MHz, 405 MHz, 12.12 W, 43, 0x0000000000000001
2026/10/03 17:29:58.844, 210 MHz, 405 MHz, 12.12 W, 43, 0x0000000000000001
2026/10/03 17:29:59.044, 210 MHz, 405 MHz, 12.17 W, 43, 0x0000000000000001
2026/10/03 17:29:59.244, 210 MHz, 405 MHz, 12.17 W, 43, 0x0000000000000001
2026/10/03 17:29:59.444, 210 MHz, 405 MHz, 12.17 W, 43, 0x0000000000000001
2026/10/03 17:29:59.645, 210 MHz, 405 MHz, 12.04 W, 43, 0x0000000000000001
2026/10/03 17:29:59.845, 210 MHz, 405 MHz, 12.04 W, 43, 0x0000000000000001
2026/10/03 17:30:00.045, 210 MHz, 405 MHz, 12.11 W, 43, 0x0000000000000001
2026/10/03 17:30:00.245, 210 MHz, 405 MHz, 12.11 W, 43, 0x0000000000000001
2026/10/03 17:30:00.445, 210 MHz, 405 MHz, 12.11 W, 43, 0x0000000000000001
2026/10/03 17:30:00.646, 210 MHz, 405 MHz, 12.20 W, 43, 0x0000000000000001
2026/10/03 17:30:00.846, 210 MHz, 405 MHz, 12.20 W, 43, 0x0000000000000001
2026/10/03 17:30:01.046, 210 MHz, 405 MHz, 12.10 W, 43, 0x0000000000000001
2026/10/03 17:30:01.246, 210 MHz, 405 MHz, 12.10 W, 43, 0x0000000000000001
2026/10/03 17:30:01.446, 210 MHz, 405 MHz, 12.10 W, 43, 0x0000000000000001
2026/10/03 17:30:01.646, 210 MHz, 405 MHz, 12.02 W, 42, 0x0000000000000001
2026/10/03 17:30:01.847, 210 MHz, 405 MHz, 12.02 W, 42, 0x0000000000000001
2026/10/03 17:30:02.047, 210 MHz, 405 MHz, 12.12 W, 42, 0x0000000000000001
2026/10/03 17:30:02.247, 210 MHz, 405 MHz, 12.12 W, 42, 0x0000000000000001
2026/10/03 17:30:02.448, 210 MHz, 405 MHz, 12.12 W, 42, 0x0000000000000001
2026/10/03 17:30:02.648, 210 MHz, 405 MHz, 12.09 W, 42, 0x0000000000000001
2026/10/03 17:30:02.848, 210 MHz, 405 MHz, 12.09 W, 42, 0x0000000000000001
2026/10/03 17:30:03.048, 210 MHz, 405 MHz, 12.09 W, 42, 0x0000000000000001
2026/10/03 17:30:03.248, 210 MHz, 405 MHz, 12.09 W, 42, 0x0000000000000001
2026/10/03 17:30:03.448, 210 MHz, 405 MHz, 12.09 W, 42, 0x0000000000000001
2026/10/03 17:30:03.648, 210 MHz, 405 MHz, 12.03 W, 42, 0x0000000000000001
2026/10/03 17:30:03.849, 210 MHz, 405 MHz, 12.03 W, 42, 0x0000000000000001
2026/10/03 17:30:04.049, 210 MHz, 405 MHz, 12.34 W, 42, 0x0000000000000001
2026/10/03 17:30:04.249, 210 MHz, 405 MHz, 12.34 W, 42, 0x0000000000000001
2026/10/03 17:30:04.449, 210 MHz, 405 MHz, 12.34 W, 42, 0x0000000000000001
2026/10/03 17:30:04.649, 210 MHz, 405 MHz, 12.16 W, 42, 0x0000000000000001
2026/10/03 17:30:04.849, 210 MHz, 405 MHz, 12.16 W, 42, 0x0000000000000001
2026/10/03 17:30:05.049, 210 MHz, 405 MHz, 12.10 W, 42, 0x0000000000000001
2026/10/03 17:30:05.250, 210 MHz, 405 MHz, 12.10 W, 42, 0x0000000000000001
2026/10/03 17:30:05.450, 210 MHz, 405 MHz, 12.10 W, 42, 0x0000000000000001
2026/10/03 17:30:05.650, 210 MHz, 405 MHz, 12.13 W, 42, 0x0000000000000001
2026/10/03 17:30:05.850, 210 MHz, 405 MHz, 12.13 W, 42, 0x0000000000000001
2026/10/03 17:30:06.050, 210 MHz, 405 MHz, 12.80 W, 42, 0x0000000000000001
2026/10/03 17:30:06.250, 210 MHz, 405 MHz, 12.80 W, 42, 0x0000000000000001
2026/10/03 17:30:06.450, 210 MHz, 405 MHz, 12.80 W, 42, 0x0000000000000001
2026/10/03 17:30:06.650, 210 MHz, 405 MHz, 12.13 W, 42, 0x0000000000000001
2026/10/03 17:30:06.851, 210 MHz, 405 MHz, 12.13 W, 42, 0x0000000000000001
2026/10/03 17:30:07.051, 210 MHz, 405 MHz, 12.03 W, 41, 0x0000000000000001
2026/10/03 17:30:07.251, 210 MHz, 405 MHz, 12.03 W, 41, 0x0000000000000001
2026/10/03 17:30:07.451, 210 MHz, 405 MHz, 12.03 W, 41, 0x0000000000000001
2026/10/03 17:30:07.652, 210 MHz, 405 MHz, 12.02 W, 41, 0x0000000000000001
2026/10/03 17:30:07.852, 210 MHz, 405 MHz, 12.02 W, 41, 0x0000000000000001
2026/10/03 17:30:08.052, 210 MHz, 405 MHz, 12.08 W, 41, 0x0000000000000001
2026/10/03 17:30:08.252, 210 MHz, 405 MHz, 12.08 W, 41, 0x0000000000000001
2026/10/03 17:30:08.452, 210 MHz, 405 MHz, 12.08 W, 41, 0x0000000000000001
2026/10/03 17:30:08.652, 210 MHz, 405 MHz, 12.13 W, 41, 0x0000000000000001
2026/10/03 17:30:08.852, 210 MHz, 405 MHz, 12.13 W, 41, 0x0000000000000001
2026/10/03 17:30:09.053, 2520 MHz, 10251 MHz, 35.81 W, 45, 0x0000000000000000
2026/10/03 17:30:09.253, 2520 MHz, 10251 MHz, 35.81 W, 45, 0x0000000000000000
2026/10/03 17:30:09.453, 2520 MHz, 10251 MHz, 35.81 W, 45, 0x0000000000000000
2026/10/03 17:30:09.653, 2730 MHz, 10251 MHz, 196.44 W, 54, 0x0000000000000000
2026/10/03 17:30:09.853, 2730 MHz, 10251 MHz, 196.44 W, 54, 0x0000000000000000
2026/10/03 17:30:10.053, 2715 MHz, 10251 MHz, 215.22 W, 59, 0x0000000000000004
2026/10/03 17:30:10.253, 2715 MHz, 10251 MHz, 215.22 W, 59, 0x0000000000000004
2026/10/03 17:30:10.453, 2715 MHz, 10251 MHz, 215.22 W, 59, 0x0000000000000004
2026/10/03 17:30:10.654, 2655 MHz, 10251 MHz, 221.19 W, 64, 0x0000000000000004
2026/10/03 17:30:10.854, 2655 MHz, 10251 MHz, 221.19 W, 64, 0x0000000000000004
2026/10/03 17:30:11.054, 2730 MHz, 10251 MHz, 51.91 W, 51, 0x0000000000000000
2026/10/03 17:30:11.254, 2730 MHz, 10251 MHz, 51.91 W, 51, 0x0000000000000000
2026/10/03 17:30:11.454, 2730 MHz, 10251 MHz, 51.91 W, 51, 0x0000000000000000
2026/10/03 17:30:11.654, 2730 MHz, 10501 MHz, 46.05 W, 46, 0x0000000000000000
2026/10/03 17:30:11.855, 2730 MHz, 10501 MHz, 46.05 W, 46, 0x0000000000000000
2026/10/03 17:30:12.055, 2730 MHz, 10501 MHz, 46.09 W, 45, 0x0000000000000000
2026/10/03 17:30:12.255, 2730 MHz, 10501 MHz, 46.09 W, 45, 0x0000000000000000
2026/10/03 17:30:12.455, 2730 MHz, 10501 MHz, 46.09 W, 45, 0x0000000000000000
2026/10/03 17:30:12.655, 2745 MHz, 10501 MHz, 45.91 W, 45, 0x0000000000000000
2026/10/03 17:30:12.856, 2745 MHz, 10501 MHz, 45.91 W, 45, 0x0000000000000000
2026/10/03 17:30:13.056, 645 MHz, 5001 MHz, 23.22 W, 43, 0x0000000000000001
2026/10/03 17:30:13.256, 645 MHz, 5001 MHz, 23.22 W, 43, 0x0000000000000001
2026/10/03 17:30:13.456, 645 MHz, 5001 MHz, 23.22 W, 43, 0x0000000000000001
2026/10/03 17:30:13.656, 495 MHz, 5001 MHz, 22.99 W, 43, 0x0000000000000001
2026/10/03 17:30:13.856, 495 MHz, 5001 MHz, 22.99 W, 43, 0x0000000000000001
2026/10/03 17:30:14.056, 420 MHz, 5001 MHz, 22.67 W, 43, 0x0000000000000001
2026/10/03 17:30:14.257, 420 MHz, 5001 MHz, 22.67 W, 43, 0x0000000000000001
2026/10/03 17:30:14.457, 420 MHz, 5001 MHz, 22.67 W, 43, 0x0000000000000001
2026/10/03 17:30:14.657, 330 MHz, 5001 MHz, 22.55 W, 42, 0x0000000000000001
2026/10/03 17:30:14.857, 330 MHz, 5001 MHz, 22.55 W, 42, 0x0000000000000001
2026/10/03 17:30:15.058, 285 MHz, 5001 MHz, 22.74 W, 42, 0x0000000000000001
2026/10/03 17:30:15.258, 285 MHz, 5001 MHz, 22.74 W, 42, 0x0000000000000001
2026/10/03 17:30:15.458, 285 MHz, 5001 MHz, 22.74 W, 42, 0x0000000000000001
2026/10/03 17:30:15.658, 225 MHz, 5001 MHz, 22.95 W, 42, 0x0000000000000001
2026/10/03 17:30:15.858, 225 MHz, 5001 MHz, 22.95 W, 42, 0x0000000000000001
2026/10/03 17:30:16.058, 210 MHz, 5001 MHz, 22.51 W, 42, 0x0000000000000001
2026/10/03 17:30:16.259, 210 MHz, 5001 MHz, 22.51 W, 42, 0x0000000000000001
2026/10/03 17:30:16.459, 210 MHz, 5001 MHz, 22.51 W, 42, 0x0000000000000001
2026/10/03 17:30:16.659, 210 MHz, 5001 MHz, 22.53 W, 42, 0x0000000000000001
2026/10/03 17:30:16.859, 210 MHz, 5001 MHz, 22.53 W, 42, 0x0000000000000001
2026/10/03 17:30:17.059, 210 MHz, 810 MHz, 19.26 W, 42, 0x0000000000000001
2026/10/03 17:30:17.259, 210 MHz, 810 MHz, 19.26 W, 42, 0x0000000000000001
2026/10/03 17:30:17.459, 210 MHz, 810 MHz, 19.26 W, 42, 0x0000000000000001
2026/10/03 17:30:17.660, 210 MHz, 810 MHz, 18.48 W, 42, 0x0000000000000001
2026/10/03 17:30:17.860, 210 MHz, 810 MHz, 18.48 W, 42, 0x0000000000000001
2026/10/03 17:30:18.060, 210 MHz, 810 MHz, 19.31 W, 41, 0x0000000000000001
2026/10/03 17:30:18.260, 210 MHz, 810 MHz, 19.31 W, 41, 0x0000000000000001
2026/10/03 17:30:18.460, 210 MHz, 810 MHz, 19.31 W, 41, 0x0000000000000001
2026/10/03 17:30:18.660, 210 MHz, 810 MHz, 19.12 W, 41, 0x0000000000000001
2026/10/03 17:30:18.860, 210 MHz, 810 MHz, 19.12 W, 41, 0x0000000000000001
2026/10/03 17:30:19.061, 210 MHz, 405 MHz, 12.12 W, 41, 0x0000000000000001
2026/10/03 17:30:19.261, 210 MHz, 405 MHz, 12.12 W, 41, 0x0000000000000001
2026/10/03 17:30:19.461, 210 MHz, 405 MHz, 12.12 W, 41, 0x0000000000000001
2026/10/03 17:30:19.661, 210 MHz, 405 MHz, 12.03 W, 41, 0x0000000000000001
2026/10/03 17:30:19.861, 210 MHz, 405 MHz, 12.03 W, 41, 0x0000000000000001
2026/10/03 17:30:20.061, 210 MHz, 405 MHz, 11.94 W, 41, 0x0000000000000001
2026/10/03 17:30:20.262, 210 MHz, 405 MHz, 11.94 W, 41, 0x0000000000000001
2026/10/03 17:30:20.462, 210 MHz, 405 MHz, 11.94 W, 41, 0x0000000000000001
2026/10/03 17:30:20.662, 210 MHz, 405 MHz, 11.95 W, 41, 0x0000000000000001
2026/10/03 17:30:20.862, 210 MHz, 405 MHz, 11.95 W, 41, 0x0000000000000001
2026/10/03 17:30:21.062, 210 MHz, 405 MHz, 12.03 W, 41, 0x0000000000000001
2026/10/03 17:30:21.262, 210 MHz, 405 MHz, 12.03 W, 41, 0x0000000000000001
2026/10/03 17:30:21.462, 210 MHz, 405 MHz, 12.03 W, 41, 0x0000000000000001
2026/10/03 17:30:21.663, 210 MHz, 405 MHz, 12.56 W, 41, 0x0000000000000001
2026/10/03 17:30:21.863, 210 MHz, 405 MHz, 12.56 W, 41, 0x0000000000000001
2026/10/03 17:30:22.063, 210 MHz, 405 MHz, 11.99 W, 41, 0x0000000000000001
2026/10/03 17:30:22.263, 210 MHz, 405 MHz, 11.99 W, 41, 0x0000000000000001
2026/10/03 17:30:22.463, 210 MHz, 405 MHz, 11.99 W, 41, 0x0000000000000001
2026/10/03 17:30:22.663, 210 MHz, 405 MHz, 11.94 W, 40, 0x0000000000000001
2026/10/03 17:30:22.863, 210 MHz, 405 MHz, 11.94 W, 40, 0x0000000000000001
2026/10/03 17:30:23.064, 210 MHz, 405 MHz, 12.04 W, 40, 0x0000000000000001
2026/10/03 17:30:23.264, 210 MHz, 405 MHz, 12.04 W, 40, 0x0000000000000001
2026/10/03 17:30:23.464, 210 MHz, 405 MHz, 12.04 W, 40, 0x0000000000000001
2026/10/03 17:30:23.664, 210 MHz, 405 MHz, 11.99 W, 40, 0x0000000000000001
2026/10/03 17:30:23.864, 210 MHz, 405 MHz, 11.99 W, 40, 0x0000000000000001
2026/10/03 17:30:24.064, 210 MHz, 405 MHz, 11.94 W, 40, 0x0000000000000001
2026/10/03 17:30:24.264, 210 MHz, 405 MHz, 11.94 W, 40, 0x0000000000000001
2026/10/03 17:30:24.465, 210 MHz, 405 MHz, 11.94 W, 40, 0x0000000000000001
2026/10/03 17:30:24.665, 210 MHz, 405 MHz, 12.16 W, 40, 0x0000000000000001
2026/10/03 17:30:24.865, 210 MHz, 405 MHz, 12.16 W, 40, 0x0000000000000001
2026/10/03 17:30:25.065, 210 MHz, 405 MHz, 12.00 W, 40, 0x0000000000000001
2026/10/03 17:30:25.265, 210 MHz, 405 MHz, 12.00 W, 40, 0x0000000000000001
2026/10/03 17:30:25.465, 210 MHz, 405 MHz, 12.00 W, 40, 0x0000000000000001
2026/10/03 17:30:25.665, 210 MHz, 405 MHz, 12.16 W, 40, 0x0000000000000001
2026/10/03 17:30:25.865, 210 MHz, 405 MHz, 12.16 W, 40, 0x0000000000000001
2026/10/03 17:30:26.066, 210 MHz, 405 MHz, 12.14 W, 40, 0x0000000000000001
2026/10/03 17:30:26.266, 210 MHz, 405 MHz, 12.14 W, 40, 0x0000000000000001
2026/10/03 17:30:26.466, 210 MHz, 405 MHz, 12.14 W, 40, 0x0000000000000001
2026/10/03 17:30:26.666, 210 MHz, 405 MHz, 12.08 W, 40, 0x0000000000000001
2026/10/03 17:30:26.866, 210 MHz, 405 MHz, 12.08 W, 40, 0x0000000000000001
2026/10/03 17:30:27.066, 210 MHz, 405 MHz, 12.13 W, 40, 0x0000000000000001
2026/10/03 17:30:27.266, 210 MHz, 405 MHz, 12.13 W, 40, 0x0000000000000001
2026/10/03 17:30:27.467, 210 MHz, 405 MHz, 12.13 W, 40, 0x0000000000000001
2026/10/03 17:30:27.667, 210 MHz, 405 MHz, 12.11 W, 40, 0x0000000000000001
2026/10/03 17:30:27.867, 210 MHz, 405 MHz, 12.11 W, 40, 0x0000000000000001
2026/10/03 17:30:28.067, 210 MHz, 405 MHz, 12.02 W, 40, 0x0000000000000001
2026/10/03 17:30:28.267, 210 MHz, 405 MHz, 12.02 W, 40, 0x0000000000000001
2026/10/03 17:30:28.468, 210 MHz, 405 MHz, 12.02 W, 40, 0x0000000000000001
2026/10/03 17:30:28.668, 210 MHz, 405 MHz, 11.97 W, 40, 0x0000000000000001
2026/10/03 17:30:28.868, 210 MHz, 405 MHz, 11.97 W, 40, 0x0000000000000001
2026/10/03 17:30:29.068, 210 MHz, 405 MHz, 11.87 W, 40, 0x0000000000000001
2026/10/03 17:30:29.268, 210 MHz, 405 MHz, 11.87 W, 40, 0x0000000000000001
2026/10/03 17:30:29.468, 210 MHz, 405 MHz, 11.87 W, 40, 0x0000000000000001
2026/10/03 17:30:29.668, 210 MHz, 405 MHz, 11.99 W, 40, 0x0000000000000001
2026/10/03 17:30:29.869, 210 MHz, 405 MHz, 11.99 W, 40, 0x0000000000000001
2026/10/03 17:30:30.069, 210 MHz, 405 MHz, 11.93 W, 40, 0x0000000000000001
2026/10/03 17:30:30.269, 210 MHz, 405 MHz, 11.93 W, 40, 0x0000000000000001
2026/10/03 17:30:30.469, 210 MHz, 405 MHz, 11.93 W, 40, 0x0000000000000001
2026/10/03 17:30:30.670, 210 MHz, 405 MHz, 11.94 W, 39, 0x0000000000000001
2026/10/03 17:30:30.870, 210 MHz, 405 MHz, 11.94 W, 39, 0x0000000000000001
2026/10/03 17:30:31.070, 210 MHz, 405 MHz, 12.02 W, 39, 0x0000000000000001
2026/10/03 17:30:31.270, 210 MHz, 405 MHz, 12.02 W, 39, 0x0000000000000001
2026/10/03 17:30:31.470, 210 MHz, 405 MHz, 12.02 W, 39, 0x0000000000000001
2026/10/03 17:30:31.671, 210 MHz, 405 MHz, 12.17 W, 39, 0x0000000000000001
2026/10/03 17:30:31.871, 210 MHz, 405 MHz, 12.17 W, 39, 0x0000000000000001
2026/10/03 17:30:32.071, 2520 MHz, 10501 MHz, 19.89 W, 40, 0x0000000000000000
2026/10/03 17:30:32.271, 2520 MHz, 10501 MHz, 19.89 W, 40, 0x0000000000000000
2026/10/03 17:30:32.471, 2520 MHz, 10501 MHz, 19.89 W, 40, 0x0000000000000000
2026/10/03 17:30:32.671, 2745 MHz, 10251 MHz, 109.87 W, 46, 0x0000000000000000
2026/10/03 17:30:32.871, 2745 MHz, 10251 MHz, 109.87 W, 46, 0x0000000000000000
2026/10/03 17:30:33.071, 2730 MHz, 10251 MHz, 153.93 W, 51, 0x0000000000000000
2026/10/03 17:30:33.272, 2730 MHz, 10251 MHz, 153.93 W, 51, 0x0000000000000000
2026/10/03 17:30:33.472, 2730 MHz, 10251 MHz, 153.93 W, 51, 0x0000000000000000
2026/10/03 17:30:33.672, 2730 MHz, 10251 MHz, 189.35 W, 56, 0x0000000000000000
2026/10/03 17:30:33.872, 2730 MHz, 10251 MHz, 189.35 W, 56, 0x0000000000000000
2026/10/03 17:30:34.072, 2715 MHz, 10251 MHz, 210.84 W, 63, 0x0000000000000004
2026/10/03 17:30:34.272, 2715 MHz, 10251 MHz, 210.84 W, 63, 0x0000000000000004
2026/10/03 17:30:34.472, 2715 MHz, 10251 MHz, 210.84 W, 63, 0x0000000000000004
2026/10/03 17:30:34.673, 2745 MHz, 10501 MHz, 46.41 W, 46, 0x0000000000000000
2026/10/03 17:30:34.873, 2745 MHz, 10501 MHz, 46.41 W, 46, 0x0000000000000000
2026/10/03 17:30:35.073, 2745 MHz, 10501 MHz, 46.11 W, 44, 0x0000000000000000
2026/10/03 17:30:35.273, 2745 MHz, 10501 MHz, 46.11 W, 44, 0x0000000000000000
2026/10/03 17:30:35.473, 2745 MHz, 10501 MHz, 46.11 W, 44, 0x0000000000000000
2026/10/03 17:30:35.673, 2745 MHz, 10501 MHz, 47.14 W, 44, 0x0000000000000000
2026/10/03 17:30:35.873, 2745 MHz, 10501 MHz, 47.14 W, 44, 0x0000000000000000
2026/10/03 17:30:36.073, 750 MHz, 5001 MHz, 27.22 W, 43, 0x0000000000000001
2026/10/03 17:30:36.274, 750 MHz, 5001 MHz, 27.22 W, 43, 0x0000000000000001
2026/10/03 17:30:36.474, 750 MHz, 5001 MHz, 27.22 W, 43, 0x0000000000000001
2026/10/03 17:30:36.674, 600 MHz, 5001 MHz, 23.59 W, 42, 0x0000000000000001
2026/10/03 17:30:36.874, 600 MHz, 5001 MHz, 23.59 W, 42, 0x0000000000000001
2026/10/03 17:30:37.075, 510 MHz, 5001 MHz, 22.76 W, 42, 0x0000000000000001
2026/10/03 17:30:37.275, 510 MHz, 5001 MHz, 22.76 W, 42, 0x0000000000000001
2026/10/03 17:30:37.475, 510 MHz, 5001 MHz, 22.76 W, 42, 0x0000000000000001
2026/10/03 17:30:37.675, 405 MHz, 5001 MHz, 22.69 W, 42, 0x0000000000000001
2026/10/03 17:30:37.876, 405 MHz, 5001 MHz, 22.69 W, 42, 0x0000000000000001
2026/10/03 17:30:38.076, 345 MHz, 5001 MHz, 22.65 W, 42, 0x0000000000000001
2026/10/03 17:30:38.276, 345 MHz, 5001 MHz, 22.65 W, 42, 0x0000000000000001
2026/10/03 17:30:38.476, 345 MHz, 5001 MHz, 22.65 W, 42, 0x0000000000000001
2026/10/03 17:30:38.677, 270 MHz, 5001 MHz, 22.56 W, 42, 0x0000000000000001
2026/10/03 17:30:38.877, 270 MHz, 5001 MHz, 22.56 W, 42, 0x0000000000000001
2026/10/03 17:30:39.077, 240 MHz, 5001 MHz, 22.56 W, 42, 0x0000000000000001
2026/10/03 17:30:39.277, 240 MHz, 5001 MHz, 22.56 W, 42, 0x0000000000000001
2026/10/03 17:30:39.477, 240 MHz, 5001 MHz, 22.56 W, 42, 0x0000000000000001
2026/10/03 17:30:39.677, 210 MHz, 5001 MHz, 22.54 W, 42, 0x0000000000000001
2026/10/03 17:30:39.878, 210 MHz, 5001 MHz, 22.54 W, 42, 0x0000000000000001
2026/10/03 17:30:40.078, 210 MHz, 810 MHz, 18.51 W, 41, 0x0000000000000001
2026/10/03 17:30:40.278, 210 MHz, 810 MHz, 18.51 W, 41, 0x0000000000000001
2026/10/03 17:30:40.478, 210 MHz, 810 MHz, 18.51 W, 41, 0x0000000000000001
2026/10/03 17:30:40.678, 210 MHz, 810 MHz, 18.55 W, 41, 0x0000000000000001
2026/10/03 17:30:40.879, 210 MHz, 810 MHz, 18.55 W, 41, 0x0000000000000001
2026/10/03 17:30:41.079, 210 MHz, 810 MHz, 19.03 W, 41, 0x0000000000000001
2026/10/03 17:30:41.280, 210 MHz, 810 MHz, 19.03 W, 41, 0x0000000000000001
2026/10/03 17:30:41.480, 210 MHz, 810 MHz, 19.03 W, 41, 0x0000000000000001
2026/10/03 17:30:41.680, 210 MHz, 405 MHz, 18.74 W, 41, 0x0000000000000001
2026/10/03 17:30:41.880, 210 MHz, 405 MHz, 18.74 W, 41, 0x0000000000000001
2026/10/03 17:30:42.081, 210 MHz, 405 MHz, 11.96 W, 41, 0x0000000000000001
2026/10/03 17:30:42.281, 210 MHz, 405 MHz, 11.96 W, 41, 0x0000000000000001
2026/10/03 17:30:42.481, 210 MHz, 405 MHz, 11.96 W, 41, 0x0000000000000001
2026/10/03 17:30:42.681, 210 MHz, 405 MHz, 11.94 W, 41, 0x0000000000000001
2026/10/03 17:30:42.881, 210 MHz, 405 MHz, 11.94 W, 41, 0x0000000000000001
2026/10/03 17:30:43.082, 210 MHz, 405 MHz, 11.91 W, 41, 0x0000000000000001
2026/10/03 17:30:43.282, 210 MHz, 405 MHz, 11.91 W, 41, 0x0000000000000001
2026/10/03 17:30:43.482, 210 MHz, 405 MHz, 11.91 W, 41, 0x0000000000000001
2026/10/03 17:30:43.682, 210 MHz, 405 MHz, 11.91 W, 41, 0x0000000000000001
2026/10/03 17:30:43.882, 210 MHz, 405 MHz, 11.91 W, 41, 0x0000000000000001
2026/10/03 17:30:44.082, 210 MHz, 405 MHz, 12.01 W, 41, 0x0000000000000001
2026/10/03 17:30:44.282, 210 MHz, 405 MHz, 12.01 W, 41, 0x0000000000000001
2026/10/03 17:30:44.483, 210 MHz, 405 MHz, 12.01 W, 41, 0x0000000000000001
2026/10/03 17:30:44.683, 210 MHz, 405 MHz, 12.07 W, 41, 0x0000000000000001
2026/10/03 17:30:44.883, 210 MHz, 405 MHz, 12.07 W, 41, 0x0000000000000001
2026/10/03 17:30:45.083, 210 MHz, 405 MHz, 12.05 W, 41, 0x0000000000000001
2026/10/03 17:30:45.283, 210 MHz, 405 MHz, 12.05 W, 41, 0x0000000000000001
2026/10/03 17:30:45.484, 210 MHz, 405 MHz, 12.05 W, 41, 0x0000000000000001
2026/10/03 17:30:45.684, 210 MHz, 405 MHz, 12.07 W, 41, 0x0000000000000001
2026/10/03 17:30:45.884, 210 MHz, 405 MHz, 12.07 W, 41, 0x0000000000000001
2026/10/03 17:30:46.084, 210 MHz, 405 MHz, 12.11 W, 41, 0x0000000000000001
2026/10/03 17:30:46.284, 210 MHz, 405 MHz, 12.11 W, 41, 0x0000000000000001
2026/10/03 17:30:46.484, 210 MHz, 405 MHz, 12.11 W, 41, 0x0000000000000001
2026/10/03 17:30:46.684, 210 MHz, 405 MHz, 12.08 W, 41, 0x0000000000000001
2026/10/03 17:30:46.885, 210 MHz, 405 MHz, 12.08 W, 41, 0x0000000000000001
2026/10/03 17:30:47.085, 210 MHz, 405 MHz, 12.50 W, 41, 0x0000000000000001
2026/10/03 17:30:47.285, 210 MHz, 405 MHz, 12.50 W, 41, 0x0000000000000001
2026/10/03 17:30:47.485, 210 MHz, 405 MHz, 12.50 W, 41, 0x0000000000000001
2026/10/03 17:30:47.685, 210 MHz, 405 MHz, 11.98 W, 41, 0x0000000000000001
2026/10/03 17:30:47.885, 210 MHz, 405 MHz, 11.98 W, 41, 0x0000000000000001
2026/10/03 17:30:48.086, 210 MHz, 405 MHz, 12.11 W, 41, 0x0000000000000001
2026/10/03 17:30:48.286, 210 MHz, 405 MHz, 12.11 W, 41, 0x0000000000000001
2026/10/03 17:30:48.486, 210 MHz, 405 MHz, 12.11 W, 41, 0x0000000000000001
2026/10/03 17:30:48.686, 210 MHz, 405 MHz, 11.98 W, 41, 0x0000000000000001
2026/10/03 17:30:48.886, 210 MHz, 405 MHz, 11.98 W, 41, 0x0000000000000001
2026/10/03 17:30:49.086, 210 MHz, 405 MHz, 11.97 W, 41, 0x0000000000000001
2026/10/03 17:30:49.287, 210 MHz, 405 MHz, 11.97 W, 41, 0x0000000000000001
2026/10/03 17:30:49.487, 210 MHz, 405 MHz, 11.97 W, 41, 0x0000000000000001
2026/10/03 17:30:49.687, 210 MHz, 405 MHz, 11.95 W, 41, 0x0000000000000001
2026/10/03 17:30:49.887, 210 MHz, 405 MHz, 11.95 W, 41, 0x0000000000000001
2026/10/03 17:30:50.087, 210 MHz, 405 MHz, 11.98 W, 41, 0x0000000000000001
2026/10/03 17:30:50.287, 210 MHz, 405 MHz, 11.98 W, 41, 0x0000000000000001
2026/10/03 17:30:50.487, 210 MHz, 405 MHz, 11.98 W, 41, 0x0000000000000001
2026/10/03 17:30:50.688, 210 MHz, 405 MHz, 11.98 W, 41, 0x0000000000000001
2026/10/03 17:30:50.888, 210 MHz, 405 MHz, 11.98 W, 41, 0x0000000000000001
2026/10/03 17:30:51.088, 210 MHz, 405 MHz, 11.85 W, 41, 0x0000000000000001
2026/10/03 17:30:51.288, 210 MHz, 405 MHz, 11.85 W, 41, 0x0000000000000001
2026/10/03 17:30:51.488, 210 MHz, 405 MHz, 11.85 W, 41, 0x0000000000000001
2026/10/03 17:30:51.688, 210 MHz, 405 MHz, 11.95 W, 41, 0x0000000000000001
2026/10/03 17:30:51.888, 210 MHz, 405 MHz, 11.95 W, 41, 0x0000000000000001
2026/10/03 17:30:52.089, 210 MHz, 405 MHz, 11.99 W, 41, 0x0000000000000001
2026/10/03 17:30:52.289, 210 MHz, 405 MHz, 11.99 W, 41, 0x0000000000000001
2026/10/03 17:30:52.489, 210 MHz, 405 MHz, 11.99 W, 41, 0x0000000000000001
2026/10/03 17:30:52.689, 210 MHz, 405 MHz, 11.99 W, 41, 0x0000000000000001
2026/10/03 17:30:52.889, 210 MHz, 405 MHz, 11.99 W, 41, 0x0000000000000001
2026/10/03 17:30:53.090, 210 MHz, 405 MHz, 12.02 W, 41, 0x0000000000000001
2026/10/03 17:30:53.290, 210 MHz, 405 MHz, 12.02 W, 41, 0x0000000000000001
2026/10/03 17:30:53.490, 210 MHz, 405 MHz, 12.02 W, 41, 0x0000000000000001
2026/10/03 17:30:53.690, 210 MHz, 405 MHz, 12.07 W, 41, 0x0000000000000001
2026/10/03 17:30:53.890, 210 MHz, 405 MHz, 12.07 W, 41, 0x0000000000000001
2026/10/03 17:30:54.090, 210 MHz, 405 MHz, 12.02 W, 41, 0x0000000000000001
2026/10/03 17:30:54.290, 210 MHz, 405 MHz, 12.02 W, 41, 0x0000000000000001
2026/10/03 17:30:54.491, 210 MHz, 405 MHz, 12.02 W, 41, 0x0000000000000001
2026/10/03 17:30:54.691, 210 MHz, 405 MHz, 11.99 W, 41, 0x0000000000000001
2026/10/03 17:30:54.891, 210 MHz, 405 MHz, 11.99 W, 41, 0x0000000000000001
2026/10/03 17:30:55.091, 210 MHz, 405 MHz, 12.16 W, 41, 0x0000000000000001
2026/10/03 17:30:55.291, 210 MHz, 405 MHz, 12.16 W, 41, 0x0000000000000001
2026/10/03 17:30:55.491, 2520 MHz, 10251 MHz, 42.61 W, 47, 0x0000000000000001
2026/10/03 17:30:55.691, 2520 MHz, 10251 MHz, 42.61 W, 47, 0x0000000000000000
2026/10/03 17:30:55.892, 2520 MHz, 10251 MHz, 42.61 W, 47, 0x0000000000000000
2026/10/03 17:30:56.092, 2745 MHz, 10251 MHz, 134.99 W, 50, 0x0000000000000000
2026/10/03 17:30:56.292, 2745 MHz, 10251 MHz, 134.99 W, 50, 0x0000000000000000
2026/10/03 17:30:56.492, 2730 MHz, 10251 MHz, 141.37 W, 52, 0x0000000000000000
2026/10/03 17:30:56.692, 2730 MHz, 10251 MHz, 141.37 W, 52, 0x0000000000000000
2026/10/03 17:30:56.892, 2730 MHz, 10251 MHz, 141.37 W, 52, 0x0000000000000000
2026/10/03 17:30:57.092, 2730 MHz, 10251 MHz, 161.41 W, 55, 0x0000000000000000
2026/10/03 17:30:57.292, 2730 MHz, 10251 MHz, 161.41 W, 55, 0x0000000000000000
2026/10/03 17:30:57.492, 2715 MHz, 10251 MHz, 157.32 W, 57, 0x0000000000000000
2026/10/03 17:30:57.692, 2715 MHz, 10251 MHz, 157.32 W, 57, 0x0000000000000000
2026/10/03 17:30:57.893, 2715 MHz, 10251 MHz, 157.32 W, 57, 0x0000000000000000
2026/10/03 17:30:58.093, 2715 MHz, 10251 MHz, 148.89 W, 55, 0x0000000000000000
2026/10/03 17:30:58.293, 2715 MHz, 10251 MHz, 148.89 W, 55, 0x0000000000000000
2026/10/03 17:30:58.493, 2715 MHz, 10251 MHz, 204.99 W, 63, 0x0000000000000004
2026/10/03 17:30:58.693, 2715 MHz, 10251 MHz, 204.99 W, 63, 0x0000000000000004
2026/10/03 17:30:58.893, 2715 MHz, 10251 MHz, 204.99 W, 63, 0x0000000000000004
2026/10/03 17:30:59.093, 2685 MHz, 10251 MHz, 208.77 W, 66, 0x0000000000000000
2026/10/03 17:30:59.293, 2685 MHz, 10251 MHz, 208.77 W, 66, 0x0000000000000000
2026/10/03 17:30:59.493, 2580 MHz, 10251 MHz, 163.80 W, 68, 0x0000000000000000
2026/10/03 17:30:59.694, 2580 MHz, 10251 MHz, 163.80 W, 68, 0x0000000000000000
2026/10/03 17:30:59.894, 2580 MHz, 10251 MHz, 163.80 W, 68, 0x0000000000000000
2026/10/03 17:31:00.094, 2580 MHz, 10251 MHz, 242.89 W, 70, 0x0000000000000004
2026/10/03 17:31:00.294, 2580 MHz, 10251 MHz, 242.89 W, 70, 0x0000000000000004
2026/10/03 17:31:00.494, 2610 MHz, 10251 MHz, 212.72 W, 70, 0x0000000000000004
2026/10/03 17:31:00.694, 2610 MHz, 10251 MHz, 212.72 W, 70, 0x0000000000000004
2026/10/03 17:31:00.894, 2610 MHz, 10251 MHz, 212.72 W, 70, 0x0000000000000004
2026/10/03 17:31:01.095, 2700 MHz, 10251 MHz, 216.27 W, 69, 0x0000000000000004
2026/10/03 17:31:01.295, 2700 MHz, 10251 MHz, 216.27 W, 69, 0x0000000000000004
2026/10/03 17:31:01.495, 2730 MHz, 10501 MHz, 47.56 W, 51, 0x0000000000000000
2026/10/03 17:31:01.695, 2730 MHz, 10501 MHz, 47.56 W, 51, 0x0000000000000000
2026/10/03 17:31:01.896, 2730 MHz, 10501 MHz, 47.56 W, 51, 0x0000000000000000
2026/10/03 17:31:02.096, 2730 MHz, 10501 MHz, 46.64 W, 49, 0x0000000000000000
2026/10/03 17:31:02.296, 2730 MHz, 10501 MHz, 46.64 W, 49, 0x0000000000000000
2026/10/03 17:31:02.497, 2730 MHz, 10501 MHz, 46.59 W, 49, 0x0000000000000000
2026/10/03 17:31:02.697, 2730 MHz, 10501 MHz, 46.59 W, 49, 0x0000000000000000
2026/10/03 17:31:02.897, 2730 MHz, 10501 MHz, 46.59 W, 49, 0x0000000000000000
2026/10/03 17:31:03.097, 675 MHz, 5001 MHz, 26.34 W, 47, 0x0000000000000001
2026/10/03 17:31:03.297, 675 MHz, 5001 MHz, 26.34 W, 47, 0x0000000000000001
2026/10/03 17:31:03.498, 525 MHz, 5001 MHz, 23.09 W, 46, 0x0000000000000001
2026/10/03 17:31:03.698, 525 MHz, 5001 MHz, 23.09 W, 46, 0x0000000000000001
2026/10/03 17:31:03.898, 525 MHz, 5001 MHz, 23.09 W, 46, 0x0000000000000001
2026/10/03 17:31:04.098, 450 MHz, 5001 MHz, 23.06 W, 46, 0x0000000000000001
2026/10/03 17:31:04.298, 450 MHz, 5001 MHz, 23.06 W, 46, 0x0000000000000001
2026/10/03 17:31:04.498, 345 MHz, 5001 MHz, 23.20 W, 46, 0x0000000000000001
2026/10/03 17:31:04.699, 345 MHz, 5001 MHz, 23.20 W, 46, 0x0000000000000001
2026/10/03 17:31:04.899, 345 MHz, 5001 MHz, 23.20 W, 46, 0x0000000000000001
2026/10/03 17:31:05.099, 300 MHz, 5001 MHz, 22.92 W, 45, 0x0000000000000001
2026/10/03 17:31:05.299, 300 MHz, 5001 MHz, 22.92 W, 45, 0x0000000000000001
2026/10/03 17:31:05.499, 240 MHz, 5001 MHz, 22.80 W, 45, 0x0000000000000001
2026/10/03 17:31:05.700, 240 MHz, 5001 MHz, 22.80 W, 45, 0x0000000000000001
2026/10/03 17:31:05.900, 240 MHz, 5001 MHz, 22.80 W, 45, 0x0000000000000001
2026/10/03 17:31:06.100, 210 MHz, 5001 MHz, 22.79 W, 45, 0x0000000000000001
2026/10/03 17:31:06.300, 210 MHz, 5001 MHz, 22.79 W, 45, 0x0000000000000001
2026/10/03 17:31:06.500, 210 MHz, 810 MHz, 19.75 W, 45, 0x0000000000000001
2026/10/03 17:31:06.700, 210 MHz, 810 MHz, 19.75 W, 45, 0x0000000000000001
2026/10/03 17:31:06.901, 210 MHz, 810 MHz, 19.75 W, 45, 0x0000000000000001
2026/10/03 17:31:07.101, 210 MHz, 810 MHz, 19.83 W, 45, 0x0000000000000001
2026/10/03 17:31:07.301, 210 MHz, 810 MHz, 19.83 W, 45, 0x0000000000000001
2026/10/03 17:31:07.501, 210 MHz, 810 MHz, 19.86 W, 45, 0x0000000000000001
2026/10/03 17:31:07.701, 210 MHz, 810 MHz, 19.86 W, 45, 0x0000000000000001
2026/10/03 17:31:07.901, 210 MHz, 810 MHz, 19.86 W, 45, 0x0000000000000001
2026/10/03 17:31:08.102, 210 MHz, 405 MHz, 13.25 W, 44, 0x0000000000000001
2026/10/03 17:31:08.302, 210 MHz, 405 MHz, 13.25 W, 44, 0x0000000000000001
2026/10/03 17:31:08.502, 210 MHz, 405 MHz, 12.25 W, 44, 0x0000000000000001
2026/10/03 17:31:08.702, 210 MHz, 405 MHz, 12.25 W, 44, 0x0000000000000001
2026/10/03 17:31:08.902, 210 MHz, 405 MHz, 12.25 W, 44, 0x0000000000000001
2026/10/03 17:31:09.103, 210 MHz, 405 MHz, 12.24 W, 44, 0x0000000000000001
2026/10/03 17:31:09.303, 210 MHz, 405 MHz, 12.24 W, 44, 0x0000000000000001
2026/10/03 17:31:09.503, 210 MHz, 405 MHz, 12.18 W, 44, 0x0000000000000001
2026/10/03 17:31:09.703, 210 MHz, 405 MHz, 12.18 W, 44, 0x0000000000000001
2026/10/03 17:31:09.903, 210 MHz, 405 MHz, 12.18 W, 44, 0x0000000000000001
2026/10/03 17:31:10.104, 210 MHz, 405 MHz, 12.11 W, 44, 0x0000000000000001
2026/10/03 17:31:10.304, 210 MHz, 405 MHz, 12.11 W, 44, 0x0000000000000001
2026/10/03 17:31:10.504, 210 MHz, 405 MHz, 12.07 W, 43, 0x0000000000000001
2026/10/03 17:31:10.704, 210 MHz, 405 MHz, 12.07 W, 43, 0x0000000000000001
2026/10/03 17:31:10.905, 210 MHz, 405 MHz, 12.07 W, 43, 0x0000000000000001
2026/10/03 17:31:11.105, 210 MHz, 405 MHz, 12.13 W, 43, 0x0000000000000001
2026/10/03 17:31:11.305, 210 MHz, 405 MHz, 12.13 W, 43, 0x0000000000000001
2026/10/03 17:31:11.505, 210 MHz, 405 MHz, 12.25 W, 43, 0x0000000000000001
2026/10/03 17:31:11.705, 210 MHz, 405 MHz, 12.25 W, 43, 0x0000000000000001
2026/10/03 17:31:11.906, 210 MHz, 405 MHz, 12.25 W, 43, 0x0000000000000001
2026/10/03 17:31:12.106, 210 MHz, 405 MHz, 12.24 W, 43, 0x0000000000000001
2026/10/03 17:31:12.306, 210 MHz, 405 MHz, 12.24 W, 43, 0x0000000000000001
2026/10/03 17:31:12.506, 210 MHz, 405 MHz, 12.16 W, 43, 0x0000000000000001
2026/10/03 17:31:12.706, 210 MHz, 405 MHz, 12.16 W, 43, 0x0000000000000001
2026/10/03 17:31:12.906, 210 MHz, 405 MHz, 12.16 W, 43, 0x0000000000000001
2026/10/03 17:31:13.107, 210 MHz, 405 MHz, 12.84 W, 43, 0x0000000000000001
2026/10/03 17:31:13.307, 210 MHz, 405 MHz, 12.84 W, 43, 0x0000000000000001
2026/10/03 17:31:13.507, 210 MHz, 405 MHz, 12.65 W, 43, 0x0000000000000001
2026/10/03 17:31:13.707, 210 MHz, 405 MHz, 12.65 W, 43, 0x0000000000000001
2026/10/03 17:31:13.907, 210 MHz, 405 MHz, 12.65 W, 43, 0x0000000000000001
2026/10/03 17:31:14.107, 210 MHz, 405 MHz, 12.21 W, 43, 0x0000000000000001
2026/10/03 17:31:14.307, 210 MHz, 405 MHz, 12.21 W, 43, 0x0000000000000001
2026/10/03 17:31:14.508, 210 MHz, 405 MHz, 13.13 W, 43, 0x0000000000000001
2026/10/03 17:31:14.708, 210 MHz, 405 MHz, 13.13 W, 43, 0x0000000000000001
2026/10/03 17:31:14.908, 210 MHz, 405 MHz, 13.13 W, 43, 0x0000000000000001
2026/10/03 17:31:15.108, 210 MHz, 405 MHz, 12.14 W, 42, 0x0000000000000001
2026/10/03 17:31:15.308, 210 MHz, 405 MHz, 12.14 W, 42, 0x0000000000000001
2026/10/03 17:31:15.508, 210 MHz, 405 MHz, 12.12 W, 42, 0x0000000000000001
2026/10/03 17:31:15.708, 210 MHz, 405 MHz, 12.12 W, 42, 0x0000000000000001
2026/10/03 17:31:15.909, 210 MHz, 405 MHz, 12.12 W, 42, 0x0000000000000001
2026/10/03 17:31:16.109, 210 MHz, 405 MHz, 12.18 W, 42, 0x0000000000000001
2026/10/03 17:31:16.309, 210 MHz, 405 MHz, 12.18 W, 42, 0x0000000000000001
2026/10/03 17:31:16.510, 210 MHz, 405 MHz, 12.18 W, 42, 0x0000000000000001
2026/10/03 17:31:16.710, 210 MHz, 405 MHz, 12.18 W, 42, 0x0000000000000001
2026/10/03 17:31:16.910, 210 MHz, 405 MHz, 12.18 W, 42, 0x0000000000000001
2026/10/03 17:31:17.111, 210 MHz, 405 MHz, 12.24 W, 42, 0x0000000000000001
2026/10/03 17:31:17.311, 210 MHz, 405 MHz, 12.24 W, 42, 0x0000000000000001
2026/10/03 17:31:17.511, 210 MHz, 405 MHz, 12.75 W, 42, 0x0000000000000001
2026/10/03 17:31:17.711, 210 MHz, 405 MHz, 12.75 W, 42, 0x0000000000000001
2026/10/03 17:31:17.911, 210 MHz, 405 MHz, 12.75 W, 42, 0x0000000000000001
2026/10/03 17:31:18.111, 210 MHz, 405 MHz, 12.90 W, 42, 0x0000000000000001
2026/10/03 17:31:18.312, 210 MHz, 405 MHz, 12.90 W, 42, 0x0000000000000001
2026/10/03 17:31:18.512, 210 MHz, 405 MHz, 12.62 W, 42, 0x0000000000000001
2026/10/03 17:31:18.712, 210 MHz, 405 MHz, 12.62 W, 42, 0x0000000000000001
2026/10/03 17:31:18.912, 210 MHz, 405 MHz, 12.62 W, 42, 0x0000000000000001
2026/10/03 17:31:19.112, 210 MHz, 405 MHz, 12.08 W, 42, 0x0000000000000001
2026/10/03 17:31:19.312, 210 MHz, 405 MHz, 12.08 W, 42, 0x0000000000000001
2026/10/03 17:31:19.513, 210 MHz, 405 MHz, 12.02 W, 42, 0x0000000000000001
2026/10/03 17:31:19.713, 210 MHz, 405 MHz, 12.02 W, 42, 0x0000000000000001
2026/10/03 17:31:19.913, 210 MHz, 405 MHz, 12.02 W, 42, 0x0000000000000001
2026/10/03 17:31:20.113, 210 MHz, 405 MHz, 12.20 W, 42, 0x0000000000000001
2026/10/03 17:31:20.313, 210 MHz, 405 MHz, 12.20 W, 42, 0x0000000000000001
2026/10/03 17:31:20.513, 210 MHz, 405 MHz, 12.65 W, 42, 0x0000000000000001
2026/10/03 17:31:20.713, 210 MHz, 405 MHz, 12.65 W, 42, 0x0000000000000001
2026/10/03 17:31:20.914, 210 MHz, 405 MHz, 12.65 W, 42, 0x0000000000000001
2026/10/03 17:31:21.114, 210 MHz, 405 MHz, 12.13 W, 41, 0x0000000000000001
2026/10/03 17:31:21.314, 210 MHz, 405 MHz, 12.13 W, 41, 0x0000000000000001
2026/10/03 17:31:21.514, 210 MHz, 405 MHz, 12.14 W, 41, 0x0000000000000001
2026/10/03 17:31:21.714, 210 MHz, 405 MHz, 12.14 W, 41, 0x0000000000000001
2026/10/03 17:31:21.914, 210 MHz, 405 MHz, 12.14 W, 41, 0x0000000000000001
2026/10/03 17:31:22.115, 210 MHz, 405 MHz, 11.98 W, 41, 0x0000000000000001
2026/10/03 17:31:22.315, 210 MHz, 405 MHz, 11.98 W, 41, 0x0000000000000001
2026/10/03 17:31:22.515, 2520 MHz, 10251 MHz, 47.61 W, 45, 0x0000000000000000
2026/10/03 17:31:22.715, 2520 MHz, 10251 MHz, 47.61 W, 45, 0x0000000000000000
2026/10/03 17:31:22.915, 2520 MHz, 10251 MHz, 47.61 W, 45, 0x0000000000000000
2026/10/03 17:31:23.116, 2730 MHz, 10251 MHz, 155.76 W, 52, 0x0000000000000000
2026/10/03 17:31:23.316, 2730 MHz, 10251 MHz, 155.76 W, 52, 0x0000000000000000
2026/10/03 17:31:23.516, 2730 MHz, 10251 MHz, 184.09 W, 59, 0x0000000000000000
2026/10/03 17:31:23.716, 2730 MHz, 10251 MHz, 184.09 W, 59, 0x0000000000000000
2026/10/03 17:31:23.916, 2730 MHz, 10251 MHz, 184.09 W, 59, 0x0000000000000000
2026/10/03 17:31:24.116, 2640 MHz, 10251 MHz, 209.09 W, 65, 0x0000000000000000
2026/10/03 17:31:24.316, 2640 MHz, 10251 MHz, 209.09 W, 65, 0x0000000000000000
2026/10/03 17:31:24.516, 2730 MHz, 10501 MHz, 52.75 W, 48, 0x0000000000000000
2026/10/03 17:31:24.717, 2730 MHz, 10501 MHz, 52.75 W, 48, 0x0000000000000000
2026/10/03 17:31:24.917, 2730 MHz, 10501 MHz, 52.75 W, 48, 0x0000000000000000
2026/10/03 17:31:25.117, 2730 MHz, 10501 MHz, 46.33 W, 46, 0x0000000000000000
2026/10/03 17:31:25.317, 2730 MHz, 10501 MHz, 46.33 W, 46, 0x0000000000000000
2026/10/03 17:31:25.517, 2730 MHz, 10501 MHz, 47.57 W, 45, 0x0000000000000000
2026/10/03 17:31:25.717, 2730 MHz, 10501 MHz, 47.57 W, 45, 0x0000000000000000
2026/10/03 17:31:25.917, 2730 MHz, 10501 MHz, 47.57 W, 45, 0x0000000000000000
2026/10/03 17:31:26.118, 2730 MHz, 10501 MHz, 47.21 W, 45, 0x0000000000000000
2026/10/03 17:31:26.318, 2730 MHz, 10501 MHz, 47.21 W, 45, 0x0000000000000000
2026/10/03 17:31:26.518, 690 MHz, 5001 MHz, 25.47 W, 43, 0x0000000000000001
2026/10/03 17:31:26.719, 690 MHz, 5001 MHz, 25.47 W, 43, 0x0000000000000001
2026/10/03 17:31:26.919, 690 MHz, 5001 MHz, 25.47 W, 43, 0x0000000000000001
2026/10/03 17:31:27.119, 585 MHz, 5001 MHz, 23.37 W, 43, 0x0000000000000001
2026/10/03 17:31:27.319, 585 MHz, 5001 MHz, 23.37 W, 43, 0x0000000000000001
2026/10/03 17:31:27.519, 465 MHz, 5001 MHz, 22.76 W, 42, 0x0000000000000001
2026/10/03 17:31:27.719, 465 MHz, 5001 MHz, 22.76 W, 42, 0x0000000000000001
2026/10/03 17:31:27.920, 465 MHz, 5001 MHz, 22.76 W, 42, 0x0000000000000001
2026/10/03 17:31:28.120, 405 MHz, 5001 MHz, 23.46 W, 42, 0x0000000000000001
2026/10/03 17:31:28.320, 405 MHz, 5001 MHz, 23.46 W, 42, 0x0000000000000001
2026/10/03 17:31:28.520, 330 MHz, 5001 MHz, 23.49 W, 42, 0x0000000000000001
2026/10/03 17:31:28.720, 330 MHz, 5001 MHz, 23.49 W, 42, 0x0000000000000001
2026/10/03 17:31:28.920, 330 MHz, 5001 MHz, 23.49 W, 42, 0x0000000000000001
2026/10/03 17:31:29.120, 300 MHz, 5001 MHz, 22.94 W, 42, 0x0000000000000001
2026/10/03 17:31:29.321, 300 MHz, 5001 MHz, 22.94 W, 42, 0x0000000000000001
2026/10/03 17:31:29.521, 240 MHz, 5001 MHz, 22.62 W, 42, 0x0000000000000001
2026/10/03 17:31:29.721, 240 MHz, 5001 MHz, 22.62 W, 42, 0x0000000000000001
2026/10/03 17:31:29.921, 240 MHz, 5001 MHz, 22.62 W, 42, 0x0000000000000001
2026/10/03 17:31:30.121, 210 MHz, 5001 MHz, 22.73 W, 42, 0x0000000000000001
2026/10/03 17:31:30.322, 210 MHz, 5001 MHz, 22.73 W, 42, 0x0000000000000001
2026/10/03 17:31:30.522, 210 MHz, 810 MHz, 19.03 W, 42, 0x0000000000000001
2026/10/03 17:31:30.722, 210 MHz, 810 MHz, 19.03 W, 42, 0x0000000000000001
2026/10/03 17:31:30.922, 210 MHz, 810 MHz, 19.03 W, 42, 0x0000000000000001
2026/10/03 17:31:31.122, 210 MHz, 810 MHz, 20.25 W, 42, 0x0000000000000001
2026/10/03 17:31:31.322, 210 MHz, 810 MHz, 20.25 W, 42, 0x0000000000000001
2026/10/03 17:31:31.523, 210 MHz, 810 MHz, 19.38 W, 41, 0x0000000000000001
2026/10/03 17:31:31.723, 210 MHz, 810 MHz, 19.38 W, 41, 0x0000000000000001
2026/10/03 17:31:31.923, 210 MHz, 810 MHz, 19.38 W, 41, 0x0000000000000001
2026/10/03 17:31:32.123, 210 MHz, 405 MHz, 13.16 W, 41, 0x0000000000000001
2026/10/03 17:31:32.323, 210 MHz, 405 MHz, 13.16 W, 41, 0x0000000000000001
2026/10/03 17:31:32.523, 210 MHz, 405 MHz, 12.09 W, 41, 0x0000000000000001
2026/10/03 17:31:32.723, 210 MHz, 405 MHz, 12.09 W, 41, 0x0000000000000001
2026/10/03 17:31:32.924, 210 MHz, 405 MHz, 12.09 W, 41, 0x0000000000000001
2026/10/03 17:31:33.124, 210 MHz, 405 MHz, 12.12 W, 41, 0x0000000000000001
2026/10/03 17:31:33.324, 210 MHz, 405 MHz, 12.12 W, 41, 0x0000000000000001
2026/10/03 17:31:33.524, 210 MHz, 405 MHz, 12.08 W, 41, 0x0000000000000001
2026/10/03 17:31:33.724, 210 MHz, 405 MHz, 12.08 W, 41, 0x0000000000000001
2026/10/03 17:31:33.925, 210 MHz, 405 MHz, 12.08 W, 41, 0x0000000000000001
2026/10/03 17:31:34.125, 210 MHz, 405 MHz, 12.12 W, 41, 0x0000000000000001
2026/10/03 17:31:34.325, 210 MHz, 405 MHz, 12.12 W, 41, 0x0000000000000001
2026/10/03 17:31:34.525, 210 MHz, 405 MHz, 12.12 W, 41, 0x0000000000000001
2026/10/03 17:31:34.725, 210 MHz, 405 MHz, 12.12 W, 41, 0x0000000000000001
2026/10/03 17:31:34.926, 210 MHz, 405 MHz, 12.12 W, 41, 0x0000000000000001
2026/10/03 17:31:35.126, 210 MHz, 405 MHz, 12.07 W, 41, 0x0000000000000001
2026/10/03 17:31:35.326, 210 MHz, 405 MHz, 12.07 W, 41, 0x0000000000000001
2026/10/03 17:31:35.526, 210 MHz, 405 MHz, 12.12 W, 40, 0x0000000000000001
2026/10/03 17:31:35.727, 210 MHz, 405 MHz, 12.12 W, 40, 0x0000000000000001
2026/10/03 17:31:35.927, 210 MHz, 405 MHz, 12.12 W, 40, 0x0000000000000001
2026/10/03 17:31:36.127, 210 MHz, 405 MHz, 12.21 W, 40, 0x0000000000000001
2026/10/03 17:31:36.328, 210 MHz, 405 MHz, 12.21 W, 40, 0x0000000000000001
2026/10/03 17:31:36.528, 210 MHz, 405 MHz, 12.12 W, 40, 0x0000000000000001
2026/10/03 17:31:36.728, 210 MHz, 405 MHz, 12.12 W, 40, 0x0000000000000001
2026/10/03 17:31:36.929, 210 MHz, 405 MHz, 12.12 W, 40, 0x0000000000000001
2026/10/03 17:31:37.129, 210 MHz, 405 MHz, 12.08 W, 40, 0x0000000000000001
2026/10/03 17:31:37.329, 210 MHz, 405 MHz, 12.08 W, 40, 0x0000000000000001
2026/10/03 17:31:37.530, 210 MHz, 405 MHz, 12.11 W, 40, 0x0000000000000001
2026/10/03 17:31:37.730, 210 MHz, 405 MHz, 12.11 W, 40, 0x0000000000000001
2026/10/03 17:31:37.930, 210 MHz, 405 MHz, 12.11 W, 40, 0x0000000000000001
2026/10/03 17:31:38.130, 210 MHz, 405 MHz, 12.03 W, 40, 0x0000000000000001
2026/10/03 17:31:38.331, 210 MHz, 405 MHz, 12.03 W, 40, 0x0000000000000001
2026/10/03 17:31:38.531, 210 MHz, 405 MHz, 12.01 W, 40, 0x0000000000000001
2026/10/03 17:31:38.731, 210 MHz, 405 MHz, 12.01 W, 40, 0x0000000000000001
2026/10/03 17:31:38.931, 210 MHz, 405 MHz, 12.01 W, 40, 0x0000000000000001
2026/10/03 17:31:39.131, 210 MHz, 405 MHz, 12.02 W, 40, 0x0000000000000001
2026/10/03 17:31:39.331, 210 MHz, 405 MHz, 12.02 W, 40, 0x0000000000000001
2026/10/03 17:31:39.532, 210 MHz, 405 MHz, 12.12 W, 40, 0x0000000000000001
2026/10/03 17:31:39.732, 210 MHz, 405 MHz, 12.12 W, 40, 0x0000000000000001
2026/10/03 17:31:39.932, 210 MHz, 405 MHz, 12.12 W, 40, 0x0000000000000001
2026/10/03 17:31:40.132, 210 MHz, 405 MHz, 12.16 W, 40, 0x0000000000000001
2026/10/03 17:31:40.332, 210 MHz, 405 MHz, 12.16 W, 40, 0x0000000000000001
2026/10/03 17:31:40.532, 210 MHz, 405 MHz, 12.19 W, 40, 0x0000000000000001
2026/10/03 17:31:40.732, 210 MHz, 405 MHz, 12.19 W, 40, 0x0000000000000001
2026/10/03 17:31:40.933, 210 MHz, 405 MHz, 12.19 W, 40, 0x0000000000000001
2026/10/03 17:31:41.133, 210 MHz, 405 MHz, 12.19 W, 40, 0x0000000000000001
2026/10/03 17:31:41.333, 210 MHz, 405 MHz, 12.19 W, 40, 0x0000000000000001
2026/10/03 17:31:41.533, 210 MHz, 405 MHz, 12.08 W, 40, 0x0000000000000001
2026/10/03 17:31:41.733, 210 MHz, 405 MHz, 12.08 W, 40, 0x0000000000000001
2026/10/03 17:31:41.933, 210 MHz, 405 MHz, 12.08 W, 40, 0x0000000000000001
2026/10/03 17:31:42.133, 210 MHz, 405 MHz, 12.14 W, 40, 0x0000000000000001
2026/10/03 17:31:42.333, 210 MHz, 405 MHz, 12.14 W, 40, 0x0000000000000001
2026/10/03 17:31:42.533, 210 MHz, 405 MHz, 12.09 W, 40, 0x0000000000000001
2026/10/03 17:31:42.734, 210 MHz, 405 MHz, 12.09 W, 40, 0x0000000000000001
2026/10/03 17:31:42.934, 210 MHz, 405 MHz, 12.09 W, 40, 0x0000000000000001
2026/10/03 17:31:43.134, 210 MHz, 405 MHz, 12.16 W, 39, 0x0000000000000001
2026/10/03 17:31:43.334, 210 MHz, 405 MHz, 12.16 W, 39, 0x0000000000000001
2026/10/03 17:31:43.534, 210 MHz, 405 MHz, 12.02 W, 39, 0x0000000000000001
2026/10/03 17:31:43.734, 210 MHz, 405 MHz, 12.02 W, 39, 0x0000000000000001
2026/10/03 17:31:43.934, 210 MHz, 405 MHz, 12.02 W, 39, 0x0000000000000001
2026/10/03 17:31:44.135, 210 MHz, 405 MHz, 12.37 W, 39, 0x0000000000000001
2026/10/03 17:31:44.335, 210 MHz, 405 MHz, 12.37 W, 39, 0x0000000000000001
2026/10/03 17:31:44.535, 210 MHz, 405 MHz, 12.05 W, 39, 0x0000000000000001
2026/10/03 17:31:44.736, 210 MHz, 405 MHz, 12.05 W, 39, 0x0000000000000001
2026/10/03 17:31:44.936, 210 MHz, 405 MHz, 12.05 W, 39, 0x0000000000000001
2026/10/03 17:31:45.136, 210 MHz, 405 MHz, 12.17 W, 39, 0x0000000000000001
2026/10/03 17:31:45.336, 210 MHz, 405 MHz, 12.17 W, 39, 0x0000000000000001
2026/10/03 17:31:45.537, 2520 MHz, 10251 MHz, 37.38 W, 41, 0x0000000000000000
2026/10/03 17:31:45.737, 2520 MHz, 10251 MHz, 37.38 W, 41, 0x0000000000000000
2026/10/03 17:31:45.937, 2520 MHz, 10251 MHz, 37.38 W, 41, 0x0000000000000000
2026/10/03 17:31:46.137, 2745 MHz, 10251 MHz, 126.65 W, 50, 0x0000000000000000
2026/10/03 17:31:46.337, 2745 MHz, 10251 MHz, 126.65 W, 50, 0x0000000000000000
2026/10/03 17:31:46.537, 2730 MHz, 10251 MHz, 165.77 W, 56, 0x0000000000000000
2026/10/03 17:31:46.737, 2730 MHz, 10251 MHz, 165.77 W, 56, 0x0000000000000000
2026/10/03 17:31:46.937, 2730 MHz, 10251 MHz, 165.77 W, 56, 0x0000000000000000
2026/10/03 17:31:47.138, 2655 MHz, 10251 MHz, 210.38 W, 62, 0x0000000000000004
2026/10/03 17:31:47.338, 2655 MHz, 10251 MHz, 210.38 W, 62, 0x0000000000000004
2026/10/03 17:31:47.538, 2730 MHz, 10251 MHz, 115.32 W, 50, 0x0000000000000000
2026/10/03 17:31:47.738, 2730 MHz, 10251 MHz, 115.32 W, 50, 0x0000000000000000
2026/10/03 17:31:47.938, 2730 MHz, 10251 MHz, 115.32 W, 50, 0x0000000000000000
2026/10/03 17:31:48.138, 2745 MHz, 10501 MHz, 46.26 W, 45, 0x0000000000000000
2026/10/03 17:31:48.338, 2745 MHz, 10501 MHz, 46.26 W, 45, 0x0000000000000000
2026/10/03 17:31:48.538, 2745 MHz, 10501 MHz, 46.16 W, 44, 0x0000000000000000
2026/10/03 17:31:48.739, 2745 MHz, 10501 MHz, 46.16 W, 44, 0x0000000000000000
2026/10/03 17:31:48.939, 2745 MHz, 10501 MHz, 46.16 W, 44, 0x0000000000000000
2026/10/03 17:31:49.139, 2745 MHz, 10501 MHz, 46.04 W, 44, 0x0000000000000000
2026/10/03 17:31:49.339, 2745 MHz, 10501 MHz, 46.04 W, 44, 0x0000000000000000
2026/10/03 17:31:49.539, 615 MHz, 5001 MHz, 24.95 W, 42, 0x0000000000000001
2026/10/03 17:31:49.740, 615 MHz, 5001 MHz, 24.95 W, 42, 0x0000000000000001
2026/10/03 17:31:49.940, 615 MHz, 5001 MHz, 24.95 W, 42, 0x0000000000000001
2026/10/03 17:31:50.140, 525 MHz, 5001 MHz, 22.65 W, 42, 0x0000000000000001
2026/10/03 17:31:50.340, 525 MHz, 5001 MHz, 22.65 W, 42, 0x0000000000000001
2026/10/03 17:31:50.540, 405 MHz, 5001 MHz, 22.78 W, 42, 0x0000000000000001
2026/10/03 17:31:50.740, 405 MHz, 5001 MHz, 22.78 W, 42, 0x0000000000000001
2026/10/03 17:31:50.941, 405 MHz, 5001 MHz, 22.78 W, 42, 0x0000000000000001
2026/10/03 17:31:51.141, 345 MHz, 5001 MHz, 22.69 W, 42, 0x0000000000000001
2026/10/03 17:31:51.341, 345 MHz, 5001 MHz, 22.69 W, 42, 0x0000000000000001
2026/10/03 17:31:51.541, 270 MHz, 5001 MHz, 22.52 W, 42, 0x0000000000000001
2026/10/03 17:31:51.741, 270 MHz, 5001 MHz, 22.52 W, 42, 0x0000000000000001
2026/10/03 17:31:51.941, 270 MHz, 5001 MHz, 22.52 W, 42, 0x0000000000000001
2026/10/03 17:31:52.141, 240 MHz, 5001 MHz, 22.64 W, 42, 0x0000000000000001
2026/10/03 17:31:52.342, 240 MHz, 5001 MHz, 22.64 W, 42, 0x0000000000000001
2026/10/03 17:31:52.542, 210 MHz, 810 MHz, 18.75 W, 41, 0x0000000000000001
2026/10/03 17:31:52.742, 210 MHz, 810 MHz, 18.75 W, 41, 0x0000000000000001
2026/10/03 17:31:52.942, 210 MHz, 810 MHz, 18.75 W, 41, 0x0000000000000001
2026/10/03 17:31:53.142, 210 MHz, 810 MHz, 18.65 W, 41, 0x0000000000000001
2026/10/03 17:31:53.342, 210 MHz, 810 MHz, 18.65 W, 41, 0x0000000000000001
2026/10/03 17:31:53.543, 210 MHz, 810 MHz, 19.18 W, 41, 0x0000000000000001
2026/10/03 17:31:53.743, 210 MHz, 810 MHz, 19.18 W, 41, 0x0000000000000001
2026/10/03 17:31:53.943, 210 MHz, 810 MHz, 19.18 W, 41, 0x0000000000000001
2026/10/03 17:31:54.143, 210 MHz, 810 MHz, 19.11 W, 41, 0x0000000000000001
2026/10/03 17:31:54.343, 210 MHz, 810 MHz, 19.11 W, 41, 0x0000000000000001
2026/10/03 17:31:54.543, 210 MHz, 405 MHz, 12.51 W, 41, 0x0000000000000001
2026/10/03 17:31:54.743, 210 MHz, 405 MHz, 12.51 W, 41, 0x0000000000000001
2026/10/03 17:31:54.944, 210 MHz, 405 MHz, 12.51 W, 41, 0x0000000000000001
2026/10/03 17:31:55.144, 210 MHz, 405 MHz, 12.25 W, 41, 0x0000000000000001
2026/10/03 17:31:55.344, 210 MHz, 405 MHz, 12.25 W, 41, 0x0000000000000001
2026/10/03 17:31:55.544, 210 MHz, 405 MHz, 12.44 W, 41, 0x0000000000000001
2026/10/03 17:31:55.744, 210 MHz, 405 MHz, 12.44 W, 41, 0x0000000000000001
2026/10/03 17:31:55.944, 210 MHz, 405 MHz, 12.44 W, 41, 0x0000000000000001
2026/10/03 17:31:56.144, 210 MHz, 405 MHz, 12.00 W, 41, 0x0000000000000001
2026/10/03 17:31:56.345, 210 MHz, 405 MHz, 12.00 W, 41, 0x0000000000000001
2026/10/03 17:31:56.545, 210 MHz, 405 MHz, 11.92 W, 41, 0x0000000000000001
2026/10/03 17:31:56.745, 210 MHz, 405 MHz, 11.92 W, 41, 0x0000000000000001
2026/10/03 17:31:56.945, 210 MHz, 405 MHz, 11.92 W, 41, 0x0000000000000001
2026/10/03 17:31:57.146, 210 MHz, 405 MHz, 11.96 W, 41, 0x0000000000000001
2026/10/03 17:31:57.346, 210 MHz, 405 MHz, 11.96 W, 41, 0x0000000000000001
2026/10/03 17:31:57.546, 210 MHz, 405 MHz, 12.00 W, 41, 0x0000000000000001
2026/10/03 17:31:57.746, 210 MHz, 405 MHz, 12.00 W, 41, 0x0000000000000001
2026/10/03 17:31:57.946, 210 MHz, 405 MHz, 12.00 W, 41, 0x0000000000000001
2026/10/03 17:31:58.147, 210 MHz, 405 MHz, 11.99 W, 41, 0x0000000000000001
2026/10/03 17:31:58.347, 210 MHz, 405 MHz, 11.99 W, 41, 0x0000000000000001
2026/10/03 17:31:58.547, 210 MHz, 405 MHz, 11.99 W, 41, 0x0000000000000001
2026/10/03 17:31:58.747, 210 MHz, 405 MHz, 11.99 W, 41, 0x0000000000000001
2026/10/03 17:31:58.947, 210 MHz, 405 MHz, 11.99 W, 41, 0x0000000000000001
2026/10/03 17:31:59.148, 210 MHz, 405 MHz, 12.08 W, 41, 0x0000000000000001
2026/10/03 17:31:59.348, 210 MHz, 405 MHz, 12.08 W, 41, 0x0000000000000001
2026/10/03 17:31:59.548, 210 MHz, 405 MHz, 12.14 W, 41, 0x0000000000000001
2026/10/03 17:31:59.748, 210 MHz, 405 MHz, 12.14 W, 41, 0x0000000000000001
2026/10/03 17:31:59.949, 210 MHz, 405 MHz, 12.14 W, 41, 0x0000000000000001
2026/10/03 17:32:00.149, 210 MHz, 405 MHz, 12.00 W, 41, 0x0000000000000001
2026/10/03 17:32:00.349, 210 MHz, 405 MHz, 12.00 W, 41, 0x0000000000000001
2026/10/03 17:32:00.549, 210 MHz, 405 MHz, 11.94 W, 41, 0x0000000000000001
2026/10/03 17:32:00.749, 210 MHz, 405 MHz, 11.94 W, 41, 0x0000000000000001
2026/10/03 17:32:00.949, 210 MHz, 405 MHz, 11.94 W, 41, 0x0000000000000001
2026/10/03 17:32:01.149, 210 MHz, 405 MHz, 12.01 W, 41, 0x0000000000000001
2026/10/03 17:32:01.350, 210 MHz, 405 MHz, 12.01 W, 41, 0x0000000000000001
2026/10/03 17:32:01.550, 210 MHz, 405 MHz, 12.13 W, 41, 0x0000000000000001
2026/10/03 17:32:01.750, 210 MHz, 405 MHz, 12.13 W, 41, 0x0000000000000001
2026/10/03 17:32:01.950, 210 MHz, 405 MHz, 12.13 W, 41, 0x0000000000000001
2026/10/03 17:32:02.150, 210 MHz, 405 MHz, 11.99 W, 41, 0x0000000000000001
2026/10/03 17:32:02.350, 210 MHz, 405 MHz, 11.99 W, 41, 0x0000000000000001
2026/10/03 17:32:02.551, 210 MHz, 405 MHz, 12.11 W, 41, 0x0000000000000001
2026/10/03 17:32:02.751, 210 MHz, 405 MHz, 12.11 W, 41, 0x0000000000000001
2026/10/03 17:32:02.951, 210 MHz, 405 MHz, 12.11 W, 41, 0x0000000000000001
2026/10/03 17:32:03.152, 210 MHz, 405 MHz, 12.13 W, 41, 0x0000000000000001
2026/10/03 17:32:03.352, 210 MHz, 405 MHz, 12.13 W, 41, 0x0000000000000001
2026/10/03 17:32:03.552, 210 MHz, 405 MHz, 12.17 W, 41, 0x0000000000000001
2026/10/03 17:32:03.752, 210 MHz, 405 MHz, 12.17 W, 41, 0x0000000000000001
2026/10/03 17:32:03.953, 210 MHz, 405 MHz, 12.17 W, 41, 0x0000000000000001
2026/10/03 17:32:04.153, 210 MHz, 405 MHz, 12.11 W, 41, 0x0000000000000001
2026/10/03 17:32:04.353, 210 MHz, 405 MHz, 12.11 W, 41, 0x0000000000000001
2026/10/03 17:32:04.553, 210 MHz, 405 MHz, 12.02 W, 41, 0x0000000000000001
2026/10/03 17:32:04.753, 210 MHz, 405 MHz, 12.02 W, 41, 0x0000000000000001
2026/10/03 17:32:04.953, 210 MHz, 405 MHz, 12.02 W, 41, 0x0000000000000001
2026/10/03 17:32:05.154, 210 MHz, 405 MHz, 12.10 W, 41, 0x0000000000000001
2026/10/03 17:32:05.354, 210 MHz, 405 MHz, 12.10 W, 41, 0x0000000000000001
2026/10/03 17:32:05.554, 210 MHz, 405 MHz, 12.38 W, 41, 0x0000000000000001
2026/10/03 17:32:05.754, 210 MHz, 405 MHz, 12.38 W, 41, 0x0000000000000001
2026/10/03 17:32:05.954, 210 MHz, 405 MHz, 12.38 W, 41, 0x0000000000000001
2026/10/03 17:32:06.154, 210 MHz, 405 MHz, 12.58 W, 41, 0x0000000000000001
2026/10/03 17:32:06.354, 210 MHz, 405 MHz, 12.58 W, 41, 0x0000000000000001
2026/10/03 17:32:06.554, 210 MHz, 405 MHz, 12.52 W, 41, 0x0000000000000001
2026/10/03 17:32:06.755, 210 MHz, 405 MHz, 12.52 W, 41, 0x0000000000000001
2026/10/03 17:32:06.955, 210 MHz, 405 MHz, 12.52 W, 41, 0x0000000000000001
2026/10/03 17:32:07.155, 210 MHz, 405 MHz, 11.99 W, 41, 0x0000000000000001
2026/10/03 17:32:07.355, 210 MHz, 405 MHz, 11.99 W, 41, 0x0000000000000001
2026/10/03 17:32:07.555, 210 MHz, 405 MHz, 12.64 W, 41, 0x0000000000000001
2026/10/03 17:32:07.755, 210 MHz, 405 MHz, 12.64 W, 41, 0x0000000000000001
2026/10/03 17:32:07.956, 210 MHz, 405 MHz, 12.64 W, 41, 0x0000000000000001
2026/10/03 17:32:08.156, 210 MHz, 405 MHz, 12.07 W, 41, 0x0000000000000001
2026/10/03 17:32:08.356, 210 MHz, 405 MHz, 12.07 W, 41, 0x0000000000000001
2026/10/03 17:32:08.556, 2520 MHz, 10251 MHz, 20.94 W, 42, 0x0000000000000000
2026/10/03 17:32:08.756, 2520 MHz, 10251 MHz, 20.94 W, 42, 0x0000000000000000
2026/10/03 17:32:08.956, 2520 MHz, 10251 MHz, 20.94 W, 42, 0x0000000000000000
2026/10/03 17:32:09.156, 2745 MHz, 10251 MHz, 133.32 W, 49, 0x0000000000000000
2026/10/03 17:32:09.356, 2745 MHz, 10251 MHz, 133.32 W, 49, 0x0000000000000000
2026/10/03 17:32:09.557, 2730 MHz, 10251 MHz, 133.09 W, 51, 0x0000000000000000
2026/10/03 17:32:09.757, 2730 MHz, 10251 MHz, 133.09 W, 51, 0x0000000000000000
2026/10/03 17:32:09.957, 2730 MHz, 10251 MHz, 133.09 W, 51, 0x0000000000000000
2026/10/03 17:32:10.157, 2730 MHz, 10251 MHz, 132.01 W, 51, 0x0000000000000000
2026/10/03 17:32:10.357, 2730 MHz, 10251 MHz, 132.01 W, 51, 0x0000000000000000
2026/10/03 17:32:10.557, 2730 MHz, 10251 MHz, 159.82 W, 55, 0x0000000000000000
2026/10/03 17:32:10.757, 2730 MHz, 10251 MHz, 159.82 W, 55, 0x0000000000000000
2026/10/03 17:32:10.957, 2730 MHz, 10251 MHz, 159.82 W, 55, 0x0000000000000000
2026/10/03 17:32:11.158, 2730 MHz, 10251 MHz, 153.74 W, 55, 0x0000000000000000
2026/10/03 17:32:11.358, 2730 MHz, 10251 MHz, 153.74 W, 55, 0x0000000000000000
2026/10/03 17:32:11.558, 2730 MHz, 10251 MHz, 145.55 W, 55, 0x0000000000000000
2026/10/03 17:32:11.758, 2730 MHz, 10251 MHz, 145.55 W, 55, 0x0000000000000000
2026/10/03 17:32:11.958, 2730 MHz, 10251 MHz, 145.55 W, 55, 0x0000000000000000
2026/10/03 17:32:12.158, 2715 MHz, 10251 MHz, 204.88 W, 62, 0x0000000000000000
2026/10/03 17:32:12.358, 2715 MHz, 10251 MHz, 204.88 W, 62, 0x0000000000000000
2026/10/03 17:32:12.558, 2715 MHz, 10251 MHz, 199.58 W, 63, 0x0000000000000000
2026/10/03 17:32:12.758, 2715 MHz, 10251 MHz, 199.58 W, 63, 0x0000000000000000
2026/10/03 17:32:12.959, 2715 MHz, 10251 MHz, 199.58 W, 63, 0x0000000000000000
2026/10/03 17:32:13.159, 2715 MHz, 10251 MHz, 176.46 W, 62, 0x0000000000000000
2026/10/03 17:32:13.359, 2715 MHz, 10251 MHz, 176.46 W, 62, 0x0000000000000000
2026/10/03 17:32:13.559, 2640 MHz, 10251 MHz, 195.40 W, 67, 0x0000000000000004
2026/10/03 17:32:13.759, 2640 MHz, 10251 MHz, 195.40 W, 67, 0x0000000000000004
2026/10/03 17:32:13.959, 2640 MHz, 10251 MHz, 195.40 W, 67, 0x0000000000000004
2026/10/03 17:32:14.159, 2655 MHz, 10251 MHz, 212.57 W, 71, 0x0000000000000004
2026/10/03 17:32:14.359, 2655 MHz, 10251 MHz, 212.57 W, 71, 0x0000000000000004
2026/10/03 17:32:14.559, 2640 MHz, 10251 MHz, 225.97 W, 71, 0x0000000000000004
2026/10/03 17:32:14.760, 2640 MHz, 10251 MHz, 225.97 W, 71, 0x0000000000000004
2026/10/03 17:32:14.960, 2640 MHz, 10251 MHz, 225.97 W, 71, 0x0000000000000004
2026/10/03 17:32:15.160, 2685 MHz, 10251 MHz, 220.34 W, 72, 0x0000000000000004
2026/10/03 17:32:15.360, 2685 MHz, 10251 MHz, 220.34 W, 72, 0x0000000000000004
2026/10/03 17:32:15.560, 2715 MHz, 10501 MHz, 53.44 W, 53, 0x0000000000000000
2026/10/03 17:32:15.761, 2715 MHz, 10501 MHz, 53.44 W, 53, 0x0000000000000000
2026/10/03 17:32:15.961, 2715 MHz, 10501 MHz, 53.44 W, 53, 0x0000000000000000
2026/10/03 17:32:16.161, 2730 MHz, 10501 MHz, 46.94 W, 50, 0x0000000000000000
2026/10/03 17:32:16.362, 2730 MHz, 10501 MHz, 46.94 W, 50, 0x0000000000000000
2026/10/03 17:32:16.562, 2730 MHz, 10501 MHz, 46.70 W, 49, 0x0000000000000000
2026/10/03 17:32:16.763, 2730 MHz, 10501 MHz, 46.70 W, 49, 0x0000000000000000
2026/10/03 17:32:16.963, 2730 MHz, 10501 MHz, 46.70 W, 49, 0x0000000000000000
2026/10/03 17:32:17.164, 2730 MHz, 10501 MHz, 46.64 W, 49, 0x0000000000000000
2026/10/03 17:32:17.364, 2730 MHz, 10501 MHz, 46.64 W, 49, 0x0000000000000000
2026/10/03 17:32:17.564, 630 MHz, 5001 MHz, 27.37 W, 47, 0x0000000000000001
2026/10/03 17:32:17.764, 630 MHz, 5001 MHz, 27.37 W, 47, 0x0000000000000001
2026/10/03 17:32:17.964, 630 MHz, 5001 MHz, 27.37 W, 47, 0x0000000000000001
2026/10/03 17:32:18.164, 525 MHz, 5001 MHz, 23.03 W, 46, 0x0000000000000001
2026/10/03 17:32:18.364, 525 MHz, 5001 MHz, 23.03 W, 46, 0x0000000000000001
2026/10/03 17:32:18.565, 405 MHz, 5001 MHz, 22.94 W, 46, 0x0000000000000001
2026/10/03 17:32:18.765, 405 MHz, 5001 MHz, 22.94 W, 46, 0x0000000000000001
2026/10/03 17:32:18.965, 405 MHz, 5001 MHz, 22.94 W, 46, 0x0000000000000001
2026/10/03 17:32:19.165, 345 MHz, 5001 MHz, 22.98 W, 46, 0x0000000000000001
2026/10/03 17:32:19.365, 345 MHz, 5001 MHz, 22.98 W, 46, 0x0000000000000001
2026/10/03 17:32:19.565, 270 MHz, 5001 MHz, 22.82 W, 46, 0x0000000000000001
2026/10/03 17:32:19.766, 270 MHz, 5001 MHz, 22.82 W, 46, 0x0000000000000001
2026/10/03 17:32:19.966, 270 MHz, 5001 MHz, 22.82 W, 46, 0x0000000000000001
2026/10/03 17:32:20.166, 240 MHz, 5001 MHz, 22.75 W, 45, 0x0000000000000001
2026/10/03 17:32:20.367, 240 MHz, 5001 MHz, 22.75 W, 45, 0x0000000000000001
2026/10/03 17:32:20.567, 210 MHz, 5001 MHz, 22.73 W, 45, 0x0000000000000001
2026/10/03 17:32:20.767, 210 MHz, 5001 MHz, 22.73 W, 45, 0x0000000000000001
2026/10/03 17:32:20.967, 210 MHz, 5001 MHz, 22.73 W, 45, 0x0000000000000001
2026/10/03 17:32:21.168, 210 MHz, 5001 MHz, 22.74 W, 45, 0x0000000000000001
2026/10/03 17:32:21.368, 210 MHz, 5001 MHz, 22.74 W, 45, 0x0000000000000001
2026/10/03 17:32:21.568, 210 MHz, 5001 MHz, 22.86 W, 45, 0x0000000000000001
2026/10/03 17:32:21.768, 210 MHz, 5001 MHz, 22.86 W, 45, 0x0000000000000001
2026/10/03 17:32:21.969, 210 MHz, 5001 MHz, 22.86 W, 45, 0x0000000000000001
2026/10/03 17:32:22.169, 210 MHz, 810 MHz, 19.68 W, 45, 0x0000000000000001
2026/10/03 17:32:22.369, 210 MHz, 810 MHz, 19.68 W, 45, 0x0000000000000001
2026/10/03 17:32:22.570, 210 MHz, 810 MHz, 19.62 W, 45, 0x0000000000000001
2026/10/03 17:32:22.770, 210 MHz, 810 MHz, 19.62 W, 45, 0x0000000000000001
2026/10/03 17:32:22.970, 210 MHz, 810 MHz, 19.62 W, 45, 0x0000000000000001
2026/10/03 17:32:23.170, 210 MHz, 810 MHz, 19.90 W, 44, 0x0000000000000001
2026/10/03 17:32:23.371, 210 MHz, 810 MHz, 19.90 W, 44, 0x0000000000000001
2026/10/03 17:32:23.571, 210 MHz, 405 MHz, 19.87 W, 44, 0x0000000000000001
2026/10/03 17:32:23.771, 210 MHz, 405 MHz, 19.87 W, 44, 0x0000000000000001
2026/10/03 17:32:23.971, 210 MHz, 405 MHz, 19.87 W, 44, 0x0000000000000001
2026/10/03 17:32:24.171, 210 MHz, 405 MHz, 12.33 W, 44, 0x0000000000000001
2026/10/03 17:32:24.371, 210 MHz, 405 MHz, 12.33 W, 44, 0x0000000000000001
2026/10/03 17:32:24.571, 210 MHz, 405 MHz, 12.30 W, 44, 0x0000000000000001
2026/10/03 17:32:24.772, 210 MHz, 405 MHz, 12.30 W, 44, 0x0000000000000001
2026/10/03 17:32:24.972, 210 MHz, 405 MHz, 12.30 W, 44, 0x0000000000000001
2026/10/03 17:32:25.172, 210 MHz, 405 MHz, 12.28 W, 44, 0x0000000000000001
2026/10/03 17:32:25.372, 210 MHz, 405 MHz, 12.28 W, 44, 0x0000000000000001
2026/10/03 17:32:25.573, 210 MHz, 405 MHz, 12.25 W, 43, 0x0000000000000001
2026/10/03 17:32:25.773, 210 MHz, 405 MHz, 12.25 W, 43, 0x0000000000000001
2026/10/03 17:32:25.973, 210 MHz, 405 MHz, 12.25 W, 43, 0x0000000000000001
2026/10/03 17:32:26.173, 210 MHz, 405 MHz, 12.88 W, 43, 0x0000000000000001
2026/10/03 17:32:26.373, 210 MHz, 405 MHz, 12.88 W, 43, 0x0000000000000001
2026/10/03 17:32:26.573, 210 MHz, 405 MHz, 12.78 W, 43, 0x0000000000000001
2026/10/03 17:32:26.774, 210 MHz, 405 MHz, 12.78 W, 43, 0x0000000000000001
2026/10/03 17:32:26.974, 210 MHz, 405 MHz, 12.78 W, 43, 0x0000000000000001
2026/10/03 17:32:27.174, 210 MHz, 405 MHz, 12.82 W, 43, 0x0000000000000001
2026/10/03 17:32:27.375, 210 MHz, 405 MHz, 12.82 W, 43, 0x0000000000000001
2026/10/03 17:32:27.575, 210 MHz, 405 MHz, 12.38 W, 43, 0x0000000000000001
2026/10/03 17:32:27.776, 210 MHz, 405 MHz, 12.38 W, 43, 0x0000000000000001
2026/10/03 17:32:27.976, 210 MHz, 405 MHz, 12.38 W, 43, 0x0000000000000001
2026/10/03 17:32:28.176, 210 MHz, 405 MHz, 12.31 W, 43, 0x0000000000000001
2026/10/03 17:32:28.376, 210 MHz, 405 MHz, 12.31 W, 43, 0x0000000000000001
2026/10/03 17:32:28.576, 210 MHz, 405 MHz, 12.23 W, 43, 0x0000000000000001
2026/10/03 17:32:28.776, 210 MHz, 405 MHz, 12.23 W, 43, 0x0000000000000001
2026/10/03 17:32:28.977, 210 MHz, 405 MHz, 12.23 W, 43, 0x0000000000000001
2026/10/03 17:32:29.177, 210 MHz, 405 MHz, 12.26 W, 43, 0x0000000000000001
2026/10/03 17:32:29.377, 210 MHz, 405 MHz, 12.26 W, 43, 0x0000000000000001
2026/10/03 17:32:29.577, 210 MHz, 405 MHz, 12.70 W, 42, 0x0000000000000001
2026/10/03 17:32:29.777, 210 MHz, 405 MHz, 12.70 W, 42, 0x0000000000000001
2026/10/03 17:32:29.977, 210 MHz, 405 MHz, 12.70 W, 42, 0x0000000000000001
2026/10/03 17:32:30.177, 210 MHz, 405 MHz, 12.22 W, 42, 0x0000000000000001
2026/10/03 17:32:30.378, 210 MHz, 405 MHz, 12.22 W, 42, 0x0000000000000001
2026/10/03 17:32:30.578, 210 MHz, 405 MHz, 12.23 W, 42, 0x0000000000000001
2026/10/03 17:32:30.778, 210 MHz, 405 MHz, 12.23 W, 42, 0x0000000000000001
2026/10/03 17:32:30.978, 210 MHz, 405 MHz, 12.23 W, 42, 0x0000000000000001
2026/10/03 17:32:31.178, 210 MHz, 405 MHz, 12.17 W, 42, 0x0000000000000001
2026/10/03 17:32:31.378, 210 MHz, 405 MHz, 12.17 W, 42, 0x0000000000000001
2026/10/03 17:32:31.578, 210 MHz, 405 MHz, 12.19 W, 42, 0x0000000000000001
2026/10/03 17:32:31.779, 210 MHz, 405 MHz, 12.19 W, 42, 0x0000000000000001
2026/10/03 17:32:31.979, 210 MHz, 405 MHz, 12.19 W, 42, 0x0000000000000001
2026/10/03 17:32:32.179, 210 MHz, 405 MHz, 12.14 W, 42, 0x0000000000000001
2026/10/03 17:32:32.379, 210 MHz, 405 MHz, 12.14 W, 42, 0x0000000000000001
2026/10/03 17:32:32.579, 210 MHz, 405 MHz, 12.14 W, 42, 0x0000000000000001
2026/10/03 17:32:32.780, 210 MHz, 405 MHz, 12.14 W, 42, 0x0000000000000001
2026/10/03 17:32:32.980, 210 MHz, 405 MHz, 12.14 W, 42, 0x0000000000000001
2026/10/03 17:32:33.180, 210 MHz, 405 MHz, 12.19 W, 42, 0x0000000000000001
2026/10/03 17:32:33.381, 210 MHz, 405 MHz, 12.19 W, 42, 0x0000000000000001
2026/10/03 17:32:33.581, 210 MHz, 405 MHz, 12.22 W, 42, 0x0000000000000001
2026/10/03 17:32:33.781, 210 MHz, 405 MHz, 12.22 W, 42, 0x0000000000000001
2026/10/03 17:32:33.981, 210 MHz, 405 MHz, 12.22 W, 42, 0x0000000000000001
2026/10/03 17:32:34.181, 210 MHz, 405 MHz, 12.20 W, 42, 0x0000000000000001
2026/10/03 17:32:34.381, 210 MHz, 405 MHz, 12.20 W, 42, 0x0000000000000001
2026/10/03 17:32:34.581, 210 MHz, 405 MHz, 12.31 W, 42, 0x0000000000000001
2026/10/03 17:32:34.782, 210 MHz, 405 MHz, 12.31 W, 42, 0x0000000000000001
2026/10/03 17:32:34.982, 210 MHz, 405 MHz, 12.31 W, 42, 0x0000000000000001
2026/10/03 17:32:35.182, 210 MHz, 405 MHz, 12.26 W, 41, 0x0000000000000001
2026/10/03 17:32:35.382, 210 MHz, 405 MHz, 12.26 W, 41, 0x0000000000000001
2026/10/03 17:32:35.582, 210 MHz, 405 MHz, 12.24 W, 41, 0x0000000000000001
2026/10/03 17:32:35.782, 210 MHz, 405 MHz, 12.24 W, 41, 0x0000000000000001
2026/10/03 17:32:35.982, 210 MHz, 405 MHz, 12.24 W, 41, 0x0000000000000001
2026/10/03 17:32:36.183, 210 MHz, 405 MHz, 12.28 W, 41, 0x0000000000000001
2026/10/03 17:32:36.383, 210 MHz, 405 MHz, 12.28 W, 41, 0x0000000000000001
2026/10/03 17:32:36.583, 2520 MHz, 10251 MHz, 36.08 W, 42, 0x0000000000000000
2026/10/03 17:32:36.783, 2520 MHz, 10251 MHz, 36.08 W, 42, 0x0000000000000000
2026/10/03 17:32:36.983, 2520 MHz, 10251 MHz, 36.08 W, 42, 0x0000000000000000
2026/10/03 17:32:37.183, 2730 MHz, 10251 MHz, 191.40 W, 55, 0x0000000000000000
2026/10/03 17:32:37.383, 2730 MHz, 10251 MHz, 191.40 W, 55, 0x0000000000000000
2026/10/03 17:32:37.583, 2625 MHz, 10251 MHz, 210.64 W, 60, 0x0000000000000004
2026/10/03 17:32:37.783, 2625 MHz, 10251 MHz, 210.64 W, 60, 0x0000000000000004
2026/10/03 17:32:37.984, 2625 MHz, 10251 MHz, 210.64 W, 60, 0x0000000000000004
2026/10/03 17:32:38.184, 2565 MHz, 10251 MHz, 252.07 W, 67, 0x0000000000000004
2026/10/03 17:32:38.384, 2565 MHz, 10251 MHz, 252.07 W, 67, 0x0000000000000004
2026/10/03 17:32:38.584, 2715 MHz, 10251 MHz, 108.07 W, 64, 0x0000000000000000
2026/10/03 17:32:38.784, 2715 MHz, 10251 MHz, 108.07 W, 64, 0x0000000000000000
2026/10/03 17:32:38.984, 2715 MHz, 10251 MHz, 108.07 W, 64, 0x0000000000000000
2026/10/03 17:32:39.184, 2730 MHz, 10501 MHz, 46.69 W, 47, 0x0000000000000000
2026/10/03 17:32:39.385, 2730 MHz, 10501 MHz, 46.69 W, 47, 0x0000000000000000
2026/10/03 17:32:39.585, 2730 MHz, 10501 MHz, 46.28 W, 46, 0x0000000000000000
2026/10/03 17:32:39.785, 2730 MHz, 10501 MHz, 46.28 W, 46, 0x0000000000000000
2026/10/03 17:32:39.985, 2730 MHz, 10501 MHz, 46.28 W, 46, 0x0000000000000000
2026/10/03 17:32:40.186, 2730 MHz, 10501 MHz, 45.88 W, 45, 0x0000000000000000
2026/10/03 17:32:40.386, 2730 MHz, 10501 MHz, 45.88 W, 45, 0x0000000000000000
2026/10/03 17:32:40.586, 705 MHz, 5001 MHz, 22.96 W, 44, 0x0000000000000001
2026/10/03 17:32:40.786, 705 MHz, 5001 MHz, 22.96 W, 44, 0x0000000000000001
2026/10/03 17:32:40.986, 705 MHz, 5001 MHz, 22.96 W, 44, 0x0000000000000001
2026/10/03 17:32:41.187, 600 MHz, 5001 MHz, 23.02 W, 43, 0x0000000000000001
2026/10/03 17:32:41.387, 600 MHz, 5001 MHz, 23.02 W, 43, 0x0000000000000001
2026/10/03 17:32:41.587, 465 MHz, 5001 MHz, 22.80 W, 43, 0x0000000000000001
2026/10/03 17:32:41.787, 465 MHz, 5001 MHz, 22.80 W, 43, 0x0000000000000001
2026/10/03 17:32:41.987, 465 MHz, 5001 MHz, 22.80 W, 43, 0x0000000000000001
2026/10/03 17:32:42.188, 405 MHz, 5001 MHz, 22.75 W, 42, 0x0000000000000001
2026/10/03 17:32:42.388, 405 MHz, 5001 MHz, 22.75 W, 42, 0x0000000000000001
2026/10/03 17:32:42.588, 315 MHz, 5001 MHz, 22.72 W, 42, 0x0000000000000001
2026/10/03 17:32:42.788, 315 MHz, 5001 MHz, 22.72 W, 42, 0x0000000000000001
2026/10/03 17:32:42.988, 315 MHz, 5001 MHz, 22.72 W, 42, 0x0000000000000001
2026/10/03 17:32:43.189, 270 MHz, 5001 MHz, 22.68 W, 42, 0x0000000000000001
2026/10/03 17:32:43.389, 270 MHz, 5001 MHz, 22.68 W, 42, 0x0000000000000001
2026/10/03 17:32:43.590, 210 MHz, 5001 MHz, 22.67 W, 42, 0x0000000000000001
2026/10/03 17:32:43.790, 210 MHz, 5001 MHz, 22.67 W, 42, 0x0000000000000001
2026/10/03 17:32:43.990, 210 MHz, 5001 MHz, 22.67 W, 42, 0x0000000000000001
2026/10/03 17:32:44.191, 210 MHz, 5001 MHz, 22.60 W, 42, 0x0000000000000001
2026/10/03 17:32:44.391, 210 MHz, 5001 MHz, 22.60 W, 42, 0x0000000000000001
2026/10/03 17:32:44.591, 210 MHz, 810 MHz, 19.51 W, 42, 0x0000000000000001
2026/10/03 17:32:44.792, 210 MHz, 810 MHz, 19.51 W, 42, 0x0000000000000001
2026/10/03 17:32:44.992, 210 MHz, 810 MHz, 19.51 W, 42, 0x0000000000000001
2026/10/03 17:32:45.192, 210 MHz, 810 MHz, 18.67 W, 42, 0x0000000000000001
2026/10/03 17:32:45.393, 210 MHz, 810 MHz, 18.67 W, 42, 0x0000000000000001
2026/10/03 17:32:45.593, 210 MHz, 810 MHz, 19.16 W, 42, 0x0000000000000001
2026/10/03 17:32:45.793, 210 MHz, 810 MHz, 19.16 W, 42, 0x0000000000000001
2026/10/03 17:32:45.993, 210 MHz, 810 MHz, 19.16 W, 42, 0x0000000000000001
2026/10/03 17:32:46.193, 210 MHz, 810 MHz, 19.27 W, 41, 0x0000000000000001
2026/10/03 17:32:46.394, 210 MHz, 810 MHz, 19.27 W, 41, 0x0000000000000001
2026/10/03 17:32:46.594, 210 MHz, 405 MHz, 11.95 W, 41, 0x0000000000000001
2026/10/03 17:32:46.794, 210 MHz, 405 MHz, 11.95 W, 41, 0x0000000000000001
2026/10/03 17:32:46.994, 210 MHz, 405 MHz, 11.95 W, 41, 0x0000000000000001
2026/10/03 17:32:47.195, 210 MHz, 405 MHz, 11.99 W, 41, 0x0000000000000001
2026/10/03 17:32:47.395, 210 MHz, 405 MHz, 11.99 W, 41, 0x0000000000000001
2026/10/03 17:32:47.595, 210 MHz, 405 MHz, 12.06 W, 41, 0x0000000000000001
2026/10/03 17:32:47.796, 210 MHz, 405 MHz, 12.06 W, 41, 0x0000000000000001
2026/10/03 17:32:47.996, 210 MHz, 405 MHz, 12.06 W, 41, 0x0000000000000001
2026/10/03 17:32:48.196, 210 MHz, 405 MHz, 12.06 W, 41, 0x0000000000000001
2026/10/03 17:32:48.396, 210 MHz, 405 MHz, 12.06 W, 41, 0x0000000000000001
2026/10/03 17:32:48.597, 210 MHz, 405 MHz, 11.93 W, 41, 0x0000000000000001
2026/10/03 17:32:48.797, 210 MHz, 405 MHz, 11.93 W, 41, 0x0000000000000001
2026/10/03 17:32:48.997, 210 MHz, 405 MHz, 11.93 W, 41, 0x0000000000000001
2026/10/03 17:32:49.197, 210 MHz, 405 MHz, 12.07 W, 41, 0x0000000000000001
2026/10/03 17:32:49.397, 210 MHz, 405 MHz, 12.07 W, 41, 0x0000000000000001
2026/10/03 17:32:49.597, 210 MHz, 405 MHz, 12.09 W, 41, 0x0000000000000001
2026/10/03 17:32:49.798, 210 MHz, 405 MHz, 12.09 W, 41, 0x0000000000000001
2026/10/03 17:32:49.998, 210 MHz, 405 MHz, 12.09 W, 41, 0x0000000000000001
2026/10/03 17:32:50.198, 210 MHz, 405 MHz, 12.56 W, 41, 0x0000000000000001
2026/10/03 17:32:50.398, 210 MHz, 405 MHz, 12.56 W, 41, 0x0000000000000001
2026/10/03 17:32:50.598, 210 MHz, 405 MHz, 12.11 W, 40, 0x0000000000000001
2026/10/03 17:32:50.798, 210 MHz, 405 MHz, 12.11 W, 40, 0x0000000000000001
2026/10/03 17:32:50.999, 210 MHz, 405 MHz, 12.11 W, 40, 0x0000000000000001
2026/10/03 17:32:51.199, 210 MHz, 405 MHz, 12.04 W, 40, 0x0000000000000001
2026/10/03 17:32:51.399, 210 MHz, 405 MHz, 12.04 W, 40, 0x0000000000000001
2026/10/03 17:32:51.599, 210 MHz, 405 MHz, 12.05 W, 40, 0x0000000000000001
2026/10/03 17:32:51.799, 210 MHz, 405 MHz, 12.05 W, 40, 0x0000000000000001
2026/10/03 17:32:51.999, 210 MHz, 405 MHz, 12.05 W, 40, 0x0000000000000001
2026/10/03 17:32:52.199, 210 MHz, 405 MHz, 12.12 W, 40, 0x0000000000000001
2026/10/03 17:32:52.400, 210 MHz, 405 MHz, 12.12 W, 40, 0x0000000000000001
2026/10/03 17:32:52.600, 210 MHz, 405 MHz, 12.23 W, 40, 0x0000000000000001
2026/10/03 17:32:52.800, 210 MHz, 405 MHz, 12.23 W, 40, 0x0000000000000001
2026/10/03 17:32:53.000, 210 MHz, 405 MHz, 12.23 W, 40, 0x0000000000000001
2026/10/03 17:32:53.200, 210 MHz, 405 MHz, 12.18 W, 40, 0x0000000000000001
2026/10/03 17:32:53.400, 210 MHz, 405 MHz, 12.18 W, 40, 0x0000000000000001
2026/10/03 17:32:53.600, 210 MHz, 405 MHz, 12.16 W, 40, 0x0000000000000001
2026/10/03 17:32:53.801, 210 MHz, 405 MHz, 12.16 W, 40, 0x0000000000000001
2026/10/03 17:32:54.001, 210 MHz, 405 MHz, 12.16 W, 40, 0x0000000000000001
2026/10/03 17:32:54.201, 210 MHz, 405 MHz, 12.05 W, 40, 0x0000000000000001
2026/10/03 17:32:54.401, 210 MHz, 405 MHz, 12.05 W, 40, 0x0000000000000001
2026/10/03 17:32:54.601, 210 MHz, 405 MHz, 12.15 W, 40, 0x0000000000000001
2026/10/03 17:32:54.802, 210 MHz, 405 MHz, 12.15 W, 40, 0x0000000000000001
2026/10/03 17:32:55.002, 210 MHz, 405 MHz, 12.02 W, 40, 0x0000000000000001
2026/10/03 17:32:55.202, 210 MHz, 405 MHz, 12.02 W, 40, 0x0000000000000001
2026/10/03 17:32:55.403, 210 MHz, 405 MHz, 12.02 W, 40, 0x0000000000000001
2026/10/03 17:32:55.603, 210 MHz, 405 MHz, 12.10 W, 40, 0x0000000000000001
2026/10/03 17:32:55.803, 210 MHz, 405 MHz, 12.10 W, 40, 0x0000000000000001
2026/10/03 17:32:56.003, 210 MHz, 405 MHz, 12.16 W, 40, 0x0000000000000001
2026/10/03 17:32:56.203, 210 MHz, 405 MHz, 12.16 W, 40, 0x0000000000000001
2026/10/03 17:32:56.403, 210 MHz, 405 MHz, 12.16 W, 40, 0x0000000000000001
2026/10/03 17:32:56.603, 210 MHz, 405 MHz, 12.53 W, 40, 0x0000000000000001
2026/10/03 17:32:56.804, 210 MHz, 405 MHz, 12.53 W, 40, 0x0000000000000001
2026/10/03 17:32:57.004, 210 MHz, 405 MHz, 12.03 W, 40, 0x0000000000000001
2026/10/03 17:32:57.204, 210 MHz, 405 MHz, 12.03 W, 40, 0x0000000000000001
2026/10/03 17:32:57.404, 210 MHz, 405 MHz, 12.03 W, 40, 0x0000000000000001
2026/10/03 17:32:57.604, 210 MHz, 405 MHz, 12.08 W, 40, 0x0000000000000001
2026/10/03 17:32:57.804, 210 MHz, 405 MHz, 12.08 W, 40, 0x0000000000000001
2026/10/03 17:32:58.004, 210 MHz, 405 MHz, 12.65 W, 40, 0x0000000000000001
2026/10/03 17:32:58.204, 210 MHz, 405 MHz, 12.65 W, 40, 0x0000000000000001
2026/10/03 17:32:58.405, 210 MHz, 405 MHz, 12.65 W, 40, 0x0000000000000001
2026/10/03 17:32:58.605, 210 MHz, 405 MHz, 12.75 W, 40, 0x0000000000000001
2026/10/03 17:32:58.805, 210 MHz, 405 MHz, 12.75 W, 40, 0x0000000000000001
2026/10/03 17:32:59.005, 210 MHz, 405 MHz, 12.78 W, 40, 0x0000000000000001
2026/10/03 17:32:59.205, 210 MHz, 405 MHz, 12.78 W, 40, 0x0000000000000001
2026/10/03 17:32:59.405, 210 MHz, 405 MHz, 12.78 W, 40, 0x0000000000000001
2026/10/03 17:32:59.605, 210 MHz, 405 MHz, 12.52 W, 40, 0x0000000000000001
2026/10/03 17:32:59.805, 210 MHz, 405 MHz, 12.52 W, 40, 0x0000000000000001
2026/10/03 17:33:00.006, 2520 MHz, 10251 MHz, 90.54 W, 42, 0x0000000000000000
2026/10/03 17:33:00.206, 2520 MHz, 10251 MHz, 90.54 W, 42, 0x0000000000000000
2026/10/03 17:33:00.406, 2520 MHz, 10251 MHz, 90.54 W, 42, 0x0000000000000000
2026/10/03 17:33:00.606, 2745 MHz, 10251 MHz, 150.51 W, 50, 0x0000000000000000
2026/10/03 17:33:00.806, 2745 MHz, 10251 MHz, 150.51 W, 50, 0x0000000000000000
2026/10/03 17:33:01.006, 2730 MHz, 10251 MHz, 192.79 W, 57, 0x0000000000000000
2026/10/03 17:33:01.206, 2730 MHz, 10251 MHz, 192.79 W, 57, 0x0000000000000000
2026/10/03 17:33:01.406, 2730 MHz, 10251 MHz, 192.79 W, 57, 0x0000000000000000
2026/10/03 17:33:01.607, 2715 MHz, 10251 MHz, 219.30 W, 63, 0x0000000000000000
2026/10/03 17:33:01.807, 2715 MHz, 10251 MHz, 219.30 W, 63, 0x0000000000000000
2026/10/03 17:33:02.007, 2730 MHz, 10501 MHz, 51.27 W, 48, 0x0000000000000000
2026/10/03 17:33:02.207, 2730 MHz, 10501 MHz, 51.27 W, 48, 0x0000000000000000
2026/10/03 17:33:02.407, 2730 MHz, 10501 MHz, 51.27 W, 48, 0x0000000000000000
2026/10/03 17:33:02.607, 2730 MHz, 10501 MHz, 45.87 W, 45, 0x0000000000000000
2026/10/03 17:33:02.808, 2730 MHz, 10501 MHz, 45.87 W, 45, 0x0000000000000000
2026/10/03 17:33:03.008, 2730 MHz, 10501 MHz, 45.97 W, 44, 0x0000000000000000
2026/10/03 17:33:03.208, 2730 MHz, 10501 MHz, 45.97 W, 44, 0x0000000000000000
2026/10/03 17:33:03.409, 2730 MHz, 10501 MHz, 45.97 W, 44, 0x0000000000000000
2026/10/03 17:33:03.609, 2730 MHz, 10501 MHz, 45.74 W, 44, 0x0000000000000000
2026/10/03 17:33:03.809, 2730 MHz, 10501 MHz, 45.74 W, 44, 0x0000000000000000
2026/10/03 17:33:04.010, 600 MHz, 5001 MHz, 22.96 W, 42, 0x0000000000000001
2026/10/03 17:33:04.210, 600 MHz, 5001 MHz, 22.96 W, 42, 0x0000000000000001
2026/10/03 17:33:04.410, 600 MHz, 5001 MHz, 22.96 W, 42, 0x0000000000000001
2026/10/03 17:33:04.611, 465 MHz, 5001 MHz, 22.74 W, 42, 0x0000000000000001
2026/10/03 17:33:04.811, 465 MHz, 5001 MHz, 22.74 W, 42, 0x0000000000000001
2026/10/03 17:33:05.011, 390 MHz, 5001 MHz, 22.59 W, 42, 0x0000000000000001
2026/10/03 17:33:05.211, 390 MHz, 5001 MHz, 22.59 W, 42, 0x0000000000000001
2026/10/03 17:33:05.411, 390 MHz, 5001 MHz, 22.59 W, 42, 0x0000000000000001
2026/10/03 17:33:05.612, 300 MHz, 5001 MHz, 22.60 W, 42, 0x0000000000000001
2026/10/03 17:33:05.812, 300 MHz, 5001 MHz, 22.60 W, 42, 0x0000000000000001
2026/10/03 17:33:06.012, 255 MHz, 5001 MHz, 23.05 W, 42, 0x0000000000000001
2026/10/03 17:33:06.213, 255 MHz, 5001 MHz, 23.05 W, 42, 0x0000000000000001
2026/10/03 17:33:06.413, 255 MHz, 5001 MHz, 23.05 W, 42, 0x0000000000000001
2026/10/03 17:33:06.613, 210 MHz, 810 MHz, 18.63 W, 41, 0x0000000000000001
2026/10/03 17:33:06.813, 210 MHz, 810 MHz, 18.63 W, 41, 0x0000000000000001
2026/10/03 17:33:07.013, 210 MHz, 810 MHz, 19.77 W, 41, 0x0000000000000001
2026/10/03 17:33:07.213, 210 MHz, 810 MHz, 19.77 W, 41, 0x0000000000000001
2026/10/03 17:33:07.414, 210 MHz, 810 MHz, 19.77 W, 41, 0x0000000000000001
2026/10/03 17:33:07.614, 210 MHz, 810 MHz, 19.08 W, 41, 0x0000000000000001
2026/10/03 17:33:07.814, 210 MHz, 810 MHz, 19.08 W, 41, 0x0000000000000001
2026/10/03 17:33:08.014, 210 MHz, 405 MHz, 12.07 W, 41, 0x0000000000000001
2026/10/03 17:33:08.214, 210 MHz, 405 MHz, 12.07 W, 41, 0x0000000000000001
2026/10/03 17:33:08.414, 210 MHz, 405 MHz, 12.07 W, 41, 0x0000000000000001
2026/10/03 17:33:08.614, 210 MHz, 405 MHz, 12.16 W, 41, 0x0000000000000001
2026/10/03 17:33:08.815, 210 MHz, 405 MHz, 12.16 W, 41, 0x0000000000000001
2026/10/03 17:33:09.015, 210 MHz, 405 MHz, 12.09 W, 41, 0x0000000000000001
2026/10/03 17:33:09.215, 210 MHz, 405 MHz, 12.09 W, 41, 0x0000000000000001
2026/10/03 17:33:09.415, 210 MHz, 405 MHz, 12.09 W, 41, 0x0000000000000001
2026/10/03 17:33:09.615, 210 MHz, 405 MHz, 12.06 W, 41, 0x0000000000000001
2026/10/03 17:33:09.815, 210 MHz, 405 MHz, 12.06 W, 41, 0x0000000000000001
2026/10/03 17:33:10.015, 210 MHz, 405 MHz, 12.02 W, 41, 0x0000000000000001
2026/10/03 17:33:10.216, 210 MHz, 405 MHz, 12.02 W, 41, 0x0000000000000001
2026/10/03 17:33:10.416, 210 MHz, 405 MHz, 12.02 W, 41, 0x0000000000000001
2026/10/03 17:33:10.616, 210 MHz, 405 MHz, 12.05 W, 41, 0x0000000000000001
2026/10/03 17:33:10.816, 210 MHz, 405 MHz, 12.05 W, 41, 0x0000000000000001
2026/10/03 17:33:11.016, 210 MHz, 405 MHz, 12.11 W, 41, 0x0000000000000001
2026/10/03 17:33:11.216, 210 MHz, 405 MHz, 12.11 W, 41, 0x0000000000000001
2026/10/03 17:33:11.416, 210 MHz, 405 MHz, 12.11 W, 41, 0x0000000000000001
2026/10/03 17:33:11.616, 210 MHz, 405 MHz, 12.10 W, 41, 0x0000000000000001
2026/10/03 17:33:11.817, 210 MHz, 405 MHz, 12.10 W, 41, 0x0000000000000001
2026/10/03 17:33:12.017, 210 MHz, 405 MHz, 12.11 W, 41, 0x0000000000000001
2026/10/03 17:33:12.217, 210 MHz, 405 MHz, 12.11 W, 41, 0x0000000000000001
2026/10/03 17:33:12.417, 210 MHz, 405 MHz, 12.11 W, 41, 0x0000000000000001
2026/10/03 17:33:12.617, 210 MHz, 405 MHz, 12.15 W, 41, 0x0000000000000001
2026/10/03 17:33:12.818, 210 MHz, 405 MHz, 12.15 W, 41, 0x0000000000000001
2026/10/03 17:33:13.018, 210 MHz, 405 MHz, 12.10 W, 41, 0x0000000000000001
2026/10/03 17:33:13.218, 210 MHz, 405 MHz, 12.10 W, 41, 0x0000000000000001
2026/10/03 17:33:13.419, 210 MHz, 405 MHz, 12.10 W, 41, 0x0000000000000001
2026/10/03 17:33:13.619, 210 MHz, 405 MHz, 12.03 W, 41, 0x0000000000000001
2026/10/03 17:33:13.819, 210 MHz, 405 MHz, 12.03 W, 41, 0x0000000000000001
2026/10/03 17:33:14.019, 210 MHz, 405 MHz, 12.02 W, 41, 0x0000000000000001
2026/10/03 17:33:14.219, 210 MHz, 405 MHz, 12.02 W, 41, 0x0000000000000001
2026/10/03 17:33:14.420, 210 MHz, 405 MHz, 12.02 W, 41, 0x0000000000000001
2026/10/03 17:33:14.620, 210 MHz, 405 MHz, 12.11 W, 41, 0x0000000000000001
2026/10/03 17:33:14.820, 210 MHz, 405 MHz, 12.11 W, 41, 0x0000000000000001
2026/10/03 17:33:15.020, 210 MHz, 405 MHz, 12.12 W, 41, 0x0000000000000001
2026/10/03 17:33:15.220, 210 MHz, 405 MHz, 12.12 W, 41, 0x0000000000000001
2026/10/03 17:33:15.420, 210 MHz, 405 MHz, 12.12 W, 41, 0x0000000000000001
2026/10/03 17:33:15.620, 210 MHz, 405 MHz, 12.16 W, 41, 0x0000000000000001
2026/10/03 17:33:15.821, 210 MHz, 405 MHz, 12.16 W, 41, 0x0000000000000001
2026/10/03 17:33:16.021, 210 MHz, 405 MHz, 12.16 W, 41, 0x0000000000000001
2026/10/03 17:33:16.221, 210 MHz, 405 MHz, 12.16 W, 41, 0x0000000000000001
2026/10/03 17:33:16.421, 210 MHz, 405 MHz, 12.16 W, 41, 0x0000000000000001
2026/10/03 17:33:16.621, 210 MHz, 405 MHz, 12.12 W, 41, 0x0000000000000001
2026/10/03 17:33:16.821, 210 MHz, 405 MHz, 12.12 W, 41, 0x0000000000000001
2026/10/03 17:33:17.021, 210 MHz, 405 MHz, 12.13 W, 41, 0x0000000000000001
2026/10/03 17:33:17.222, 210 MHz, 405 MHz, 12.13 W, 41, 0x0000000000000001
2026/10/03 17:33:17.422, 210 MHz, 405 MHz, 12.13 W, 41, 0x0000000000000001
2026/10/03 17:33:17.622, 210 MHz, 405 MHz, 12.05 W, 41, 0x0000000000000001
2026/10/03 17:33:17.822, 210 MHz, 405 MHz, 12.05 W, 41, 0x0000000000000001
2026/10/03 17:33:18.022, 210 MHz, 405 MHz, 12.07 W, 41, 0x0000000000000001
2026/10/03 17:33:18.222, 210 MHz, 405 MHz, 12.07 W, 41, 0x0000000000000001
2026/10/03 17:33:18.422, 210 MHz, 405 MHz, 12.07 W, 41, 0x0000000000000001
2026/10/03 17:33:18.623, 210 MHz, 405 MHz, 12.79 W, 41, 0x0000000000000001
2026/10/03 17:33:18.823, 210 MHz, 405 MHz, 12.79 W, 41, 0x0000000000000001
2026/10/03 17:33:19.023, 210 MHz, 405 MHz, 11.98 W, 41, 0x0000000000000001
2026/10/03 17:33:19.223, 210 MHz, 405 MHz, 11.98 W, 41, 0x0000000000000001
2026/10/03 17:33:19.423, 210 MHz, 405 MHz, 11.98 W, 41, 0x0000000000000001
2026/10/03 17:33:19.624, 210 MHz, 405 MHz, 12.06 W, 41, 0x0000000000000001
2026/10/03 17:33:19.824, 210 MHz, 405 MHz, 12.06 W, 41, 0x0000000000000001
2026/10/03 17:33:20.024, 210 MHz, 405 MHz, 12.00 W, 41, 0x0000000000000001
2026/10/03 17:33:20.224, 210 MHz, 405 MHz, 12.00 W, 41, 0x0000000000000001
2026/10/03 17:33:20.424, 210 MHz, 405 MHz, 12.00 W, 41, 0x0000000000000001
2026/10/03 17:33:20.624, 210 MHz, 405 MHz, 11.99 W, 41, 0x0000000000000001
2026/10/03 17:33:20.824, 210 MHz, 405 MHz, 11.99 W, 41, 0x0000000000000001
2026/10/03 17:33:21.025, 210 MHz, 405 MHz, 12.10 W, 41, 0x0000000000000001
2026/10/03 17:33:21.225, 210 MHz, 405 MHz, 12.10 W, 41, 0x0000000000000001
2026/10/03 17:33:21.425, 210 MHz, 405 MHz, 12.10 W, 41, 0x0000000000000001
2026/10/03 17:33:21.625, 210 MHz, 405 MHz, 12.74 W, 41, 0x0000000000000001
2026/10/03 17:33:21.825, 210 MHz, 405 MHz, 12.74 W, 41, 0x0000000000000001
2026/10/03 17:33:22.025, 210 MHz, 405 MHz, 12.60 W, 41, 0x0000000000000001
2026/10/03 17:33:22.225, 210 MHz, 405 MHz, 12.60 W, 41, 0x0000000000000001
2026/10/03 17:33:22.425, 210 MHz, 405 MHz, 12.60 W, 41, 0x0000000000000001
2026/10/03 17:33:22.626, 210 MHz, 405 MHz, 12.74 W, 41, 0x0000000000000001
2026/10/03 17:33:22.826, 210 MHz, 405 MHz, 12.74 W, 41, 0x0000000000000001
2026/10/03 17:33:23.026, 2520 MHz, 10251 MHz, 35.77 W, 42, 0x0000000000000000
2026/10/03 17:33:23.226, 2520 MHz, 10251 MHz, 35.77 W, 42, 0x0000000000000000
2026/10/03 17:33:23.426, 2520 MHz, 10251 MHz, 35.77 W, 42, 0x0000000000000000
2026/10/03 17:33:23.626, 2745 MHz, 10251 MHz, 137.45 W, 49, 0x0000000000000000
2026/10/03 17:33:23.826, 2745 MHz, 10251 MHz, 137.45 W, 49, 0x0000000000000000
2026/10/03 17:33:24.026, 2730 MHz, 10251 MHz, 137.74 W, 52, 0x0000000000000000
2026/10/03 17:33:24.227, 2730 MHz, 10251 MHz, 137.74 W, 52, 0x0000000000000000
2026/10/03 17:33:24.427, 2730 MHz, 10251 MHz, 137.74 W, 52, 0x0000000000000000
2026/10/03 17:33:24.627, 2730 MHz, 10251 MHz, 162.00 W, 54, 0x0000000000000000
2026/10/03 17:33:24.827, 2730 MHz, 10251 MHz, 162.00 W, 54, 0x0000000000000000
2026/10/03 17:33:25.027, 2730 MHz, 10251 MHz, 154.08 W, 56, 0x0000000000000000
2026/10/03 17:33:25.227, 2730 MHz, 10251 MHz, 154.08 W, 56, 0x0000000000000000
2026/10/03 17:33:25.427, 2730 MHz, 10251 MHz, 154.08 W, 56, 0x0000000000000000
2026/10/03 17:33:25.627, 2730 MHz, 10251 MHz, 162.99 W, 57, 0x0000000000000000
2026/10/03 17:33:25.827, 2730 MHz, 10251 MHz, 162.99 W, 57, 0x0000000000000000
2026/10/03 17:33:26.028, 2715 MHz, 10251 MHz, 208.79 W, 65, 0x0000000000000000
2026/10/03 17:33:26.228, 2715 MHz, 10251 MHz, 208.79 W, 65, 0x0000000000000000
2026/10/03 17:33:26.428, 2715 MHz, 10251 MHz, 208.79 W, 65, 0x0000000000000000
2026/10/03 17:33:26.628, 2715 MHz, 10251 MHz, 209.28 W, 64, 0x0000000000000000
2026/10/03 17:33:26.828, 2715 MHz, 10251 MHz, 209.28 W, 64, 0x0000000000000000
2026/10/03 17:33:27.028, 2715 MHz, 10251 MHz, 195.33 W, 65, 0x0000000000000000
2026/10/03 17:33:27.228, 2715 MHz, 10251 MHz, 195.33 W, 65, 0x0000000000000000
2026/10/03 17:33:27.428, 2715 MHz, 10251 MHz, 195.33 W, 65, 0x0000000000000000
2026/10/03 17:33:27.629, 2640 MHz, 10251 MHz, 221.65 W, 69, 0x0000000000000004
2026/10/03 17:33:27.829, 2640 MHz, 10251 MHz, 221.65 W, 69, 0x0000000000000004
2026/10/03 17:33:28.029, 2610 MHz, 10251 MHz, 231.19 W, 72, 0x0000000000000004
2026/10/03 17:33:28.229, 2610 MHz, 10251 MHz, 231.19 W, 72, 0x0000000000000004
2026/10/03 17:33:28.429, 2610 MHz, 10251 MHz, 231.19 W, 72, 0x0000000000000004
2026/10/03 17:33:28.629, 2580 MHz, 10251 MHz, 213.29 W, 70, 0x0000000000000004
2026/10/03 17:33:28.830, 2580 MHz, 10251 MHz, 213.29 W, 70, 0x0000000000000004
2026/10/03 17:33:29.030, 2730 MHz, 10501 MHz, 51.88 W, 53, 0x0000000000000000
2026/10/03 17:33:29.230, 2730 MHz, 10501 MHz, 51.88 W, 53, 0x0000000000000000
2026/10/03 17:33:29.430, 2730 MHz, 10501 MHz, 51.88 W, 53, 0x0000000000000000
2026/10/03 17:33:29.630, 2730 MHz, 10501 MHz, 47.02 W, 50, 0x0000000000000000
2026/10/03 17:33:29.831, 2730 MHz, 10501 MHz, 47.02 W, 50, 0x0000000000000000
2026/10/03 17:33:30.031, 2730 MHz, 10501 MHz, 47.10 W, 49, 0x0000000000000000
2026/10/03 17:33:30.231, 2730 MHz, 10501 MHz, 47.10 W, 49, 0x0000000000000000
2026/10/03 17:33:30.431, 2730 MHz, 10501 MHz, 47.10 W, 49, 0x0000000000000000
2026/10/03 17:33:30.631, 2730 MHz, 10501 MHz, 46.88 W, 49, 0x0000000000000000
2026/10/03 17:33:30.831, 2730 MHz, 10501 MHz, 46.88 W, 49, 0x0000000000000000
2026/10/03 17:33:31.031, 585 MHz, 5001 MHz, 24.18 W, 47, 0x0000000000000001
2026/10/03 17:33:31.232, 585 MHz, 5001 MHz, 24.18 W, 47, 0x0000000000000001
2026/10/03 17:33:31.432, 585 MHz, 5001 MHz, 24.18 W, 47, 0x0000000000000001
2026/10/03 17:33:31.632, 510 MHz, 5001 MHz, 23.81 W, 46, 0x0000000000000001
2026/10/03 17:33:31.832, 510 MHz, 5001 MHz, 23.81 W, 46, 0x0000000000000001
2026/10/03 17:33:32.032, 405 MHz, 5001 MHz, 23.39 W, 46, 0x0000000000000001
2026/10/03 17:33:32.232, 405 MHz, 5001 MHz, 23.39 W, 46, 0x0000000000000001
2026/10/03 17:33:32.432, 405 MHz, 5001 MHz, 23.39 W, 46, 0x0000000000000001
2026/10/03 17:33:32.632, 360 MHz, 5001 MHz, 23.17 W, 46, 0x0000000000000001
2026/10/03 17:33:32.833, 360 MHz, 5001 MHz, 23.17 W, 46, 0x0000000000000001
2026/10/03 17:33:33.033, 285 MHz, 5001 MHz, 22.91 W, 45, 0x0000000000000001
2026/10/03 17:33:33.233, 285 MHz, 5001 MHz, 22.91 W, 45, 0x0000000000000001
2026/10/03 17:33:33.433, 285 MHz, 5001 MHz, 22.91 W, 45, 0x0000000000000001
2026/10/03 17:33:33.633, 240 MHz, 5001 MHz, 22.82 W, 45, 0x0000000000000001
2026/10/03 17:33:33.834, 240 MHz, 5001 MHz, 22.82 W, 45, 0x0000000000000001
2026/10/03 17:33:34.034, 210 MHz, 5001 MHz, 22.81 W, 45, 0x0000000000000001
2026/10/03 17:33:34.234, 210 MHz, 5001 MHz, 22.81 W, 45, 0x0000000000000001
2026/10/03 17:33:34.434, 210 MHz, 5001 MHz, 22.81 W, 45, 0x0000000000000001
2026/10/03 17:33:34.634, 210 MHz, 5001 MHz, 22.73 W, 45, 0x0000000000000001
2026/10/03 17:33:34.834, 210 MHz, 5001 MHz, 22.73 W, 45, 0x0000000000000001
2026/10/03 17:33:35.035, 210 MHz, 810 MHz, 19.45 W, 45, 0x0000000000000001
2026/10/03 17:33:35.235, 210 MHz, 810 MHz, 19.45 W, 45, 0x0000000000000001
2026/10/03 17:33:35.435, 210 MHz, 810 MHz, 19.45 W, 45, 0x0000000000000001
2026/10/03 17:33:35.635, 210 MHz, 810 MHz, 19.48 W, 44, 0x0000000000000001
2026/10/03 17:33:35.835, 210 MHz, 810 MHz, 19.48 W, 44, 0x0000000000000001
2026/10/03 17:33:36.035, 210 MHz, 810 MHz, 20.17 W, 44, 0x0000000000000001
2026/10/03 17:33:36.235, 210 MHz, 810 MHz, 20.17 W, 44, 0x0000000000000001
2026/10/03 17:33:36.435, 210 MHz, 810 MHz, 20.17 W, 44, 0x0000000000000001
2026/10/03 17:33:36.636, 210 MHz, 810 MHz, 20.05 W, 44, 0x0000000000000001
2026/10/03 17:33:36.836, 210 MHz, 810 MHz, 20.05 W, 44, 0x0000000000000001
2026/10/03 17:33:37.036, 210 MHz, 405 MHz, 12.31 W, 44, 0x0000000000000001
2026/10/03 17:33:37.236, 210 MHz, 405 MHz, 12.31 W, 44, 0x0000000000000001
2026/10/03 17:33:37.436, 210 MHz, 405 MHz, 12.31 W, 44, 0x0000000000000001
2026/10/03 17:33:37.636, 210 MHz, 405 MHz, 12.28 W, 44, 0x0000000000000001
2026/10/03 17:33:37.836, 210 MHz, 405 MHz, 12.28 W, 44, 0x0000000000000001
2026/10/03 17:33:38.037, 210 MHz, 405 MHz, 12.16 W, 44, 0x0000000000000001
2026/10/03 17:33:38.237, 210 MHz, 405 MHz, 12.16 W, 44, 0x0000000000000001
2026/10/03 17:33:38.437, 210 MHz, 405 MHz, 12.16 W, 44, 0x0000000000000001
2026/10/03 17:33:38.637, 210 MHz, 405 MHz, 12.22 W, 43, 0x0000000000000001
2026/10/03 17:33:38.838, 210 MHz, 405 MHz, 12.22 W, 43, 0x0000000000000001
2026/10/03 17:33:39.038, 210 MHz, 405 MHz, 12.19 W, 43, 0x0000000000000001
2026/10/03 17:33:39.238, 210 MHz, 405 MHz, 12.19 W, 43, 0x0000000000000001
2026/10/03 17:33:39.438, 210 MHz, 405 MHz, 12.19 W, 43, 0x0000000000000001
2026/10/03 17:33:39.638, 210 MHz, 405 MHz, 12.45 W, 43, 0x0000000000000001
2026/10/03 17:33:39.838, 210 MHz, 405 MHz, 12.45 W, 43, 0x0000000000000001
2026/10/03 17:33:40.039, 210 MHz, 405 MHz, 12.11 W, 43, 0x0000000000000001
2026/10/03 17:33:40.239, 210 MHz, 405 MHz, 12.11 W, 43, 0x0000000000000001
2026/10/03 17:33:40.439, 210 MHz, 405 MHz, 12.11 W, 43, 0x0000000000000001
2026/10/03 17:33:40.639, 210 MHz, 405 MHz, 12.18 W, 43, 0x0000000000000001
2026/10/03 17:33:40.840, 210 MHz, 405 MHz, 12.18 W, 43, 0x0000000000000001
2026/10/03 17:33:41.040, 210 MHz, 405 MHz, 12.16 W, 43, 0x0000000000000001
2026/10/03 17:33:41.240, 210 MHz, 405 MHz, 12.16 W, 43, 0x0000000000000001
2026/10/03 17:33:41.440, 210 MHz, 405 MHz, 12.16 W, 43, 0x0000000000000001
2026/10/03 17:33:41.640, 210 MHz, 405 MHz, 12.10 W, 43, 0x0000000000000001
2026/10/03 17:33:41.840, 210 MHz, 405 MHz, 12.10 W, 43, 0x0000000000000001
2026/10/03 17:33:42.040, 210 MHz, 405 MHz, 12.16 W, 43, 0x0000000000000001
2026/10/03 17:33:42.241, 210 MHz, 405 MHz, 12.16 W, 43, 0x0000000000000001
2026/10/03 17:33:42.441, 210 MHz, 405 MHz, 12.16 W, 43, 0x0000000000000001
2026/10/03 17:33:42.641, 210 MHz, 405 MHz, 12.21 W, 42, 0x0000000000000001
2026/10/03 17:33:42.841, 210 MHz, 405 MHz, 12.21 W, 42, 0x0000000000000001
2026/10/03 17:33:43.041, 210 MHz, 405 MHz, 12.21 W, 42, 0x0000000000000001
2026/10/03 17:33:43.242, 210 MHz, 405 MHz, 12.21 W, 42, 0x0000000000000001
2026/10/03 17:33:43.442, 210 MHz, 405 MHz, 12.21 W, 42, 0x0000000000000001
2026/10/03 17:33:43.642, 210 MHz, 405 MHz, 12.02 W, 42, 0x0000000000000001
2026/10/03 17:33:43.842, 210 MHz, 405 MHz, 12.02 W, 42, 0x0000000000000001
2026/10/03 17:33:44.042, 210 MHz, 405 MHz, 12.81 W, 42, 0x0000000000000001
2026/10/03 17:33:44.242, 210 MHz, 405 MHz, 12.81 W, 42, 0x0000000000000001
2026/10/03 17:33:44.442, 210 MHz, 405 MHz, 12.81 W, 42, 0x0000000000000001
2026/10/03 17:33:44.642, 210 MHz, 405 MHz, 12.36 W, 42, 0x0000000000000001
2026/10/03 17:33:44.843, 210 MHz, 405 MHz, 12.36 W, 42, 0x0000000000000001
2026/10/03 17:33:45.043, 210 MHz, 405 MHz, 12.38 W, 42, 0x0000000000000001
2026/10/03 17:33:45.243, 210 MHz, 405 MHz, 12.38 W, 42, 0x0000000000000001
2026/10/03 17:33:45.443, 210 MHz, 405 MHz, 12.38 W, 42, 0x0000000000000001
2026/10/03 17:33:45.643, 210 MHz, 405 MHz, 12.07 W, 42, 0x0000000000000001
2026/10/03 17:33:45.843, 210 MHz, 405 MHz, 12.07 W, 42, 0x0000000000000001
2026/10/03 17:33:46.043, 210 MHz, 405 MHz, 12.27 W, 42, 0x0000000000000001
2026/10/03 17:33:46.244, 210 MHz, 405 MHz, 12.27 W, 42, 0x0000000000000001
2026/10/03 17:33:46.444, 210 MHz, 405 MHz, 12.27 W, 42, 0x0000000000000001
2026/10/03 17:33:46.644, 210 MHz, 405 MHz, 12.27 W, 42, 0x0000000000000001
2026/10/03 17:33:46.844, 210 MHz, 405 MHz, 12.27 W, 42, 0x0000000000000001
2026/10/03 17:33:47.044, 210 MHz, 405 MHz, 12.54 W, 42, 0x0000000000000001
2026/10/03 17:33:47.244, 210 MHz, 405 MHz, 12.54 W, 42, 0x0000000000000001
2026/10/03 17:33:47.445, 210 MHz, 405 MHz, 12.54 W, 42, 0x0000000000000001
2026/10/03 17:33:47.645, 210 MHz, 405 MHz, 12.15 W, 41, 0x0000000000000001
2026/10/03 17:33:47.845, 210 MHz, 405 MHz, 12.15 W, 41, 0x0000000000000001
2026/10/03 17:33:48.045, 210 MHz, 405 MHz, 12.99 W, 41, 0x0000000000000001
2026/10/03 17:33:48.245, 210 MHz, 405 MHz, 12.99 W, 41, 0x0000000000000001
2026/10/03 17:33:48.446, 210 MHz, 405 MHz, 12.99 W, 41, 0x0000000000000001
2026/10/03 17:33:48.646, 210 MHz, 405 MHz, 12.11 W, 41, 0x0000000000000001
2026/10/03 17:33:48.846, 210 MHz, 405 MHz, 12.11 W, 41, 0x0000000000000001
2026/10/03 17:33:49.046, 210 MHz, 405 MHz, 12.16 W, 41, 0x0000000000000001
2026/10/03 17:33:49.247, 210 MHz, 405 MHz, 12.16 W, 41, 0x0000000000000001
2026/10/03 17:33:49.447, 210 MHz, 405 MHz, 12.16 W, 41, 0x0000000000000001
2026/10/03 17:33:49.647, 210 MHz, 405 MHz, 12.21 W, 41, 0x0000000000000001
2026/10/03 17:33:49.847, 210 MHz, 405 MHz, 12.21 W, 41, 0x0000000000000001
2026/10/03 17:33:50.048, 2520 MHz, 10251 MHz, 37.60 W, 42, 0x0000000000000000
2026/10/03 17:33:50.248, 2520 MHz, 10251 MHz, 37.60 W, 42, 0x0000000000000000
2026/10/03 17:33:50.448, 2520 MHz, 10251 MHz, 37.60 W, 42, 0x0000000000000000
2026/10/03 17:33:50.648, 2745 MHz, 10251 MHz, 128.90 W, 48, 0x0000000000000000
2026/10/03 17:33:50.848, 2745 MHz, 10251 MHz, 128.90 W, 48, 0x0000000000000000
2026/10/03 17:33:51.048, 2730 MHz, 10251 MHz, 169.23 W, 52, 0x0000000000000000
2026/10/03 17:33:51.248, 2730 MHz, 10251 MHz, 169.23 W, 52, 0x0000000000000000
2026/10/03 17:33:51.448, 2730 MHz, 10251 MHz, 169.23 W, 52, 0x0000000000000000
2026/10/03 17:33:51.649, 2595 MHz, 10251 MHz, 216.32 W, 63, 0x0000000000000004
2026/10/03 17:33:51.849, 2595 MHz, 10251 MHz, 216.32 W, 63, 0x0000000000000004
2026/10/03 17:33:52.049, 2715 MHz, 10251 MHz, 82.88 W, 58, 0x0000000000000000
2026/10/03 17:33:52.249, 2715 MHz, 10251 MHz, 82.88 W, 58, 0x0000000000000000
2026/10/03 17:33:52.449, 2715 MHz, 10251 MHz, 82.88 W, 58, 0x0000000000000000
2026/10/03 17:33:52.649, 2730 MHz, 10501 MHz, 46.70 W, 46, 0x0000000000000000
2026/10/03 17:33:52.849, 2730 MHz, 10501 MHz, 46.70 W, 46, 0x0000000000000000
2026/10/03 17:33:53.050, 2730 MHz, 10501 MHz, 46.01 W, 45, 0x0000000000000000
2026/10/03 17:33:53.250, 2730 MHz, 10501 MHz, 46.01 W, 45, 0x0000000000000000
2026/10/03 17:33:53.450, 2730 MHz, 10501 MHz, 46.01 W, 45, 0x0000000000000000
2026/10/03 17:33:53.650, 2730 MHz, 10501 MHz, 46.28 W, 45, 0x0000000000000000
2026/10/03 17:33:53.850, 2730 MHz, 10501 MHz, 46.28 W, 45, 0x0000000000000000
2026/10/03 17:33:54.050, 600 MHz, 5001 MHz, 22.94 W, 43, 0x0000000000000001
2026/10/03 17:33:54.251, 600 MHz, 5001 MHz, 22.94 W, 43, 0x0000000000000001
2026/10/03 17:33:54.451, 600 MHz, 5001 MHz, 22.94 W, 43, 0x0000000000000001
2026/10/03 17:33:54.651, 495 MHz, 5001 MHz, 22.81 W, 43, 0x0000000000000001
2026/10/03 17:33:54.851, 495 MHz, 5001 MHz, 22.81 W, 43, 0x0000000000000001
2026/10/03 17:33:55.051, 390 MHz, 5001 MHz, 22.72 W, 42, 0x0000000000000001
2026/10/03 17:33:55.252, 390 MHz, 5001 MHz, 22.72 W, 42, 0x0000000000000001
2026/10/03 17:33:55.452, 390 MHz, 5001 MHz, 22.72 W, 42, 0x0000000000000001
2026/10/03 17:33:55.652, 330 MHz, 5001 MHz, 22.67 W, 42, 0x0000000000000001
2026/10/03 17:33:55.852, 330 MHz, 5001 MHz, 22.67 W, 42, 0x0000000000000001
2026/10/03 17:33:56.052, 270 MHz, 5001 MHz, 22.66 W, 42, 0x0000000000000001
2026/10/03 17:33:56.252, 270 MHz, 5001 MHz, 22.66 W, 42, 0x0000000000000001
2026/10/03 17:33:56.452, 270 MHz, 5001 MHz, 22.66 W, 42, 0x0000000000000001
2026/10/03 17:33:56.653, 225 MHz, 5001 MHz, 22.64 W, 42, 0x0000000000000001
2026/10/03 17:33:56.853, 225 MHz, 5001 MHz, 22.64 W, 42, 0x0000000000000001
2026/10/03 17:33:57.053, 210 MHz, 5001 MHz, 22.63 W, 42, 0x0000000000000001
2026/10/03 17:33:57.253, 210 MHz, 5001 MHz, 22.63 W, 42, 0x0000000000000001
2026/10/03 17:33:57.453, 210 MHz, 5001 MHz, 22.63 W, 42, 0x0000000000000001
2026/10/03 17:33:57.653, 210 MHz, 5001 MHz, 22.92 W, 42, 0x0000000000000001
2026/10/03 17:33:57.854, 210 MHz, 5001 MHz, 22.92 W, 42, 0x0000000000000001
2026/10/03 17:33:58.054, 210 MHz, 810 MHz, 19.16 W, 42, 0x0000000000000001
2026/10/03 17:33:58.254, 210 MHz, 810 MHz, 19.16 W, 42, 0x0000000000000001
2026/10/03 17:33:58.454, 210 MHz, 810 MHz, 19.16 W, 42, 0x0000000000000001
2026/10/03 17:33:58.655, 210 MHz, 810 MHz, 19.00 W, 41, 0x0000000000000001
2026/10/03 17:33:58.855, 210 MHz, 810 MHz, 19.00 W, 41, 0x0000000000000001
2026/10/03 17:33:59.055, 210 MHz, 810 MHz, 19.27 W, 41, 0x0000000000000001
2026/10/03 17:33:59.255, 210 MHz, 810 MHz, 19.27 W, 41, 0x0000000000000001
2026/10/03 17:33:59.455, 210 MHz, 810 MHz, 19.27 W, 41, 0x0000000000000001
2026/10/03 17:33:59.656, 210 MHz, 405 MHz, 13.03 W, 41, 0x0000000000000001
2026/10/03 17:33:59.856, 210 MHz, 405 MHz, 13.03 W, 41, 0x0000000000000001
2026/10/03 17:34:00.056, 210 MHz, 405 MHz, 12.18 W, 41, 0x0000000000000001
2026/10/03 17:34:00.256, 210 MHz, 405 MHz, 12.18 W, 41, 0x0000000000000001
2026/10/03 17:34:00.457, 210 MHz, 405 MHz, 12.18 W, 41, 0x0000000000000001
2026/10/03 17:34:00.657, 210 MHz, 405 MHz, 12.02 W, 41, 0x0000000000000001
2026/10/03 17:34:00.857, 210 MHz, 405 MHz, 12.02 W, 41, 0x0000000000000001
2026/10/03 17:34:01.057, 210 MHz, 405 MHz, 12.08 W, 41, 0x0000000000000001
2026/10/03 17:34:01.257, 210 MHz, 405 MHz, 12.08 W, 41, 0x0000000000000001
2026/10/03 17:34:01.457, 210 MHz, 405 MHz, 12.08 W, 41, 0x0000000000000001
2026/10/03 17:34:01.658, 210 MHz, 405 MHz, 12.12 W, 41, 0x0000000000000001
2026/10/03 17:34:01.858, 210 MHz, 405 MHz, 12.12 W, 41, 0x0000000000000001
2026/10/03 17:34:02.058, 210 MHz, 405 MHz, 12.60 W, 41, 0x0000000000000001
2026/10/03 17:34:02.258, 210 MHz, 405 MHz, 12.60 W, 41, 0x0000000000000001
2026/10/03 17:34:02.459, 210 MHz, 405 MHz, 12.60 W, 41, 0x0000000000000001
2026/10/03 17:34:02.659, 210 MHz, 405 MHz, 12.02 W, 40, 0x0000000000000001
2026/10/03 17:34:02.859, 210 MHz, 405 MHz, 12.02 W, 40, 0x0000000000000001
2026/10/03 17:34:03.059, 210 MHz, 405 MHz, 12.59 W, 40, 0x0000000000000001
2026/10/03 17:34:03.259, 210 MHz, 405 MHz, 12.59 W, 40, 0x0000000000000001
2026/10/03 17:34:03.459, 210 MHz, 405 MHz, 12.59 W, 40, 0x0000000000000001
2026/10/03 17:34:03.659, 210 MHz, 405 MHz, 12.68 W, 40, 0x0000000000000001
2026/10/03 17:34:03.860, 210 MHz, 405 MHz, 12.68 W, 40, 0x0000000000000001
2026/10/03 17:34:04.060, 210 MHz, 405 MHz, 12.55 W, 40, 0x0000000000000001
2026/10/03 17:34:04.260, 210 MHz, 405 MHz, 12.55 W, 40, 0x0000000000000001
2026/10/03 17:34:04.460, 210 MHz, 405 MHz, 12.55 W, 40, 0x0000000000000001
2026/10/03 17:34:04.660, 210 MHz, 405 MHz, 12.11 W, 40, 0x0000000000000001
2026/10/03 17:34:04.860, 210 MHz, 405 MHz, 12.11 W, 40, 0x0000000000000001
2026/10/03 17:34:05.060, 210 MHz, 405 MHz, 12.71 W, 40, 0x0000000000000001
2026/10/03 17:34:05.260, 210 MHz, 405 MHz, 12.71 W, 40, 0x0000000000000001
2026/10/03 17:34:05.460, 210 MHz, 405 MHz, 12.71 W, 40, 0x0000000000000001
2026/10/03 17:34:05.661, 210 MHz, 405 MHz, 12.08 W, 40, 0x0000000000000001
2026/10/03 17:34:05.861, 210 MHz, 405 MHz, 12.08 W, 40, 0x0000000000000001
2026/10/03 17:34:06.061, 210 MHz, 405 MHz, 12.27 W, 40, 0x0000000000000001
2026/10/03 17:34:06.261, 210 MHz, 405 MHz, 12.27 W, 40, 0x0000000000000001
2026/10/03 17:34:06.461, 210 MHz, 405 MHz, 12.27 W, 40, 0x0000000000000001
2026/10/03 17:34:06.662, 210 MHz, 405 MHz, 12.66 W, 40, 0x0000000000000001
2026/10/03 17:34:06.862, 210 MHz, 405 MHz, 12.66 W, 40, 0x0000000000000001
2026/10/03 17:34:07.062, 210 MHz, 405 MHz, 12.69 W, 40, 0x0000000000000001
2026/10/03 17:34:07.262, 210 MHz, 405 MHz, 12.69 W, 40, 0x0000000000000001
2026/10/03 17:34:07.462, 210 MHz, 405 MHz, 12.69 W, 40, 0x0000000000000001
2026/10/03 17:34:07.663, 210 MHz, 405 MHz, 12.09 W, 40, 0x0000000000000001
2026/10/03 17:34:07.863, 210 MHz, 405 MHz, 12.09 W, 40, 0x0000000000000001
2026/10/03 17:34:08.064, 210 MHz, 405 MHz, 11.96 W, 40, 0x0000000000000001
2026/10/03 17:34:08.264, 210 MHz, 405 MHz, 11.96 W, 40, 0x0000000000000001
2026/10/03 17:34:08.464, 210 MHz, 405 MHz, 11.96 W, 40, 0x0000000000000001
2026/10/03 17:34:08.665, 210 MHz, 405 MHz, 11.92 W, 40, 0x0000000000000001
2026/10/03 17:34:08.865, 210 MHz, 405 MHz, 11.92 W, 40, 0x0000000000000001
2026/10/03 17:34:09.065, 210 MHz, 405 MHz, 11.89 W, 40, 0x0000000000000001
2026/10/03 17:34:09.265, 210 MHz, 405 MHz, 11.89 W, 40, 0x0000000000000001
2026/10/03 17:34:09.465, 210 MHz, 405 MHz, 11.89 W, 40, 0x0000000000000001
2026/10/03 17:34:09.665, 210 MHz, 405 MHz, 12.33 W, 40, 0x0000000000000001
2026/10/03 17:34:09.866, 210 MHz, 405 MHz, 12.33 W, 40, 0x0000000000000001
2026/10/03 17:34:10.066, 210 MHz, 405 MHz, 12.44 W, 40, 0x0000000000000001
2026/10/03 17:34:10.266, 210 MHz, 405 MHz, 12.44 W, 40, 0x0000000000000001
2026/10/03 17:34:10.466, 210 MHz, 405 MHz, 12.44 W, 40, 0x0000000000000001
2026/10/03 17:34:10.666, 210 MHz, 405 MHz, 11.88 W, 39, 0x0000000000000001
2026/10/03 17:34:10.867, 210 MHz, 405 MHz, 11.88 W, 39, 0x0000000000000001
2026/10/03 17:34:11.067, 210 MHz, 405 MHz, 12.12 W, 39, 0x0000000000000001
2026/10/03 17:34:11.267, 210 MHz, 405 MHz, 12.12 W, 39, 0x0000000000000001
2026/10/03 17:34:11.467, 210 MHz, 405 MHz, 12.12 W, 39, 0x0000000000000001
2026/10/03 17:34:11.667, 210 MHz, 405 MHz, 11.95 W, 39, 0x0000000000000001
2026/10/03 17:34:11.867, 210 MHz, 405 MHz, 11.95 W, 39, 0x0000000000000001
2026/10/03 17:34:12.068, 210 MHz, 405 MHz, 11.94 W, 39, 0x0000000000000001
2026/10/03 17:34:12.268, 210 MHz, 405 MHz, 11.94 W, 39, 0x0000000000000001
2026/10/03 17:34:12.468, 210 MHz, 405 MHz, 11.94 W, 39, 0x0000000000000001
2026/10/03 17:34:12.668, 210 MHz, 405 MHz, 11.88 W, 39, 0x0000000000000001
2026/10/03 17:34:12.868, 210 MHz, 405 MHz, 11.88 W, 39, 0x0000000000000001
2026/10/03 17:34:13.068, 2520 MHz, 10501 MHz, 13.02 W, 40, 0x0000000000000000
2026/10/03 17:34:13.268, 2520 MHz, 10501 MHz, 13.02 W, 40, 0x0000000000000000
2026/10/03 17:34:13.469, 2520 MHz, 10501 MHz, 13.02 W, 40, 0x0000000000000000
2026/10/03 17:34:13.669, 2745 MHz, 10251 MHz, 129.30 W, 46, 0x0000000000000000
2026/10/03 17:34:13.869, 2745 MHz, 10251 MHz, 129.30 W, 46, 0x0000000000000000
2026/10/03 17:34:14.069, 2730 MHz, 10251 MHz, 144.54 W, 50, 0x0000000000000000
2026/10/03 17:34:14.269, 2730 MHz, 10251 MHz, 144.54 W, 50, 0x0000000000000000
2026/10/03 17:34:14.469, 2730 MHz, 10251 MHz, 144.54 W, 50, 0x0000000000000000
2026/10/03 17:34:14.669, 2730 MHz, 10251 MHz, 170.55 W, 55, 0x0000000000000000
2026/10/03 17:34:14.870, 2730 MHz, 10251 MHz, 170.55 W, 55, 0x0000000000000000
2026/10/03 17:34:15.070, 2715 MHz, 10251 MHz, 211.15 W, 62, 0x0000000000000000
2026/10/03 17:34:15.270, 2715 MHz, 10251 MHz, 211.15 W, 62, 0x0000000000000000
2026/10/03 17:34:15.470, 2715 MHz, 10251 MHz, 211.15 W, 62, 0x0000000000000000
2026/10/03 17:34:15.670, 2730 MHz, 10501 MHz, 46.19 W, 46, 0x0000000000000000
2026/10/03 17:34:15.870, 2730 MHz, 10501 MHz, 46.19 W, 46, 0x0000000000000000
2026/10/03 17:34:16.070, 2730 MHz, 10501 MHz, 47.77 W, 45, 0x0000000000000000
2026/10/03 17:34:16.270, 2730 MHz, 10501 MHz, 47.77 W, 45, 0x0000000000000000
2026/10/03 17:34:16.471, 2730 MHz, 10501 MHz, 47.77 W, 45, 0x0000000000000000
2026/10/03 17:34:16.671, 2730 MHz, 10501 MHz, 45.79 W, 44, 0x0000000000000000
2026/10/03 17:34:16.871, 2730 MHz, 10501 MHz, 45.79 W, 44, 0x0000000000000000
2026/10/03 17:34:17.071, 2730 MHz, 10501 MHz, 45.60 W, 43, 0x0000000000000000
2026/10/03 17:34:17.271, 2730 MHz, 10501 MHz, 45.60 W, 43, 0x0000000000000000
2026/10/03 17:34:17.471, 2730 MHz, 10501 MHz, 45.60 W, 43, 0x0000000000000000
2026/10/03 17:34:17.671, 615 MHz, 5001 MHz, 23.62 W, 42, 0x0000000000000001
2026/10/03 17:34:17.871, 615 MHz, 5001 MHz, 23.62 W, 42, 0x0000000000000001
2026/10/03 17:34:18.072, 495 MHz, 5001 MHz, 23.39 W, 42, 0x0000000000000001
2026/10/03 17:34:18.272, 495 MHz, 5001 MHz, 23.39 W, 42, 0x0000000000000001
2026/10/03 17:34:18.472, 495 MHz, 5001 MHz, 23.39 W, 42, 0x0000000000000001
2026/10/03 17:34:18.672, 435 MHz, 5001 MHz, 23.62 W, 42, 0x0000000000000001
2026/10/03 17:34:18.872, 435 MHz, 5001 MHz, 23.62 W, 42, 0x0000000000000001
2026/10/03 17:34:19.073, 345 MHz, 5001 MHz, 22.52 W, 42, 0x0000000000000001
2026/10/03 17:34:19.273, 345 MHz, 5001 MHz, 22.52 W, 42, 0x0000000000000001
2026/10/03 17:34:19.473, 345 MHz, 5001 MHz, 22.52 W, 42, 0x0000000000000001
2026/10/03 17:34:19.673, 285 MHz, 5001 MHz, 22.69 W, 42, 0x0000000000000001
2026/10/03 17:34:19.873, 285 MHz, 5001 MHz, 22.69 W, 42, 0x0000000000000001
2026/10/03 17:34:20.073, 240 MHz, 5001 MHz, 22.61 W, 42, 0x0000000000000001
2026/10/03 17:34:20.273, 240 MHz, 5001 MHz, 22.61 W, 42, 0x0000000000000001
2026/10/03 17:34:20.473, 240 MHz, 5001 MHz, 22.61 W, 42, 0x0000000000000001
2026/10/03 17:34:20.674, 210 MHz, 810 MHz, 20.32 W, 42, 0x0000000000000001
2026/10/03 17:34:20.874, 210 MHz, 810 MHz, 20.32 W, 42, 0x0000000000000001
2026/10/03 17:34:21.074, 210 MHz, 810 MHz, 18.55 W, 41, 0x0000000000000001
2026/10/03 17:34:21.275, 210 MHz, 810 MHz, 18.55 W, 41, 0x0000000000000001
2026/10/03 17:34:21.475, 210 MHz, 810 MHz, 18.55 W, 41, 0x0000000000000001
2026/10/03 17:34:21.675, 210 MHz, 810 MHz, 20.27 W, 42, 0x0000000000000001
2026/10/03 17:34:21.875, 210 MHz, 810 MHz, 20.27 W, 42, 0x0000000000000001
2026/10/03 17:34:22.075, 210 MHz, 810 MHz, 20.16 W, 42, 0x0000000000000001
2026/10/03 17:34:22.275, 210 MHz, 810 MHz, 20.16 W, 42, 0x0000000000000001
2026/10/03 17:34:22.475, 210 MHz, 810 MHz, 20.16 W, 42, 0x0000000000000001
2026/10/03 17:34:22.676, 210 MHz, 810 MHz, 19.28 W, 41, 0x0000000000000001
2026/10/03 17:34:22.876, 210 MHz, 810 MHz, 19.28 W, 41, 0x0000000000000001
2026/10/03 17:34:23.076, 210 MHz, 405 MHz, 12.14 W, 41, 0x0000000000000001
2026/10/03 17:34:23.276, 210 MHz, 405 MHz, 12.14 W, 41, 0x0000000000000001
2026/10/03 17:34:23.476, 210 MHz, 405 MHz, 12.14 W, 41, 0x0000000000000001
2026/10/03 17:34:23.676, 210 MHz, 405 MHz, 12.56 W, 41, 0x0000000000000001
2026/10/03 17:34:23.876, 210 MHz, 405 MHz, 12.56 W, 41, 0x0000000000000001
2026/10/03 17:34:24.077, 210 MHz, 405 MHz, 12.81 W, 41, 0x0000000000000001
2026/10/03 17:34:24.277, 210 MHz, 405 MHz, 12.81 W, 41, 0x0000000000000001
2026/10/03 17:34:24.477, 210 MHz, 405 MHz, 12.81 W, 41, 0x0000000000000001
2026/10/03 17:34:24.677, 210 MHz, 405 MHz, 12.03 W, 41, 0x0000000000000001
2026/10/03 17:34:24.878, 210 MHz, 405 MHz, 12.03 W, 41, 0x0000000000000001
2026/10/03 17:34:25.078, 210 MHz, 405 MHz, 12.30 W, 41, 0x0000000000000001
2026/10/03 17:34:25.278, 210 MHz, 405 MHz, 12.30 W, 41, 0x0000000000000001
2026/10/03 17:34:25.478, 210 MHz, 405 MHz, 12.30 W, 41, 0x0000000000000001
2026/10/03 17:34:25.678, 210 MHz, 405 MHz, 12.81 W, 41, 0x0000000000000001
2026/10/03 17:34:25.878, 210 MHz, 405 MHz, 12.81 W, 41, 0x0000000000000001
2026/10/03 17:34:26.079, 210 MHz, 405 MHz, 12.80 W, 41, 0x0000000000000001
2026/10/03 17:34:26.279, 210 MHz, 405 MHz, 12.80 W, 41, 0x0000000000000001
2026/10/03 17:34:26.479, 210 MHz, 405 MHz, 12.80 W, 41, 0x0000000000000001
2026/10/03 17:34:26.679, 210 MHz, 405 MHz, 11.84 W, 41, 0x0000000000000001
2026/10/03 17:34:26.879, 210 MHz, 405 MHz, 11.84 W, 41, 0x0000000000000001
2026/10/03 17:34:27.080, 210 MHz, 405 MHz, 12.19 W, 41, 0x0000000000000001
2026/10/03 17:34:27.280, 210 MHz, 405 MHz, 12.19 W, 41, 0x0000000000000001
2026/10/03 17:34:27.480, 210 MHz, 405 MHz, 12.19 W, 41, 0x0000000000000001
2026/10/03 17:34:27.680, 210 MHz, 405 MHz, 12.01 W, 41, 0x0000000000000001
2026/10/03 17:34:27.880, 210 MHz, 405 MHz, 12.01 W, 41, 0x0000000000000001
2026/10/03 17:34:28.081, 210 MHz, 405 MHz, 12.10 W, 41, 0x0000000000000001
2026/10/03 17:34:28.281, 210 MHz, 405 MHz, 12.10 W, 41, 0x0000000000000001
2026/10/03 17:34:28.481, 210 MHz, 405 MHz, 12.10 W, 41, 0x0000000000000001
2026/10/03 17:34:28.681, 210 MHz, 405 MHz, 11.96 W, 41, 0x0000000000000001
2026/10/03 17:34:28.882, 210 MHz, 405 MHz, 11.96 W, 41, 0x0000000000000001
2026/10/03 17:34:29.082, 210 MHz, 405 MHz, 11.98 W, 41, 0x0000000000000001
2026/10/03 17:34:29.282, 210 MHz, 405 MHz, 11.98 W, 41, 0x0000000000000001
2026/10/03 17:34:29.482, 210 MHz, 405 MHz, 11.98 W, 41, 0x0000000000000001
2026/10/03 17:34:29.682, 210 MHz, 405 MHz, 12.56 W, 41, 0x0000000000000001
2026/10/03 17:34:29.882, 210 MHz, 405 MHz, 12.56 W, 41, 0x0000000000000001
2026/10/03 17:34:30.082, 210 MHz, 405 MHz, 11.98 W, 41, 0x0000000000000001
2026/10/03 17:34:30.283, 210 MHz, 405 MHz, 11.98 W, 41, 0x0000000000000001
2026/10/03 17:34:30.483, 210 MHz, 405 MHz, 11.98 W, 41, 0x0000000000000001
2026/10/03 17:34:30.683, 210 MHz, 405 MHz, 11.98 W, 41, 0x0000000000000001
2026/10/03 17:34:30.883, 210 MHz, 405 MHz, 11.98 W, 41, 0x0000000000000001
2026/10/03 17:34:31.083, 210 MHz, 405 MHz, 12.06 W, 41, 0x0000000000000001
2026/10/03 17:34:31.284, 210 MHz, 405 MHz, 12.06 W, 41, 0x0000000000000001
2026/10/03 17:34:31.484, 210 MHz, 405 MHz, 12.06 W, 41, 0x0000000000000001
2026/10/03 17:34:31.684, 210 MHz, 405 MHz, 12.09 W, 41, 0x0000000000000001
2026/10/03 17:34:31.884, 210 MHz, 405 MHz, 12.09 W, 41, 0x0000000000000001
2026/10/03 17:34:32.085, 210 MHz, 405 MHz, 12.09 W, 41, 0x0000000000000001
2026/10/03 17:34:32.285, 210 MHz, 405 MHz, 12.09 W, 41, 0x0000000000000001
2026/10/03 17:34:32.485, 210 MHz, 405 MHz, 12.09 W, 41, 0x0000000000000001
2026/10/03 17:34:32.685, 210 MHz, 405 MHz, 12.11 W, 41, 0x0000000000000001
2026/10/03 17:34:32.885, 210 MHz, 405 MHz, 12.11 W, 41, 0x0000000000000001
2026/10/03 17:34:33.085, 210 MHz, 405 MHz, 12.10 W, 41, 0x0000000000000001
2026/10/03 17:34:33.286, 210 MHz, 405 MHz, 12.10 W, 41, 0x0000000000000001
2026/10/03 17:34:33.486, 210 MHz, 405 MHz, 12.10 W, 41, 0x0000000000000001
2026/10/03 17:34:33.686, 210 MHz, 405 MHz, 12.29 W, 41, 0x0000000000000001
2026/10/03 17:34:33.886, 210 MHz, 405 MHz, 12.29 W, 41, 0x0000000000000001
2026/10/03 17:34:34.086, 210 MHz, 405 MHz, 12.11 W, 41, 0x0000000000000001
2026/10/03 17:34:34.287, 210 MHz, 405 MHz, 12.11 W, 41, 0x0000000000000001
2026/10/03 17:34:34.487, 210 MHz, 405 MHz, 12.11 W, 41, 0x0000000000000001
2026/10/03 17:34:34.688, 210 MHz, 405 MHz, 12.13 W, 41, 0x0000000000000001
2026/10/03 17:34:34.888, 210 MHz, 405 MHz, 12.13 W, 41, 0x0000000000000001
2026/10/03 17:34:35.088, 210 MHz, 405 MHz, 12.21 W, 41, 0x0000000000000001
2026/10/03 17:34:35.288, 210 MHz, 405 MHz, 12.21 W, 41, 0x0000000000000001
2026/10/03 17:34:35.488, 210 MHz, 405 MHz, 12.21 W, 41, 0x0000000000000001
2026/10/03 17:34:35.688, 210 MHz, 405 MHz, 12.31 W, 41, 0x0000000000000001
2026/10/03 17:34:35.888, 210 MHz, 405 MHz, 12.31 W, 41, 0x0000000000000001
2026/10/03 17:34:36.089, 210 MHz, 405 MHz, 12.32 W, 41, 0x0000000000000001
2026/10/03 17:34:36.289, 210 MHz, 405 MHz, 12.32 W, 41, 0x0000000000000001
2026/10/03 17:34:36.489, 210 MHz, 405 MHz, 12.32 W, 41, 0x0000000000000001
2026/10/03 17:34:36.689, 2520 MHz, 10251 MHz, 41.77 W, 46, 0x0000000000000000
2026/10/03 17:34:36.889, 2520 MHz, 10251 MHz, 41.77 W, 46, 0x0000000000000000
2026/10/03 17:34:37.089, 2730 MHz, 10251 MHz, 137.61 W, 51, 0x0000000000000000
2026/10/03 17:34:37.289, 2730 MHz, 10251 MHz, 137.61 W, 51, 0x0000000000000000
2026/10/03 17:34:37.489, 2730 MHz, 10251 MHz, 137.61 W, 51, 0x0000000000000000
2026/10/03 17:34:37.689, 2730 MHz, 10251 MHz, 132.86 W, 51, 0x0000000000000000
2026/10/03 17:34:37.889, 2730 MHz, 10251 MHz, 132.86 W, 51, 0x0000000000000000
2026/10/03 17:34:38.090, 2730 MHz, 10251 MHz, 150.84 W, 54, 0x0000000000000000
2026/10/03 17:34:38.290, 2730 MHz, 10251 MHz, 150.84 W, 54, 0x0000000000000000
2026/10/03 17:34:38.490, 2730 MHz, 10251 MHz, 150.84 W, 54, 0x0000000000000000
2026/10/03 17:34:38.690, 2730 MHz, 10251 MHz, 158.14 W, 56, 0x0000000000000000
2026/10/03 17:34:38.890, 2730 MHz, 10251 MHz, 158.14 W, 56, 0x0000000000000000
2026/10/03 17:34:39.090, 2730 MHz, 10251 MHz, 149.04 W, 55, 0x0000000000000000
2026/10/03 17:34:39.290, 2730 MHz, 10251 MHz, 149.04 W, 55, 0x0000000000000000
2026/10/03 17:34:39.490, 2730 MHz, 10251 MHz, 149.04 W, 55, 0x0000000000000000
2026/10/03 17:34:39.690, 2730 MHz, 10251 MHz, 178.66 W, 61, 0x0000000000000000
2026/10/03 17:34:39.891, 2730 MHz, 10251 MHz, 178.66 W, 61, 0x0000000000000000
2026/10/03 17:34:40.091, 2715 MHz, 10251 MHz, 201.28 W, 63, 0x0000000000000000
2026/10/03 17:34:40.291, 2715 MHz, 10251 MHz, 201.28 W, 63, 0x0000000000000000
2026/10/03 17:34:40.491, 2715 MHz, 10251 MHz, 201.28 W, 63, 0x0000000000000000
2026/10/03 17:34:40.691, 2715 MHz, 10251 MHz, 178.89 W, 62, 0x0000000000000000
2026/10/03 17:34:40.891, 2715 MHz, 10251 MHz, 178.89 W, 62, 0x0000000000000000
2026/10/03 17:34:41.091, 2715 MHz, 10251 MHz, 172.75 W, 60, 0x0000000000000000
2026/10/03 17:34:41.291, 2715 MHz, 10251 MHz, 172.75 W, 60, 0x0000000000000000
2026/10/03 17:34:41.492, 2715 MHz, 10251 MHz, 172.75 W, 60, 0x0000000000000000
2026/10/03 17:34:41.692, 2670 MHz, 10251 MHz, 221.21 W, 70, 0x0000000000000004
2026/10/03 17:34:41.892, 2670 MHz, 10251 MHz, 221.21 W, 70, 0x0000000000000004
2026/10/03 17:34:42.092, 2565 MHz, 10251 MHz, 204.24 W, 72, 0x0000000000000004
2026/10/03 17:34:42.292, 2565 MHz, 10251 MHz, 204.24 W, 72, 0x0000000000000004
2026/10/03 17:34:42.492, 2565 MHz, 10251 MHz, 204.24 W, 72, 0x0000000000000004
2026/10/03 17:34:42.692, 2715 MHz, 10251 MHz, 213.48 W, 72, 0x0000000000000004
2026/10/03 17:34:42.892, 2715 MHz, 10251 MHz, 213.48 W, 72, 0x0000000000000004
2026/10/03 17:34:43.092, 2715 MHz, 10251 MHz, 48.17 W, 55, 0x0000000000000000
2026/10/03 17:34:43.293, 2715 MHz, 10251 MHz, 48.17 W, 55, 0x0000000000000000
2026/10/03 17:34:43.493, 2715 MHz, 10251 MHz, 48.17 W, 55, 0x0000000000000000
2026/10/03 17:34:43.694, 2730 MHz, 10501 MHz, 47.24 W, 50, 0x0000000000000000
2026/10/03 17:34:43.894, 2730 MHz, 10501 MHz, 47.24 W, 50, 0x0000000000000000
2026/10/03 17:34:44.094, 2730 MHz, 10501 MHz, 46.99 W, 49, 0x0000000000000000
2026/10/03 17:34:44.295, 2730 MHz, 10501 MHz, 46.99 W, 49, 0x0000000000000000
2026/10/03 17:34:44.495, 2730 MHz, 10501 MHz, 46.99 W, 49, 0x0000000000000000
2026/10/03 17:34:44.695, 2730 MHz, 10501 MHz, 46.92 W, 49, 0x0000000000000000
2026/10/03 17:34:44.895, 2730 MHz, 10501 MHz, 46.92 W, 49, 0x0000000000000000
2026/10/03 17:34:45.095, 615 MHz, 5001 MHz, 23.19 W, 47, 0x0000000000000001
2026/10/03 17:34:45.296, 615 MHz, 5001 MHz, 23.19 W, 47, 0x0000000000000001
2026/10/03 17:34:45.496, 615 MHz, 5001 MHz, 23.19 W, 47, 0x0000000000000001
2026/10/03 17:34:45.696, 525 MHz, 5001 MHz, 24.26 W, 47, 0x0000000000000001
2026/10/03 17:34:45.896, 525 MHz, 5001 MHz, 24.26 W, 47, 0x0000000000000001
2026/10/03 17:34:46.096, 435 MHz, 5001 MHz, 24.22 W, 46, 0x0000000000000001
2026/10/03 17:34:46.296, 435 MHz, 5001 MHz, 24.22 W, 46, 0x0000000000000001
2026/10/03 17:34:46.496, 435 MHz, 5001 MHz, 24.22 W, 46, 0x0000000000000001
2026/10/03 17:34:46.697, 390 MHz, 5001 MHz, 23.83 W, 46, 0x0000000000000001
2026/10/03 17:34:46.897, 390 MHz, 5001 MHz, 23.83 W, 46, 0x0000000000000001
2026/10/03 17:34:47.097, 315 MHz, 5001 MHz, 22.94 W, 46, 0x0000000000000001
2026/10/03 17:34:47.297, 315 MHz, 5001 MHz, 22.94 W, 46, 0x0000000000000001
2026/10/03 17:34:47.497, 315 MHz, 5001 MHz, 22.94 W, 46, 0x0000000000000001
2026/10/03 17:34:47.698, 270 MHz, 5001 MHz, 22.89 W, 46, 0x0000000000000001
2026/10/03 17:34:47.898, 270 MHz, 5001 MHz, 22.89 W, 46, 0x0000000000000001
2026/10/03 17:34:48.098, 210 MHz, 5001 MHz, 22.71 W, 45, 0x0000000000000001
2026/10/03 17:34:48.298, 210 MHz, 5001 MHz, 22.71 W, 45, 0x0000000000000001
2026/10/03 17:34:48.498, 210 MHz, 5001 MHz, 22.71 W, 45, 0x0000000000000001
2026/10/03 17:34:48.698, 210 MHz, 5001 MHz, 22.83 W, 45, 0x0000000000000001
2026/10/03 17:34:48.899, 210 MHz, 5001 MHz, 22.83 W, 45, 0x0000000000000001
2026/10/03 17:34:49.099, 210 MHz, 5001 MHz, 22.94 W, 45, 0x0000000000000001
2026/10/03 17:34:49.299, 210 MHz, 5001 MHz, 22.94 W, 45, 0x0000000000000001
2026/10/03 17:34:49.499, 210 MHz, 5001 MHz, 22.94 W, 45, 0x0000000000000001
2026/10/03 17:34:49.699, 210 MHz, 810 MHz, 19.77 W, 45, 0x0000000000000001
2026/10/03 17:34:49.899, 210 MHz, 810 MHz, 19.77 W, 45, 0x0000000000000001
2026/10/03 17:34:50.100, 210 MHz, 810 MHz, 20.72 W, 45, 0x0000000000000001
2026/10/03 17:34:50.300, 210 MHz, 810 MHz, 20.72 W, 45, 0x0000000000000001
2026/10/03 17:34:50.500, 210 MHz, 810 MHz, 20.72 W, 45, 0x0000000000000001
2026/10/03 17:34:50.700, 210 MHz, 810 MHz, 19.87 W, 44, 0x0000000000000001
2026/10/03 17:34:50.900, 210 MHz, 810 MHz, 19.87 W, 44, 0x0000000000000001
2026/10/03 17:34:51.100, 210 MHz, 405 MHz, 19.85 W, 44, 0x0000000000000001
2026/10/03 17:34:51.300, 210 MHz, 405 MHz, 19.85 W, 44, 0x0000000000000001
2026/10/03 17:34:51.501, 210 MHz, 405 MHz, 19.85 W, 44, 0x0000000000000001
2026/10/03 17:34:51.701, 210 MHz, 405 MHz, 12.18 W, 44, 0x0000000000000001
2026/10/03 17:34:51.901, 210 MHz, 405 MHz, 12.18 W, 44, 0x0000000000000001
2026/10/03 17:34:52.101, 210 MHz, 405 MHz, 12.24 W, 44, 0x0000000000000001
2026/10/03 17:34:52.302, 210 MHz, 405 MHz, 12.24 W, 44, 0x0000000000000001
2026/10/03 17:34:52.502, 210 MHz, 405 MHz, 12.24 W, 44, 0x0000000000000001
2026/10/03 17:34:52.702, 210 MHz, 405 MHz, 12.43 W, 44, 0x0000000000000001
2026/10/03 17:34:52.902, 210 MHz, 405 MHz, 12.43 W, 44, 0x0000000000000001
2026/10/03 17:34:53.102, 210 MHz, 405 MHz, 12.28 W, 44, 0x0000000000000001
2026/10/03 17:34:53.302, 210 MHz, 405 MHz, 12.28 W, 44, 0x0000000000000001
2026/10/03 17:34:53.502, 210 MHz, 405 MHz, 12.28 W, 44, 0x0000000000000001
2026/10/03 17:34:53.702, 210 MHz, 405 MHz, 12.08 W, 43, 0x0000000000000001
2026/10/03 17:34:53.903, 210 MHz, 405 MHz, 12.08 W, 43, 0x0000000000000001
2026/10/03 17:34:54.103, 210 MHz, 405 MHz, 12.22 W, 43, 0x0000000000000001
2026/10/03 17:34:54.303, 210 MHz, 405 MHz, 12.22 W, 43, 0x0000000000000001
2026/10/03 17:34:54.503, 210 MHz, 405 MHz, 12.22 W, 43, 0x0000000000000001
2026/10/03 17:34:54.703, 210 MHz, 405 MHz, 12.15 W, 43, 0x0000000000000001
2026/10/03 17:34:54.903, 210 MHz, 405 MHz, 12.15 W, 43, 0x0000000000000001
2026/10/03 17:34:55.104, 210 MHz, 405 MHz, 12.28 W, 43, 0x0000000000000001
2026/10/03 17:34:55.304, 210 MHz, 405 MHz, 12.28 W, 43, 0x0000000000000001
2026/10/03 17:34:55.504, 210 MHz, 405 MHz, 12.28 W, 43, 0x0000000000000001
2026/10/03 17:34:55.704, 210 MHz, 405 MHz, 12.31 W, 43, 0x0000000000000001
2026/10/03 17:34:55.904, 210 MHz, 405 MHz, 12.31 W, 43, 0x0000000000000001
2026/10/03 17:34:56.104, 210 MHz, 405 MHz, 12.63 W, 43, 0x0000000000000001
2026/10/03 17:34:56.304, 210 MHz, 405 MHz, 12.63 W, 43, 0x0000000000000001
2026/10/03 17:34:56.505, 210 MHz, 405 MHz, 12.63 W, 43, 0x0000000000000001
2026/10/03 17:34:56.705, 210 MHz, 405 MHz, 12.15 W, 43, 0x0000000000000001
2026/10/03 17:34:56.905, 210 MHz, 405 MHz, 12.15 W, 43, 0x0000000000000001
2026/10/03 17:34:57.105, 210 MHz, 405 MHz, 12.16 W, 43, 0x0000000000000001
2026/10/03 17:34:57.305, 210 MHz, 405 MHz, 12.16 W, 43, 0x0000000000000001
2026/10/03 17:34:57.505, 210 MHz, 405 MHz, 12.16 W, 43, 0x0000000000000001
2026/10/03 17:34:57.705, 210 MHz, 405 MHz, 12.17 W, 42, 0x0000000000000001
2026/10/03 17:34:57.905, 210 MHz, 405 MHz, 12.17 W, 42, 0x0000000000000001
2026/10/03 17:34:58.106, 210 MHz, 405 MHz, 12.15 W, 42, 0x0000000000000001
2026/10/03 17:34:58.306, 210 MHz, 405 MHz, 12.15 W, 42, 0x0000000000000001
2026/10/03 17:34:58.506, 210 MHz, 405 MHz, 12.15 W, 42, 0x0000000000000001
2026/10/03 17:34:58.706, 210 MHz, 405 MHz, 12.11 W, 42, 0x0000000000000001
2026/10/03 17:34:58.906, 210 MHz, 405 MHz, 12.11 W, 42, 0x0000000000000001
2026/10/03 17:34:59.106, 210 MHz, 405 MHz, 12.10 W, 42, 0x0000000000000001
2026/10/03 17:34:59.306, 210 MHz, 405 MHz, 12.10 W, 42, 0x0000000000000001
2026/10/03 17:34:59.507, 210 MHz, 405 MHz, 12.10 W, 42, 0x0000000000000001
2026/10/03 17:34:59.707, 210 MHz, 405 MHz, 12.15 W, 42, 0x0000000000000001
2026/10/03 17:34:59.907, 210 MHz, 405 MHz, 12.15 W, 42, 0x0000000000000001
2026/10/03 17:35:00.107, 210 MHz, 405 MHz, 12.15 W, 42, 0x0000000000000001
2026/10/03 17:35:00.307, 210 MHz, 405 MHz, 12.15 W, 42, 0x0000000000000001
2026/10/03 17:35:00.507, 210 MHz, 405 MHz, 12.15 W, 42, 0x0000000000000001
2026/10/03 17:35:00.707, 210 MHz, 405 MHz, 12.16 W, 42, 0x0000000000000001
2026/10/03 17:35:00.908, 210 MHz, 405 MHz, 12.16 W, 42, 0x0000000000000001
2026/10/03 17:35:01.108, 210 MHz, 405 MHz, 12.20 W, 42, 0x0000000000000001
2026/10/03 17:35:01.308, 210 MHz, 405 MHz, 12.20 W, 42, 0x0000000000000001
2026/10/03 17:35:01.508, 210 MHz, 405 MHz, 12.20 W, 42, 0x0000000000000001
2026/10/03 17:35:01.708, 210 MHz, 405 MHz, 13.05 W, 42, 0x0000000000000001
2026/10/03 17:35:01.908, 210 MHz, 405 MHz, 13.05 W, 42, 0x0000000000000001
2026/10/03 17:35:02.108, 210 MHz, 405 MHz, 12.13 W, 42, 0x0000000000000001
2026/10/03 17:35:02.308, 210 MHz, 405 MHz, 12.13 W, 42, 0x0000000000000001
2026/10/03 17:35:02.509, 210 MHz, 405 MHz, 12.13 W, 42, 0x0000000000000001
2026/10/03 17:35:02.709, 210 MHz, 405 MHz, 12.09 W, 42, 0x0000000000000001
2026/10/03 17:35:02.909, 210 MHz, 405 MHz, 12.09 W, 42, 0x0000000000000001
2026/10/03 17:35:03.109, 210 MHz, 405 MHz, 12.84 W, 42, 0x0000000000000001
2026/10/03 17:35:03.309, 210 MHz, 405 MHz, 12.84 W, 42, 0x0000000000000001
2026/10/03 17:35:03.509, 210 MHz, 405 MHz, 12.84 W, 42, 0x0000000000000001
2026/10/03 17:35:03.709, 210 MHz, 405 MHz, 12.66 W, 41, 0x0000000000000001
2026/10/03 17:35:03.909, 210 MHz, 405 MHz, 12.66 W, 41, 0x0000000000000001
2026/10/03 17:35:04.110, 2520 MHz, 10251 MHz, 14.11 W, 42, 0x0000000000000000
2026/10/03 17:35:04.310, 2520 MHz, 10251 MHz, 14.11 W, 42, 0x0000000000000000
2026/10/03 17:35:04.510, 2520 MHz, 10251 MHz, 14.11 W, 42, 0x0000000000000000
2026/10/03 17:35:04.710, 2745 MHz, 10251 MHz, 143.22 W, 50, 0x0000000000000000
2026/10/03 17:35:04.910, 2745 MHz, 10251 MHz, 143.22 W, 50, 0x0000000000000000
2026/10/03 17:35:05.110, 2730 MHz, 10251 MHz, 188.92 W, 54, 0x0000000000000000
2026/10/03 17:35:05.311, 2730 MHz, 10251 MHz, 188.92 W, 54, 0x0000000000000000
2026/10/03 17:35:05.511, 2730 MHz, 10251 MHz, 188.92 W, 54, 0x0000000000000000
2026/10/03 17:35:05.711, 2715 MHz, 10251 MHz, 206.54 W, 59, 0x0000000000000004
2026/10/03 17:35:05.911, 2715 MHz, 10251 MHz, 206.54 W, 59, 0x0000000000000004
2026/10/03 17:35:06.111, 2655 MHz, 10251 MHz, 226.38 W, 67, 0x0000000000000004
2026/10/03 17:35:06.311, 2655 MHz, 10251 MHz, 226.38 W, 67, 0x0000000000000004
2026/10/03 17:35:06.512, 2655 MHz, 10251 MHz, 226.38 W, 67, 0x0000000000000004
2026/10/03 17:35:06.712, 2730 MHz, 10501 MHz, 46.54 W, 48, 0x0000000000000000
2026/10/03 17:35:06.912, 2730 MHz, 10501 MHz, 46.54 W, 48, 0x0000000000000000
2026/10/03 17:35:07.112, 2745 MHz, 10501 MHz, 46.28 W, 46, 0x0000000000000000
2026/10/03 17:35:07.312, 2745 MHz, 10501 MHz, 46.28 W, 46, 0x0000000000000000
2026/10/03 17:35:07.513, 2745 MHz, 10501 MHz, 46.28 W, 46, 0x0000000000000000
2026/10/03 17:35:07.713, 2745 MHz, 10501 MHz, 45.95 W, 45, 0x0000000000000000
2026/10/03 17:35:07.913, 2745 MHz, 10501 MHz, 45.95 W, 45, 0x0000000000000000
2026/10/03 17:35:08.113, 645 MHz, 5001 MHz, 46.10 W, 45, 0x0000000000000000
2026/10/03 17:35:08.314, 645 MHz, 5001 MHz, 46.10 W, 45, 0x0000000000000000
2026/10/03 17:35:08.514, 645 MHz, 5001 MHz, 46.10 W, 45, 0x0000000000000000
2026/10/03 17:35:08.714, 555 MHz, 5001 MHz, 22.76 W, 43, 0x0000000000000001
2026/10/03 17:35:08.914, 555 MHz, 5001 MHz, 22.76 W, 43, 0x0000000000000001
2026/10/03 17:35:09.115, 420 MHz, 5001 MHz, 22.82 W, 43, 0x0000000000000001
2026/10/03 17:35:09.315, 420 MHz, 5001 MHz, 22.82 W, 43, 0x0000000000000001
2026/10/03 17:35:09.515, 420 MHz, 5001 MHz, 22.82 W, 43, 0x0000000000000001
2026/10/03 17:35:09.716, 360 MHz, 5001 MHz, 22.81 W, 43, 0x0000000000000001
2026/10/03 17:35:09.916, 360 MHz, 5001 MHz, 22.81 W, 43, 0x0000000000000001
2026/10/03 17:35:10.116, 285 MHz, 5001 MHz, 22.67 W, 42, 0x0000000000000001
2026/10/03 17:35:10.316, 285 MHz, 5001 MHz, 22.67 W, 42, 0x0000000000000001
2026/10/03 17:35:10.516, 285 MHz, 5001 MHz, 22.67 W, 42, 0x0000000000000001
2026/10/03 17:35:10.716, 240 MHz, 5001 MHz, 22.69 W, 42, 0x0000000000000001
2026/10/03 17:35:10.916, 240 MHz, 5001 MHz, 22.69 W, 42, 0x0000000000000001
2026/10/03 17:35:11.117, 210 MHz, 810 MHz, 18.96 W, 42, 0x0000000000000001
2026/10/03 17:35:11.317, 210 MHz, 810 MHz, 18.96 W, 42, 0x0000000000000001
2026/10/03 17:35:11.517, 210 MHz, 810 MHz, 18.96 W, 42, 0x0000000000000001
2026/10/03 17:35:11.717, 210 MHz, 810 MHz, 19.08 W, 42, 0x0000000000000001
2026/10/03 17:35:11.917, 210 MHz, 810 MHz, 19.08 W, 42, 0x0000000000000001
2026/10/03 17:35:12.117, 210 MHz, 810 MHz, 19.21 W, 42, 0x0000000000000001
2026/10/03 17:35:12.318, 210 MHz, 810 MHz, 19.21 W, 42, 0x0000000000000001
2026/10/03 17:35:12.518, 210 MHz, 810 MHz, 19.21 W, 42, 0x0000000000000001
2026/10/03 17:35:12.718, 210 MHz, 810 MHz, 19.61 W, 42, 0x0000000000000001
2026/10/03 17:35:12.918, 210 MHz, 810 MHz, 19.61 W, 42, 0x0000000000000001
2026/10/03 17:35:13.119, 210 MHz, 405 MHz, 12.01 W, 41, 0x0000000000000001
2026/10/03 17:35:13.319, 210 MHz, 405 MHz, 12.01 W, 41, 0x0000000000000001
2026/10/03 17:35:13.519, 210 MHz, 405 MHz, 12.01 W, 41, 0x0000000000000001
2026/10/03 17:35:13.719, 210 MHz, 405 MHz, 12.36 W, 41, 0x0000000000000001
2026/10/03 17:35:13.919, 210 MHz, 405 MHz, 12.36 W, 41, 0x0000000000000001
2026/10/03 17:35:14.119, 210 MHz, 405 MHz, 12.65 W, 41, 0x0000000000000001
2026/10/03 17:35:14.319, 210 MHz, 405 MHz, 12.65 W, 41, 0x0000000000000001
2026/10/03 17:35:14.519, 210 MHz, 405 MHz, 12.65 W, 41, 0x0000000000000001
2026/10/03 17:35:14.720, 210 MHz, 405 MHz, 11.98 W, 41, 0x0000000000000001
2026/10/03 17:35:14.920, 210 MHz, 405 MHz, 11.98 W, 41, 0x0000000000000001
2026/10/03 17:35:15.121, 210 MHz, 405 MHz, 11.97 W, 41, 0x0000000000000001
2026/10/03 17:35:15.321, 210 MHz, 405 MHz, 11.97 W, 41, 0x0000000000000001
2026/10/03 17:35:15.521, 210 MHz, 405 MHz, 11.97 W, 41, 0x0000000000000001
2026/10/03 17:35:15.721, 210 MHz, 405 MHz, 12.05 W, 41, 0x0000000000000001
2026/10/03 17:35:15.921, 210 MHz, 405 MHz, 12.05 W, 41, 0x0000000000000001
2026/10/03 17:35:16.122, 210 MHz, 405 MHz, 12.06 W, 41, 0x0000000000000001
2026/10/03 17:35:16.322, 210 MHz, 405 MHz, 12.06 W, 41, 0x0000000000000001
2026/10/03 17:35:16.522, 210 MHz, 405 MHz, 12.06 W, 41, 0x0000000000000001
2026/10/03 17:35:16.722, 210 MHz, 405 MHz, 12.02 W, 41, 0x0000000000000001
2026/10/03 17:35:16.923, 210 MHz, 405 MHz, 12.02 W, 41, 0x0000000000000001
2026/10/03 17:35:17.123, 210 MHz, 405 MHz, 12.13 W, 41, 0x0000000000000001
2026/10/03 17:35:17.323, 210 MHz, 405 MHz, 12.13 W, 41, 0x0000000000000001
2026/10/03 17:35:17.523, 210 MHz, 405 MHz, 12.13 W, 41, 0x0000000000000001
2026/10/03 17:35:17.724, 210 MHz, 405 MHz, 12.03 W, 41, 0x0000000000000001
2026/10/03 17:35:17.924, 210 MHz, 405 MHz, 12.03 W, 41, 0x0000000000000001
2026/10/03 17:35:18.124, 210 MHz, 405 MHz, 12.08 W, 40, 0x0000000000000001
2026/10/03 17:35:18.324, 210 MHz, 405 MHz, 12.08 W, 40, 0x0000000000000001
2026/10/03 17:35:18.525, 210 MHz, 405 MHz, 12.08 W, 40, 0x0000000000000001
2026/10/03 17:35:18.725, 210 MHz, 405 MHz, 12.13 W, 40, 0x0000000000000001
2026/10/03 17:35:18.925, 210 MHz, 405 MHz, 12.13 W, 40, 0x0000000000000001
2026/10/03 17:35:19.125, 210 MHz, 405 MHz, 12.19 W, 40, 0x0000000000000001
2026/10/03 17:35:19.326, 210 MHz, 405 MHz, 12.19 W, 40, 0x0000000000000001
2026/10/03 17:35:19.526, 210 MHz, 405 MHz, 12.19 W, 40, 0x0000000000000001
2026/10/03 17:35:19.726, 210 MHz, 405 MHz, 12.07 W, 40, 0x0000000000000001
2026/10/03 17:35:19.926, 210 MHz, 405 MHz, 12.07 W, 40, 0x0000000000000001
2026/10/03 17:35:20.126, 210 MHz, 405 MHz, 12.07 W, 40, 0x0000000000000001
2026/10/03 17:35:20.326, 210 MHz, 405 MHz, 12.07 W, 40, 0x0000000000000001
2026/10/03 17:35:20.527, 210 MHz, 405 MHz, 12.07 W, 40, 0x0000000000000001
2026/10/03 17:35:20.727, 210 MHz, 405 MHz, 12.00 W, 40, 0x0000000000000001
2026/10/03 17:35:20.927, 210 MHz, 405 MHz, 12.00 W, 40, 0x0000000000000001
2026/10/03 17:35:21.127, 210 MHz, 405 MHz, 12.03 W, 40, 0x0000000000000001
2026/10/03 17:35:21.328, 210 MHz, 405 MHz, 12.03 W, 40, 0x0000000000000001
2026/10/03 17:35:21.528, 210 MHz, 405 MHz, 12.05 W, 40, 0x0000000000000001
2026/10/03 17:35:21.729, 210 MHz, 405 MHz, 12.05 W, 40, 0x0000000000000001
2026/10/03 17:35:21.929, 210 MHz, 405 MHz, 12.05 W, 40, 0x0000000000000001
2026/10/03 17:35:22.129, 210 MHz, 405 MHz, 12.11 W, 40, 0x0000000000000001
2026/10/03 17:35:22.330, 210 MHz, 405 MHz, 12.11 W, 40, 0x0000000000000001
2026/10/03 17:35:22.530, 210 MHz, 405 MHz, 12.05 W, 40, 0x0000000000000001
2026/10/03 17:35:22.730, 210 MHz, 405 MHz, 12.05 W, 40, 0x0000000000000001
2026/10/03 17:35:22.930, 210 MHz, 405 MHz, 12.05 W, 40, 0x0000000000000001
2026/10/03 17:35:23.130, 210 MHz, 405 MHz, 12.05 W, 40, 0x0000000000000001
2026/10/03 17:35:23.330, 210 MHz, 405 MHz, 12.05 W, 40, 0x0000000000000001
2026/10/03 17:35:23.531, 210 MHz, 405 MHz, 11.90 W, 40, 0x0000000000000001
2026/10/03 17:35:23.731, 210 MHz, 405 MHz, 11.90 W, 40, 0x0000000000000001
2026/10/03 17:35:23.931, 210 MHz, 405 MHz, 11.90 W, 40, 0x0000000000000001
2026/10/03 17:35:24.131, 210 MHz, 405 MHz, 11.99 W, 40, 0x0000000000000001
2026/10/03 17:35:24.331, 210 MHz, 405 MHz, 11.99 W, 40, 0x0000000000000001
2026/10/03 17:35:24.531, 210 MHz, 405 MHz, 12.21 W, 40, 0x0000000000000001
2026/10/03 17:35:24.732, 210 MHz, 405 MHz, 12.21 W, 40, 0x0000000000000001
2026/10/03 17:35:24.932, 210 MHz, 405 MHz, 12.21 W, 40, 0x0000000000000001
2026/10/03 17:35:25.132, 210 MHz, 405 MHz, 12.19 W, 40, 0x0000000000000001
2026/10/03 17:35:25.332, 210 MHz, 405 MHz, 12.19 W, 40, 0x0000000000000001
2026/10/03 17:35:25.532, 210 MHz, 405 MHz, 11.86 W, 40, 0x0000000000000001
2026/10/03 17:35:25.733, 210 MHz, 405 MHz, 11.86 W, 40, 0x0000000000000001
2026/10/03 17:35:25.933, 210 MHz, 405 MHz, 11.86 W, 40, 0x0000000000000001
2026/10/03 17:35:26.133, 210 MHz, 405 MHz, 12.46 W, 40, 0x0000000000000001
2026/10/03 17:35:26.333, 210 MHz, 405 MHz, 12.46 W, 40, 0x0000000000000001
2026/10/03 17:35:26.533, 210 MHz, 405 MHz, 12.05 W, 40, 0x0000000000000001
2026/10/03 17:35:26.733, 210 MHz, 405 MHz, 12.05 W, 40, 0x0000000000000001
2026/10/03 17:35:26.933, 210 MHz, 405 MHz, 12.05 W, 40, 0x0000000000000001
2026/10/03 17:35:27.134, 210 MHz, 405 MHz, 11.94 W, 40, 0x0000000000000001
2026/10/03 17:35:27.334, 210 MHz, 405 MHz, 11.94 W, 40, 0x0000000000000001
2026/10/03 17:35:27.534, 2520 MHz, 10251 MHz, 35.64 W, 42, 0x0000000000000000
2026/10/03 17:35:27.734, 2520 MHz, 10251 MHz, 35.64 W, 42, 0x0000000000000000
2026/10/03 17:35:27.934, 2520 MHz, 10251 MHz, 35.64 W, 42, 0x0000000000000000
2026/10/03 17:35:28.134, 2730 MHz, 10251 MHz, 161.11 W, 51, 0x0000000000000000
2026/10/03 17:35:28.334, 2730 MHz, 10251 MHz, 161.11 W, 51, 0x0000000000000000
2026/10/03 17:35:28.534, 2730 MHz, 10251 MHz, 191.14 W, 57, 0x0000000000000000
2026/10/03 17:35:28.735, 2730 MHz, 10251 MHz, 191.14 W, 57, 0x0000000000000000
2026/10/03 17:35:28.935, 2730 MHz, 10251 MHz, 191.14 W, 57, 0x0000000000000000
2026/10/03 17:35:29.135, 2685 MHz, 10251 MHz, 206.54 W, 63, 0x0000000000000004
2026/10/03 17:35:29.335, 2685 MHz, 10251 MHz, 206.54 W, 63, 0x0000000000000004
2026/10/03 17:35:29.535, 2730 MHz, 10501 MHz, 48.55 W, 48, 0x0000000000000000
2026/10/03 17:35:29.735, 2730 MHz, 10501 MHz, 48.55 W, 48, 0x0000000000000000
2026/10/03 17:35:29.936, 2730 MHz, 10501 MHz, 48.55 W, 48, 0x0000000000000000
2026/10/03 17:35:30.136, 2730 MHz, 10501 MHz, 45.83 W, 45, 0x0000000000000000
2026/10/03 17:35:30.336, 2730 MHz, 10501 MHz, 45.83 W, 45, 0x0000000000000000
2026/10/03 17:35:30.536, 2730 MHz, 10501 MHz, 45.58 W, 44, 0x0000000000000000
2026/10/03 17:35:30.737, 2730 MHz, 10501 MHz, 45.58 W, 44, 0x0000000000000000
2026/10/03 17:35:30.937, 2730 MHz, 10501 MHz, 45.58 W, 44, 0x0000000000000000
2026/10/03 17:35:31.137, 2745 MHz, 10501 MHz, 45.90 W, 44, 0x0000000000000000
2026/10/03 17:35:31.337, 2745 MHz, 10501 MHz, 45.90 W, 44, 0x0000000000000000
2026/10/03 17:35:31.538, 645 MHz, 5001 MHz, 23.12 W, 42, 0x0000000000000001
2026/10/03 17:35:31.738, 645 MHz, 5001 MHz, 23.12 W, 42, 0x0000000000000001
2026/10/03 17:35:31.938, 645 MHz, 5001 MHz, 23.12 W, 42, 0x0000000000000001
2026/10/03 17:35:32.139, 495 MHz, 5001 MHz, 22.78 W, 42, 0x0000000000000001
2026/10/03 17:35:32.339, 495 MHz, 5001 MHz, 22.78 W, 42, 0x0000000000000001
2026/10/03 17:35:32.539, 420 MHz, 5001 MHz, 22.76 W, 42, 0x0000000000000001
2026/10/03 17:35:32.740, 420 MHz, 5001 MHz, 22.76 W, 42, 0x0000000000000001
2026/10/03 17:35:32.940, 420 MHz, 5001 MHz, 22.76 W, 42, 0x0000000000000001
2026/10/03 17:35:33.140, 330 MHz, 5001 MHz, 22.71 W, 42, 0x0000000000000001
2026/10/03 17:35:33.340, 330 MHz, 5001 MHz, 22.71 W, 42, 0x0000000000000001
2026/10/03 17:35:33.541, 270 MHz, 5001 MHz, 22.58 W, 42, 0x0000000000000001
2026/10/03 17:35:33.741, 270 MHz, 5001 MHz, 22.58 W, 42, 0x0000000000000001
2026/10/03 17:35:33.941, 270 MHz, 5001 MHz, 22.58 W, 42, 0x0000000000000001
2026/10/03 17:35:34.142, 210 MHz, 810 MHz, 19.03 W, 41, 0x0000000000000001
2026/10/03 17:35:34.342, 210 MHz, 810 MHz, 19.03 W, 41, 0x0000000000000001
2026/10/03 17:35:34.542, 210 MHz, 810 MHz, 18.67 W, 41, 0x0000000000000001
2026/10/03 17:35:34.742, 210 MHz, 810 MHz, 18.67 W, 41, 0x0000000000000001
2026/10/03 17:35:34.942, 210 MHz, 810 MHz, 18.67 W, 41, 0x0000000000000001
2026/10/03 17:35:35.143, 210 MHz, 810 MHz, 19.36 W, 41, 0x0000000000000001
2026/10/03 17:35:35.343, 210 MHz, 810 MHz, 19.36 W, 41, 0x0000000000000001
2026/10/03 17:35:35.543, 210 MHz, 405 MHz, 12.91 W, 41, 0x0000000000000001
2026/10/03 17:35:35.743, 210 MHz, 405 MHz, 12.91 W, 41, 0x0000000000000001
2026/10/03 17:35:35.944, 210 MHz, 405 MHz, 12.91 W, 41, 0x0000000000000001
2026/10/03 17:35:36.144, 210 MHz, 405 MHz, 12.01 W, 41, 0x0000000000000001
2026/10/03 17:35:36.344, 210 MHz, 405 MHz, 12.01 W, 41, 0x0000000000000001
2026/10/03 17:35:36.545, 210 MHz, 405 MHz, 12.07 W, 41, 0x0000000000000001
2026/10/03 17:35:36.745, 210 MHz, 405 MHz, 12.07 W, 41, 0x0000000000000001
2026/10/03 17:35:36.945, 210 MHz, 405 MHz, 12.07 W, 41, 0x0000000000000001
2026/10/03 17:35:37.145, 210 MHz, 405 MHz, 12.89 W, 41, 0x0000000000000001
2026/10/03 17:35:37.345, 210 MHz, 405 MHz, 12.89 W, 41, 0x0000000000000001
2026/10/03 17:35:37.546, 210 MHz, 405 MHz, 12.09 W, 41, 0x0000000000000001
2026/10/03 17:35:37.746, 210 MHz, 405 MHz, 12.09 W, 41, 0x0000000000000001
2026/10/03 17:35:37.946, 210 MHz, 405 MHz, 12.09 W, 41, 0x0000000000000001
2026/10/03 17:35:38.146, 210 MHz, 405 MHz, 12.10 W, 41, 0x0000000000000001
2026/10/03 17:35:38.346, 210 MHz, 405 MHz, 12.10 W, 41, 0x0000000000000001
2026/10/03 17:35:38.546, 210 MHz, 405 MHz, 11.94 W, 41, 0x0000000000000001
2026/10/03 17:35:38.746, 210 MHz, 405 MHz, 11.94 W, 41, 0x0000000000000001
2026/10/03 17:35:38.946, 210 MHz, 405 MHz, 11.94 W, 41, 0x0000000000000001
2026/10/03 17:35:39.147, 210 MHz, 405 MHz, 12.63 W, 41, 0x0000000000000001
2026/10/03 17:35:39.347, 210 MHz, 405 MHz, 12.63 W, 41, 0x0000000000000001
2026/10/03 17:35:39.547, 210 MHz, 405 MHz, 12.44 W, 41, 0x0000000000000001
2026/10/03 17:35:39.747, 210 MHz, 405 MHz, 12.44 W, 41, 0x0000000000000001
2026/10/03 17:35:39.947, 210 MHz, 405 MHz, 12.44 W, 41, 0x0000000000000001
2026/10/03 17:35:40.147, 210 MHz, 405 MHz, 11.92 W, 41, 0x0000000000000001
2026/10/03 17:35:40.347, 210 MHz, 405 MHz, 11.92 W, 41, 0x0000000000000001
2026/10/03 17:35:40.547, 210 MHz, 405 MHz, 12.66 W, 41, 0x0000000000000001
2026/10/03 17:35:40.748, 210 MHz, 405 MHz, 12.66 W, 41, 0x0000000000000001
2026/10/03 17:35:40.948, 210 MHz, 405 MHz, 12.66 W, 41, 0x0000000000000001
2026/10/03 17:35:41.148, 210 MHz, 405 MHz, 11.96 W, 41, 0x0000000000000001
2026/10/03 17:35:41.348, 210 MHz, 405 MHz, 11.96 W, 41, 0x0000000000000001
2026/10/03 17:35:41.548, 210 MHz, 405 MHz, 12.09 W, 41, 0x0000000000000001
2026/10/03 17:35:41.748, 210 MHz, 405 MHz, 12.09 W, 41, 0x0000000000000001
2026/10/03 17:35:41.948, 210 MHz, 405 MHz, 12.09 W, 41, 0x0000000000000001
2026/10/03 17:35:42.149, 210 MHz, 405 MHz, 12.65 W, 41, 0x0000000000000001
2026/10/03 17:35:42.349, 210 MHz, 405 MHz, 12.65 W, 41, 0x0000000000000001
2026/10/03 17:35:42.549, 210 MHz, 405 MHz, 12.14 W, 41, 0x0000000000000001
2026/10/03 17:35:42.749, 210 MHz, 405 MHz, 12.14 W, 41, 0x0000000000000001
2026/10/03 17:35:42.949, 210 MHz, 405 MHz, 12.14 W, 41, 0x0000000000000001
2026/10/03 17:35:43.149, 210 MHz, 405 MHz, 12.65 W, 41, 0x0000000000000001
2026/10/03 17:35:43.349, 210 MHz, 405 MHz, 12.65 W, 41, 0x0000000000000001
2026/10/03 17:35:43.550, 210 MHz, 405 MHz, 12.56 W, 41, 0x0000000000000001
2026/10/03 17:35:43.750, 210 MHz, 405 MHz, 12.56 W, 41, 0x0000000000000001
2026/10/03 17:35:43.950, 210 MHz, 405 MHz, 12.56 W, 41, 0x0000000000000001
2026/10/03 17:35:44.150, 210 MHz, 405 MHz, 12.55 W, 41, 0x0000000000000001
2026/10/03 17:35:44.350, 210 MHz, 405 MHz, 12.55 W, 41, 0x0000000000000001
2026/10/03 17:35:44.550, 210 MHz, 405 MHz, 11.97 W, 41, 0x0000000000000001
2026/10/03 17:35:44.750, 210 MHz, 405 MHz, 11.97 W, 41, 0x0000000000000001
2026/10/03 17:35:44.951, 210 MHz, 405 MHz, 11.97 W, 41, 0x0000000000000001
2026/10/03 17:35:45.151, 210 MHz, 405 MHz, 12.05 W, 41, 0x0000000000000001
2026/10/03 17:35:45.351, 210 MHz, 405 MHz, 12.05 W, 41, 0x0000000000000001
2026/10/03 17:35:45.552, 210 MHz, 405 MHz, 12.32 W, 41, 0x0000000000000001
2026/10/03 17:35:45.752, 210 MHz, 405 MHz, 12.32 W, 41, 0x0000000000000001
2026/10/03 17:35:45.952, 210 MHz, 405 MHz, 12.32 W, 41, 0x0000000000000001
2026/10/03 17:35:46.152, 210 MHz, 405 MHz, 12.34 W, 41, 0x0000000000000001
2026/10/03 17:35:46.352, 210 MHz, 405 MHz, 12.34 W, 41, 0x0000000000000001
2026/10/03 17:35:46.552, 210 MHz, 405 MHz, 12.00 W, 41, 0x0000000000000001
2026/10/03 17:35:46.753, 210 MHz, 405 MHz, 12.00 W, 41, 0x0000000000000001
2026/10/03 17:35:46.953, 210 MHz, 405 MHz, 12.00 W, 41, 0x0000000000000001
2026/10/03 17:35:47.153, 210 MHz, 405 MHz, 12.15 W, 41, 0x0000000000000001
2026/10/03 17:35:47.353, 210 MHz, 405 MHz, 12.15 W, 41, 0x0000000000000001
2026/10/03 17:35:47.553, 210 MHz, 405 MHz, 11.95 W, 41, 0x0000000000000001
2026/10/03 17:35:47.754, 210 MHz, 405 MHz, 11.95 W, 41, 0x0000000000000001
2026/10/03 17:35:47.954, 210 MHz, 405 MHz, 11.95 W, 41, 0x0000000000000001
2026/10/03 17:35:48.154, 210 MHz, 405 MHz, 11.92 W, 41, 0x0000000000000001
2026/10/03 17:35:48.354, 210 MHz, 405 MHz, 11.92 W, 41, 0x0000000000000001
2026/10/03 17:35:48.554, 210 MHz, 405 MHz, 11.99 W, 41, 0x0000000000000001
2026/10/03 17:35:48.755, 210 MHz, 405 MHz, 11.99 W, 41, 0x0000000000000001
2026/10/03 17:35:48.955, 210 MHz, 405 MHz, 11.99 W, 41, 0x0000000000000001
2026/10/03 17:35:49.155, 210 MHz, 405 MHz, 12.01 W, 41, 0x0000000000000001
2026/10/03 17:35:49.355, 210 MHz, 405 MHz, 12.01 W, 41, 0x0000000000000001
2026/10/03 17:35:49.555, 210 MHz, 405 MHz, 11.90 W, 41, 0x0000000000000001
2026/10/03 17:35:49.756, 210 MHz, 405 MHz, 11.90 W, 41, 0x0000000000000001
2026/10/03 17:35:49.956, 210 MHz, 405 MHz, 11.90 W, 41, 0x0000000000000001
2026/10/03 17:35:50.156, 210 MHz, 405 MHz, 12.15 W, 41, 0x0000000000000001
2026/10/03 17:35:50.356, 210 MHz, 405 MHz, 12.15 W, 41, 0x0000000000000001
2026/10/03 17:35:50.557, 2520 MHz, 10251 MHz, 39.16 W, 42, 0x0000000000000000
2026/10/03 17:35:50.757, 2520 MHz, 10251 MHz, 39.16 W, 42, 0x0000000000000000
2026/10/03 17:35:50.957, 2520 MHz, 10251 MHz, 39.16 W, 42, 0x0000000000000000
2026/10/03 17:35:51.157, 2730 MHz, 10251 MHz, 138.88 W, 50, 0x0000000000000000
2026/10/03 17:35:51.357, 2730 MHz, 10251 MHz, 138.88 W, 50, 0x0000000000000000
2026/10/03 17:35:51.557, 2730 MHz, 10251 MHz, 138.76 W, 51, 0x0000000000000000
2026/10/03 17:35:51.757, 2730 MHz, 10251 MHz, 138.76 W, 51, 0x0000000000000000
2026/10/03 17:35:51.957, 2730 MHz, 10251 MHz, 138.76 W, 51, 0x0000000000000000
2026/10/03 17:35:52.158, 2730 MHz, 10251 MHz, 157.19 W, 56, 0x0000000000000000
2026/10/03 17:35:52.358, 2730 MHz, 10251 MHz, 157.19 W, 56, 0x0000000000000000
2026/10/03 17:35:52.558, 2730 MHz, 10251 MHz, 157.12 W, 55, 0x0000000000000000
2026/10/03 17:35:52.758, 2730 MHz, 10251 MHz, 157.12 W, 55, 0x0000000000000000
2026/10/03 17:35:52.958, 2730 MHz, 10251 MHz, 157.12 W, 55, 0x0000000000000000
2026/10/03 17:35:53.158, 2730 MHz, 10251 MHz, 164.02 W, 57, 0x0000000000000000
2026/10/03 17:35:53.358, 2730 MHz, 10251 MHz, 164.02 W, 57, 0x0000000000000000
2026/10/03 17:35:53.558, 2715 MHz, 10251 MHz, 208.33 W, 63, 0x0000000000000000
2026/10/03 17:35:53.758, 2715 MHz, 10251 MHz, 208.33 W, 63, 0x0000000000000000
2026/10/03 17:35:53.959, 2715 MHz, 10251 MHz, 208.33 W, 63, 0x0000000000000000
2026/10/03 17:35:54.159, 2715 MHz, 10251 MHz, 198.07 W, 64, 0x0000000000000000
2026/10/03 17:35:54.359, 2715 MHz, 10251 MHz, 198.07 W, 64, 0x0000000000000000
2026/10/03 17:35:54.559, 2715 MHz, 10251 MHz, 208.03 W, 65, 0x0000000000000000
2026/10/03 17:35:54.759, 2715 MHz, 10251 MHz, 208.03 W, 65, 0x0000000000000000
2026/10/03 17:35:54.959, 2715 MHz, 10251 MHz, 208.03 W, 65, 0x0000000000000000
2026/10/03 17:35:55.160, 2550 MHz, 10251 MHz, 220.99 W, 70, 0x0000000000000004
2026/10/03 17:35:55.360, 2550 MHz, 10251 MHz, 220.99 W, 70, 0x0000000000000004
2026/10/03 17:35:55.560, 2595 MHz, 10251 MHz, 229.40 W, 69, 0x0000000000000004
2026/10/03 17:35:55.760, 2595 MHz, 10251 MHz, 229.40 W, 69, 0x0000000000000004
2026/10/03 17:35:55.960, 2595 MHz, 10251 MHz, 229.40 W, 69, 0x0000000000000004
2026/10/03 17:35:56.160, 2640 MHz, 10251 MHz, 216.84 W, 71, 0x0000000000000004
2026/10/03 17:35:56.360, 2640 MHz, 10251 MHz, 216.84 W, 71, 0x0000000000000004
2026/10/03 17:35:56.561, 2730 MHz, 10501 MHz, 53.79 W, 53, 0x0000000000000000
2026/10/03 17:35:56.761, 2730 MHz, 10501 MHz, 53.79 W, 53, 0x0000000000000000
2026/10/03 17:35:56.961, 2730 MHz, 10501 MHz, 53.79 W, 53, 0x0000000000000000
2026/10/03 17:35:57.162, 2730 MHz, 10501 MHz, 46.88 W, 50, 0x0000000000000000
2026/10/03 17:35:57.362, 2730 MHz, 10501 MHz, 46.88 W, 50, 0x0000000000000000
2026/10/03 17:35:57.562, 2730 MHz, 10501 MHz, 46.94 W, 49, 0x0000000000000000
2026/10/03 17:35:57.762, 2730 MHz, 10501 MHz, 46.94 W, 49, 0x0000000000000000
2026/10/03 17:35:57.962, 2730 MHz, 10501 MHz, 46.94 W, 49, 0x0000000000000000
2026/10/03 17:35:58.162, 2520 MHz, 10501 MHz, 46.71 W, 48, 0x0000000000000000
2026/10/03 17:35:58.363, 2520 MHz, 10501 MHz, 46.71 W, 48, 0x0000000000000000
2026/10/03 17:35:58.563, 765 MHz, 5001 MHz, 25.84 W, 47, 0x0000000000000001
2026/10/03 17:35:58.763, 765 MHz, 5001 MHz, 25.84 W, 47, 0x0000000000000001
2026/10/03 17:35:58.963, 765 MHz, 5001 MHz, 25.84 W, 47, 0x0000000000000001
2026/10/03 17:35:59.163, 600 MHz, 5001 MHz, 23.80 W, 46, 0x0000000000000001
2026/10/03 17:35:59.363, 600 MHz, 5001 MHz, 23.80 W, 46, 0x0000000000000001
2026/10/03 17:35:59.563, 510 MHz, 5001 MHz, 23.40 W, 46, 0x0000000000000001
2026/10/03 17:35:59.764, 510 MHz, 5001 MHz, 23.40 W, 46, 0x0000000000000001
2026/10/03 17:35:59.964, 510 MHz, 5001 MHz, 23.40 W, 46, 0x0000000000000001
2026/10/03 17:36:00.164, 405 MHz, 5001 MHz, 23.10 W, 46, 0x0000000000000001
2026/10/03 17:36:00.364, 405 MHz, 5001 MHz, 23.10 W, 46, 0x0000000000000001
2026/10/03 17:36:00.564, 345 MHz, 5001 MHz, 22.90 W, 45, 0x0000000000000001
2026/10/03 17:36:00.764, 345 MHz, 5001 MHz, 22.90 W, 45, 0x0000000000000001
2026/10/03 17:36:00.965, 345 MHz, 5001 MHz, 22.90 W, 45, 0x0000000000000001
2026/10/03 17:36:01.165, 270 MHz, 5001 MHz, 22.78 W, 45, 0x0000000000000001
2026/10/03 17:36:01.365, 270 MHz, 5001 MHz, 22.78 W, 45, 0x0000000000000001
2026/10/03 17:36:01.565, 225 MHz, 5001 MHz, 22.68 W, 45, 0x0000000000000001
2026/10/03 17:36:01.765, 225 MHz, 5001 MHz, 22.68 W, 45, 0x0000000000000001
2026/10/03 17:36:01.965, 225 MHz, 5001 MHz, 22.68 W, 45, 0x0000000000000001
2026/10/03 17:36:02.166, 210 MHz, 5001 MHz, 23.25 W, 45, 0x0000000000000001
2026/10/03 17:36:02.366, 210 MHz, 5001 MHz, 23.25 W, 45, 0x0000000000000001
2026/10/03 17:36:02.566, 210 MHz, 810 MHz, 19.59 W, 45, 0x0000000000000001
2026/10/03 17:36:02.766, 210 MHz, 810 MHz, 19.59 W, 45, 0x0000000000000001
2026/10/03 17:36:02.966, 210 MHz, 810 MHz, 19.59 W, 45, 0x0000000000000001
2026/10/03 17:36:03.166, 210 MHz, 810 MHz, 19.48 W, 44, 0x0000000000000001
2026/10/03 17:36:03.367, 210 MHz, 810 MHz, 19.48 W, 44, 0x0000000000000001
2026/10/03 17:36:03.567, 210 MHz, 810 MHz, 19.85 W, 44, 0x0000000000000001
2026/10/03 17:36:03.767, 210 MHz, 810 MHz, 19.85 W, 44, 0x0000000000000001
2026/10/03 17:36:03.967, 210 MHz, 810 MHz, 19.85 W, 44, 0x0000000000000001
2026/10/03 17:36:04.167, 210 MHz, 810 MHz, 19.87 W, 44, 0x0000000000000001
2026/10/03 17:36:04.367, 210 MHz, 810 MHz, 19.87 W, 44, 0x0000000000000001
2026/10/03 17:36:04.568, 210 MHz, 405 MHz, 12.62 W, 44, 0x0000000000000001
2026/10/03 17:36:04.768, 210 MHz, 405 MHz, 12.62 W, 44, 0x0000000000000001
2026/10/03 17:36:04.968, 210 MHz, 405 MHz, 12.62 W, 44, 0x0000000000000001
2026/10/03 17:36:05.168, 210 MHz, 405 MHz, 12.59 W, 44, 0x0000000000000001
2026/10/03 17:36:05.368, 210 MHz, 405 MHz, 12.59 W, 44, 0x0000000000000001
2026/10/03 17:36:05.568, 210 MHz, 405 MHz, 12.80 W, 43, 0x0000000000000001
2026/10/03 17:36:05.768, 210 MHz, 405 MHz, 12.80 W, 43, 0x0000000000000001
2026/10/03 17:36:05.969, 210 MHz, 405 MHz, 12.80 W, 43, 0x0000000000000001
2026/10/03 17:36:06.169, 210 MHz, 405 MHz, 12.83 W, 43, 0x0000000000000001
2026/10/03 17:36:06.369, 210 MHz, 405 MHz, 12.83 W, 43, 0x0000000000000001
2026/10/03 17:36:06.569, 210 MHz, 405 MHz, 12.51 W, 43, 0x0000000000000001
2026/10/03 17:36:06.769, 210 MHz, 405 MHz, 12.51 W, 43, 0x0000000000000001
2026/10/03 17:36:06.970, 210 MHz, 405 MHz, 12.51 W, 43, 0x0000000000000001
2026/10/03 17:36:07.170, 210 MHz, 405 MHz, 12.16 W, 43, 0x0000000000000001
2026/10/03 17:36:07.370, 210 MHz, 405 MHz, 12.16 W, 43, 0x0000000000000001
2026/10/03 17:36:07.570, 210 MHz, 405 MHz, 12.12 W, 43, 0x0000000000000001
2026/10/03 17:36:07.770, 210 MHz, 405 MHz, 12.12 W, 43, 0x0000000000000001
2026/10/03 17:36:07.970, 210 MHz, 405 MHz, 12.12 W, 43, 0x0000000000000001
2026/10/03 17:36:08.171, 210 MHz, 405 MHz, 12.22 W, 43, 0x0000000000000001
2026/10/03 17:36:08.371, 210 MHz, 405 MHz, 12.22 W, 43, 0x0000000000000001
2026/10/03 17:36:08.571, 210 MHz, 405 MHz, 12.15 W, 43, 0x0000000000000001
2026/10/03 17:36:08.771, 210 MHz, 405 MHz, 12.15 W, 43, 0x0000000000000001
2026/10/03 17:36:08.971, 210 MHz, 405 MHz, 12.15 W, 43, 0x0000000000000001
2026/10/03 17:36:09.171, 210 MHz, 405 MHz, 12.10 W, 43, 0x0000000000000001
2026/10/03 17:36:09.371, 210 MHz, 405 MHz, 12.10 W, 43, 0x0000000000000001
2026/10/03 17:36:09.572, 210 MHz, 405 MHz, 12.07 W, 42, 0x0000000000000001
2026/10/03 17:36:09.772, 210 MHz, 405 MHz, 12.07 W, 42, 0x0000000000000001
2026/10/03 17:36:09.972, 210 MHz, 405 MHz, 12.07 W, 42, 0x0000000000000001
2026/10/03 17:36:10.172, 210 MHz, 405 MHz, 12.98 W, 42, 0x0000000000000001
2026/10/03 17:36:10.372, 210 MHz, 405 MHz, 12.98 W, 42, 0x0000000000000001
2026/10/03 17:36:10.573, 210 MHz, 405 MHz, 12.12 W, 42, 0x0000000000000001
2026/10/03 17:36:10.773, 210 MHz, 405 MHz, 12.12 W, 42, 0x0000000000000001
2026/10/03 17:36:10.973, 210 MHz, 405 MHz, 12.12 W, 42, 0x0000000000000001
2026/10/03 17:36:11.174, 210 MHz, 405 MHz, 12.12 W, 42, 0x0000000000000001
2026/10/03 17:36:11.374, 210 MHz, 405 MHz, 12.12 W, 42, 0x0000000000000001
2026/10/03 17:36:11.574, 210 MHz, 405 MHz, 13.03 W, 42, 0x0000000000000001
2026/10/03 17:36:11.775, 210 MHz, 405 MHz, 13.03 W, 42, 0x0000000000000001
2026/10/03 17:36:11.975, 210 MHz, 405 MHz, 13.03 W, 42, 0x0000000000000001
2026/10/03 17:36:12.175, 210 MHz, 405 MHz, 12.15 W, 42, 0x0000000000000001
2026/10/03 17:36:12.375, 210 MHz, 405 MHz, 12.15 W, 42, 0x0000000000000001
2026/10/03 17:36:12.575, 210 MHz, 405 MHz, 12.18 W, 42, 0x0000000000000001
2026/10/03 17:36:12.775, 210 MHz, 405 MHz, 12.18 W, 42, 0x0000000000000001
2026/10/03 17:36:12.976, 210 MHz, 405 MHz, 12.18 W, 42, 0x0000000000000001
2026/10/03 17:36:13.176, 210 MHz, 405 MHz, 12.15 W, 42, 0x0000000000000001
2026/10/03 17:36:13.376, 210 MHz, 405 MHz, 12.15 W, 42, 0x0000000000000001
2026/10/03 17:36:13.577, 210 MHz, 405 MHz, 12.14 W, 42, 0x0000000000000001
2026/10/03 17:36:13.777, 210 MHz, 405 MHz, 12.14 W, 42, 0x0000000000000001
2026/10/03 17:36:13.978, 210 MHz, 405 MHz, 12.14 W, 42, 0x0000000000000001
2026/10/03 17:36:14.178, 210 MHz, 405 MHz, 12.19 W, 42, 0x0000000000000001
2026/10/03 17:36:14.378, 210 MHz, 405 MHz, 12.19 W, 42, 0x0000000000000001
2026/10/03 17:36:14.578, 210 MHz, 405 MHz, 12.20 W, 42, 0x0000000000000001
2026/10/03 17:36:14.779, 210 MHz, 405 MHz, 12.20 W, 42, 0x0000000000000001
2026/10/03 17:36:14.979, 210 MHz, 405 MHz, 12.20 W, 42, 0x0000000000000001
2026/10/03 17:36:15.179, 210 MHz, 405 MHz, 12.19 W, 41, 0x0000000000000001
2026/10/03 17:36:15.379, 210 MHz, 405 MHz, 12.19 W, 41, 0x0000000000000001
2026/10/03 17:36:15.579, 210 MHz, 405 MHz, 12.86 W, 41, 0x0000000000000001
2026/10/03 17:36:15.780, 210 MHz, 405 MHz, 12.86 W, 41, 0x0000000000000001
2026/10/03 17:36:15.980, 210 MHz, 405 MHz, 12.86 W, 41, 0x0000000000000001
2026/10/03 17:36:16.180, 210 MHz, 405 MHz, 12.85 W, 41, 0x0000000000000001
2026/10/03 17:36:16.380, 210 MHz, 405 MHz, 12.85 W, 41, 0x0000000000000001
2026/10/03 17:36:16.580, 210 MHz, 405 MHz, 12.30 W, 41, 0x0000000000000001
2026/10/03 17:36:16.781, 210 MHz, 405 MHz, 12.30 W, 41, 0x0000000000000001
2026/10/03 17:36:16.981, 210 MHz, 405 MHz, 12.30 W, 41, 0x0000000000000001
2026/10/03 17:36:17.181, 210 MHz, 405 MHz, 12.45 W, 41, 0x0000000000000001
2026/10/03 17:36:17.381, 210 MHz, 405 MHz, 12.45 W, 41, 0x0000000000000001
2026/10/03 17:36:17.581, 2520 MHz, 10251 MHz, 37.40 W, 42, 0x0000000000000000
2026/10/03 17:36:17.781, 2520 MHz, 10251 MHz, 37.40 W, 42, 0x0000000000000000
2026/10/03 17:36:17.981, 2520 MHz, 10251 MHz, 37.40 W, 42, 0x0000000000000000
2026/10/03 17:36:18.181, 2745 MHz, 10251 MHz, 155.05 W, 52, 0x0000000000000000
2026/10/03 17:36:18.382, 2745 MHz, 10251 MHz, 155.05 W, 52, 0x0000000000000000
2026/10/03 17:36:18.582, 2730 MHz, 10251 MHz, 197.76 W, 58, 0x0000000000000000
2026/10/03 17:36:18.782, 2730 MHz, 10251 MHz, 197.76 W, 58, 0x0000000000000000
2026/10/03 17:36:18.982, 2730 MHz, 10251 MHz, 197.76 W, 58, 0x0000000000000000
2026/10/03 17:36:19.182, 2670 MHz, 10251 MHz, 223.18 W, 65, 0x0000000000000004
2026/10/03 17:36:19.382, 2670 MHz, 10251 MHz, 223.18 W, 65, 0x0000000000000004
2026/10/03 17:36:19.582, 2730 MHz, 10251 MHz, 47.15 W, 52, 0x0000000000000000
2026/10/03 17:36:19.783, 2730 MHz, 10251 MHz, 47.15 W, 52, 0x0000000000000000
2026/10/03 17:36:19.983, 2730 MHz, 10251 MHz, 47.15 W, 52, 0x0000000000000000
2026/10/03 17:36:20.183, 2745 MHz, 10501 MHz, 47.72 W, 46, 0x0000000000000000
2026/10/03 17:36:20.384, 2745 MHz, 10501 MHz, 47.72 W, 46, 0x0000000000000000
2026/10/03 17:36:20.584, 2745 MHz, 10501 MHz, 46.09 W, 45, 0x0000000000000000
2026/10/03 17:36:20.784, 2745 MHz, 10501 MHz, 46.09 W, 45, 0x0000000000000000
2026/10/03 17:36:20.985, 2745 MHz, 10501 MHz, 46.09 W, 45, 0x0000000000000000
2026/10/03 17:36:21.185, 2745 MHz, 10501 MHz, 45.95 W, 45, 0x0000000000000000
2026/10/03 17:36:21.385, 2745 MHz, 10501 MHz, 45.95 W, 45, 0x0000000000000000
2026/10/03 17:36:21.586, 825 MHz, 5001 MHz, 23.08 W, 43, 0x0000000000000001
2026/10/03 17:36:21.786, 825 MHz, 5001 MHz, 23.08 W, 43, 0x0000000000000001
2026/10/03 17:36:21.986, 825 MHz, 5001 MHz, 23.08 W, 43, 0x0000000000000001
2026/10/03 17:36:22.187, 645 MHz, 5001 MHz, 22.84 W, 43, 0x0000000000000001
2026/10/03 17:36:22.387, 645 MHz, 5001 MHz, 22.84 W, 43, 0x0000000000000001
2026/10/03 17:36:22.587, 540 MHz, 5001 MHz, 22.80 W, 42, 0x0000000000000001
2026/10/03 17:36:22.787, 540 MHz, 5001 MHz, 22.80 W, 42, 0x0000000000000001
2026/10/03 17:36:22.988, 540 MHz, 5001 MHz, 22.80 W, 42, 0x0000000000000001
2026/10/03 17:36:23.188, 420 MHz, 5001 MHz, 22.79 W, 42, 0x0000000000000001
2026/10/03 17:36:23.388, 420 MHz, 5001 MHz, 22.79 W, 42, 0x0000000000000001
2026/10/03 17:36:23.588, 360 MHz, 5001 MHz, 22.65 W, 42, 0x0000000000000001
2026/10/03 17:36:23.788, 360 MHz, 5001 MHz, 22.65 W, 42, 0x0000000000000001
2026/10/03 17:36:23.988, 360 MHz, 5001 MHz, 22.65 W, 42, 0x0000000000000001
2026/10/03 17:36:24.188, 285 MHz, 5001 MHz, 22.76 W, 42, 0x0000000000000001
2026/10/03 17:36:24.389, 285 MHz, 5001 MHz, 22.76 W, 42, 0x0000000000000001
2026/10/03 17:36:24.589, 240 MHz, 5001 MHz, 22.60 W, 42, 0x0000000000000001
2026/10/03 17:36:24.789, 240 MHz, 5001 MHz, 22.60 W, 42, 0x0000000000000001
2026/10/03 17:36:24.989, 240 MHz, 5001 MHz, 22.60 W, 42, 0x0000000000000001
2026/10/03 17:36:25.189, 210 MHz, 5001 MHz, 22.63 W, 42, 0x0000000000000001
2026/10/03 17:36:25.389, 210 MHz, 5001 MHz, 22.63 W, 42, 0x0000000000000001
2026/10/03 17:36:25.589, 210 MHz, 810 MHz, 19.91 W, 42, 0x0000000000000001
2026/10/03 17:36:25.790, 210 MHz, 810 MHz, 19.91 W, 42, 0x0000000000000001
2026/10/03 17:36:25.990, 210 MHz, 810 MHz, 19.91 W, 42, 0x0000000000000001
2026/10/03 17:36:26.190, 210 MHz, 810 MHz, 20.23 W, 41, 0x0000000000000001
2026/10/03 17:36:26.390, 210 MHz, 810 MHz, 20.23 W, 41, 0x0000000000000001
2026/10/03 17:36:26.590, 210 MHz, 810 MHz, 20.47 W, 41, 0x0000000000000001
2026/10/03 17:36:26.790, 210 MHz, 810 MHz, 20.47 W, 41, 0x0000000000000001
2026/10/03 17:36:26.990, 210 MHz, 810 MHz, 20.47 W, 41, 0x0000000000000001
2026/10/03 17:36:27.191, 210 MHz, 405 MHz, 13.08 W, 41, 0x0000000000000001
2026/10/03 17:36:27.391, 210 MHz, 405 MHz, 13.08 W, 41, 0x0000000000000001
2026/10/03 17:36:27.591, 210 MHz, 405 MHz, 13.10 W, 41, 0x0000000000000001
2026/10/03 17:36:27.791, 210 MHz, 405 MHz, 13.10 W, 41, 0x0000000000000001
2026/10/03 17:36:27.991, 210 MHz, 405 MHz, 13.10 W, 41, 0x0000000000000001
2026/10/03 17:36:28.192, 210 MHz, 405 MHz, 12.10 W, 41, 0x0000000000000001
2026/10/03 17:36:28.392, 210 MHz, 405 MHz, 12.10 W, 41, 0x0000000000000001
2026/10/03 17:36:28.592, 210 MHz, 405 MHz, 12.17 W, 41, 0x0000000000000001
2026/10/03 17:36:28.792, 210 MHz, 405 MHz, 12.17 W, 41, 0x0000000000000001
2026/10/03 17:36:28.993, 210 MHz, 405 MHz, 12.17 W, 41, 0x0000000000000001
2026/10/03 17:36:29.193, 210 MHz, 405 MHz, 12.04 W, 41, 0x0000000000000001
2026/10/03 17:36:29.393, 210 MHz, 405 MHz, 12.04 W, 41, 0x0000000000000001
2026/10/03 17:36:29.593, 210 MHz, 405 MHz, 12.21 W, 41, 0x0000000000000001
2026/10/03 17:36:29.793, 210 MHz, 405 MHz, 12.21 W, 41, 0x0000000000000001
2026/10/03 17:36:29.993, 210 MHz, 405 MHz, 12.21 W, 41, 0x0000000000000001
2026/10/03 17:36:30.193, 210 MHz, 405 MHz, 12.35 W, 40, 0x0000000000000001
2026/10/03 17:36:30.394, 210 MHz, 405 MHz, 12.35 W, 40, 0x0000000000000001
2026/10/03 17:36:30.594, 210 MHz, 405 MHz, 12.48 W, 40, 0x0000000000000001
2026/10/03 17:36:30.794, 210 MHz, 405 MHz, 12.48 W, 40, 0x0000000000000001
2026/10/03 17:36:30.994, 210 MHz, 405 MHz, 12.48 W, 40, 0x0000000000000001
2026/10/03 17:36:31.194, 210 MHz, 405 MHz, 12.76 W, 40, 0x0000000000000001
2026/10/03 17:36:31.394, 210 MHz, 405 MHz, 12.76 W, 40, 0x0000000000000001
2026/10/03 17:36:31.595, 210 MHz, 405 MHz, 12.71 W, 40, 0x0000000000000001
2026/10/03 17:36:31.795, 210 MHz, 405 MHz, 12.71 W, 40, 0x0000000000000001
2026/10/03 17:36:31.995, 210 MHz, 405 MHz, 12.71 W, 40, 0x0000000000000001
2026/10/03 17:36:32.195, 210 MHz, 405 MHz, 12.02 W, 40, 0x0000000000000001
2026/10/03 17:36:32.396, 210 MHz, 405 MHz, 12.02 W, 40, 0x0000000000000001
2026/10/03 17:36:32.596, 210 MHz, 405 MHz, 12.12 W, 40, 0x0000000000000001
2026/10/03 17:36:32.796, 210 MHz, 405 MHz, 12.12 W, 40, 0x0000000000000001
2026/10/03 17:36:32.996, 210 MHz, 405 MHz, 12.12 W, 40, 0x0000000000000001
2026/10/03 17:36:33.196, 210 MHz, 405 MHz, 12.16 W, 40, 0x0000000000000001
2026/10/03 17:36:33.396, 210 MHz, 405 MHz, 12.16 W, 40, 0x0000000000000001
2026/10/03 17:36:33.596, 210 MHz, 405 MHz, 12.12 W, 40, 0x0000000000000001
2026/10/03 17:36:33.796, 210 MHz, 405 MHz, 12.12 W, 40, 0x0000000000000001
2026/10/03 17:36:33.997, 210 MHz, 405 MHz, 12.12 W, 40, 0x0000000000000001
2026/10/03 17:36:34.197, 210 MHz, 405 MHz, 12.14 W, 40, 0x0000000000000001
2026/10/03 17:36:34.397, 210 MHz, 405 MHz, 12.14 W, 40, 0x0000000000000001
2026/10/03 17:36:34.597, 210 MHz, 405 MHz, 12.05 W, 40, 0x0000000000000001
2026/10/03 17:36:34.797, 210 MHz, 405 MHz, 12.05 W, 40, 0x0000000000000001
2026/10/03 17:36:34.997, 210 MHz, 405 MHz, 12.05 W, 40, 0x0000000000000001
2026/10/03 17:36:35.197, 210 MHz, 405 MHz, 12.80 W, 40, 0x0000000000000001
2026/10/03 17:36:35.398, 210 MHz, 405 MHz, 12.80 W, 40, 0x0000000000000001
2026/10/03 17:36:35.598, 210 MHz, 405 MHz, 12.11 W, 40, 0x0000000000000001
2026/10/03 17:36:35.798, 210 MHz, 405 MHz, 12.11 W, 40, 0x0000000000000001
2026/10/03 17:36:35.998, 210 MHz, 405 MHz, 12.11 W, 40, 0x0000000000000001
2026/10/03 17:36:36.198, 210 MHz, 405 MHz, 11.94 W, 40, 0x0000000000000001
2026/10/03 17:36:36.398, 210 MHz, 405 MHz, 11.94 W, 40, 0x0000000000000001
2026/10/03 17:36:36.598, 210 MHz, 405 MHz, 11.97 W, 40, 0x0000000000000001
2026/10/03 17:36:36.799, 210 MHz, 405 MHz, 11.97 W, 40, 0x0000000000000001
2026/10/03 17:36:36.999, 210 MHz, 405 MHz, 11.97 W, 40, 0x0000000000000001
2026/10/03 17:36:37.199, 210 MHz, 405 MHz, 11.86 W, 40, 0x0000000000000001
2026/10/03 17:36:37.399, 210 MHz, 405 MHz, 11.86 W, 40, 0x0000000000000001
2026/10/03 17:36:37.599, 210 MHz, 405 MHz, 11.81 W, 39, 0x0000000000000001
2026/10/03 17:36:37.799, 210 MHz, 405 MHz, 11.81 W, 39, 0x0000000000000001
2026/10/03 17:36:37.999, 210 MHz, 405 MHz, 11.81 W, 39, 0x0000000000000001
2026/10/03 17:36:38.199, 210 MHz, 405 MHz, 11.94 W, 39, 0x0000000000000001
2026/10/03 17:36:38.400, 210 MHz, 405 MHz, 11.94 W, 39, 0x0000000000000001
2026/10/03 17:36:38.600, 210 MHz, 405 MHz, 11.89 W, 39, 0x0000000000000001
2026/10/03 17:36:38.800, 210 MHz, 405 MHz, 11.89 W, 39, 0x0000000000000001
2026/10/03 17:36:39.000, 210 MHz, 405 MHz, 11.89 W, 39, 0x0000000000000001
2026/10/03 17:36:39.200, 210 MHz, 405 MHz, 11.95 W, 39, 0x0000000000000001
2026/10/03 17:36:39.400, 210 MHz, 405 MHz, 11.95 W, 39, 0x0000000000000001
2026/10/03 17:36:39.600, 210 MHz, 405 MHz, 11.87 W, 39, 0x0000000000000001
2026/10/03 17:36:39.801, 210 MHz, 405 MHz, 11.87 W, 39, 0x0000000000000001
2026/10/03 17:36:40.001, 210 MHz, 405 MHz, 11.87 W, 39, 0x0000000000000001
2026/10/03 17:36:40.201, 210 MHz, 405 MHz, 12.01 W, 39, 0x0000000000000001
2026/10/03 17:36:40.401, 210 MHz, 405 MHz, 12.01 W, 39, 0x0000000000000001
2026/10/03 17:36:40.601, 2520 MHz, 10501 MHz, 29.64 W, 39, 0x0000000000000000
2026/10/03 17:36:40.801, 2520 MHz, 10501 MHz, 29.64 W, 39, 0x0000000000000000
2026/10/03 17:36:41.001, 2520 MHz, 10501 MHz, 29.64 W, 39, 0x0000000000000000
2026/10/03 17:36:41.202, 2745 MHz, 10251 MHz, 128.50 W, 45, 0x0000000000000000
2026/10/03 17:36:41.402, 2745 MHz, 10251 MHz, 128.50 W, 45, 0x0000000000000000
2026/10/03 17:36:41.602, 2730 MHz, 10251 MHz, 142.49 W, 50, 0x0000000000000000
2026/10/03 17:36:41.802, 2730 MHz, 10251 MHz, 142.49 W, 50, 0x0000000000000000
2026/10/03 17:36:42.002, 2730 MHz, 10251 MHz, 142.49 W, 50, 0x0000000000000000
2026/10/03 17:36:42.202, 2730 MHz, 10251 MHz, 163.35 W, 56, 0x0000000000000000
2026/10/03 17:36:42.402, 2730 MHz, 10251 MHz, 163.35 W, 56, 0x0000000000000000
2026/10/03 17:36:42.602, 2715 MHz, 10251 MHz, 197.58 W, 64, 0x0000000000000000
2026/10/03 17:36:42.802, 2715 MHz, 10251 MHz, 197.58 W, 64, 0x0000000000000000
2026/10/03 17:36:43.003, 2715 MHz, 10251 MHz, 197.58 W, 64, 0x0000000000000000
2026/10/03 17:36:43.203, 2745 MHz, 10501 MHz, 45.93 W, 46, 0x0000000000000000
2026/10/03 17:36:43.403, 2745 MHz, 10501 MHz, 45.93 W, 46, 0x0000000000000000
2026/10/03 17:36:43.603, 2745 MHz, 10501 MHz, 49.15 W, 45, 0x0000000000000000
2026/10/03 17:36:43.803, 2745 MHz, 10501 MHz, 49.15 W, 45, 0x0000000000000000
2026/10/03 17:36:44.003, 2745 MHz, 10501 MHz, 49.15 W, 45, 0x0000000000000000
2026/10/03 17:36:44.203, 2745 MHz, 10501 MHz, 49.09 W, 45, 0x0000000000000000
2026/10/03 17:36:44.403, 2745 MHz, 10501 MHz, 49.09 W, 45, 0x0000000000000000
2026/10/03 17:36:44.604, 750 MHz, 5001 MHz, 22.89 W, 43, 0x0000000000000001
2026/10/03 17:36:44.804, 750 MHz, 5001 MHz, 22.89 W, 43, 0x0000000000000001
2026/10/03 17:36:45.004, 750 MHz, 5001 MHz, 22.89 W, 43, 0x0000000000000001
2026/10/03 17:36:45.204, 645 MHz, 5001 MHz, 22.87 W, 42, 0x0000000000000001
2026/10/03 17:36:45.404, 645 MHz, 5001 MHz, 22.87 W, 42, 0x0000000000000001
2026/10/03 17:36:45.604, 510 MHz, 5001 MHz, 23.64 W, 42, 0x0000000000000001
2026/10/03 17:36:45.804, 510 MHz, 5001 MHz, 23.64 W, 42, 0x0000000000000001
2026/10/03 17:36:46.005, 510 MHz, 5001 MHz, 23.64 W, 42, 0x0000000000000001
2026/10/03 17:36:46.205, 435 MHz, 5001 MHz, 23.27 W, 42, 0x0000000000000001
2026/10/03 17:36:46.405, 435 MHz, 5001 MHz, 23.27 W, 42, 0x0000000000000001
2026/10/03 17:36:46.605, 345 MHz, 5001 MHz, 23.31 W, 42, 0x0000000000000001
2026/10/03 17:36:46.805, 345 MHz, 5001 MHz, 23.31 W, 42, 0x0000000000000001
2026/10/03 17:36:47.005, 345 MHz, 5001 MHz, 23.31 W, 42, 0x0000000000000001
2026/10/03 17:36:47.205, 300 MHz, 5001 MHz, 22.67 W, 42, 0x0000000000000001
2026/10/03 17:36:47.405, 300 MHz, 5001 MHz, 22.67 W, 42, 0x0000000000000001
2026/10/03 17:36:47.606, 240 MHz, 5001 MHz, 22.79 W, 42, 0x0000000000000001
2026/10/03 17:36:47.806, 240 MHz, 5001 MHz, 22.79 W, 42, 0x0000000000000001
2026/10/03 17:36:48.006, 240 MHz, 5001 MHz, 22.79 W, 42, 0x0000000000000001
2026/10/03 17:36:48.206, 210 MHz, 810 MHz, 20.22 W, 42, 0x0000000000000001
2026/10/03 17:36:48.406, 210 MHz, 810 MHz, 20.22 W, 42, 0x0000000000000001
2026/10/03 17:36:48.606, 210 MHz, 810 MHz, 19.76 W, 42, 0x0000000000000001
2026/10/03 17:36:48.806, 210 MHz, 810 MHz, 19.76 W, 42, 0x0000000000000001
2026/10/03 17:36:49.006, 210 MHz, 810 MHz, 19.76 W, 42, 0x0000000000000001
2026/10/03 17:36:49.207, 210 MHz, 810 MHz, 19.81 W, 42, 0x0000000000000001
2026/10/03 17:36:49.407, 210 MHz, 810 MHz, 19.81 W, 42, 0x0000000000000001
2026/10/03 17:36:49.607, 210 MHz, 810 MHz, 20.36 W, 42, 0x0000000000000001
2026/10/03 17:36:49.807, 210 MHz, 810 MHz, 20.36 W, 42, 0x0000000000000001
2026/10/03 17:36:50.007, 210 MHz, 810 MHz, 20.36 W, 42, 0x0000000000000001
2026/10/03 17:36:50.207, 210 MHz, 405 MHz, 12.61 W, 41, 0x0000000000000001
2026/10/03 17:36:50.407, 210 MHz, 405 MHz, 12.61 W, 41, 0x0000000000000001
2026/10/03 17:36:50.607, 210 MHz, 405 MHz, 12.72 W, 41, 0x0000000000000001
2026/10/03 17:36:50.807, 210 MHz, 405 MHz, 12.72 W, 41, 0x0000000000000001
2026/10/03 17:36:51.008, 210 MHz, 405 MHz, 12.72 W, 41, 0x0000000000000001
2026/10/03 17:36:51.208, 210 MHz, 405 MHz, 12.68 W, 41, 0x0000000000000001
2026/10/03 17:36:51.408, 210 MHz, 405 MHz, 12.68 W, 41, 0x0000000000000001
2026/10/03 17:36:51.608, 210 MHz, 405 MHz, 12.28 W, 41, 0x0000000000000001
2026/10/03 17:36:51.809, 210 MHz, 405 MHz, 12.28 W, 41, 0x0000000000000001
2026/10/03 17:36:52.009, 210 MHz, 405 MHz, 12.28 W, 41, 0x0000000000000001
2026/10/03 17:36:52.209, 210 MHz, 405 MHz, 11.90 W, 41, 0x0000000000000001
2026/10/03 17:36:52.409, 210 MHz, 405 MHz, 11.90 W, 41, 0x0000000000000001
2026/10/03 17:36:52.610, 210 MHz, 405 MHz, 11.83 W, 41, 0x0000000000000001
2026/10/03 17:36:52.810, 210 MHz, 405 MHz, 11.83 W, 41, 0x0000000000000001
2026/10/03 17:36:53.010, 210 MHz, 405 MHz, 11.83 W, 41, 0x0000000000000001
2026/10/03 17:36:53.210, 210 MHz, 405 MHz, 12.11 W, 41, 0x0000000000000001
2026/10/03 17:36:53.410, 210 MHz, 405 MHz, 12.11 W, 41, 0x0000000000000001
2026/10/03 17:36:53.610, 210 MHz, 405 MHz, 11.90 W, 41, 0x0000000000000001
2026/10/03 17:36:53.810, 210 MHz, 405 MHz, 11.90 W, 41, 0x0000000000000001
2026/10/03 17:36:54.011, 210 MHz, 405 MHz, 11.90 W, 41, 0x0000000000000001
2026/10/03 17:36:54.211, 210 MHz, 405 MHz, 11.90 W, 41, 0x0000000000000001
2026/10/03 17:36:54.411, 210 MHz, 405 MHz, 11.90 W, 41, 0x0000000000000001
2026/10/03 17:36:54.611, 210 MHz, 405 MHz, 12.13 W, 41, 0x0000000000000001
2026/10/03 17:36:54.811, 210 MHz, 405 MHz, 12.13 W, 41, 0x0000000000000001
2026/10/03 17:36:55.011, 210 MHz, 405 MHz, 12.13 W, 41, 0x0000000000000001
2026/10/03 17:36:55.211, 210 MHz, 405 MHz, 12.04 W, 41, 0x0000000000000001
2026/10/03 17:36:55.411, 210 MHz, 405 MHz, 12.04 W, 41, 0x0000000000000001
2026/10/03 17:36:55.612, 210 MHz, 405 MHz, 12.06 W, 41, 0x0000000000000001
2026/10/03 17:36:55.812, 210 MHz, 405 MHz, 12.06 W, 41, 0x0000000000000001
2026/10/03 17:36:56.012, 210 MHz, 405 MHz, 12.06 W, 41, 0x0000000000000001
2026/10/03 17:36:56.212, 210 MHz, 405 MHz, 12.03 W, 41, 0x0000000000000001
2026/10/03 17:36:56.412, 210 MHz, 405 MHz, 12.03 W, 41, 0x0000000000000001
2026/10/03 17:36:56.612, 210 MHz, 405 MHz, 12.78 W, 41, 0x0000000000000001
2026/10/03 17:36:56.812, 210 MHz, 405 MHz, 12.78 W, 41, 0x0000000000000001
2026/10/03 17:36:57.012, 210 MHz, 405 MHz, 12.78 W, 41, 0x0000000000000001
2026/10/03 17:36:57.213, 210 MHz, 405 MHz, 11.95 W, 41, 0x0000000000000001
2026/10/03 17:36:57.413, 210 MHz, 405 MHz, 11.95 W, 41, 0x0000000000000001
2026/10/03 17:36:57.613, 210 MHz, 405 MHz, 12.06 W, 41, 0x0000000000000001
2026/10/03 17:36:57.813, 210 MHz, 405 MHz, 12.06 W, 41, 0x0000000000000001
2026/10/03 17:36:58.013, 210 MHz, 405 MHz, 12.06 W, 41, 0x0000000000000001
2026/10/03 17:36:58.213, 210 MHz, 405 MHz, 12.62 W, 41, 0x0000000000000001
2026/10/03 17:36:58.413, 210 MHz, 405 MHz, 12.62 W, 41, 0x0000000000000001
2026/10/03 17:36:58.614, 210 MHz, 405 MHz, 12.59 W, 41, 0x0000000000000001
2026/10/03 17:36:58.814, 210 MHz, 405 MHz, 12.59 W, 41, 0x0000000000000001
2026/10/03 17:36:59.014, 210 MHz, 405 MHz, 12.59 W, 41, 0x0000000000000001
2026/10/03 17:36:59.214, 210 MHz, 405 MHz, 11.84 W, 41, 0x0000000000000001
2026/10/03 17:36:59.414, 210 MHz, 405 MHz, 11.84 W, 41, 0x0000000000000001
2026/10/03 17:36:59.615, 210 MHz, 405 MHz, 12.39 W, 41, 0x0000000000000001
2026/10/03 17:36:59.815, 210 MHz, 405 MHz, 12.39 W, 41, 0x0000000000000001
2026/10/03 17:37:00.015, 210 MHz, 405 MHz, 12.39 W, 41, 0x0000000000000001
2026/10/03 17:37:00.215, 210 MHz, 405 MHz, 12.52 W, 41, 0x0000000000000001
2026/10/03 17:37:00.415, 210 MHz, 405 MHz, 12.52 W, 41, 0x0000000000000001
2026/10/03 17:37:00.615, 210 MHz, 405 MHz, 12.36 W, 41, 0x0000000000000001
2026/10/03 17:37:00.815, 210 MHz, 405 MHz, 12.36 W, 41, 0x0000000000000001
2026/10/03 17:37:01.015, 210 MHz, 405 MHz, 12.36 W, 41, 0x0000000000000001
2026/10/03 17:37:01.216, 210 MHz, 405 MHz, 12.41 W, 41, 0x0000000000000001
2026/10/03 17:37:01.416, 210 MHz, 405 MHz, 12.41 W, 41, 0x0000000000000001
2026/10/03 17:37:01.616, 210 MHz, 405 MHz, 12.14 W, 41, 0x0000000000000001
2026/10/03 17:37:01.816, 210 MHz, 405 MHz, 12.14 W, 41, 0x0000000000000001
2026/10/03 17:37:02.016, 210 MHz, 405 MHz, 12.14 W, 41, 0x0000000000000001
2026/10/03 17:37:02.217, 210 MHz, 405 MHz, 11.98 W, 41, 0x0000000000000001
2026/10/03 17:37:02.417, 210 MHz, 405 MHz, 11.98 W, 41, 0x0000000000000001
2026/10/03 17:37:02.617, 210 MHz, 405 MHz, 12.12 W, 41, 0x0000000000000001
2026/10/03 17:37:02.817, 210 MHz, 405 MHz, 12.12 W, 41, 0x0000000000000001
2026/10/03 17:37:03.017, 210 MHz, 405 MHz, 12.12 W, 41, 0x0000000000000001
2026/10/03 17:37:03.217, 210 MHz, 405 MHz, 11.85 W, 41, 0x0000000000000001
2026/10/03 17:37:03.417, 210 MHz, 405 MHz, 11.85 W, 41, 0x0000000000000001
2026/10/03 17:37:03.617, 210 MHz, 405 MHz, 11.93 W, 41, 0x0000000000000001
2026/10/03 17:37:03.818, 210 MHz, 405 MHz, 11.93 W, 41, 0x0000000000000001
2026/10/03 17:37:04.018, 210 MHz, 405 MHz, 11.93 W, 41, 0x0000000000000001
2026/10/03 17:37:04.218, 2520 MHz, 10251 MHz, 106.21 W, 45, 0x0000000000000000
2026/10/03 17:37:04.418, 2520 MHz, 10251 MHz, 106.21 W, 45, 0x0000000000000000
2026/10/03 17:37:04.618, 2745 MHz, 10251 MHz, 135.72 W, 51, 0x0000000000000000
2026/10/03 17:37:04.818, 2745 MHz, 10251 MHz, 135.72 W, 51, 0x0000000000000000
2026/10/03 17:37:05.018, 2745 MHz, 10251 MHz, 135.72 W, 51, 0x0000000000000000
2026/10/03 17:37:05.219, 2745 MHz, 10251 MHz, 132.43 W, 51, 0x0000000000000000
2026/10/03 17:37:05.419, 2745 MHz, 10251 MHz, 132.43 W, 51, 0x0000000000000000
2026/10/03 17:37:05.619, 2730 MHz, 10251 MHz, 159.27 W, 56, 0x0000000000000000
2026/10/03 17:37:05.819, 2730 MHz, 10251 MHz, 159.27 W, 56, 0x0000000000000000
2026/10/03 17:37:06.019, 2730 MHz, 10251 MHz, 159.27 W, 56, 0x0000000000000000
2026/10/03 17:37:06.220, 2730 MHz, 10251 MHz, 155.58 W, 56, 0x0000000000000000
2026/10/03 17:37:06.420, 2730 MHz, 10251 MHz, 155.58 W, 56, 0x0000000000000000
2026/10/03 17:37:06.620, 2730 MHz, 10251 MHz, 148.76 W, 55, 0x0000000000000000
2026/10/03 17:37:06.820, 2730 MHz, 10251 MHz, 148.76 W, 55, 0x0000000000000000
2026/10/03 17:37:07.020, 2730 MHz, 10251 MHz, 148.76 W, 55, 0x0000000000000000
2026/10/03 17:37:07.220, 2715 MHz, 10251 MHz, 204.95 W, 60, 0x0000000000000004
2026/10/03 17:37:07.420, 2715 MHz, 10251 MHz, 204.95 W, 60, 0x0000000000000004
2026/10/03 17:37:07.620, 2715 MHz, 10251 MHz, 201.28 W, 63, 0x0000000000000000
2026/10/03 17:37:07.820, 2715 MHz, 10251 MHz, 201.28 W, 63, 0x0000000000000000
2026/10/03 17:37:08.020, 2715 MHz, 10251 MHz, 201.28 W, 63, 0x0000000000000000
2026/10/03 17:37:08.221, 2715 MHz, 10251 MHz, 181.48 W, 63, 0x0000000000000000
2026/10/03 17:37:08.421, 2715 MHz, 10251 MHz, 181.48 W, 63, 0x0000000000000000
2026/10/03 17:37:08.621, 2715 MHz, 10251 MHz, 166.97 W, 60, 0x0000000000000000
2026/10/03 17:37:08.821, 2715 MHz, 10251 MHz, 166.97 W, 60, 0x0000000000000000
2026/10/03 17:37:09.021, 2715 MHz, 10251 MHz, 166.97 W, 60, 0x0000000000000000
2026/10/03 17:37:09.221, 2685 MHz, 10251 MHz, 220.48 W, 70, 0x0000000000000004
2026/10/03 17:37:09.421, 2685 MHz, 10251 MHz, 220.48 W, 70, 0x0000000000000004
2026/10/03 17:37:09.622, 2655 MHz, 10251 MHz, 214.39 W, 69, 0x0000000000000004
2026/10/03 17:37:09.822, 2655 MHz, 10251 MHz, 214.39 W, 69, 0x0000000000000004
2026/10/03 17:37:10.022, 2655 MHz, 10251 MHz, 214.39 W, 69, 0x0000000000000004
2026/10/03 17:37:10.222, 2670 MHz, 10251 MHz, 222.70 W, 69, 0x0000000000000004
2026/10/03 17:37:10.422, 2670 MHz, 10251 MHz, 222.70 W, 69, 0x0000000000000004
2026/10/03 17:37:10.622, 2730 MHz, 10251 MHz, 49.45 W, 55, 0x0000000000000000
2026/10/03 17:37:10.823, 2730 MHz, 10251 MHz, 49.45 W, 55, 0x0000000000000000
2026/10/03 17:37:11.023, 2730 MHz, 10251 MHz, 49.45 W, 55, 0x0000000000000000
2026/10/03 17:37:11.223, 2730 MHz, 10501 MHz, 46.61 W, 50, 0x0000000000000000
2026/10/03 17:37:11.423, 2730 MHz, 10501 MHz, 46.61 W, 50, 0x0000000000000000
2026/10/03 17:37:11.623, 2730 MHz, 10501 MHz, 46.66 W, 49, 0x0000000000000000
2026/10/03 17:37:11.823, 2730 MHz, 10501 MHz, 46.66 W, 49, 0x0000000000000000
2026/10/03 17:37:12.023, 2730 MHz, 10501 MHz, 46.66 W, 49, 0x0000000000000000
2026/10/03 17:37:12.223, 2730 MHz, 10501 MHz, 46.64 W, 49, 0x0000000000000000
2026/10/03 17:37:12.424, 2730 MHz, 10501 MHz, 46.64 W, 49, 0x0000000000000000
2026/10/03 17:37:12.624, 630 MHz, 5001 MHz, 23.06 W, 47, 0x0000000000000001
2026/10/03 17:37:12.824, 630 MHz, 5001 MHz, 23.06 W, 47, 0x0000000000000001
2026/10/03 17:37:13.024, 630 MHz, 5001 MHz, 23.06 W, 47, 0x0000000000000001
2026/10/03 17:37:13.224, 540 MHz, 5001 MHz, 22.98 W, 47, 0x0000000000000001
2026/10/03 17:37:13.424, 540 MHz, 5001 MHz, 22.98 W, 47, 0x0000000000000001
2026/10/03 17:37:13.624, 420 MHz, 5001 MHz, 23.81 W, 46, 0x0000000000000001
2026/10/03 17:37:13.824, 420 MHz, 5001 MHz, 23.81 W, 46, 0x0000000000000001
2026/10/03 17:37:14.024, 420 MHz, 5001 MHz, 23.81 W, 46, 0x0000000000000001
2026/10/03 17:37:14.225, 360 MHz, 5001 MHz, 22.74 W, 46, 0x0000000000000001
2026/10/03 17:37:14.425, 360 MHz, 5001 MHz, 22.74 W, 46, 0x0000000000000001
2026/10/03 17:37:14.625, 285 MHz, 5001 MHz, 23.35 W, 46, 0x0000000000000001
2026/10/03 17:37:14.825, 285 MHz, 5001 MHz, 23.35 W, 46, 0x0000000000000001
2026/10/03 17:37:15.025, 285 MHz, 5001 MHz, 23.35 W, 46, 0x0000000000000001
2026/10/03 17:37:15.225, 255 MHz, 5001 MHz, 22.89 W, 45, 0x0000000000000001
2026/10/03 17:37:15.425, 255 MHz, 5001 MHz, 22.89 W, 45, 0x0000000000000001
2026/10/03 17:37:15.625, 210 MHz, 5001 MHz, 23.39 W, 45, 0x0000000000000001
2026/10/03 17:37:15.825, 210 MHz, 5001 MHz, 23.39 W, 45, 0x0000000000000001
2026/10/03 17:37:16.026, 210 MHz, 5001 MHz, 23.39 W, 45, 0x0000000000000001
2026/10/03 17:37:16.226, 210 MHz, 5001 MHz, 22.88 W, 45, 0x0000000000000001
2026/10/03 17:37:16.426, 210 MHz, 5001 MHz, 22.88 W, 45, 0x0000000000000001
2026/10/03 17:37:16.626, 210 MHz, 5001 MHz, 22.67 W, 45, 0x0000000000000001
2026/10/03 17:37:16.826, 210 MHz, 5001 MHz, 22.67 W, 45, 0x0000000000000001
2026/10/03 17:37:17.026, 210 MHz, 5001 MHz, 22.67 W, 45, 0x0000000000000001
2026/10/03 17:37:17.226, 210 MHz, 810 MHz, 19.69 W, 45, 0x0000000000000001
2026/10/03 17:37:17.426, 210 MHz, 810 MHz, 19.69 W, 45, 0x0000000000000001
2026/10/03 17:37:17.627, 210 MHz, 810 MHz, 19.95 W, 45, 0x0000000000000001
2026/10/03 17:37:17.827, 210 MHz, 810 MHz, 19.95 W, 45, 0x0000000000000001
2026/10/03 17:37:18.027, 210 MHz, 810 MHz, 19.95 W, 45, 0x0000000000000001
2026/10/03 17:37:18.227, 210 MHz, 810 MHz, 19.49 W, 44, 0x0000000000000001
2026/10/03 17:37:18.427, 210 MHz, 810 MHz, 19.49 W, 44, 0x0000000000000001
2026/10/03 17:37:18.627, 210 MHz, 405 MHz, 19.44 W, 44, 0x0000000000000001
2026/10/03 17:37:18.828, 210 MHz, 405 MHz, 19.44 W, 44, 0x0000000000000001
2026/10/03 17:37:19.028, 210 MHz, 405 MHz, 19.44 W, 44, 0x0000000000000001
2026/10/03 17:37:19.228, 210 MHz, 405 MHz, 12.08 W, 44, 0x0000000000000001
2026/10/03 17:37:19.429, 210 MHz, 405 MHz, 12.08 W, 44, 0x0000000000000001
2026/10/03 17:37:19.629, 210 MHz, 405 MHz, 12.19 W, 44, 0x0000000000000001
2026/10/03 17:37:19.829, 210 MHz, 405 MHz, 12.19 W, 44, 0x0000000000000001
2026/10/03 17:37:20.029, 210 MHz, 405 MHz, 12.19 W, 44, 0x0000000000000001
2026/10/03 17:37:20.229, 210 MHz, 405 MHz, 12.68 W, 44, 0x0000000000000001
2026/10/03 17:37:20.429, 210 MHz, 405 MHz, 12.68 W, 44, 0x0000000000000001
2026/10/03 17:37:20.630, 210 MHz, 405 MHz, 12.14 W, 43, 0x0000000000000001
2026/10/03 17:37:20.830, 210 MHz, 405 MHz, 12.14 W, 43, 0x0000000000000001
2026/10/03 17:37:21.030, 210 MHz, 405 MHz, 12.14 W, 43, 0x0000000000000001
2026/10/03 17:37:21.230, 210 MHz, 405 MHz, 11.99 W, 43, 0x0000000000000001
2026/10/03 17:37:21.430, 210 MHz, 405 MHz, 11.99 W, 43, 0x0000000000000001
2026/10/03 17:37:21.630, 210 MHz, 405 MHz, 12.53 W, 43, 0x0000000000000001
2026/10/03 17:37:21.830, 210 MHz, 405 MHz, 12.53 W, 43, 0x0000000000000001
2026/10/03 17:37:22.031, 210 MHz, 405 MHz, 12.53 W, 43, 0x0000000000000001
2026/10/03 17:37:22.231, 210 MHz, 405 MHz, 12.01 W, 43, 0x0000000000000001
2026/10/03 17:37:22.431, 210 MHz, 405 MHz, 12.01 W, 43, 0x0000000000000001
2026/10/03 17:37:22.631, 210 MHz, 405 MHz, 12.03 W, 43, 0x0000000000000001
2026/10/03 17:37:22.831, 210 MHz, 405 MHz, 12.03 W, 43, 0x0000000000000001
2026/10/03 17:37:23.031, 210 MHz, 405 MHz, 12.03 W, 43, 0x0000000000000001
2026/10/03 17:37:23.231, 210 MHz, 405 MHz, 11.90 W, 43, 0x0000000000000001
2026/10/03 17:37:23.431, 210 MHz, 405 MHz, 11.90 W, 43, 0x0000000000000001
2026/10/03 17:37:23.632, 210 MHz, 405 MHz, 12.21 W, 43, 0x0000000000000001
2026/10/03 17:37:23.832, 210 MHz, 405 MHz, 12.21 W, 43, 0x0000000000000001
2026/10/03 17:37:24.032, 210 MHz, 405 MHz, 12.21 W, 43, 0x0000000000000001
2026/10/03 17:37:24.232, 210 MHz, 405 MHz, 12.01 W, 43, 0x0000000000000001
2026/10/03 17:37:24.432, 210 MHz, 405 MHz, 12.01 W, 43, 0x0000000000000001
2026/10/03 17:37:24.632, 210 MHz, 405 MHz, 12.22 W, 42, 0x0000000000000001
2026/10/03 17:37:24.832, 210 MHz, 405 MHz, 12.22 W, 42, 0x0000000000000001
2026/10/03 17:37:25.033, 210 MHz, 405 MHz, 12.22 W, 42, 0x0000000000000001
2026/10/03 17:37:25.233, 210 MHz, 405 MHz, 12.18 W, 42, 0x0000000000000001
2026/10/03 17:37:25.433, 210 MHz, 405 MHz, 12.18 W, 42, 0x0000000000000001
2026/10/03 17:37:25.633, 210 MHz, 405 MHz, 12.02 W, 42, 0x0000000000000001
2026/10/03 17:37:25.833, 210 MHz, 405 MHz, 12.02 W, 42, 0x0000000000000001
2026/10/03 17:37:26.033, 210 MHz, 405 MHz, 12.02 W, 42, 0x0000000000000001
2026/10/03 17:37:26.233, 210 MHz, 405 MHz, 12.11 W, 42, 0x0000000000000001
2026/10/03 17:37:26.433, 210 MHz, 405 MHz, 12.11 W, 42, 0x0000000000000001
2026/10/03 17:37:26.634, 210 MHz, 405 MHz, 12.15 W, 42, 0x0000000000000001
2026/10/03 17:37:26.834, 210 MHz, 405 MHz, 12.15 W, 42, 0x0000000000000001
2026/10/03 17:37:27.034, 210 MHz, 405 MHz, 12.15 W, 42, 0x0000000000000001
2026/10/03 17:37:27.234, 210 MHz, 405 MHz, 12.07 W, 42, 0x0000000000000001
2026/10/03 17:37:27.434, 210 MHz, 405 MHz, 12.07 W, 42, 0x0000000000000001
2026/10/03 17:37:27.634, 210 MHz, 405 MHz, 12.16 W, 42, 0x0000000000000001
2026/10/03 17:37:27.834, 210 MHz, 405 MHz, 12.16 W, 42, 0x0000000000000001
2026/10/03 17:37:28.035, 210 MHz, 405 MHz, 12.16 W, 42, 0x0000000000000001
2026/10/03 17:37:28.235, 210 MHz, 405 MHz, 12.08 W, 42, 0x0000000000000001
2026/10/03 17:37:28.435, 210 MHz, 405 MHz, 12.08 W, 42, 0x0000000000000001
2026/10/03 17:37:28.635, 210 MHz, 405 MHz, 12.15 W, 42, 0x0000000000000001
2026/10/03 17:37:28.835, 210 MHz, 405 MHz, 12.15 W, 42, 0x0000000000000001
2026/10/03 17:37:29.036, 210 MHz, 405 MHz, 12.15 W, 42, 0x0000000000000001
2026/10/03 17:37:29.236, 210 MHz, 405 MHz, 12.87 W, 42, 0x0000000000000001
2026/10/03 17:37:29.436, 210 MHz, 405 MHz, 12.87 W, 42, 0x0000000000000001
2026/10/03 17:37:29.636, 210 MHz, 405 MHz, 12.19 W, 42, 0x0000000000000001
2026/10/03 17:37:29.836, 210 MHz, 405 MHz, 12.19 W, 42, 0x0000000000000001
2026/10/03 17:37:30.036, 210 MHz, 405 MHz, 12.19 W, 42, 0x0000000000000001
2026/10/03 17:37:30.237, 210 MHz, 405 MHz, 12.82 W, 42, 0x0000000000000001
2026/10/03 17:37:30.437, 210 MHz, 405 MHz, 12.82 W, 42, 0x0000000000000001
2026/10/03 17:37:30.637, 210 MHz, 405 MHz, 12.04 W, 41, 0x0000000000000001
2026/10/03 17:37:30.837, 210 MHz, 405 MHz, 12.04 W, 41, 0x0000000000000001
2026/10/03 17:37:31.037, 210 MHz, 405 MHz, 12.04 W, 41, 0x0000000000000001
2026/10/03 17:37:31.237, 210 MHz, 405 MHz, 12.22 W, 41, 0x0000000000000001
2026/10/03 17:37:31.437, 210 MHz, 405 MHz, 12.22 W, 41, 0x0000000000000001
2026/10/03 17:37:31.638, 2520 MHz, 10251 MHz, 42.66 W, 43, 0x0000000000000000
2026/10/03 17:37:31.838, 2520 MHz, 10251 MHz, 42.66 W, 43, 0x0000000000000000
2026/10/03 17:37:32.038, 2520 MHz, 10251 MHz, 42.66 W, 43, 0x0000000000000000
2026/10/03 17:37:32.238, 2730 MHz, 10251 MHz, 137.90 W, 49, 0x0000000000000000
2026/10/03 17:37:32.438, 2730 MHz, 10251 MHz, 137.90 W, 49, 0x0000000000000000
2026/10/03 17:37:32.638, 2730 MHz, 10251 MHz, 158.55 W, 53, 0x0000000000000000
2026/10/03 17:37:32.838, 2730 MHz, 10251 MHz, 158.55 W, 53, 0x0000000000000000
2026/10/03 17:37:33.038, 2730 MHz, 10251 MHz, 158.55 W, 53, 0x0000000000000000
2026/10/03 17:37:33.239, 2715 MHz, 10251 MHz, 183.13 W, 58, 0x0000000000000000
2026/10/03 17:37:33.439, 2715 MHz, 10251 MHz, 183.13 W, 58, 0x0000000000000000
2026/10/03 17:37:33.639, 2595 MHz, 10251 MHz, 223.85 W, 66, 0x0000000000000004
2026/10/03 17:37:33.839, 2595 MHz, 10251 MHz, 223.85 W, 66, 0x0000000000000004
2026/10/03 17:37:34.039, 2595 MHz, 10251 MHz, 223.85 W, 66, 0x0000000000000004
2026/10/03 17:37:34.239, 2730 MHz, 10501 MHz, 46.78 W, 48, 0x0000000000000000
2026/10/03 17:37:34.440, 2730 MHz, 10501 MHz, 46.78 W, 48, 0x0000000000000000
2026/10/03 17:37:34.640, 2730 MHz, 10501 MHz, 46.24 W, 46, 0x0000000000000000
2026/10/03 17:37:34.840, 2730 MHz, 10501 MHz, 46.24 W, 46, 0x0000000000000000
2026/10/03 17:37:35.040, 2730 MHz, 10501 MHz, 46.24 W, 46, 0x0000000000000000
2026/10/03 17:37:35.241, 2730 MHz, 10501 MHz, 46.16 W, 45, 0x0000000000000000
2026/10/03 17:37:35.441, 2730 MHz, 10501 MHz, 46.16 W, 45, 0x0000000000000000
2026/10/03 17:37:35.641, 720 MHz, 5001 MHz, 49.10 W, 45, 0x0000000000000000
2026/10/03 17:37:35.841, 720 MHz, 5001 MHz, 49.10 W, 45, 0x0000000000000000
2026/10/03 17:37:36.041, 720 MHz, 5001 MHz, 49.10 W, 45, 0x0000000000000000
2026/10/03 17:37:36.241, 615 MHz, 5001 MHz, 23.66 W, 43, 0x0000000000000001
2026/10/03 17:37:36.441, 615 MHz, 5001 MHz, 23.66 W, 43, 0x0000000000000001
2026/10/03 17:37:36.641, 495 MHz, 5001 MHz, 23.61 W, 43, 0x0000000000000001
2026/10/03 17:37:36.842, 495 MHz, 5001 MHz, 23.61 W, 43, 0x0000000000000001
2026/10/03 17:37:37.042, 495 MHz, 5001 MHz, 23.61 W, 43, 0x0000000000000001
2026/10/03 17:37:37.242, 435 MHz, 5001 MHz, 23.40 W, 43, 0x0000000000000001
2026/10/03 17:37:37.442, 435 MHz, 5001 MHz, 23.40 W, 43, 0x0000000000000001
2026/10/03 17:37:37.642, 345 MHz, 5001 MHz, 22.82 W, 42, 0x0000000000000001
2026/10/03 17:37:37.842, 345 MHz, 5001 MHz, 22.82 W, 42, 0x0000000000000001
2026/10/03 17:37:38.043, 345 MHz, 5001 MHz, 22.82 W, 42, 0x0000000000000001
2026/10/03 17:37:38.243, 300 MHz, 5001 MHz, 22.64 W, 42, 0x0000000000000001
2026/10/03 17:37:38.443, 300 MHz, 5001 MHz, 22.64 W, 42, 0x0000000000000001
2026/10/03 17:37:38.643, 240 MHz, 5001 MHz, 22.63 W, 42, 0x0000000000000001
2026/10/03 17:37:38.843, 240 MHz, 5001 MHz, 22.63 W, 42, 0x0000000000000001
2026/10/03 17:37:39.043, 240 MHz, 5001 MHz, 22.63 W, 42, 0x0000000000000001
2026/10/03 17:37:39.243, 210 MHz, 5001 MHz, 22.57 W, 42, 0x0000000000000001
2026/10/03 17:37:39.444, 210 MHz, 5001 MHz, 22.57 W, 42, 0x0000000000000001
2026/10/03 17:37:39.644, 210 MHz, 810 MHz, 22.78 W, 42, 0x0000000000000001
2026/10/03 17:37:39.844, 210 MHz, 810 MHz, 22.78 W, 42, 0x0000000000000001
2026/10/03 17:37:40.044, 210 MHz, 810 MHz, 22.78 W, 42, 0x0000000000000001
2026/10/03 17:37:40.244, 210 MHz, 810 MHz, 18.69 W, 42, 0x0000000000000001
2026/10/03 17:37:40.444, 210 MHz, 810 MHz, 18.69 W, 42, 0x0000000000000001
2026/10/03 17:37:40.644, 210 MHz, 810 MHz, 19.15 W, 42, 0x0000000000000001
2026/10/03 17:37:40.844, 210 MHz, 810 MHz, 19.15 W, 42, 0x0000000000000001
2026/10/03 17:37:41.044, 210 MHz, 810 MHz, 19.15 W, 42, 0x0000000000000001
2026/10/03 17:37:41.245, 210 MHz, 810 MHz, 20.07 W, 42, 0x0000000000000001
2026/10/03 17:37:41.445, 210 MHz, 810 MHz, 20.07 W, 42, 0x0000000000000001
2026/10/03 17:37:41.645, 210 MHz, 405 MHz, 12.32 W, 41, 0x0000000000000001
2026/10/03 17:37:41.845, 210 MHz, 405 MHz, 12.32 W, 41, 0x0000000000000001
2026/10/03 17:37:42.045, 210 MHz, 405 MHz, 12.32 W, 41, 0x0000000000000001
2026/10/03 17:37:42.246, 210 MHz, 405 MHz, 12.11 W, 41, 0x0000000000000001
2026/10/03 17:37:42.446, 210 MHz, 405 MHz, 12.11 W, 41, 0x0000000000000001
2026/10/03 17:37:42.646, 210 MHz, 405 MHz, 12.20 W, 41, 0x0000000000000001
2026/10/03 17:37:42.847, 210 MHz, 405 MHz, 12.20 W, 41, 0x0000000000000001
2026/10/03 17:37:43.047, 210 MHz, 405 MHz, 12.20 W, 41, 0x0000000000000001
2026/10/03 17:37:43.247, 210 MHz, 405 MHz, 12.14 W, 41, 0x0000000000000001
2026/10/03 17:37:43.447, 210 MHz, 405 MHz, 12.14 W, 41, 0x0000000000000001
2026/10/03 17:37:43.647, 210 MHz, 405 MHz, 12.80 W, 41, 0x0000000000000001
2026/10/03 17:37:43.848, 210 MHz, 405 MHz, 12.80 W, 41, 0x0000000000000001
2026/10/03 17:37:44.048, 210 MHz, 405 MHz, 12.80 W, 41, 0x0000000000000001
2026/10/03 17:37:44.248, 210 MHz, 405 MHz, 12.05 W, 41, 0x0000000000000001
2026/10/03 17:37:44.448, 210 MHz, 405 MHz, 12.05 W, 41, 0x0000000000000001
2026/10/03 17:37:44.648, 210 MHz, 405 MHz, 12.15 W, 41, 0x0000000000000001
2026/10/03 17:37:44.848, 210 MHz, 405 MHz, 12.15 W, 41, 0x0000000000000001
2026/10/03 17:37:45.048, 210 MHz, 405 MHz, 12.15 W, 41, 0x0000000000000001
2026/10/03 17:37:45.248, 210 MHz, 405 MHz, 12.67 W, 41, 0x0000000000000001
2026/10/03 17:37:45.449, 210 MHz, 405 MHz, 12.67 W, 41, 0x0000000000000001
2026/10/03 17:37:45.649, 210 MHz, 405 MHz, 12.11 W, 41, 0x0000000000000001
2026/10/03 17:37:45.849, 210 MHz, 405 MHz, 12.11 W, 41, 0x0000000000000001
2026/10/03 17:37:46.049, 210 MHz, 405 MHz, 11.96 W, 41, 0x0000000000000001
2026/10/03 17:37:46.249, 210 MHz, 405 MHz, 11.96 W, 40, 0x0000000000000001
2026/10/03 17:37:46.449, 210 MHz, 405 MHz, 11.96 W, 40, 0x0000000000000001
2026/10/03 17:37:46.649, 210 MHz, 405 MHz, 12.03 W, 40, 0x0000000000000001
2026/10/03 17:37:46.849, 210 MHz, 405 MHz, 12.03 W, 40, 0x0000000000000001
2026/10/03 17:37:47.050, 210 MHz, 405 MHz, 11.99 W, 40, 0x0000000000000001
2026/10/03 17:37:47.250, 210 MHz, 405 MHz, 11.99 W, 40, 0x0000000000000001
2026/10/03 17:37:47.450, 210 MHz, 405 MHz, 11.99 W, 40, 0x0000000000000001
2026/10/03 17:37:47.650, 210 MHz, 405 MHz, 11.99 W, 40, 0x0000000000000001
2026/10/03 17:37:47.850, 210 MHz, 405 MHz, 11.99 W, 40, 0x0000000000000001
2026/10/03 17:37:48.050, 210 MHz, 405 MHz, 11.93 W, 40, 0x0000000000000001
2026/10/03 17:37:48.250, 210 MHz, 405 MHz, 11.93 W, 40, 0x0000000000000001
2026/10/03 17:37:48.451, 210 MHz, 405 MHz, 11.93 W, 40, 0x0000000000000001
2026/10/03 17:37:48.651, 210 MHz, 405 MHz, 12.07 W, 40, 0x0000000000000001
2026/10/03 17:37:48.851, 210 MHz, 405 MHz, 12.07 W, 40, 0x0000000000000001
2026/10/03 17:37:49.051, 210 MHz, 405 MHz, 12.05 W, 40, 0x0000000000000001
2026/10/03 17:37:49.251, 210 MHz, 405 MHz, 12.05 W, 40, 0x0000000000000001
2026/10/03 17:37:49.451, 210 MHz, 405 MHz, 12.05 W, 40, 0x0000000000000001
2026/10/03 17:37:49.652, 210 MHz, 405 MHz, 12.14 W, 40, 0x0000000000000001
2026/10/03 17:37:49.852, 210 MHz, 405 MHz, 12.14 W, 40, 0x0000000000000001
2026/10/03 17:37:50.052, 210 MHz, 405 MHz, 12.05 W, 40, 0x0000000000000001
2026/10/03 17:37:50.252, 210 MHz, 405 MHz, 12.05 W, 40, 0x0000000000000001
2026/10/03 17:37:50.452, 210 MHz, 405 MHz, 12.05 W, 40, 0x0000000000000001
2026/10/03 17:37:50.652, 210 MHz, 405 MHz, 11.97 W, 40, 0x0000000000000001
2026/10/03 17:37:50.853, 210 MHz, 405 MHz, 11.97 W, 40, 0x0000000000000001
2026/10/03 17:37:51.053, 210 MHz, 405 MHz, 11.93 W, 40, 0x0000000000000001
2026/10/03 17:37:51.253, 210 MHz, 405 MHz, 11.93 W, 40, 0x0000000000000001
2026/10/03 17:37:51.453, 210 MHz, 405 MHz, 11.93 W, 40, 0x0000000000000001
2026/10/03 17:37:51.653, 210 MHz, 405 MHz, 11.86 W, 40, 0x0000000000000001
2026/10/03 17:37:51.854, 210 MHz, 405 MHz, 11.86 W, 40, 0x0000000000000001
2026/10/03 17:37:52.054, 210 MHz, 405 MHz, 11.83 W, 40, 0x0000000000000001
2026/10/03 17:37:52.254, 210 MHz, 405 MHz, 11.83 W, 40, 0x0000000000000001
2026/10/03 17:37:52.454, 210 MHz, 405 MHz, 11.83 W, 40, 0x0000000000000001
2026/10/03 17:37:52.654, 210 MHz, 405 MHz, 11.95 W, 40, 0x0000000000000001
2026/10/03 17:37:52.854, 210 MHz, 405 MHz, 11.95 W, 40, 0x0000000000000001
2026/10/03 17:37:53.055, 210 MHz, 405 MHz, 11.77 W, 40, 0x0000000000000001
2026/10/03 17:37:53.255, 210 MHz, 405 MHz, 11.77 W, 40, 0x0000000000000001
2026/10/03 17:37:53.455, 210 MHz, 405 MHz, 11.77 W, 40, 0x0000000000000001
2026/10/03 17:37:53.655, 210 MHz, 405 MHz, 11.90 W, 40, 0x0000000000000001
2026/10/03 17:37:53.856, 210 MHz, 405 MHz, 11.90 W, 40, 0x0000000000000001
2026/10/03 17:37:54.056, 210 MHz, 405 MHz, 11.85 W, 39, 0x0000000000000001
2026/10/03 17:37:54.256, 210 MHz, 405 MHz, 11.85 W, 39, 0x0000000000000001
2026/10/03 17:37:54.456, 210 MHz, 405 MHz, 11.85 W, 39, 0x0000000000000001
2026/10/03 17:37:54.656, 210 MHz, 405 MHz, 11.98 W, 40, 0x0000000000000001
2026/10/03 17:37:54.856, 210 MHz, 405 MHz, 11.98 W, 40, 0x0000000000000001
2026/10/03 17:37:55.057, 2520 MHz, 10251 MHz, 35.69 W, 42, 0x0000000000000000
2026/10/03 17:37:55.257, 2520 MHz, 10251 MHz, 35.69 W, 42, 0x0000000000000000
2026/10/03 17:37:55.457, 2520 MHz, 10251 MHz, 35.69 W, 42, 0x0000000000000000
2026/10/03 17:37:55.657, 2730 MHz, 10251 MHz, 156.35 W, 50, 0x0000000000000000
2026/10/03 17:37:55.857, 2730 MHz, 10251 MHz, 156.35 W, 50, 0x0000000000000000
2026/10/03 17:37:56.057, 2730 MHz, 10251 MHz, 188.57 W, 57, 0x0000000000000000
2026/10/03 17:37:56.257, 2730 MHz, 10251 MHz, 188.57 W, 57, 0x0000000000000000
2026/10/03 17:37:56.457, 2730 MHz, 10251 MHz, 188.57 W, 57, 0x0000000000000000
2026/10/03 17:37:56.658, 2715 MHz, 10251 MHz, 203.14 W, 63, 0x0000000000000000
2026/10/03 17:37:56.858, 2715 MHz, 10251 MHz, 203.14 W, 63, 0x0000000000000000
2026/10/03 17:37:57.058, 2730 MHz, 10251 MHz, 48.21 W, 48, 0x0000000000000000
2026/10/03 17:37:57.258, 2730 MHz, 10251 MHz, 48.21 W, 48, 0x0000000000000000
2026/10/03 17:37:57.458, 2730 MHz, 10251 MHz, 48.21 W, 48, 0x0000000000000000
2026/10/03 17:37:57.658, 2745 MHz, 10501 MHz, 46.13 W, 45, 0x0000000000000000
2026/10/03 17:37:57.859, 2745 MHz, 10501 MHz, 46.13 W, 45, 0x0000000000000000
2026/10/03 17:37:58.059, 2745 MHz, 10501 MHz, 45.70 W, 44, 0x0000000000000000
2026/10/03 17:37:58.259, 2745 MHz, 10501 MHz, 45.70 W, 44, 0x0000000000000000
2026/10/03 17:37:58.459, 2745 MHz, 10501 MHz, 45.70 W, 44, 0x0000000000000000
2026/10/03 17:37:58.659, 2745 MHz, 10501 MHz, 45.80 W, 44, 0x0000000000000000
2026/10/03 17:37:58.859, 2745 MHz, 10501 MHz, 45.80 W, 44, 0x0000000000000000
2026/10/03 17:37:59.059, 615 MHz, 5001 MHz, 22.84 W, 42, 0x0000000000000001
2026/10/03 17:37:59.260, 615 MHz, 5001 MHz, 22.84 W, 42, 0x0000000000000001
2026/10/03 17:37:59.460, 615 MHz, 5001 MHz, 22.84 W, 42, 0x0000000000000001
2026/10/03 17:37:59.660, 480 MHz, 5001 MHz, 22.75 W, 42, 0x0000000000000001
2026/10/03 17:37:59.860, 480 MHz, 5001 MHz, 22.75 W, 42, 0x0000000000000001
2026/10/03 17:38:00.060, 405 MHz, 5001 MHz, 22.66 W, 42, 0x0000000000000001
2026/10/03 17:38:00.261, 405 MHz, 5001 MHz, 22.66 W, 42, 0x0000000000000001
2026/10/03 17:38:00.461, 405 MHz, 5001 MHz, 22.66 W, 42, 0x0000000000000001
2026/10/03 17:38:00.661, 330 MHz, 5001 MHz, 22.64 W, 42, 0x0000000000000001
2026/10/03 17:38:00.861, 330 MHz, 5001 MHz, 22.64 W, 42, 0x0000000000000001
2026/10/03 17:38:01.061, 270 MHz, 5001 MHz, 22.59 W, 42, 0x0000000000000001
2026/10/03 17:38:01.262, 270 MHz, 5001 MHz, 22.59 W, 42, 0x0000000000000001
2026/10/03 17:38:01.462, 270 MHz, 5001 MHz, 22.59 W, 42, 0x0000000000000001
2026/10/03 17:38:01.662, 225 MHz, 810 MHz, 18.73 W, 42, 0x0000000000000001
2026/10/03 17:38:01.862, 225 MHz, 810 MHz, 18.73 W, 42, 0x0000000000000001
2026/10/03 17:38:02.062, 210 MHz, 810 MHz, 18.28 W, 41, 0x0000000000000001
2026/10/03 17:38:02.263, 210 MHz, 810 MHz, 18.28 W, 41, 0x0000000000000001
2026/10/03 17:38:02.463, 210 MHz, 810 MHz, 18.28 W, 41, 0x0000000000000001
2026/10/03 17:38:02.663, 210 MHz, 810 MHz, 18.90 W, 41, 0x0000000000000001
2026/10/03 17:38:02.863, 210 MHz, 810 MHz, 18.90 W, 41, 0x0000000000000001
2026/10/03 17:38:03.063, 210 MHz, 405 MHz, 12.85 W, 41, 0x0000000000000001
2026/10/03 17:38:03.263, 210 MHz, 405 MHz, 12.85 W, 41, 0x0000000000000001
2026/10/03 17:38:03.464, 210 MHz, 405 MHz, 12.85 W, 41, 0x0000000000000001
2026/10/03 17:38:03.664, 210 MHz, 405 MHz, 11.98 W, 41, 0x0000000000000001
2026/10/03 17:38:03.864, 210 MHz, 405 MHz, 11.98 W, 41, 0x0000000000000001
2026/10/03 17:38:04.064, 210 MHz, 405 MHz, 11.94 W, 41, 0x0000000000000001
2026/10/03 17:38:04.264, 210 MHz, 405 MHz, 11.94 W, 41, 0x0000000000000001
2026/10/03 17:38:04.464, 210 MHz, 405 MHz, 11.94 W, 41, 0x0000000000000001
2026/10/03 17:38:04.664, 210 MHz, 405 MHz, 11.98 W, 41, 0x0000000000000001
2026/10/03 17:38:04.865, 210 MHz, 405 MHz, 11.98 W, 41, 0x0000000000000001
2026/10/03 17:38:05.065, 210 MHz, 405 MHz, 11.89 W, 41, 0x0000000000000001
2026/10/03 17:38:05.265, 210 MHz, 405 MHz, 11.89 W, 41, 0x0000000000000001
2026/10/03 17:38:05.465, 210 MHz, 405 MHz, 11.89 W, 41, 0x0000000000000001
2026/10/03 17:38:05.665, 210 MHz, 405 MHz, 12.34 W, 41, 0x0000000000000001
2026/10/03 17:38:05.866, 210 MHz, 405 MHz, 12.34 W, 41, 0x0000000000000001
2026/10/03 17:38:06.066, 210 MHz, 405 MHz, 12.44 W, 41, 0x0000000000000001
2026/10/03 17:38:06.266, 210 MHz, 405 MHz, 12.44 W, 41, 0x0000000000000001
2026/10/03 17:38:06.466, 210 MHz, 405 MHz, 12.44 W, 41, 0x0000000000000001
2026/10/03 17:38:06.666, 210 MHz, 405 MHz, 12.65 W, 41, 0x0000000000000001
2026/10/03 17:38:06.866, 210 MHz, 405 MHz, 12.65 W, 41, 0x0000000000000001
2026/10/03 17:38:07.066, 210 MHz, 405 MHz, 12.30 W, 41, 0x0000000000000001
2026/10/03 17:38:07.266, 210 MHz, 405 MHz, 12.30 W, 41, 0x0000000000000001
2026/10/03 17:38:07.467, 210 MHz, 405 MHz, 12.30 W, 41, 0x0000000000000001
2026/10/03 17:38:07.667, 210 MHz, 405 MHz, 11.99 W, 41, 0x0000000000000001
2026/10/03 17:38:07.867, 210 MHz, 405 MHz, 11.99 W, 41, 0x0000000000000001
2026/10/03 17:38:08.067, 210 MHz, 405 MHz, 12.00 W, 41, 0x0000000000000001
2026/10/03 17:38:08.267, 210 MHz, 405 MHz, 12.00 W, 41, 0x0000000000000001
2026/10/03 17:38:08.467, 210 MHz, 405 MHz, 12.00 W, 41, 0x0000000000000001
2026/10/03 17:38:08.667, 210 MHz, 405 MHz, 12.06 W, 41, 0x0000000000000001
2026/10/03 17:38:08.868, 210 MHz, 405 MHz, 12.06 W, 41, 0x0000000000000001
2026/10/03 17:38:09.068, 210 MHz, 405 MHz, 12.44 W, 41, 0x0000000000000001
2026/10/03 17:38:09.268, 210 MHz, 405 MHz, 12.44 W, 41, 0x0000000000000001
2026/10/03 17:38:09.468, 210 MHz, 405 MHz, 12.44 W, 41, 0x0000000000000001
2026/10/03 17:38:09.668, 210 MHz, 405 MHz, 11.89 W, 41, 0x0000000000000001
2026/10/03 17:38:09.868, 210 MHz, 405 MHz, 11.89 W, 41, 0x0000000000000001
2026/10/03 17:38:10.068, 210 MHz, 405 MHz, 12.62 W, 41, 0x0000000000000001
2026/10/03 17:38:10.268, 210 MHz, 405 MHz, 12.62 W, 41, 0x0000000000000001
2026/10/03 17:38:10.469, 210 MHz, 405 MHz, 12.62 W, 41, 0x0000000000000001
2026/10/03 17:38:10.669, 210 MHz, 405 MHz, 12.65 W, 41, 0x0000000000000001
2026/10/03 17:38:10.869, 210 MHz, 405 MHz, 12.65 W, 41, 0x0000000000000001
2026/10/03 17:38:11.069, 210 MHz, 405 MHz, 11.87 W, 41, 0x0000000000000001
2026/10/03 17:38:11.269, 210 MHz, 405 MHz, 11.87 W, 41, 0x0000000000000001
2026/10/03 17:38:11.469, 210 MHz, 405 MHz, 11.87 W, 41, 0x0000000000000001
2026/10/03 17:38:11.669, 210 MHz, 405 MHz, 12.66 W, 41, 0x0000000000000001
2026/10/03 17:38:11.869, 210 MHz, 405 MHz, 12.66 W, 41, 0x0000000000000001
2026/10/03 17:38:12.070, 210 MHz, 405 MHz, 12.10 W, 41, 0x0000000000000001
2026/10/03 17:38:12.270, 210 MHz, 405 MHz, 12.10 W, 41, 0x0000000000000001
2026/10/03 17:38:12.470, 210 MHz, 405 MHz, 12.10 W, 41, 0x0000000000000001
2026/10/03 17:38:12.670, 210 MHz, 405 MHz, 12.46 W, 41, 0x0000000000000001
2026/10/03 17:38:12.870, 210 MHz, 405 MHz, 12.46 W, 41, 0x0000000000000001
2026/10/03 17:38:13.070, 210 MHz, 405 MHz, 11.96 W, 41, 0x0000000000000001
2026/10/03 17:38:13.270, 210 MHz, 405 MHz, 11.96 W, 41, 0x0000000000000001
2026/10/03 17:38:13.471, 210 MHz, 405 MHz, 11.96 W, 41, 0x0000000000000001
2026/10/03 17:38:13.671, 210 MHz, 405 MHz, 12.59 W, 41, 0x0000000000000001
2026/10/03 17:38:13.871, 210 MHz, 405 MHz, 12.59 W, 41, 0x0000000000000001
2026/10/03 17:38:14.071, 210 MHz, 405 MHz, 12.57 W, 41, 0x0000000000000001
2026/10/03 17:38:14.271, 210 MHz, 405 MHz, 12.57 W, 41, 0x0000000000000001
2026/10/03 17:38:14.471, 210 MHz, 405 MHz, 12.57 W, 41, 0x0000000000000001
2026/10/03 17:38:14.671, 210 MHz, 405 MHz, 12.85 W, 41, 0x0000000000000001
2026/10/03 17:38:14.871, 210 MHz, 405 MHz, 12.85 W, 41, 0x0000000000000001
2026/10/03 17:38:15.072, 210 MHz, 405 MHz, 12.67 W, 41, 0x0000000000000001
2026/10/03 17:38:15.272, 210 MHz, 405 MHz, 12.67 W, 41, 0x0000000000000001
2026/10/03 17:38:15.472, 210 MHz, 405 MHz, 12.67 W, 41, 0x0000000000000001
2026/10/03 17:38:15.672, 210 MHz, 405 MHz, 12.18 W, 41, 0x0000000000000001
2026/10/03 17:38:15.872, 210 MHz, 405 MHz, 12.18 W, 41, 0x0000000000000001
2026/10/03 17:38:16.072, 210 MHz, 405 MHz, 12.50 W, 41, 0x0000000000000001
2026/10/03 17:38:16.272, 210 MHz, 405 MHz, 12.50 W, 41, 0x0000000000000001
2026/10/03 17:38:16.472, 210 MHz, 405 MHz, 12.50 W, 41, 0x0000000000000001
2026/10/03 17:38:16.673, 210 MHz, 405 MHz, 12.83 W, 41, 0x0000000000000001
2026/10/03 17:38:16.873, 210 MHz, 405 MHz, 12.83 W, 41, 0x0000000000000001
2026/10/03 17:38:17.073, 210 MHz, 405 MHz, 11.90 W, 41, 0x0000000000000001
2026/10/03 17:38:17.273, 210 MHz, 405 MHz, 11.90 W, 41, 0x0000000000000001
2026/10/03 17:38:17.473, 210 MHz, 405 MHz, 11.90 W, 41, 0x0000000000000001
2026/10/03 17:38:17.673, 210 MHz, 405 MHz, 12.09 W, 41, 0x0000000000000001
2026/10/03 17:38:17.874, 210 MHz, 405 MHz, 12.09 W, 41, 0x0000000000000001
2026/10/03 17:38:18.074, 2520 MHz, 10251 MHz, 39.71 W, 42, 0x0000000000000000
2026/10/03 17:38:18.274, 2520 MHz, 10251 MHz, 39.71 W, 42, 0x0000000000000000
2026/10/03 17:38:18.474, 2520 MHz, 10251 MHz, 39.71 W, 42, 0x0000000000000000
2026/10/03 17:38:18.674, 2730 MHz, 10251 MHz, 137.73 W, 50, 0x0000000000000000
2026/10/03 17:38:18.874, 2730 MHz, 10251 MHz, 137.73 W, 50, 0x0000000000000000
2026/10/03 17:38:19.074, 2730 MHz, 10251 MHz, 138.41 W, 52, 0x0000000000000000
2026/10/03 17:38:19.275, 2730 MHz, 10251 MHz, 138.41 W, 52, 0x0000000000000000
2026/10/03 17:38:19.475, 2730 MHz, 10251 MHz, 138.41 W, 52, 0x0000000000000000
2026/10/03 17:38:19.675, 2730 MHz, 10251 MHz, 155.49 W, 55, 0x0000000000000000
2026/10/03 17:38:19.875, 2730 MHz, 10251 MHz, 155.49 W, 55, 0x0000000000000000
2026/10/03 17:38:20.075, 2730 MHz, 10251 MHz, 155.02 W, 55, 0x0000000000000000
2026/10/03 17:38:20.275, 2730 MHz, 10251 MHz, 155.02 W, 55, 0x0000000000000000
2026/10/03 17:38:20.475, 2730 MHz, 10251 MHz, 155.02 W, 55, 0x0000000000000000
2026/10/03 17:38:20.675, 2730 MHz, 10251 MHz, 162.23 W, 57, 0x0000000000000000
2026/10/03 17:38:20.875, 2730 MHz, 10251 MHz, 162.23 W, 57, 0x0000000000000000
2026/10/03 17:38:21.076, 2715 MHz, 10251 MHz, 210.15 W, 63, 0x0000000000000004
2026/10/03 17:38:21.276, 2715 MHz, 10251 MHz, 210.15 W, 63, 0x0000000000000004
2026/10/03 17:38:21.476, 2715 MHz, 10251 MHz, 210.15 W, 63, 0x0000000000000004
2026/10/03 17:38:21.676, 2715 MHz, 10251 MHz, 200.52 W, 64, 0x0000000000000000
2026/10/03 17:38:21.876, 2715 MHz, 10251 MHz, 200.52 W, 64, 0x0000000000000000
2026/10/03 17:38:22.076, 2715 MHz, 10251 MHz, 206.35 W, 65, 0x0000000000000000
2026/10/03 17:38:22.276, 2715 MHz, 10251 MHz, 206.35 W, 65, 0x0000000000000000
2026/10/03 17:38:22.476, 2715 MHz, 10251 MHz, 206.35 W, 65, 0x0000000000000000
2026/10/03 17:38:22.677, 2640 MHz, 10251 MHz, 219.62 W, 70, 0x0000000000000004
2026/10/03 17:38:22.877, 2640 MHz, 10251 MHz, 219.62 W, 70, 0x0000000000000004
2026/10/03 17:38:23.077, 2625 MHz, 10251 MHz, 225.04 W, 68, 0x0000000000000004
2026/10/03 17:38:23.277, 2625 MHz, 10251 MHz, 225.04 W, 68, 0x0000000000000004
2026/10/03 17:38:23.477, 2625 MHz, 10251 MHz, 225.04 W, 68, 0x0000000000000004
2026/10/03 17:38:23.677, 2595 MHz, 10251 MHz, 210.41 W, 71, 0x0000000000000004
2026/10/03 17:38:23.877, 2595 MHz, 10251 MHz, 210.41 W, 71, 0x0000000000000004
2026/10/03 17:38:24.078, 2730 MHz, 10501 MHz, 52.12 W, 53, 0x0000000000000000
2026/10/03 17:38:24.278, 2730 MHz, 10501 MHz, 52.12 W, 53, 0x0000000000000000
2026/10/03 17:38:24.478, 2730 MHz, 10501 MHz, 52.12 W, 53, 0x0000000000000000
2026/10/03 17:38:24.678, 2730 MHz, 10501 MHz, 47.14 W, 50, 0x0000000000000000
2026/10/03 17:38:24.878, 2730 MHz, 10501 MHz, 47.14 W, 50, 0x0000000000000000
2026/10/03 17:38:25.078, 2730 MHz, 10501 MHz, 46.74 W, 49, 0x0000000000000000
2026/10/03 17:38:25.278, 2730 MHz, 10501 MHz, 46.74 W, 49, 0x0000000000000000
2026/10/03 17:38:25.478, 2730 MHz, 10501 MHz, 46.74 W, 49, 0x0000000000000000
2026/10/03 17:38:25.679, 810 MHz, 5001 MHz, 46.91 W, 48, 0x0000000000000000
2026/10/03 17:38:25.879, 810 MHz, 5001 MHz, 46.91 W, 48, 0x0000000000000000
2026/10/03 17:38:26.079, 690 MHz, 5001 MHz, 23.15 W, 46, 0x0000000000000001
2026/10/03 17:38:26.279, 690 MHz, 5001 MHz, 23.15 W, 46, 0x0000000000000001
2026/10/03 17:38:26.479, 690 MHz, 5001 MHz, 23.15 W, 46, 0x0000000000000001
2026/10/03 17:38:26.679, 540 MHz, 5001 MHz, 24.11 W, 46, 0x0000000000000001
2026/10/03 17:38:26.879, 540 MHz, 5001 MHz, 24.11 W, 46, 0x0000000000000001
2026/10/03 17:38:27.080, 480 MHz, 5001 MHz, 23.91 W, 46, 0x0000000000000001
2026/10/03 17:38:27.280, 480 MHz, 5001 MHz, 23.91 W, 46, 0x0000000000000001
2026/10/03 17:38:27.480, 480 MHz, 5001 MHz, 23.91 W, 46, 0x0000000000000001
2026/10/03 17:38:27.680, 390 MHz, 5001 MHz, 23.81 W, 46, 0x0000000000000001
2026/10/03 17:38:27.880, 390 MHz, 5001 MHz, 23.81 W, 46, 0x0000000000000001
2026/10/03 17:38:28.080, 345 MHz, 5001 MHz, 22.91 W, 45, 0x0000000000000001
2026/10/03 17:38:28.280, 345 MHz, 5001 MHz, 22.91 W, 45, 0x0000000000000001
2026/10/03 17:38:28.480, 345 MHz, 5001 MHz, 22.91 W, 45, 0x0000000000000001
2026/10/03 17:38:28.681, 285 MHz, 5001 MHz, 23.64 W, 45, 0x0000000000000001
2026/10/03 17:38:28.881, 285 MHz, 5001 MHz, 23.64 W, 45, 0x0000000000000001
2026/10/03 17:38:29.081, 240 MHz, 5001 MHz, 22.84 W, 45, 0x0000000000000001
2026/10/03 17:38:29.281, 240 MHz, 5001 MHz, 22.84 W, 45, 0x0000000000000001
2026/10/03 17:38:29.481, 240 MHz, 5001 MHz, 22.84 W, 45, 0x0000000000000001
2026/10/03 17:38:29.681, 210 MHz, 5001 MHz, 23.57 W, 45, 0x0000000000000001
2026/10/03 17:38:29.881, 210 MHz, 5001 MHz, 23.57 W, 45, 0x0000000000000001
2026/10/03 17:38:30.081, 210 MHz, 810 MHz, 20.85 W, 45, 0x0000000000000001
2026/10/03 17:38:30.282, 210 MHz, 810 MHz, 20.85 W, 45, 0x0000000000000001
2026/10/03 17:38:30.482, 210 MHz, 810 MHz, 20.85 W, 45, 0x0000000000000001
2026/10/03 17:38:30.682, 210 MHz, 810 MHz, 20.75 W, 45, 0x0000000000000001
2026/10/03 17:38:30.882, 210 MHz, 810 MHz, 20.75 W, 45, 0x0000000000000001
2026/10/03 17:38:31.082, 210 MHz, 810 MHz, 20.69 W, 44, 0x0000000000000001
2026/10/03 17:38:31.282, 210 MHz, 810 MHz, 20.69 W, 44, 0x0000000000000001
2026/10/03 17:38:31.482, 210 MHz, 810 MHz, 20.69 W, 44, 0x0000000000000001
2026/10/03 17:38:31.683, 210 MHz, 810 MHz, 19.92 W, 44, 0x0000000000000001
2026/10/03 17:38:31.883, 210 MHz, 810 MHz, 19.92 W, 44, 0x0000000000000001
2026/10/03 17:38:32.083, 210 MHz, 405 MHz, 12.10 W, 44, 0x0000000000000001
2026/10/03 17:38:32.283, 210 MHz, 405 MHz, 12.10 W, 44, 0x0000000000000001
2026/10/03 17:38:32.483, 210 MHz, 405 MHz, 12.10 W, 44, 0x0000000000000001
2026/10/03 17:38:32.683, 210 MHz, 405 MHz, 12.25 W, 44, 0x0000000000000001
2026/10/03 17:38:32.883, 210 MHz, 405 MHz, 12.25 W, 44, 0x0000000000000001
2026/10/03 17:38:33.083, 210 MHz, 405 MHz, 12.40 W, 44, 0x0000000000000001
2026/10/03 17:38:33.284, 210 MHz, 405 MHz, 12.40 W, 44, 0x0000000000000001
2026/10/03 17:38:33.484, 210 MHz, 405 MHz, 12.40 W, 44, 0x0000000000000001
2026/10/03 17:38:33.684, 210 MHz, 405 MHz, 12.43 W, 43, 0x0000000000000001
2026/10/03 17:38:33.884, 210 MHz, 405 MHz, 12.43 W, 43, 0x0000000000000001
2026/10/03 17:38:34.085, 210 MHz, 405 MHz, 12.33 W, 43, 0x0000000000000001
2026/10/03 17:38:34.285, 210 MHz, 405 MHz, 12.33 W, 43, 0x0000000000000001
2026/10/03 17:38:34.485, 210 MHz, 405 MHz, 12.33 W, 43, 0x0000000000000001
2026/10/03 17:38:34.685, 210 MHz, 405 MHz, 12.83 W, 43, 0x0000000000000001
2026/10/03 17:38:34.885, 210 MHz, 405 MHz, 12.83 W, 43, 0x0000000000000001
2026/10/03 17:38:35.085, 210 MHz, 405 MHz, 12.55 W, 43, 0x0000000000000001
2026/10/03 17:38:35.285, 210 MHz, 405 MHz, 12.55 W, 43, 0x0000000000000001
2026/10/03 17:38:35.486, 210 MHz, 405 MHz, 12.55 W, 43, 0x0000000000000001
2026/10/03 17:38:35.686, 210 MHz, 405 MHz, 12.83 W, 43, 0x0000000000000001
2026/10/03 17:38:35.886, 210 MHz, 405 MHz, 12.83 W, 43, 0x0000000000000001
2026/10/03 17:38:36.086, 210 MHz, 405 MHz, 12.77 W, 43, 0x0000000000000001
2026/10/03 17:38:36.286, 210 MHz, 405 MHz, 12.77 W, 43, 0x0000000000000001
2026/10/03 17:38:36.486, 210 MHz, 405 MHz, 12.77 W, 43, 0x0000000000000001
2026/10/03 17:38:36.686, 210 MHz, 405 MHz, 12.80 W, 43, 0x0000000000000001
2026/10/03 17:38:36.886, 210 MHz, 405 MHz, 12.80 W, 43, 0x0000000000000001
2026/10/03 17:38:37.087, 210 MHz, 405 MHz, 12.77 W, 43, 0x0000000000000001
2026/10/03 17:38:37.287, 210 MHz, 405 MHz, 12.77 W, 43, 0x0000000000000001
2026/10/03 17:38:37.487, 210 MHz, 405 MHz, 12.77 W, 43, 0x0000000000000001
2026/10/03 17:38:37.687, 210 MHz, 405 MHz, 12.13 W, 43, 0x0000000000000001
2026/10/03 17:38:37.887, 210 MHz, 405 MHz, 12.13 W, 43, 0x0000000000000001
2026/10/03 17:38:38.087, 210 MHz, 405 MHz, 12.14 W, 42, 0x0000000000000001
2026/10/03 17:38:38.287, 210 MHz, 405 MHz, 12.14 W, 42, 0x0000000000000001
2026/10/03 17:38:38.487, 210 MHz, 405 MHz, 12.14 W, 42, 0x0000000000000001
2026/10/03 17:38:38.687, 210 MHz, 405 MHz, 12.56 W, 42, 0x0000000000000001
2026/10/03 17:38:38.888, 210 MHz, 405 MHz, 12.56 W, 42, 0x0000000000000001
2026/10/03 17:38:39.088, 210 MHz, 405 MHz, 12.07 W, 42, 0x0000000000000001
2026/10/03 17:38:39.288, 210 MHz, 405 MHz, 12.07 W, 42, 0x0000000000000001
2026/10/03 17:38:39.488, 210 MHz, 405 MHz, 12.07 W, 42, 0x0000000000000001
2026/10/03 17:38:39.688, 210 MHz, 405 MHz, 12.74 W, 42, 0x0000000000000001
2026/10/03 17:38:39.888, 210 MHz, 405 MHz, 12.74 W, 42, 0x0000000000000001
2026/10/03 17:38:40.089, 210 MHz, 405 MHz, 12.71 W, 42, 0x0000000000000001
2026/10/03 17:38:40.289, 210 MHz, 405 MHz, 12.71 W, 42, 0x0000000000000001
2026/10/03 17:38:40.489, 210 MHz, 405 MHz, 12.71 W, 42, 0x0000000000000001
2026/10/03 17:38:40.689, 210 MHz, 405 MHz, 12.13 W, 42, 0x0000000000000001
2026/10/03 17:38:40.889, 210 MHz, 405 MHz, 12.13 W, 42, 0x0000000000000001
2026/10/03 17:38:41.089, 210 MHz, 405 MHz, 12.15 W, 42, 0x0000000000000001
2026/10/03 17:38:41.289, 210 MHz, 405 MHz, 12.15 W, 42, 0x0000000000000001
2026/10/03 17:38:41.490, 210 MHz, 405 MHz, 12.15 W, 42, 0x0000000000000001
2026/10/03 17:38:41.690, 210 MHz, 405 MHz, 12.18 W, 42, 0x0000000000000001
2026/10/03 17:38:41.890, 210 MHz, 405 MHz, 12.18 W, 42, 0x0000000000000001
2026/10/03 17:38:42.090, 210 MHz, 405 MHz, 12.70 W, 42, 0x0000000000000001
2026/10/03 17:38:42.290, 210 MHz, 405 MHz, 12.70 W, 42, 0x0000000000000001
2026/10/03 17:38:42.490, 210 MHz, 405 MHz, 12.70 W, 42, 0x0000000000000001
2026/10/03 17:38:42.690, 210 MHz, 405 MHz, 12.43 W, 42, 0x0000000000000001
2026/10/03 17:38:42.891, 210 MHz, 405 MHz, 12.43 W, 42, 0x0000000000000001
2026/10/03 17:38:43.091, 210 MHz, 405 MHz, 12.88 W, 42, 0x0000000000000001
2026/10/03 17:38:43.291, 210 MHz, 405 MHz, 12.88 W, 42, 0x0000000000000001
2026/10/03 17:38:43.491, 210 MHz, 405 MHz, 12.88 W, 42, 0x0000000000000001
2026/10/03 17:38:43.691, 210 MHz, 405 MHz, 12.88 W, 41, 0x0000000000000001
2026/10/03 17:38:43.891, 210 MHz, 405 MHz, 12.88 W, 41, 0x0000000000000001
2026/10/03 17:38:44.092, 210 MHz, 405 MHz, 12.23 W, 41, 0x0000000000000001
2026/10/03 17:38:44.292, 210 MHz, 405 MHz, 12.23 W, 41, 0x0000000000000001
2026/10/03 17:38:44.492, 210 MHz, 405 MHz, 12.23 W, 41, 0x0000000000000001
2026/10/03 17:38:44.692, 210 MHz, 405 MHz, 12.37 W, 41, 0x0000000000000001
2026/10/03 17:38:44.892, 210 MHz, 405 MHz, 12.37 W, 41, 0x0000000000000001
2026/10/03 17:38:45.093, 2520 MHz, 10251 MHz, 39.41 W, 42, 0x0000000000000000
2026/10/03 17:38:45.293, 2520 MHz, 10251 MHz, 39.41 W, 42, 0x0000000000000000
2026/10/03 17:38:45.493, 2520 MHz, 10251 MHz, 39.41 W, 42, 0x0000000000000000
2026/10/03 17:38:45.693, 2745 MHz, 10251 MHz, 129.34 W, 49, 0x0000000000000000
2026/10/03 17:38:45.893, 2745 MHz, 10251 MHz, 129.34 W, 49, 0x0000000000000000
2026/10/03 17:38:46.093, 2730 MHz, 10251 MHz, 155.22 W, 58, 0x0000000000000000
2026/10/03 17:38:46.293, 2730 MHz, 10251 MHz, 155.22 W, 58, 0x0000000000000000
2026/10/03 17:38:46.493, 2730 MHz, 10251 MHz, 155.22 W, 58, 0x0000000000000000
2026/10/03 17:38:46.694, 2640 MHz, 10251 MHz, 195.66 W, 63, 0x0000000000000004
2026/10/03 17:38:46.894, 2640 MHz, 10251 MHz, 195.66 W, 63, 0x0000000000000004
2026/10/03 17:38:47.094, 2715 MHz, 10251 MHz, 161.05 W, 53, 0x0000000000000000
2026/10/03 17:38:47.294, 2715 MHz, 10251 MHz, 161.05 W, 53, 0x0000000000000000
2026/10/03 17:38:47.494, 2715 MHz, 10251 MHz, 161.05 W, 53, 0x0000000000000000
2026/10/03 17:38:47.694, 2745 MHz, 10501 MHz, 47.77 W, 46, 0x0000000000000000
2026/10/03 17:38:47.895, 2745 MHz, 10501 MHz, 47.77 W, 46, 0x0000000000000000
2026/10/03 17:38:48.095, 2745 MHz, 10501 MHz, 46.06 W, 45, 0x0000000000000000
2026/10/03 17:38:48.295, 2745 MHz, 10501 MHz, 46.06 W, 45, 0x0000000000000000
2026/10/03 17:38:48.495, 2745 MHz, 10501 MHz, 46.06 W, 45, 0x0000000000000000
2026/10/03 17:38:48.695, 2745 MHz, 10501 MHz, 46.16 W, 45, 0x0000000000000000
2026/10/03 17:38:48.895, 2745 MHz, 10501 MHz, 46.16 W, 45, 0x0000000000000000
2026/10/03 17:38:49.096, 825 MHz, 5001 MHz, 22.94 W, 43, 0x0000000000000001
2026/10/03 17:38:49.296, 825 MHz, 5001 MHz, 22.94 W, 43, 0x0000000000000001
2026/10/03 17:38:49.496, 825 MHz, 5001 MHz, 22.94 W, 43, 0x0000000000000001
2026/10/03 17:38:49.696, 630 MHz, 5001 MHz, 22.87 W, 43, 0x0000000000000001
2026/10/03 17:38:49.896, 630 MHz, 5001 MHz, 22.87 W, 43, 0x0000000000000001
2026/10/03 17:38:50.096, 540 MHz, 5001 MHz, 22.84 W, 42, 0x0000000000000001
2026/10/03 17:38:50.297, 540 MHz, 5001 MHz, 22.84 W, 42, 0x0000000000000001
2026/10/03 17:38:50.497, 540 MHz, 5001 MHz, 22.84 W, 42, 0x0000000000000001
2026/10/03 17:38:50.697, 420 MHz, 5001 MHz, 22.79 W, 42, 0x0000000000000001
2026/10/03 17:38:50.897, 420 MHz, 5001 MHz, 22.79 W, 42, 0x0000000000000001
2026/10/03 17:38:51.098, 360 MHz, 5001 MHz, 22.68 W, 42, 0x0000000000000001
2026/10/03 17:38:51.298, 360 MHz, 5001 MHz, 22.68 W, 42, 0x0000000000000001
2026/10/03 17:38:51.498, 360 MHz, 5001 MHz, 22.68 W, 42, 0x0000000000000001
2026/10/03 17:38:51.698, 285 MHz, 5001 MHz, 22.73 W, 42, 0x0000000000000001
2026/10/03 17:38:51.898, 285 MHz, 5001 MHz, 22.73 W, 42, 0x0000000000000001
2026/10/03 17:38:52.099, 240 MHz, 5001 MHz, 22.71 W, 42, 0x0000000000000001
2026/10/03 17:38:52.299, 240 MHz, 5001 MHz, 22.71 W, 42, 0x0000000000000001
2026/10/03 17:38:52.499, 240 MHz, 5001 MHz, 22.71 W, 42, 0x0000000000000001
2026/10/03 17:38:52.699, 210 MHz, 5001 MHz, 22.59 W, 42, 0x0000000000000001
2026/10/03 17:38:52.899, 210 MHz, 5001 MHz, 22.59 W, 42, 0x0000000000000001
2026/10/03 17:38:53.099, 210 MHz, 810 MHz, 19.19 W, 42, 0x0000000000000001
2026/10/03 17:38:53.300, 210 MHz, 810 MHz, 19.19 W, 42, 0x0000000000000001
2026/10/03 17:38:53.500, 210 MHz, 810 MHz, 19.19 W, 42, 0x0000000000000001
2026/10/03 17:38:53.700, 210 MHz, 810 MHz, 19.25 W, 41, 0x0000000000000001
2026/10/03 17:38:53.900, 210 MHz, 810 MHz, 19.25 W, 41, 0x0000000000000001
2026/10/03 17:38:54.100, 210 MHz, 810 MHz, 19.57 W, 41, 0x0000000000000001
2026/10/03 17:38:54.300, 210 MHz, 810 MHz, 19.57 W, 41, 0x0000000000000001
2026/10/03 17:38:54.501, 210 MHz, 810 MHz, 19.57 W, 41, 0x0000000000000001
2026/10/03 17:38:54.701, 210 MHz, 405 MHz, 19.59 W, 41, 0x0000000000000001
2026/10/03 17:38:54.901, 210 MHz, 405 MHz, 19.59 W, 41, 0x0000000000000001
2026/10/03 17:38:55.101, 210 MHz, 405 MHz, 12.61 W, 41, 0x0000000000000001
2026/10/03 17:38:55.302, 210 MHz, 405 MHz, 12.61 W, 41, 0x0000000000000001
2026/10/03 17:38:55.502, 210 MHz, 405 MHz, 12.61 W, 41, 0x0000000000000001
2026/10/03 17:38:55.702, 210 MHz, 405 MHz, 12.16 W, 41, 0x0000000000000001
2026/10/03 17:38:55.902, 210 MHz, 405 MHz, 12.16 W, 41, 0x0000000000000001
2026/10/03 17:38:56.102, 210 MHz, 405 MHz, 11.99 W, 41, 0x0000000000000001
2026/10/03 17:38:56.303, 210 MHz, 405 MHz, 11.99 W, 41, 0x0000000000000001
2026/10/03 17:38:56.503, 210 MHz, 405 MHz, 11.99 W, 41, 0x0000000000000001
2026/10/03 17:38:56.703, 210 MHz, 405 MHz, 12.14 W, 41, 0x0000000000000001
2026/10/03 17:38:56.904, 210 MHz, 405 MHz, 12.14 W, 41, 0x0000000000000001
2026/10/03 17:38:57.104, 210 MHz, 405 MHz, 12.08 W, 41, 0x0000000000000001
2026/10/03 17:38:57.304, 210 MHz, 405 MHz, 12.08 W, 41, 0x0000000000000001
2026/10/03 17:38:57.505, 210 MHz, 405 MHz, 12.08 W, 41, 0x0000000000000001
2026/10/03 17:38:57.705, 210 MHz, 405 MHz, 12.03 W, 41, 0x0000000000000001
2026/10/03 17:38:57.905, 210 MHz, 405 MHz, 12.03 W, 41, 0x0000000000000001
2026/10/03 17:38:58.105, 210 MHz, 405 MHz, 11.99 W, 40, 0x0000000000000001
2026/10/03 17:38:58.305, 210 MHz, 405 MHz, 11.99 W, 40, 0x0000000000000001
2026/10/03 17:38:58.506, 210 MHz, 405 MHz, 11.99 W, 40, 0x0000000000000001
2026/10/03 17:38:58.706, 210 MHz, 405 MHz, 11.97 W, 40, 0x0000000000000001
2026/10/03 17:38:58.906, 210 MHz, 405 MHz, 11.97 W, 40, 0x0000000000000001
2026/10/03 17:38:59.106, 210 MHz, 405 MHz, 11.86 W, 40, 0x0000000000000001
2026/10/03 17:38:59.306, 210 MHz, 405 MHz, 11.86 W, 40, 0x0000000000000001
2026/10/03 17:38:59.507, 210 MHz, 405 MHz, 11.86 W, 40, 0x0000000000000001
2026/10/03 17:38:59.707, 210 MHz, 405 MHz, 12.75 W, 40, 0x0000000000000001
2026/10/03 17:38:59.907, 210 MHz, 405 MHz, 12.75 W, 40, 0x0000000000000001
2026/10/03 17:39:00.107, 210 MHz, 405 MHz, 11.86 W, 40, 0x0000000000000001
2026/10/03 17:39:00.307, 210 MHz, 405 MHz, 11.86 W, 40, 0x0000000000000001
2026/10/03 17:39:00.508, 210 MHz, 405 MHz, 11.86 W, 40, 0x0000000000000001
2026/10/03 17:39:00.708, 210 MHz, 405 MHz, 12.09 W, 40, 0x0000000000000001
2026/10/03 17:39:00.908, 210 MHz, 405 MHz, 12.09 W, 40, 0x0000000000000001
2026/10/03 17:39:01.108, 210 MHz, 405 MHz, 11.89 W, 40, 0x0000000000000001
2026/10/03 17:39:01.309, 210 MHz, 405 MHz, 11.89 W, 40, 0x0000000000000001
2026/10/03 17:39:01.509, 210 MHz, 405 MHz, 11.89 W, 40, 0x0000000000000001
2026/10/03 17:39:01.709, 210 MHz, 405 MHz, 11.97 W, 40, 0x0000000000000001
2026/10/03 17:39:01.910, 210 MHz, 405 MHz, 11.97 W, 40, 0x0000000000000001
2026/10/03 17:39:02.110, 210 MHz, 405 MHz, 11.99 W, 40, 0x0000000000000001
2026/10/03 17:39:02.311, 210 MHz, 405 MHz, 11.99 W, 40, 0x0000000000000001
2026/10/03 17:39:02.511, 210 MHz, 405 MHz, 11.99 W, 40, 0x0000000000000001
2026/10/03 17:39:02.711, 210 MHz, 405 MHz, 12.10 W, 40, 0x0000000000000001
2026/10/03 17:39:02.912, 210 MHz, 405 MHz, 12.10 W, 40, 0x0000000000000001
2026/10/03 17:39:03.112, 210 MHz, 405 MHz, 11.91 W, 40, 0x0000000000000001
2026/10/03 17:39:03.312, 210 MHz, 405 MHz, 11.91 W, 40, 0x0000000000000001
2026/10/03 17:39:03.513, 210 MHz, 405 MHz, 11.91 W, 40, 0x0000000000000001
2026/10/03 17:39:03.713, 210 MHz, 405 MHz, 11.94 W, 40, 0x0000000000000001
2026/10/03 17:39:03.913, 210 MHz, 405 MHz, 11.94 W, 40, 0x0000000000000001
2026/10/03 17:39:04.113, 210 MHz, 405 MHz, 11.81 W, 40, 0x0000000000000001
2026/10/03 17:39:04.314, 210 MHz, 405 MHz, 11.81 W, 40, 0x0000000000000001
2026/10/03 17:39:04.514, 210 MHz, 405 MHz, 11.81 W, 40, 0x0000000000000001
2026/10/03 17:39:04.715, 210 MHz, 405 MHz, 11.76 W, 40, 0x0000000000000001
2026/10/03 17:39:04.915, 210 MHz, 405 MHz, 11.76 W, 40, 0x0000000000000001
2026/10/03 17:39:05.115, 210 MHz, 405 MHz, 11.79 W, 40, 0x0000000000000001
2026/10/03 17:39:05.316, 210 MHz, 405 MHz, 11.79 W, 40, 0x0000000000000001
2026/10/03 17:39:05.516, 210 MHz, 405 MHz, 11.79 W, 40, 0x0000000000000001
2026/10/03 17:39:05.717, 210 MHz, 405 MHz, 11.78 W, 39, 0x0000000000000001
2026/10/03 17:39:05.917, 210 MHz, 405 MHz, 11.78 W, 39, 0x0000000000000001
2026/10/03 17:39:06.117, 210 MHz, 405 MHz, 11.82 W, 39, 0x0000000000000001
2026/10/03 17:39:06.317, 210 MHz, 405 MHz, 11.82 W, 39, 0x0000000000000001
2026/10/03 17:39:06.518, 210 MHz, 405 MHz, 11.82 W, 39, 0x0000000000000001
2026/10/03 17:39:06.718, 210 MHz, 405 MHz, 11.71 W, 39, 0x0000000000000001
2026/10/03 17:39:06.918, 210 MHz, 405 MHz, 11.71 W, 39, 0x0000000000000001
2026/10/03 17:39:07.119, 210 MHz, 405 MHz, 11.90 W, 39, 0x0000000000000001
2026/10/03 17:39:07.319, 210 MHz, 405 MHz, 11.90 W, 39, 0x0000000000000001
2026/10/03 17:39:07.519, 210 MHz, 405 MHz, 11.90 W, 39, 0x0000000000000001
2026/10/03 17:39:07.719, 210 MHz, 405 MHz, 12.00 W, 39, 0x0000000000000001
2026/10/03 17:39:07.919, 210 MHz, 405 MHz, 12.00 W, 39, 0x0000000000000001
2026/10/03 17:39:08.119, 2520 MHz, 10501 MHz, 11.92 W, 39, 0x0000000000000000
2026/10/03 17:39:08.319, 2520 MHz, 10501 MHz, 11.92 W, 39, 0x0000000000000000
2026/10/03 17:39:08.520, 2520 MHz, 10501 MHz, 11.92 W, 39, 0x0000000000000000
2026/10/03 17:39:08.720, 2745 MHz, 10251 MHz, 105.57 W, 45, 0x0000000000000000
2026/10/03 17:39:08.920, 2745 MHz, 10251 MHz, 105.57 W, 45, 0x0000000000000000
2026/10/03 17:39:09.120, 2730 MHz, 10251 MHz, 148.01 W, 50, 0x0000000000000000
2026/10/03 17:39:09.320, 2730 MHz, 10251 MHz, 148.01 W, 50, 0x0000000000000000
2026/10/03 17:39:09.520, 2730 MHz, 10251 MHz, 148.01 W, 50, 0x0000000000000000
2026/10/03 17:39:09.720, 2730 MHz, 10251 MHz, 174.61 W, 55, 0x0000000000000000
2026/10/03 17:39:09.920, 2730 MHz, 10251 MHz, 174.61 W, 55, 0x0000000000000000
2026/10/03 17:39:10.121, 2715 MHz, 10251 MHz, 208.72 W, 62, 0x0000000000000004
2026/10/03 17:39:10.321, 2715 MHz, 10251 MHz, 208.72 W, 62, 0x0000000000000004
2026/10/03 17:39:10.521, 2715 MHz, 10251 MHz, 208.72 W, 62, 0x0000000000000004
2026/10/03 17:39:10.721, 2745 MHz, 10501 MHz, 46.37 W, 46, 0x0000000000000000
2026/10/03 17:39:10.921, 2745 MHz, 10501 MHz, 46.37 W, 46, 0x0000000000000000
2026/10/03 17:39:11.121, 2745 MHz, 10501 MHz, 45.74 W, 44, 0x0000000000000000
2026/10/03 17:39:11.321, 2745 MHz, 10501 MHz, 45.74 W, 44, 0x0000000000000000
2026/10/03 17:39:11.521, 2745 MHz, 10501 MHz, 45.74 W, 44, 0x0000000000000000
2026/10/03 17:39:11.722, 2745 MHz, 10501 MHz, 45.80 W, 44, 0x0000000000000000
2026/10/03 17:39:11.922, 2745 MHz, 10501 MHz, 45.80 W, 44, 0x0000000000000000
2026/10/03 17:39:12.122, 705 MHz, 5001 MHz, 25.86 W, 43, 0x0000000000000001
2026/10/03 17:39:12.322, 705 MHz, 5001 MHz, 25.86 W, 43, 0x0000000000000001
2026/10/03 17:39:12.522, 705 MHz, 5001 MHz, 25.86 W, 43, 0x0000000000000001
2026/10/03 17:39:12.722, 555 MHz, 5001 MHz, 23.44 W, 42, 0x0000000000000001
2026/10/03 17:39:12.922, 555 MHz, 5001 MHz, 23.44 W, 42, 0x0000000000000001
2026/10/03 17:39:13.123, 480 MHz, 5001 MHz, 22.82 W, 42, 0x0000000000000001
2026/10/03 17:39:13.323, 480 MHz, 5001 MHz, 22.82 W, 42, 0x0000000000000001
2026/10/03 17:39:13.523, 480 MHz, 5001 MHz, 22.82 W, 42, 0x0000000000000001
2026/10/03 17:39:13.723, 375 MHz, 5001 MHz, 22.69 W, 42, 0x0000000000000001
2026/10/03 17:39:13.923, 375 MHz, 5001 MHz, 22.69 W, 42, 0x0000000000000001
2026/10/03 17:39:14.123, 330 MHz, 5001 MHz, 22.67 W, 42, 0x0000000000000001
2026/10/03 17:39:14.324, 330 MHz, 5001 MHz, 22.67 W, 42, 0x0000000000000001
2026/10/03 17:39:14.524, 330 MHz, 5001 MHz, 22.67 W, 42, 0x0000000000000001
2026/10/03 17:39:14.724, 270 MHz, 5001 MHz, 22.70 W, 42, 0x0000000000000001
2026/10/03 17:39:14.924, 270 MHz, 5001 MHz, 22.70 W, 42, 0x0000000000000001
2026/10/03 17:39:15.124, 225 MHz, 5001 MHz, 22.57 W, 41, 0x0000000000000001
2026/10/03 17:39:15.325, 225 MHz, 5001 MHz, 22.57 W, 41, 0x0000000000000001
2026/10/03 17:39:15.525, 225 MHz, 5001 MHz, 22.57 W, 41, 0x0000000000000001
2026/10/03 17:39:15.725, 210 MHz, 810 MHz, 23.07 W, 42, 0x0000000000000001
2026/10/03 17:39:15.925, 210 MHz, 810 MHz, 23.07 W, 42, 0x0000000000000001
2026/10/03 17:39:16.125, 210 MHz, 810 MHz, 19.43 W, 41, 0x0000000000000001
2026/10/03 17:39:16.325, 210 MHz, 810 MHz, 19.43 W, 41, 0x0000000000000001
2026/10/03 17:39:16.525, 210 MHz, 810 MHz, 19.43 W, 41, 0x0000000000000001
2026/10/03 17:39:16.726, 210 MHz, 810 MHz, 19.04 W, 41, 0x0000000000000001
2026/10/03 17:39:16.926, 210 MHz, 810 MHz, 19.04 W, 41, 0x0000000000000001
2026/10/03 17:39:17.126, 210 MHz, 810 MHz, 19.55 W, 41, 0x0000000000000001
2026/10/03 17:39:17.326, 210 MHz, 810 MHz, 19.55 W, 41, 0x0000000000000001
2026/10/03 17:39:17.526, 210 MHz, 810 MHz, 19.55 W, 41, 0x0000000000000001
2026/10/03 17:39:17.726, 210 MHz, 405 MHz, 12.48 W, 41, 0x0000000000000001
2026/10/03 17:39:17.927, 210 MHz, 405 MHz, 12.48 W, 41, 0x0000000000000001
2026/10/03 17:39:18.127, 210 MHz, 405 MHz, 12.05 W, 41, 0x0000000000000001
2026/10/03 17:39:18.327, 210 MHz, 405 MHz, 12.05 W, 41, 0x0000000000000001
2026/10/03 17:39:18.527, 210 MHz, 405 MHz, 12.05 W, 41, 0x0000000000000001
2026/10/03 17:39:18.727, 210 MHz, 405 MHz, 12.03 W, 41, 0x0000000000000001
2026/10/03 17:39:18.927, 210 MHz, 405 MHz, 12.03 W, 41, 0x0000000000000001
2026/10/03 17:39:19.128, 210 MHz, 405 MHz, 12.15 W, 41, 0x0000000000000001
2026/10/03 17:39:19.328, 210 MHz, 405 MHz, 12.15 W, 41, 0x0000000000000001
2026/10/03 17:39:19.528, 210 MHz, 405 MHz, 12.15 W, 41, 0x0000000000000001
2026/10/03 17:39:19.728, 210 MHz, 405 MHz, 11.95 W, 41, 0x0000000000000001
2026/10/03 17:39:19.928, 210 MHz, 405 MHz, 11.95 W, 41, 0x0000000000000001
2026/10/03 17:39:20.128, 210 MHz, 405 MHz, 12.02 W, 41, 0x0000000000000001
2026/10/03 17:39:20.328, 210 MHz, 405 MHz, 12.02 W, 41, 0x0000000000000001
2026/10/03 17:39:20.528, 210 MHz, 405 MHz, 12.02 W, 41, 0x0000000000000001
2026/10/03 17:39:20.729, 210 MHz, 405 MHz, 11.88 W, 41, 0x0000000000000001
2026/10/03 17:39:20.929, 210 MHz, 405 MHz, 11.88 W, 41, 0x0000000000000001
2026/10/03 17:39:21.129, 210 MHz, 405 MHz, 11.97 W, 41, 0x0000000000000001
2026/10/03 17:39:21.330, 210 MHz, 405 MHz, 11.97 W, 41, 0x0000000000000001
2026/10/03 17:39:21.530, 210 MHz, 405 MHz, 11.97 W, 41, 0x0000000000000001
2026/10/03 17:39:21.730, 210 MHz, 405 MHz, 11.95 W, 41, 0x0000000000000001
2026/10/03 17:39:21.930, 210 MHz, 405 MHz, 11.95 W, 41, 0x0000000000000001
2026/10/03 17:39:22.130, 210 MHz, 405 MHz, 12.15 W, 41, 0x0000000000000001
2026/10/03 17:39:22.330, 210 MHz, 405 MHz, 12.15 W, 41, 0x0000000000000001
2026/10/03 17:39:22.531, 210 MHz, 405 MHz, 12.15 W, 41, 0x0000000000000001
2026/10/03 17:39:22.731, 210 MHz, 405 MHz, 12.03 W, 41, 0x0000000000000001
2026/10/03 17:39:22.931, 210 MHz, 405 MHz, 12.03 W, 41, 0x0000000000000001
2026/10/03 17:39:23.131, 210 MHz, 405 MHz, 12.05 W, 41, 0x0000000000000001
2026/10/03 17:39:23.331, 210 MHz, 405 MHz, 12.05 W, 41, 0x0000000000000001
2026/10/03 17:39:23.531, 210 MHz, 405 MHz, 12.05 W, 41, 0x0000000000000001
2026/10/03 17:39:23.731, 210 MHz, 405 MHz, 12.06 W, 41, 0x0000000000000001
2026/10/03 17:39:23.932, 210 MHz, 405 MHz, 12.06 W, 41, 0x0000000000000001
2026/10/03 17:39:24.132, 210 MHz, 405 MHz, 13.00 W, 41, 0x0000000000000001
2026/10/03 17:39:24.332, 210 MHz, 405 MHz, 13.00 W, 41, 0x0000000000000001
2026/10/03 17:39:24.532, 210 MHz, 405 MHz, 13.00 W, 41, 0x0000000000000001
2026/10/03 17:39:24.732, 210 MHz, 405 MHz, 12.10 W, 41, 0x0000000000000001
2026/10/03 17:39:24.933, 210 MHz, 405 MHz, 12.10 W, 41, 0x0000000000000001
2026/10/03 17:39:25.133, 210 MHz, 405 MHz, 12.03 W, 41, 0x0000000000000001
2026/10/03 17:39:25.333, 210 MHz, 405 MHz, 12.03 W, 41, 0x0000000000000001
2026/10/03 17:39:25.533, 210 MHz, 405 MHz, 12.03 W, 41, 0x0000000000000001
2026/10/03 17:39:25.733, 210 MHz, 405 MHz, 12.04 W, 41, 0x0000000000000001
2026/10/03 17:39:25.933, 210 MHz, 405 MHz, 12.04 W, 41, 0x0000000000000001
2026/10/03 17:39:26.133, 210 MHz, 405 MHz, 11.99 W, 41, 0x0000000000000001
2026/10/03 17:39:26.333, 210 MHz, 405 MHz, 11.99 W, 41, 0x0000000000000001
2026/10/03 17:39:26.534, 210 MHz, 405 MHz, 11.99 W, 41, 0x0000000000000001
2026/10/03 17:39:26.734, 210 MHz, 405 MHz, 12.07 W, 41, 0x0000000000000001
2026/10/03 17:39:26.934, 210 MHz, 405 MHz, 12.07 W, 41, 0x0000000000000001
2026/10/03 17:39:27.134, 210 MHz, 405 MHz, 12.09 W, 41, 0x0000000000000001
2026/10/03 17:39:27.334, 210 MHz, 405 MHz, 12.09 W, 41, 0x0000000000000001
2026/10/03 17:39:27.535, 210 MHz, 405 MHz, 12.09 W, 41, 0x0000000000000001
2026/10/03 17:39:27.735, 210 MHz, 405 MHz, 12.05 W, 41, 0x0000000000000001
2026/10/03 17:39:27.935, 210 MHz, 405 MHz, 12.05 W, 41, 0x0000000000000001
2026/10/03 17:39:28.135, 210 MHz, 405 MHz, 12.10 W, 41, 0x0000000000000001
2026/10/03 17:39:28.335, 210 MHz, 405 MHz, 12.10 W, 41, 0x0000000000000001
2026/10/03 17:39:28.535, 210 MHz, 405 MHz, 12.10 W, 41, 0x0000000000000001
2026/10/03 17:39:28.735, 210 MHz, 405 MHz, 12.08 W, 41, 0x0000000000000001
2026/10/03 17:39:28.935, 210 MHz, 405 MHz, 12.08 W, 41, 0x0000000000000001
2026/10/03 17:39:29.136, 210 MHz, 405 MHz, 12.73 W, 41, 0x0000000000000001
2026/10/03 17:39:29.336, 210 MHz, 405 MHz, 12.73 W, 41, 0x0000000000000001
2026/10/03 17:39:29.536, 210 MHz, 405 MHz, 12.73 W, 41, 0x0000000000000001
2026/10/03 17:39:29.736, 210 MHz, 405 MHz, 12.05 W, 41, 0x0000000000000001
2026/10/03 17:39:29.936, 210 MHz, 405 MHz, 12.05 W, 41, 0x0000000000000001
2026/10/03 17:39:30.137, 210 MHz, 405 MHz, 11.96 W, 41, 0x0000000000000001
2026/10/03 17:39:30.337, 210 MHz, 405 MHz, 11.96 W, 41, 0x0000000000000001
2026/10/03 17:39:30.537, 210 MHz, 405 MHz, 11.96 W, 41, 0x0000000000000001
2026/10/03 17:39:30.737, 210 MHz, 405 MHz, 12.10 W, 41, 0x0000000000000001
2026/10/03 17:39:30.937, 210 MHz, 405 MHz, 12.10 W, 41, 0x0000000000000001
2026/10/03 17:39:31.137, 210 MHz, 405 MHz, 12.11 W, 41, 0x0000000000000001
2026/10/03 17:39:31.337, 210 MHz, 405 MHz, 12.11 W, 41, 0x0000000000000001
2026/10/03 17:39:31.538, 210 MHz, 405 MHz, 12.11 W, 41, 0x0000000000000001
2026/10/03 17:39:31.738, 2520 MHz, 10251 MHz, 45.46 W, 46, 0x0000000000000000
2026/10/03 17:39:31.938, 2520 MHz, 10251 MHz, 45.46 W, 46, 0x0000000000000000
2026/10/03 17:39:32.138, 2730 MHz, 10251 MHz, 137.30 W, 50, 0x0000000000000000
2026/10/03 17:39:32.338, 2730 MHz, 10251 MHz, 137.30 W, 50, 0x0000000000000000
2026/10/03 17:39:32.538, 2730 MHz, 10251 MHz, 137.30 W, 50, 0x0000000000000000
2026/10/03 17:39:32.738, 2730 MHz, 10251 MHz, 131.84 W, 51, 0x0000000000000000
2026/10/03 17:39:32.939, 2730 MHz, 10251 MHz, 131.84 W, 51, 0x0000000000000000
2026/10/03 17:39:33.139, 2730 MHz, 10251 MHz, 157.64 W, 55, 0x0000000000000000
2026/10/03 17:39:33.339, 2730 MHz, 10251 MHz, 157.64 W, 55, 0x0000000000000000
2026/10/03 17:39:33.539, 2730 MHz, 10251 MHz, 157.64 W, 55, 0x0000000000000000
2026/10/03 17:39:33.739, 2730 MHz, 10251 MHz, 157.46 W, 55, 0x0000000000000000
2026/10/03 17:39:33.939, 2730 MHz, 10251 MHz, 157.46 W, 55, 0x0000000000000000
2026/10/03 17:39:34.139, 2730 MHz, 10251 MHz, 146.68 W, 55, 0x0000000000000000
2026/10/03 17:39:34.339, 2730 MHz, 10251 MHz, 146.68 W, 55, 0x0000000000000000
2026/10/03 17:39:34.540, 2730 MHz, 10251 MHz, 146.68 W, 55, 0x0000000000000000
2026/10/03 17:39:34.740, 2685 MHz, 10251 MHz, 181.52 W, 61, 0x0000000000000004
2026/10/03 17:39:34.940, 2685 MHz, 10251 MHz, 181.52 W, 61, 0x0000000000000004
2026/10/03 17:39:35.140, 2715 MHz, 10251 MHz, 202.22 W, 63, 0x0000000000000000
2026/10/03 17:39:35.340, 2715 MHz, 10251 MHz, 202.22 W, 63, 0x0000000000000000
2026/10/03 17:39:35.540, 2715 MHz, 10251 MHz, 202.22 W, 63, 0x0000000000000000
2026/10/03 17:39:35.740, 2715 MHz, 10251 MHz, 174.26 W, 62, 0x0000000000000000
2026/10/03 17:39:35.940, 2715 MHz, 10251 MHz, 174.26 W, 62, 0x0000000000000000
2026/10/03 17:39:36.141, 2640 MHz, 10251 MHz, 169.65 W, 60, 0x0000000000000004
2026/10/03 17:39:36.341, 2640 MHz, 10251 MHz, 169.65 W, 60, 0x0000000000000004
2026/10/03 17:39:36.541, 2640 MHz, 10251 MHz, 169.65 W, 60, 0x0000000000000004
2026/10/03 17:39:36.741, 2685 MHz, 10251 MHz, 221.85 W, 68, 0x0000000000000004
2026/10/03 17:39:36.941, 2685 MHz, 10251 MHz, 221.85 W, 68, 0x0000000000000004
2026/10/03 17:39:37.141, 2655 MHz, 10251 MHz, 215.76 W, 69, 0x0000000000000004
2026/10/03 17:39:37.341, 2655 MHz, 10251 MHz, 215.76 W, 69, 0x0000000000000004
2026/10/03 17:39:37.541, 2655 MHz, 10251 MHz, 215.76 W, 69, 0x0000000000000004
2026/10/03 17:39:37.741, 2685 MHz, 10251 MHz, 209.24 W, 70, 0x0000000000000004
2026/10/03 17:39:37.942, 2685 MHz, 10251 MHz, 209.24 W, 70, 0x0000000000000004
2026/10/03 17:39:38.142, 2730 MHz, 10251 MHz, 47.92 W, 54, 0x0000000000000000
2026/10/03 17:39:38.342, 2730 MHz, 10251 MHz, 47.92 W, 54, 0x0000000000000000
2026/10/03 17:39:38.542, 2730 MHz, 10251 MHz, 47.92 W, 54, 0x0000000000000000
2026/10/03 17:39:38.743, 2730 MHz, 10501 MHz, 47.30 W, 50, 0x0000000000000000
2026/10/03 17:39:38.943, 2730 MHz, 10501 MHz, 47.30 W, 50, 0x0000000000000000
2026/10/03 17:39:39.143, 2730 MHz, 10501 MHz, 46.99 W, 49, 0x0000000000000000
2026/10/03 17:39:39.344, 2730 MHz, 10501 MHz, 46.99 W, 49, 0x0000000000000000
2026/10/03 17:39:39.544, 2730 MHz, 10501 MHz, 46.99 W, 49, 0x0000000000000000
2026/10/03 17:39:39.744, 2730 MHz, 10501 MHz, 47.00 W, 49, 0x0000000000000000
2026/10/03 17:39:39.945, 2730 MHz, 10501 MHz, 47.00 W, 49, 0x0000000000000000
2026/10/03 17:39:40.145, 645 MHz, 5001 MHz, 23.05 W, 47, 0x0000000000000001
2026/10/03 17:39:40.345, 645 MHz, 5001 MHz, 23.05 W, 47, 0x0000000000000001
2026/10/03 17:39:40.546, 645 MHz, 5001 MHz, 23.05 W, 47, 0x0000000000000001
2026/10/03 17:39:40.746, 510 MHz, 5001 MHz, 23.10 W, 46, 0x0000000000000001
2026/10/03 17:39:40.946, 510 MHz, 5001 MHz, 23.10 W, 46, 0x0000000000000001
2026/10/03 17:39:41.146, 435 MHz, 5001 MHz, 23.02 W, 46, 0x0000000000000001
2026/10/03 17:39:41.347, 435 MHz, 5001 MHz, 23.02 W, 46, 0x0000000000000001
2026/10/03 17:39:41.547, 435 MHz, 5001 MHz, 23.02 W, 46, 0x0000000000000001
2026/10/03 17:39:41.747, 330 MHz, 5001 MHz, 22.99 W, 46, 0x0000000000000001
2026/10/03 17:39:41.948, 330 MHz, 5001 MHz, 22.99 W, 46, 0x0000000000000001
2026/10/03 17:39:42.148, 285 MHz, 5001 MHz, 22.84 W, 45, 0x0000000000000001
2026/10/03 17:39:42.348, 285 MHz, 5001 MHz, 22.84 W, 45, 0x0000000000000001
2026/10/03 17:39:42.548, 285 MHz, 5001 MHz, 22.84 W, 45, 0x0000000000000001
2026/10/03 17:39:42.748, 225 MHz, 5001 MHz, 22.90 W, 45, 0x0000000000000001
2026/10/03 17:39:42.948, 225 MHz, 5001 MHz, 22.90 W, 45, 0x0000000000000001
2026/10/03 17:39:43.148, 210 MHz, 5001 MHz, 22.92 W, 45, 0x0000000000000001
2026/10/03 17:39:43.349, 210 MHz, 5001 MHz, 22.92 W, 45, 0x0000000000000001
2026/10/03 17:39:43.549, 210 MHz, 5001 MHz, 22.92 W, 45, 0x0000000000000001
2026/10/03 17:39:43.749, 210 MHz, 5001 MHz, 23.60 W, 45, 0x0000000000000001
2026/10/03 17:39:43.949, 210 MHz, 5001 MHz, 23.60 W, 45, 0x0000000000000001
2026/10/03 17:39:44.149, 210 MHz, 5001 MHz, 22.68 W, 45, 0x0000000000000001
2026/10/03 17:39:44.349, 210 MHz, 5001 MHz, 22.68 W, 45, 0x0000000000000001
2026/10/03 17:39:44.549, 210 MHz, 5001 MHz, 22.68 W, 45, 0x0000000000000001
2026/10/03 17:39:44.749, 210 MHz, 810 MHz, 20.04 W, 45, 0x0000000000000001
2026/10/03 17:39:44.950, 210 MHz, 810 MHz, 20.04 W, 45, 0x0000000000000001
2026/10/03 17:39:45.150, 210 MHz, 810 MHz, 19.43 W, 44, 0x0000000000000001
2026/10/03 17:39:45.350, 210 MHz, 810 MHz, 19.43 W, 44, 0x0000000000000001
2026/10/03 17:39:45.550, 210 MHz, 810 MHz, 19.43 W, 44, 0x0000000000000001
2026/10/03 17:39:45.750, 210 MHz, 810 MHz, 19.67 W, 44, 0x0000000000000001
2026/10/03 17:39:45.950, 210 MHz, 810 MHz, 19.67 W, 44, 0x0000000000000001
2026/10/03 17:39:46.150, 210 MHz, 810 MHz, 20.41 W, 44, 0x0000000000000001
2026/10/03 17:39:46.351, 210 MHz, 810 MHz, 20.41 W, 44, 0x0000000000000001
2026/10/03 17:39:46.551, 210 MHz, 810 MHz, 20.41 W, 44, 0x0000000000000001
2026/10/03 17:39:46.751, 210 MHz, 405 MHz, 12.18 W, 44, 0x0000000000000001
2026/10/03 17:39:46.951, 210 MHz, 405 MHz, 12.18 W, 44, 0x0000000000000001
2026/10/03 17:39:47.151, 210 MHz, 405 MHz, 12.14 W, 44, 0x0000000000000001
2026/10/03 17:39:47.351, 210 MHz, 405 MHz, 12.14 W, 44, 0x0000000000000001
2026/10/03 17:39:47.551, 210 MHz, 405 MHz, 12.14 W, 44, 0x0000000000000001
2026/10/03 17:39:47.752, 210 MHz, 405 MHz, 12.18 W, 43, 0x0000000000000001
2026/10/03 17:39:47.952, 210 MHz, 405 MHz, 12.18 W, 43, 0x0000000000000001
2026/10/03 17:39:48.152, 210 MHz, 405 MHz, 12.16 W, 43, 0x0000000000000001
2026/10/03 17:39:48.352, 210 MHz, 405 MHz, 12.16 W, 43, 0x0000000000000001
2026/10/03 17:39:48.552, 210 MHz, 405 MHz, 12.16 W, 43, 0x0000000000000001
2026/10/03 17:39:48.752, 210 MHz, 405 MHz, 13.16 W, 43, 0x0000000000000001
2026/10/03 17:39:48.952, 210 MHz, 405 MHz, 13.16 W, 43, 0x0000000000000001
2026/10/03 17:39:49.152, 210 MHz, 405 MHz, 12.13 W, 43, 0x0000000000000001
2026/10/03 17:39:49.353, 210 MHz, 405 MHz, 12.13 W, 43, 0x0000000000000001
2026/10/03 17:39:49.553, 210 MHz, 405 MHz, 12.13 W, 43, 0x0000000000000001
2026/10/03 17:39:49.753, 210 MHz, 405 MHz, 12.26 W, 43, 0x0000000000000001
2026/10/03 17:39:49.953, 210 MHz, 405 MHz, 12.26 W, 43, 0x0000000000000001
2026/10/03 17:39:50.153, 210 MHz, 405 MHz, 12.25 W, 43, 0x0000000000000001
2026/10/03 17:39:50.353, 210 MHz, 405 MHz, 12.25 W, 43, 0x0000000000000001
2026/10/03 17:39:50.553, 210 MHz, 405 MHz, 12.25 W, 43, 0x0000000000000001
2026/10/03 17:39:50.753, 210 MHz, 405 MHz, 12.28 W, 43, 0x0000000000000001
2026/10/03 17:39:50.954, 210 MHz, 405 MHz, 12.28 W, 43, 0x0000000000000001
2026/10/03 17:39:51.154, 210 MHz, 405 MHz, 12.15 W, 42, 0x0000000000000001
2026/10/03 17:39:51.354, 210 MHz, 405 MHz, 12.15 W, 42, 0x0000000000000001
2026/10/03 17:39:51.554, 210 MHz, 405 MHz, 12.15 W, 42, 0x0000000000000001
2026/10/03 17:39:51.754, 210 MHz, 405 MHz, 12.29 W, 42, 0x0000000000000001
2026/10/03 17:39:51.954, 210 MHz, 405 MHz, 12.29 W, 42, 0x0000000000000001
2026/10/03 17:39:52.154, 210 MHz, 405 MHz, 12.57 W, 42, 0x0000000000000001
2026/10/03 17:39:52.354, 210 MHz, 405 MHz, 12.57 W, 42, 0x0000000000000001
2026/10/03 17:39:52.555, 210 MHz, 405 MHz, 12.57 W, 42, 0x0000000000000001
2026/10/03 17:39:52.755, 210 MHz, 405 MHz, 12.23 W, 42, 0x0000000000000001
2026/10/03 17:39:52.955, 210 MHz, 405 MHz, 12.23 W, 42, 0x0000000000000001
2026/10/03 17:39:53.155, 210 MHz, 405 MHz, 12.12 W, 42, 0x0000000000000001
2026/10/03 17:39:53.355, 210 MHz, 405 MHz, 12.12 W, 42, 0x0000000000000001
2026/10/03 17:39:53.555, 210 MHz, 405 MHz, 12.12 W, 42, 0x0000000000000001
2026/10/03 17:39:53.755, 210 MHz, 405 MHz, 12.11 W, 42, 0x0000000000000001
2026/10/03 17:39:53.956, 210 MHz, 405 MHz, 12.11 W, 42, 0x0000000000000001
2026/10/03 17:39:54.156, 210 MHz, 405 MHz, 12.02 W, 42, 0x0000000000000001
2026/10/03 17:39:54.356, 210 MHz, 405 MHz, 12.02 W, 42, 0x0000000000000001
2026/10/03 17:39:54.556, 210 MHz, 405 MHz, 12.02 W, 42, 0x0000000000000001
2026/10/03 17:39:54.756, 210 MHz, 405 MHz, 12.20 W, 42, 0x0000000000000001
2026/10/03 17:39:54.956, 210 MHz, 405 MHz, 12.20 W, 42, 0x0000000000000001
2026/10/03 17:39:55.156, 210 MHz, 405 MHz, 12.23 W, 42, 0x0000000000000001
2026/10/03 17:39:55.357, 210 MHz, 405 MHz, 12.23 W, 42, 0x0000000000000001
2026/10/03 17:39:55.557, 210 MHz, 405 MHz, 12.23 W, 42, 0x0000000000000001
2026/10/03 17:39:55.757, 210 MHz, 405 MHz, 13.09 W, 42, 0x0000000000000001
2026/10/03 17:39:55.957, 210 MHz, 405 MHz, 13.09 W, 42, 0x0000000000000001
2026/10/03 17:39:56.157, 210 MHz, 405 MHz, 12.50 W, 42, 0x0000000000000001
2026/10/03 17:39:56.357, 210 MHz, 405 MHz, 12.50 W, 42, 0x0000000000000001
2026/10/03 17:39:56.557, 210 MHz, 405 MHz, 12.50 W, 42, 0x0000000000000001
2026/10/03 17:39:56.757, 210 MHz, 405 MHz, 13.25 W, 42, 0x0000000000000001
2026/10/03 17:39:56.958, 210 MHz, 405 MHz, 13.25 W, 42, 0x0000000000000001
2026/10/03 17:39:57.158, 210 MHz, 405 MHz, 12.21 W, 41, 0x0000000000000001
2026/10/03 17:39:57.358, 210 MHz, 405 MHz, 12.21 W, 41, 0x0000000000000001
2026/10/03 17:39:57.558, 210 MHz, 405 MHz, 12.21 W, 41, 0x0000000000000001
2026/10/03 17:39:57.758, 210 MHz, 405 MHz, 12.21 W, 41, 0x0000000000000001
2026/10/03 17:39:57.959, 210 MHz, 405 MHz, 12.21 W, 41, 0x0000000000000001
2026/10/03 17:39:58.159, 210 MHz, 405 MHz, 12.84 W, 41, 0x0000000000000001
2026/10/03 17:39:58.360, 210 MHz, 405 MHz, 12.84 W, 41, 0x0000000000000001
2026/10/03 17:39:58.560, 210 MHz, 405 MHz, 12.84 W, 41, 0x0000000000000001
2026/10/03 17:39:58.760, 210 MHz, 405 MHz, 13.08 W, 41, 0x0000000000000001
2026/10/03 17:39:58.960, 210 MHz, 405 MHz, 13.08 W, 41, 0x0000000000000001
2026/10/03 17:39:59.161, 2520 MHz, 10251 MHz, 41.44 W, 42, 0x0000000000000000
2026/10/03 17:39:59.361, 2520 MHz, 10251 MHz, 41.44 W, 42, 0x0000000000000000
2026/10/03 17:39:59.561, 2520 MHz, 10251 MHz, 41.44 W, 42, 0x0000000000000000
2026/10/03 17:39:59.761, 2745 MHz, 10251 MHz, 123.44 W, 48, 0x0000000000000000
2026/10/03 17:39:59.961, 2745 MHz, 10251 MHz, 123.44 W, 48, 0x0000000000000000
2026/10/03 17:40:00.161, 2730 MHz, 10251 MHz, 150.15 W, 55, 0x0000000000000000
2026/10/03 17:40:00.361, 2730 MHz, 10251 MHz, 150.15 W, 55, 0x0000000000000000
2026/10/03 17:40:00.561, 2730 MHz, 10251 MHz, 150.15 W, 55, 0x0000000000000000
2026/10/03 17:40:00.762, 2715 MHz, 10251 MHz, 171.45 W, 61, 0x0000000000000000
2026/10/03 17:40:00.962, 2715 MHz, 10251 MHz, 171.45 W, 61, 0x0000000000000000
2026/10/03 17:40:01.162, 2580 MHz, 10251 MHz, 214.83 W, 66, 0x0000000000000004
2026/10/03 17:40:01.362, 2580 MHz, 10251 MHz, 214.83 W, 66, 0x0000000000000004
2026/10/03 17:40:01.562, 2580 MHz, 10251 MHz, 214.83 W, 66, 0x0000000000000004
2026/10/03 17:40:01.762, 2730 MHz, 10501 MHz, 46.85 W, 48, 0x0000000000000000
2026/10/03 17:40:01.963, 2730 MHz, 10501 MHz, 46.85 W, 48, 0x0000000000000000
2026/10/03 17:40:02.163, 2730 MHz, 10501 MHz, 46.44 W, 46, 0x0000000000000000
2026/10/03 17:40:02.363, 2730 MHz, 10501 MHz, 46.44 W, 46, 0x0000000000000000
2026/10/03 17:40:02.563, 2730 MHz, 10501 MHz, 46.44 W, 46, 0x0000000000000000
2026/10/03 17:40:02.763, 2730 MHz, 10501 MHz, 48.73 W, 46, 0x0000000000000000
2026/10/03 17:40:02.963, 2730 MHz, 10501 MHz, 48.73 W, 46, 0x0000000000000000
2026/10/03 17:40:03.163, 2730 MHz, 10501 MHz, 48.19 W, 45, 0x0000000000000000
2026/10/03 17:40:03.363, 2730 MHz, 10501 MHz, 48.19 W, 45, 0x0000000000000000
2026/10/03 17:40:03.564, 2730 MHz, 10501 MHz, 48.19 W, 45, 0x0000000000000000
2026/10/03 17:40:03.764, 705 MHz, 5001 MHz, 23.22 W, 44, 0x0000000000000001
2026/10/03 17:40:03.964, 705 MHz, 5001 MHz, 23.22 W, 44, 0x0000000000000001
2026/10/03 17:40:04.164, 600 MHz, 5001 MHz, 22.89 W, 43, 0x0000000000000001
2026/10/03 17:40:04.365, 600 MHz, 5001 MHz, 22.89 W, 43, 0x0000000000000001
2026/10/03 17:40:04.565, 600 MHz, 5001 MHz, 22.89 W, 43, 0x0000000000000001
2026/10/03 17:40:04.765, 465 MHz, 5001 MHz, 23.04 W, 43, 0x0000000000000001
2026/10/03 17:40:04.965, 465 MHz, 5001 MHz, 23.04 W, 43, 0x0000000000000001
2026/10/03 17:40:05.165, 390 MHz, 5001 MHz, 22.74 W, 42, 0x0000000000000001
2026/10/03 17:40:05.365, 390 MHz, 5001 MHz, 22.74 W, 42, 0x0000000000000001
2026/10/03 17:40:05.565, 315 MHz, 5001 MHz, 22.83 W, 42, 0x0000000000000001
2026/10/03 17:40:05.765, 315 MHz, 5001 MHz, 22.83 W, 42, 0x0000000000000001
2026/10/03 17:40:05.966, 315 MHz, 5001 MHz, 22.83 W, 42, 0x0000000000000001
2026/10/03 17:40:06.166, 270 MHz, 5001 MHz, 22.67 W, 42, 0x0000000000000001
2026/10/03 17:40:06.366, 270 MHz, 5001 MHz, 22.67 W, 42, 0x0000000000000001
2026/10/03 17:40:06.566, 210 MHz, 5001 MHz, 22.83 W, 42, 0x0000000000000001
2026/10/03 17:40:06.766, 210 MHz, 5001 MHz, 22.83 W, 42, 0x0000000000000001
2026/10/03 17:40:06.967, 210 MHz, 5001 MHz, 22.83 W, 42, 0x0000000000000001
2026/10/03 17:40:07.167, 210 MHz, 5001 MHz, 22.68 W, 42, 0x0000000000000001
2026/10/03 17:40:07.367, 210 MHz, 5001 MHz, 22.68 W, 42, 0x0000000000000001
2026/10/03 17:40:07.567, 210 MHz, 810 MHz, 20.08 W, 42, 0x0000000000000001
2026/10/03 17:40:07.767, 210 MHz, 810 MHz, 20.08 W, 42, 0x0000000000000001
2026/10/03 17:40:07.967, 210 MHz, 810 MHz, 20.08 W, 42, 0x0000000000000001
2026/10/03 17:40:08.167, 210 MHz, 810 MHz, 19.52 W, 42, 0x0000000000000001
2026/10/03 17:40:08.367, 210 MHz, 810 MHz, 19.52 W, 42, 0x0000000000000001
2026/10/03 17:40:08.568, 210 MHz, 810 MHz, 19.70 W, 41, 0x0000000000000001
2026/10/03 17:40:08.768, 210 MHz, 810 MHz, 19.70 W, 41, 0x0000000000000001
2026/10/03 17:40:08.968, 210 MHz, 810 MHz, 19.70 W, 41, 0x0000000000000001
2026/10/03 17:40:09.168, 210 MHz, 405 MHz, 13.14 W, 41, 0x0000000000000001
2026/10/03 17:40:09.368, 210 MHz, 405 MHz, 13.14 W, 41, 0x0000000000000001
2026/10/03 17:40:09.569, 210 MHz, 405 MHz, 12.26 W, 41, 0x0000000000000001
2026/10/03 17:40:09.769, 210 MHz, 405 MHz, 12.26 W, 41, 0x0000000000000001
2026/10/03 17:40:09.969, 210 MHz, 405 MHz, 12.26 W, 41, 0x0000000000000001
2026/10/03 17:40:10.169, 210 MHz, 405 MHz, 12.22 W, 41, 0x0000000000000001
2026/10/03 17:40:10.369, 210 MHz, 405 MHz, 12.22 W, 41, 0x0000000000000001
2026/10/03 17:40:10.569, 210 MHz, 405 MHz, 12.21 W, 41, 0x0000000000000001
2026/10/03 17:40:10.770, 210 MHz, 405 MHz, 12.21 W, 41, 0x0000000000000001
2026/10/03 17:40:10.970, 210 MHz, 405 MHz, 12.21 W, 41, 0x0000000000000001
2026/10/03 17:40:11.170, 210 MHz, 405 MHz, 12.10 W, 41, 0x0000000000000001
2026/10/03 17:40:11.370, 210 MHz, 405 MHz, 12.10 W, 41, 0x0000000000000001
2026/10/03 17:40:11.570, 210 MHz, 405 MHz, 13.12 W, 41, 0x0000000000000001
2026/10/03 17:40:11.770, 210 MHz, 405 MHz, 13.12 W, 41, 0x0000000000000001
2026/10/03 17:40:11.970, 210 MHz, 405 MHz, 13.12 W, 41, 0x0000000000000001
2026/10/03 17:40:12.170, 210 MHz, 405 MHz, 12.79 W, 41, 0x0000000000000001
2026/10/03 17:40:12.370, 210 MHz, 405 MHz, 12.79 W, 41, 0x0000000000000001
2026/10/03 17:40:12.571, 210 MHz, 405 MHz, 12.94 W, 41, 0x0000000000000001
2026/10/03 17:40:12.771, 210 MHz, 405 MHz, 12.94 W, 41, 0x0000000000000001
2026/10/03 17:40:12.971, 210 MHz, 405 MHz, 12.94 W, 41, 0x0000000000000001
2026/10/03 17:40:13.171, 210 MHz, 405 MHz, 12.17 W, 40, 0x0000000000000001
2026/10/03 17:40:13.371, 210 MHz, 405 MHz, 12.17 W, 40, 0x0000000000000001
2026/10/03 17:40:13.571, 210 MHz, 405 MHz, 12.18 W, 40, 0x0000000000000001
2026/10/03 17:40:13.771, 210 MHz, 405 MHz, 12.18 W, 40, 0x0000000000000001
2026/10/03 17:40:13.972, 210 MHz, 405 MHz, 12.18 W, 40, 0x0000000000000001
2026/10/03 17:40:14.172, 210 MHz, 405 MHz, 12.18 W, 40, 0x0000000000000001
2026/10/03 17:40:14.372, 210 MHz, 405 MHz, 12.18 W, 40, 0x0000000000000001
2026/10/03 17:40:14.572, 210 MHz, 405 MHz, 12.26 W, 40, 0x0000000000000001
2026/10/03 17:40:14.773, 210 MHz, 405 MHz, 12.26 W, 40, 0x0000000000000001
2026/10/03 17:40:14.973, 210 MHz, 405 MHz, 12.26 W, 40, 0x0000000000000001
2026/10/03 17:40:15.173, 210 MHz, 405 MHz, 12.18 W, 40, 0x0000000000000001
2026/10/03 17:40:15.374, 210 MHz, 405 MHz, 12.18 W, 40, 0x0000000000000001
2026/10/03 17:40:15.574, 210 MHz, 405 MHz, 12.22 W, 40, 0x0000000000000001
2026/10/03 17:40:15.774, 210 MHz, 405 MHz, 12.22 W, 40, 0x0000000000000001
2026/10/03 17:40:15.974, 210 MHz, 405 MHz, 12.22 W, 40, 0x0000000000000001
2026/10/03 17:40:16.174, 210 MHz, 405 MHz, 12.65 W, 40, 0x0000000000000001
2026/10/03 17:40:16.374, 210 MHz, 405 MHz, 12.65 W, 40, 0x0000000000000001
2026/10/03 17:40:16.575, 210 MHz, 405 MHz, 13.00 W, 40, 0x0000000000000001
2026/10/03 17:40:16.775, 210 MHz, 405 MHz, 13.00 W, 40, 0x0000000000000001
2026/10/03 17:40:16.975, 210 MHz, 405 MHz, 13.00 W, 40, 0x0000000000000001
2026/10/03 17:40:17.175, 210 MHz, 405 MHz, 12.75 W, 40, 0x0000000000000001
2026/10/03 17:40:17.375, 210 MHz, 405 MHz, 12.75 W, 40, 0x0000000000000001
2026/10/03 17:40:17.575, 210 MHz, 405 MHz, 12.77 W, 40, 0x0000000000000001
2026/10/03 17:40:17.776, 210 MHz, 405 MHz, 12.77 W, 40, 0x0000000000000001
2026/10/03 17:40:17.976, 210 MHz, 405 MHz, 12.77 W, 40, 0x0000000000000001
2026/10/03 17:40:18.176, 210 MHz, 405 MHz, 12.08 W, 40, 0x0000000000000001
2026/10/03 17:40:18.376, 210 MHz, 405 MHz, 12.08 W, 40, 0x0000000000000001
2026/10/03 17:40:18.576, 210 MHz, 405 MHz, 12.13 W, 40, 0x0000000000000001
2026/10/03 17:40:18.776, 210 MHz, 405 MHz, 12.13 W, 40, 0x0000000000000001
2026/10/03 17:40:18.977, 210 MHz, 405 MHz, 12.13 W, 40, 0x0000000000000001
2026/10/03 17:40:19.177, 210 MHz, 405 MHz, 11.85 W, 40, 0x0000000000000001
2026/10/03 17:40:19.378, 210 MHz, 405 MHz, 11.85 W, 40, 0x0000000000000001
2026/10/03 17:40:19.578, 210 MHz, 405 MHz, 12.10 W, 40, 0x0000000000000001
2026/10/03 17:40:19.778, 210 MHz, 405 MHz, 12.10 W, 40, 0x0000000000000001
2026/10/03 17:40:19.979, 210 MHz, 405 MHz, 12.10 W, 40, 0x0000000000000001
2026/10/03 17:40:20.179, 210 MHz, 405 MHz, 11.99 W, 40, 0x0000000000000001
2026/10/03 17:40:20.379, 210 MHz, 405 MHz, 11.99 W, 40, 0x0000000000000001
2026/10/03 17:40:20.580, 210 MHz, 405 MHz, 12.05 W, 40, 0x0000000000000001
2026/10/03 17:40:20.780, 210 MHz, 405 MHz, 12.05 W, 40, 0x0000000000000001
2026/10/03 17:40:20.980, 210 MHz, 405 MHz, 12.05 W, 40, 0x0000000000000001
2026/10/03 17:40:21.180, 210 MHz, 405 MHz, 11.90 W, 39, 0x0000000000000001
2026/10/03 17:40:21.381, 210 MHz, 405 MHz, 11.90 W, 39, 0x0000000000000001
2026/10/03 17:40:21.581, 210 MHz, 405 MHz, 12.11 W, 39, 0x0000000000000001
2026/10/03 17:40:21.781, 210 MHz, 405 MHz, 12.11 W, 39, 0x0000000000000001
2026/10/03 17:40:21.981, 210 MHz, 405 MHz, 12.11 W, 39, 0x0000000000000001
2026/10/03 17:40:22.181, 210 MHz, 405 MHz, 12.05 W, 39, 0x0000000000000001
2026/10/03 17:40:22.381, 210 MHz, 405 MHz, 12.05 W, 39, 0x0000000000000001
2026/10/03 17:40:22.582, 2520 MHz, 10251 MHz, 48.53 W, 41, 0x0000000000000000
2026/10/03 17:40:22.782, 2520 MHz, 10251 MHz, 48.53 W, 41, 0x0000000000000000
2026/10/03 17:40:22.982, 2520 MHz, 10251 MHz, 48.53 W, 41, 0x0000000000000000
2026/10/03 17:40:23.182, 2730 MHz, 10251 MHz, 156.77 W, 50, 0x0000000000000000
2026/10/03 17:40:23.382, 2730 MHz, 10251 MHz, 156.77 W, 50, 0x0000000000000000
2026/10/03 17:40:23.582, 2730 MHz, 10251 MHz, 182.34 W, 58, 0x0000000000000000
2026/10/03 17:40:23.782, 2730 MHz, 10251 MHz, 182.34 W, 58, 0x0000000000000000
2026/10/03 17:40:23.982, 2730 MHz, 10251 MHz, 182.34 W, 58, 0x0000000000000000
2026/10/03 17:40:24.182, 2715 MHz, 10251 MHz, 206.90 W, 63, 0x0000000000000004
2026/10/03 17:40:24.383, 2715 MHz, 10251 MHz, 206.90 W, 63, 0x0000000000000004
2026/10/03 17:40:24.583, 2730 MHz, 10501 MHz, 50.82 W, 49, 0x0000000000000000
2026/10/03 17:40:24.783, 2730 MHz, 10501 MHz, 50.82 W, 49, 0x0000000000000000
2026/10/03 17:40:24.983, 2730 MHz, 10501 MHz, 50.82 W, 49, 0x0000000000000000
2026/10/03 17:40:25.183, 2745 MHz, 10501 MHz, 45.98 W, 45, 0x0000000000000000
2026/10/03 17:40:25.383, 2745 MHz, 10501 MHz, 45.98 W, 45, 0x0000000000000000
2026/10/03 17:40:25.583, 2745 MHz, 10501 MHz, 46.08 W, 44, 0x0000000000000000
2026/10/03 17:40:25.784, 2745 MHz, 10501 MHz, 46.08 W, 44, 0x0000000000000000
2026/10/03 17:40:25.984, 2745 MHz, 10501 MHz, 46.08 W, 44, 0x0000000000000000
2026/10/03 17:40:26.184, 2520 MHz, 10501 MHz, 45.80 W, 44, 0x0000000000000000
2026/10/03 17:40:26.384, 2520 MHz, 10501 MHz, 45.80 W, 44, 0x0000000000000000
2026/10/03 17:40:26.584, 810 MHz, 5001 MHz, 23.06 W, 42, 0x0000000000000001
2026/10/03 17:40:26.784, 810 MHz, 5001 MHz, 23.06 W, 42, 0x0000000000000001
2026/10/03 17:40:26.984, 810 MHz, 5001 MHz, 23.06 W, 42, 0x0000000000000001
2026/10/03 17:40:27.185, 630 MHz, 5001 MHz, 22.90 W, 42, 0x0000000000000001
2026/10/03 17:40:27.385, 630 MHz, 5001 MHz, 22.90 W, 42, 0x0000000000000001
2026/10/03 17:40:27.585, 525 MHz, 5001 MHz, 22.85 W, 42, 0x0000000000000001
2026/10/03 17:40:27.785, 525 MHz, 5001 MHz, 22.85 W, 42, 0x0000000000000001
2026/10/03 17:40:27.985, 525 MHz, 5001 MHz, 22.85 W, 42, 0x0000000000000001
2026/10/03 17:40:28.186, 420 MHz, 5001 MHz, 22.74 W, 42, 0x0000000000000001
2026/10/03 17:40:28.386, 420 MHz, 5001 MHz, 22.74 W, 42, 0x0000000000000001
2026/10/03 17:40:28.586, 345 MHz, 5001 MHz, 22.76 W, 42, 0x0000000000000001
2026/10/03 17:40:28.786, 345 MHz, 5001 MHz, 22.76 W, 42, 0x0000000000000001
2026/10/03 17:40:28.987, 345 MHz, 5001 MHz, 22.76 W, 42, 0x0000000000000001
2026/10/03 17:40:29.187, 270 MHz, 810 MHz, 18.98 W, 41, 0x0000000000000001
2026/10/03 17:40:29.387, 270 MHz, 810 MHz, 18.98 W, 41, 0x0000000000000001
2026/10/03 17:40:29.587, 240 MHz, 810 MHz, 19.44 W, 41, 0x0000000000000001
2026/10/03 17:40:29.788, 240 MHz, 810 MHz, 19.44 W, 41, 0x0000000000000001
2026/10/03 17:40:29.988, 240 MHz, 810 MHz, 19.44 W, 41, 0x0000000000000001
2026/10/03 17:40:30.188, 210 MHz, 810 MHz, 19.10 W, 41, 0x0000000000000001
2026/10/03 17:40:30.388, 210 MHz, 810 MHz, 19.10 W, 41, 0x0000000000000001
2026/10/03 17:40:30.588, 210 MHz, 405 MHz, 13.04 W, 41, 0x0000000000000001
2026/10/03 17:40:30.789, 210 MHz, 405 MHz, 13.04 W, 41, 0x0000000000000001
2026/10/03 17:40:30.989, 210 MHz, 405 MHz, 13.04 W, 41, 0x0000000000000001
2026/10/03 17:40:31.189, 210 MHz, 405 MHz, 12.09 W, 41, 0x0000000000000001
2026/10/03 17:40:31.390, 210 MHz, 405 MHz, 12.09 W, 41, 0x0000000000000001
2026/10/03 17:40:31.590, 210 MHz, 405 MHz, 12.14 W, 41, 0x0000000000000001
2026/10/03 17:40:31.790, 210 MHz, 405 MHz, 12.14 W, 41, 0x0000000000000001
2026/10/03 17:40:31.991, 210 MHz, 405 MHz, 12.14 W, 41, 0x0000000000000001
2026/10/03 17:40:32.191, 210 MHz, 405 MHz, 12.02 W, 41, 0x0000000000000001
2026/10/03 17:40:32.391, 210 MHz, 405 MHz, 12.02 W, 41, 0x0000000000000001
2026/10/03 17:40:32.592, 210 MHz, 405 MHz, 12.09 W, 41, 0x0000000000000001
2026/10/03 17:40:32.792, 210 MHz, 405 MHz, 12.09 W, 41, 0x0000000000000001
2026/10/03 17:40:32.992, 210 MHz, 405 MHz, 12.09 W, 41, 0x0000000000000001
2026/10/03 17:40:33.192, 210 MHz, 405 MHz, 12.04 W, 41, 0x0000000000000001
2026/10/03 17:40:33.393, 210 MHz, 405 MHz, 12.04 W, 41, 0x0000000000000001
2026/10/03 17:40:33.593, 210 MHz, 405 MHz, 12.06 W, 41, 0x0000000000000001
2026/10/03 17:40:33.793, 210 MHz, 405 MHz, 12.06 W, 41, 0x0000000000000001
2026/10/03 17:40:33.994, 210 MHz, 405 MHz, 12.06 W, 41, 0x0000000000000001
2026/10/03 17:40:34.194, 210 MHz, 405 MHz, 12.00 W, 41, 0x0000000000000001
2026/10/03 17:40:34.394, 210 MHz, 405 MHz, 12.00 W, 41, 0x0000000000000001
2026/10/03 17:40:34.594, 210 MHz, 405 MHz, 12.13 W, 41, 0x0000000000000001
2026/10/03 17:40:34.795, 210 MHz, 405 MHz, 12.13 W, 41, 0x0000000000000001
2026/10/03 17:40:34.995, 210 MHz, 405 MHz, 12.13 W, 41, 0x0000000000000001
2026/10/03 17:40:35.195, 210 MHz, 405 MHz, 12.14 W, 41, 0x0000000000000001
2026/10/03 17:40:35.395, 210 MHz, 405 MHz, 12.14 W, 41, 0x0000000000000001
2026/10/03 17:40:35.596, 210 MHz, 405 MHz, 12.07 W, 41, 0x0000000000000001
2026/10/03 17:40:35.796, 210 MHz, 405 MHz, 12.07 W, 41, 0x0000000000000001
2026/10/03 17:40:35.996, 210 MHz, 405 MHz, 12.07 W, 41, 0x0000000000000001
2026/10/03 17:40:36.196, 210 MHz, 405 MHz, 12.04 W, 41, 0x0000000000000001
2026/10/03 17:40:36.397, 210 MHz, 405 MHz, 12.04 W, 41, 0x0000000000000001
2026/10/03 17:40:36.597, 210 MHz, 405 MHz, 12.20 W, 41, 0x0000000000000001
2026/10/03 17:40:36.797, 210 MHz, 405 MHz, 12.20 W, 41, 0x0000000000000001
2026/10/03 17:40:36.997, 210 MHz, 405 MHz, 12.20 W, 41, 0x0000000000000001
2026/10/03 17:40:37.197, 210 MHz, 405 MHz, 12.07 W, 41, 0x0000000000000001
2026/10/03 17:40:37.397, 210 MHz, 405 MHz, 12.07 W, 41, 0x0000000000000001
2026/10/03 17:40:37.598, 210 MHz, 405 MHz, 12.20 W, 41, 0x0000000000000001
2026/10/03 17:40:37.798, 210 MHz, 405 MHz, 12.20 W, 41, 0x0000000000000001
2026/10/03 17:40:37.998, 210 MHz, 405 MHz, 12.20 W, 41, 0x0000000000000001
2026/10/03 17:40:38.198, 210 MHz, 405 MHz, 12.04 W, 41, 0x0000000000000001
2026/10/03 17:40:38.398, 210 MHz, 405 MHz, 12.04 W, 41, 0x0000000000000001
2026/10/03 17:40:38.599, 210 MHz, 405 MHz, 12.07 W, 41, 0x0000000000000001
2026/10/03 17:40:38.799, 210 MHz, 405 MHz, 12.07 W, 41, 0x0000000000000001
2026/10/03 17:40:38.999, 210 MHz, 405 MHz, 12.07 W, 41, 0x0000000000000001
2026/10/03 17:40:39.199, 210 MHz, 405 MHz, 11.98 W, 41, 0x0000000000000001
2026/10/03 17:40:39.399, 210 MHz, 405 MHz, 11.98 W, 41, 0x0000000000000001
2026/10/03 17:40:39.599, 210 MHz, 405 MHz, 12.12 W, 41, 0x0000000000000001
2026/10/03 17:40:39.799, 210 MHz, 405 MHz, 12.12 W, 41, 0x0000000000000001
2026/10/03 17:40:40.000, 210 MHz, 405 MHz, 12.12 W, 41, 0x0000000000000001
2026/10/03 17:40:40.200, 210 MHz, 405 MHz, 12.23 W, 41, 0x0000000000000001
2026/10/03 17:40:40.400, 210 MHz, 405 MHz, 12.23 W, 41, 0x0000000000000001
2026/10/03 17:40:40.600, 210 MHz, 405 MHz, 12.10 W, 41, 0x0000000000000001
2026/10/03 17:40:40.800, 210 MHz, 405 MHz, 12.10 W, 41, 0x0000000000000001
2026/10/03 17:40:41.001, 210 MHz, 405 MHz, 12.10 W, 41, 0x0000000000000001
2026/10/03 17:40:41.201, 210 MHz, 405 MHz, 12.07 W, 41, 0x0000000000000001
2026/10/03 17:40:41.401, 210 MHz, 405 MHz, 12.07 W, 41, 0x0000000000000001
2026/10/03 17:40:41.601, 210 MHz, 405 MHz, 12.27 W, 41, 0x0000000000000001
2026/10/03 17:40:41.802, 210 MHz, 405 MHz, 12.27 W, 41, 0x0000000000000001
2026/10/03 17:40:42.002, 210 MHz, 405 MHz, 12.27 W, 41, 0x0000000000000001
2026/10/03 17:40:42.202, 210 MHz, 405 MHz, 12.64 W, 41, 0x0000000000000001
2026/10/03 17:40:42.402, 210 MHz, 405 MHz, 12.64 W, 41, 0x0000000000000001
2026/10/03 17:40:42.603, 210 MHz, 405 MHz, 12.10 W, 41, 0x0000000000000001
2026/10/03 17:40:42.803, 210 MHz, 405 MHz, 12.10 W, 41, 0x0000000000000001
2026/10/03 17:40:43.003, 210 MHz, 405 MHz, 12.10 W, 41, 0x0000000000000001
2026/10/03 17:40:43.203, 210 MHz, 405 MHz, 12.02 W, 41, 0x0000000000000001
2026/10/03 17:40:43.403, 210 MHz, 405 MHz, 12.02 W, 41, 0x0000000000000001
2026/10/03 17:40:43.604, 210 MHz, 405 MHz, 12.13 W, 41, 0x0000000000000001
2026/10/03 17:40:43.804, 210 MHz, 405 MHz, 12.13 W, 41, 0x0000000000000001
2026/10/03 17:40:44.004, 210 MHz, 405 MHz, 12.13 W, 41, 0x0000000000000001
2026/10/03 17:40:44.204, 210 MHz, 405 MHz, 12.04 W, 41, 0x0000000000000001
2026/10/03 17:40:44.404, 210 MHz, 405 MHz, 12.04 W, 41, 0x0000000000000001
2026/10/03 17:40:44.605, 210 MHz, 405 MHz, 12.84 W, 41, 0x0000000000000001
2026/10/03 17:40:44.805, 210 MHz, 405 MHz, 12.84 W, 41, 0x0000000000000001
2026/10/03 17:40:45.005, 210 MHz, 405 MHz, 12.84 W, 41, 0x0000000000000001
2026/10/03 17:40:45.205, 210 MHz, 405 MHz, 12.21 W, 41, 0x0000000000000001
2026/10/03 17:40:45.405, 210 MHz, 405 MHz, 12.21 W, 41, 0x0000000000000001
2026/10/03 17:40:45.606, 2520 MHz, 10251 MHz, 38.05 W, 43, 0x0000000000000000
2026/10/03 17:40:45.806, 2520 MHz, 10251 MHz, 38.05 W, 43, 0x0000000000000000
2026/10/03 17:40:46.006, 2520 MHz, 10251 MHz, 38.05 W, 43, 0x0000000000000000
2026/10/03 17:40:46.206, 2730 MHz, 10251 MHz, 139.22 W, 50, 0x0000000000000000
2026/10/03 17:40:46.406, 2730 MHz, 10251 MHz, 139.22 W, 50, 0x0000000000000000
2026/10/03 17:40:46.606, 2730 MHz, 10251 MHz, 137.21 W, 51, 0x0000000000000000
2026/10/03 17:40:46.806, 2730 MHz, 10251 MHz, 137.21 W, 51, 0x0000000000000000
2026/10/03 17:40:47.006, 2730 MHz, 10251 MHz, 137.21 W, 51, 0x0000000000000000
2026/10/03 17:40:47.207, 2730 MHz, 10251 MHz, 156.51 W, 54, 0x0000000000000000
2026/10/03 17:40:47.407, 2730 MHz, 10251 MHz, 156.51 W, 54, 0x0000000000000000
2026/10/03 17:40:47.607, 2715 MHz, 10251 MHz, 155.87 W, 56, 0x0000000000000000
2026/10/03 17:40:47.807, 2715 MHz, 10251 MHz, 155.87 W, 56, 0x0000000000000000
2026/10/03 17:40:48.007, 2715 MHz, 10251 MHz, 155.87 W, 56, 0x0000000000000000
2026/10/03 17:40:48.207, 2715 MHz, 10251 MHz, 164.42 W, 57, 0x0000000000000000
2026/10/03 17:40:48.407, 2715 MHz, 10251 MHz, 164.42 W, 57, 0x0000000000000000
2026/10/03 17:40:48.607, 2700 MHz, 10251 MHz, 201.65 W, 62, 0x0000000000000000
2026/10/03 17:40:48.807, 2700 MHz, 10251 MHz, 201.65 W, 62, 0x0000000000000000
2026/10/03 17:40:49.008, 2700 MHz, 10251 MHz, 201.65 W, 62, 0x0000000000000000
2026/10/03 17:40:49.208, 2715 MHz, 10251 MHz, 194.42 W, 62, 0x0000000000000000
2026/10/03 17:40:49.408, 2715 MHz, 10251 MHz, 194.42 W, 62, 0x0000000000000000
2026/10/03 17:40:49.608, 2715 MHz, 10251 MHz, 205.71 W, 65, 0x0000000000000004
2026/10/03 17:40:49.808, 2715 MHz, 10251 MHz, 205.71 W, 65, 0x0000000000000004
2026/10/03 17:40:50.008, 2715 MHz, 10251 MHz, 205.71 W, 65, 0x0000000000000004
2026/10/03 17:40:50.208, 2640 MHz, 10251 MHz, 222.78 W, 69, 0x0000000000000004
2026/10/03 17:40:50.409, 2640 MHz, 10251 MHz, 222.78 W, 69, 0x0000000000000004
2026/10/03 17:40:50.609, 2535 MHz, 10251 MHz, 225.48 W, 69, 0x0000000000000004
2026/10/03 17:40:50.809, 2535 MHz, 10251 MHz, 225.48 W, 69, 0x0000000000000004
2026/10/03 17:40:51.009, 2535 MHz, 10251 MHz, 225.48 W, 69, 0x0000000000000004
2026/10/03 17:40:51.209, 2565 MHz, 10251 MHz, 221.76 W, 70, 0x0000000000000004
2026/10/03 17:40:51.410, 2565 MHz, 10251 MHz, 221.76 W, 70, 0x0000000000000004
2026/10/03 17:40:51.610, 2730 MHz, 10501 MHz, 53.06 W, 54, 0x0000000000000000
2026/10/03 17:40:51.810, 2730 MHz, 10501 MHz, 53.06 W, 54, 0x0000000000000000
2026/10/03 17:40:52.010, 2730 MHz, 10501 MHz, 53.06 W, 54, 0x0000000000000000
2026/10/03 17:40:52.210, 2730 MHz, 10501 MHz, 49.26 W, 50, 0x0000000000000000
2026/10/03 17:40:52.410, 2730 MHz, 10501 MHz, 49.26 W, 50, 0x0000000000000000
2026/10/03 17:40:52.610, 2730 MHz, 10501 MHz, 48.91 W, 49, 0x0000000000000000
2026/10/03 17:40:52.810, 2730 MHz, 10501 MHz, 48.91 W, 49, 0x0000000000000000
2026/10/03 17:40:53.011, 2730 MHz, 10501 MHz, 48.91 W, 49, 0x0000000000000000
2026/10/03 17:40:53.211, 2520 MHz, 10501 MHz, 48.56 W, 49, 0x0000000000000000
2026/10/03 17:40:53.411, 2520 MHz, 10501 MHz, 48.56 W, 49, 0x0000000000000000
2026/10/03 17:40:53.611, 810 MHz, 5001 MHz, 24.00 W, 47, 0x0000000000000001
2026/10/03 17:40:53.811, 810 MHz, 5001 MHz, 24.00 W, 47, 0x0000000000000001
2026/10/03 17:40:54.012, 810 MHz, 5001 MHz, 24.00 W, 47, 0x0000000000000001
2026/10/03 17:40:54.212, 645 MHz, 5001 MHz, 23.94 W, 46, 0x0000000000000001
2026/10/03 17:40:54.412, 645 MHz, 5001 MHz, 23.94 W, 46, 0x0000000000000001
2026/10/03 17:40:54.612, 540 MHz, 5001 MHz, 23.13 W, 46, 0x0000000000000001
2026/10/03 17:40:54.812, 540 MHz, 5001 MHz, 23.13 W, 46, 0x0000000000000001
2026/10/03 17:40:55.013, 540 MHz, 5001 MHz, 23.13 W, 46, 0x0000000000000001
2026/10/03 17:40:55.213, 435 MHz, 5001 MHz, 22.95 W, 46, 0x0000000000000001
2026/10/03 17:40:55.413, 435 MHz, 5001 MHz, 22.95 W, 46, 0x0000000000000001
2026/10/03 17:40:55.614, 360 MHz, 5001 MHz, 23.08 W, 45, 0x0000000000000001
2026/10/03 17:40:55.814, 360 MHz, 5001 MHz, 23.08 W, 45, 0x0000000000000001
2026/10/03 17:40:56.014, 360 MHz, 5001 MHz, 23.08 W, 45, 0x0000000000000001
2026/10/03 17:40:56.214, 285 MHz, 5001 MHz, 22.98 W, 45, 0x0000000000000001
2026/10/03 17:40:56.415, 285 MHz, 5001 MHz, 22.98 W, 45, 0x0000000000000001
2026/10/03 17:40:56.615, 240 MHz, 5001 MHz, 22.95 W, 45, 0x0000000000000001
2026/10/03 17:40:56.815, 240 MHz, 5001 MHz, 22.95 W, 45, 0x0000000000000001
2026/10/03 17:40:57.015, 240 MHz, 5001 MHz, 22.95 W, 45, 0x0000000000000001
2026/10/03 17:40:57.215, 210 MHz, 5001 MHz, 22.75 W, 45, 0x0000000000000001
2026/10/03 17:40:57.415, 210 MHz, 5001 MHz, 22.75 W, 45, 0x0000000000000001
2026/10/03 17:40:57.616, 210 MHz, 810 MHz, 20.13 W, 45, 0x0000000000000001
2026/10/03 17:40:57.816, 210 MHz, 810 MHz, 20.13 W, 45, 0x0000000000000001
2026/10/03 17:40:58.016, 210 MHz, 810 MHz, 20.13 W, 45, 0x0000000000000001
2026/10/03 17:40:58.216, 210 MHz, 810 MHz, 19.32 W, 44, 0x0000000000000001
2026/10/03 17:40:58.416, 210 MHz, 810 MHz, 19.32 W, 44, 0x0000000000000001
2026/10/03 17:40:58.617, 210 MHz, 810 MHz, 19.73 W, 44, 0x0000000000000001
2026/10/03 17:40:58.817, 210 MHz, 810 MHz, 19.73 W, 44, 0x0000000000000001
2026/10/03 17:40:59.017, 210 MHz, 810 MHz, 19.73 W, 44, 0x0000000000000001
2026/10/03 17:40:59.217, 210 MHz, 810 MHz, 19.84 W, 44, 0x0000000000000001
2026/10/03 17:40:59.417, 210 MHz, 810 MHz, 19.84 W, 44, 0x0000000000000001
2026/10/03 17:40:59.618, 210 MHz, 405 MHz, 12.24 W, 44, 0x0000000000000001
2026/10/03 17:40:59.818, 210 MHz, 405 MHz, 12.24 W, 44, 0x0000000000000001
2026/10/03 17:41:00.018, 210 MHz, 405 MHz, 12.24 W, 44, 0x0000000000000001
2026/10/03 17:41:00.218, 210 MHz, 405 MHz, 12.20 W, 44, 0x0000000000000001
2026/10/03 17:41:00.418, 210 MHz, 405 MHz, 12.20 W, 44, 0x0000000000000001
2026/10/03 17:41:00.619, 210 MHz, 405 MHz, 12.21 W, 43, 0x0000000000000001
2026/10/03 17:41:00.819, 210 MHz, 405 MHz, 12.21 W, 43, 0x0000000000000001
2026/10/03 17:41:01.019, 210 MHz, 405 MHz, 12.21 W, 43, 0x0000000000000001
2026/10/03 17:41:01.219, 210 MHz, 405 MHz, 12.12 W, 43, 0x0000000000000001
2026/10/03 17:41:01.420, 210 MHz, 405 MHz, 12.12 W, 43, 0x0000000000000001
2026/10/03 17:41:01.620, 210 MHz, 405 MHz, 12.20 W, 43, 0x0000000000000001
2026/10/03 17:41:01.820, 210 MHz, 405 MHz, 12.20 W, 43, 0x0000000000000001
2026/10/03 17:41:02.021, 210 MHz, 405 MHz, 12.20 W, 43, 0x0000000000000001
2026/10/03 17:41:02.221, 210 MHz, 405 MHz, 12.16 W, 43, 0x0000000000000001
2026/10/03 17:41:02.421, 210 MHz, 405 MHz, 12.16 W, 43, 0x0000000000000001
2026/10/03 17:41:02.622, 210 MHz, 405 MHz, 12.18 W, 43, 0x0000000000000001
2026/10/03 17:41:02.822, 210 MHz, 405 MHz, 12.18 W, 43, 0x0000000000000001
2026/10/03 17:41:03.022, 210 MHz, 405 MHz, 12.18 W, 43, 0x0000000000000001
2026/10/03 17:41:03.222, 210 MHz, 405 MHz, 12.23 W, 43, 0x0000000000000001
2026/10/03 17:41:03.423, 210 MHz, 405 MHz, 12.23 W, 43, 0x0000000000000001
2026/10/03 17:41:03.623, 210 MHz, 405 MHz, 12.14 W, 43, 0x0000000000000001
2026/10/03 17:41:03.823, 210 MHz, 405 MHz, 12.14 W, 43, 0x0000000000000001
2026/10/03 17:41:04.024, 210 MHz, 405 MHz, 12.14 W, 43, 0x0000000000000001
2026/10/03 17:41:04.224, 210 MHz, 405 MHz, 12.14 W, 42, 0x0000000000000001
2026/10/03 17:41:04.424, 210 MHz, 405 MHz, 12.14 W, 42, 0x0000000000000001
2026/10/03 17:41:04.625, 210 MHz, 405 MHz, 12.15 W, 42, 0x0000000000000001
2026/10/03 17:41:04.825, 210 MHz, 405 MHz, 12.15 W, 42, 0x0000000000000001
2026/10/03 17:41:05.025, 210 MHz, 405 MHz, 12.15 W, 42, 0x0000000000000001
2026/10/03 17:41:05.226, 210 MHz, 405 MHz, 12.09 W, 42, 0x0000000000000001
2026/10/03 17:41:05.426, 210 MHz, 405 MHz, 12.09 W, 42, 0x0000000000000001
2026/10/03 17:41:05.626, 210 MHz, 405 MHz, 12.27 W, 42, 0x0000000000000001
2026/10/03 17:41:05.826, 210 MHz, 405 MHz, 12.27 W, 42, 0x0000000000000001
2026/10/03 17:41:06.027, 210 MHz, 405 MHz, 12.27 W, 42, 0x0000000000000001
2026/10/03 17:41:06.227, 210 MHz, 405 MHz, 12.13 W, 42, 0x0000000000000001
2026/10/03 17:41:06.427, 210 MHz, 405 MHz, 12.13 W, 42, 0x0000000000000001
2026/10/03 17:41:06.627, 210 MHz, 405 MHz, 12.15 W, 42, 0x0000000000000001
2026/10/03 17:41:06.827, 210 MHz, 405 MHz, 12.15 W, 42, 0x0000000000000001
2026/10/03 17:41:07.028, 210 MHz, 405 MHz, 12.15 W, 42, 0x0000000000000001
2026/10/03 17:41:07.228, 210 MHz, 405 MHz, 12.16 W, 42, 0x0000000000000001
2026/10/03 17:41:07.428, 210 MHz, 405 MHz, 12.16 W, 42, 0x0000000000000001
2026/10/03 17:41:07.629, 210 MHz, 405 MHz, 12.21 W, 42, 0x0000000000000001
2026/10/03 17:41:07.829, 210 MHz, 405 MHz, 12.21 W, 42, 0x0000000000000001
2026/10/03 17:41:08.029, 210 MHz, 405 MHz, 12.21 W, 42, 0x0000000000000001
2026/10/03 17:41:08.229, 210 MHz, 405 MHz, 12.09 W, 42, 0x0000000000000001
2026/10/03 17:41:08.429, 210 MHz, 405 MHz, 12.09 W, 42, 0x0000000000000001
2026/10/03 17:41:08.630, 210 MHz, 405 MHz, 12.20 W, 42, 0x0000000000000001
2026/10/03 17:41:08.830, 210 MHz, 405 MHz, 12.20 W, 42, 0x0000000000000001
2026/10/03 17:41:09.030, 210 MHz, 405 MHz, 12.20 W, 42, 0x0000000000000001
2026/10/03 17:41:09.230, 210 MHz, 405 MHz, 12.08 W, 42, 0x0000000000000001
2026/10/03 17:41:09.430, 210 MHz, 405 MHz, 12.08 W, 42, 0x0000000000000001
2026/10/03 17:41:09.631, 210 MHz, 405 MHz, 12.27 W, 41, 0x0000000000000001
2026/10/03 17:41:09.831, 210 MHz, 405 MHz, 12.27 W, 41, 0x0000000000000001
2026/10/03 17:41:10.031, 210 MHz, 405 MHz, 12.27 W, 41, 0x0000000000000001
2026/10/03 17:41:10.231, 210 MHz, 405 MHz, 12.14 W, 41, 0x0000000000000001
2026/10/03 17:41:10.431, 210 MHz, 405 MHz, 12.14 W, 41, 0x0000000000000001
2026/10/03 17:41:10.631, 210 MHz, 405 MHz, 12.14 W, 41, 0x0000000000000001
2026/10/03 17:41:10.831, 210 MHz, 405 MHz, 12.14 W, 41, 0x0000000000000001
2026/10/03 17:41:11.031, 210 MHz, 405 MHz, 12.14 W, 41, 0x0000000000000001
2026/10/03 17:41:11.232, 210 MHz, 405 MHz, 12.09 W, 41, 0x0000000000000001
2026/10/03 17:41:11.432, 210 MHz, 405 MHz, 12.09 W, 41, 0x0000000000000001
2026/10/03 17:41:11.632, 210 MHz, 405 MHz, 12.89 W, 41, 0x0000000000000001
2026/10/03 17:41:11.832, 210 MHz, 405 MHz, 12.89 W, 41, 0x0000000000000001
2026/10/03 17:41:12.032, 210 MHz, 405 MHz, 12.89 W, 41, 0x0000000000000001
2026/10/03 17:41:12.232, 210 MHz, 405 MHz, 12.06 W, 41, 0x0000000000000001
2026/10/03 17:41:12.432, 210 MHz, 405 MHz, 12.06 W, 41, 0x0000000000000001
2026/10/03 17:41:12.633, 2520 MHz, 10251 MHz, 37.57 W, 42, 0x0000000000000000
2026/10/03 17:41:12.833, 2520 MHz, 10251 MHz, 37.57 W, 42, 0x0000000000000000
2026/10/03 17:41:13.033, 2520 MHz, 10251 MHz, 37.57 W, 42, 0x0000000000000000
2026/10/03 17:41:13.233, 2745 MHz, 10251 MHz, 129.10 W, 51, 0x0000000000000000
2026/10/03 17:41:13.433, 2745 MHz, 10251 MHz, 129.10 W, 51, 0x0000000000000000
2026/10/03 17:41:13.633, 2730 MHz, 10251 MHz, 174.32 W, 58, 0x0000000000000000
2026/10/03 17:41:13.833, 2730 MHz, 10251 MHz, 174.32 W, 58, 0x0000000000000000
2026/10/03 17:41:14.033, 2730 MHz, 10251 MHz, 174.32 W, 58, 0x0000000000000000
2026/10/03 17:41:14.234, 2625 MHz, 10251 MHz, 219.83 W, 63, 0x0000000000000004
2026/10/03 17:41:14.434, 2625 MHz, 10251 MHz, 219.83 W, 63, 0x0000000000000004
2026/10/03 17:41:14.634, 2715 MHz, 10251 MHz, 118.42 W, 51, 0x0000000000000000
2026/10/03 17:41:14.834, 2715 MHz, 10251 MHz, 118.42 W, 51, 0x0000000000000000
2026/10/03 17:41:15.034, 2715 MHz, 10251 MHz, 118.42 W, 51, 0x0000000000000000
2026/10/03 17:41:15.234, 2745 MHz, 10501 MHz, 46.78 W, 46, 0x0000000000000000
2026/10/03 17:41:15.434, 2745 MHz, 10501 MHz, 46.78 W, 46, 0x0000000000000000
2026/10/03 17:41:15.634, 2745 MHz, 10501 MHz, 45.95 W, 45, 0x0000000000000000
2026/10/03 17:41:15.835, 2745 MHz, 10501 MHz, 45.95 W, 45, 0x0000000000000000
2026/10/03 17:41:16.035, 2745 MHz, 10501 MHz, 45.95 W, 45, 0x0000000000000000
2026/10/03 17:41:16.235, 2745 MHz, 10501 MHz, 45.76 W, 45, 0x0000000000000000
2026/10/03 17:41:16.435, 2745 MHz, 10501 MHz, 45.76 W, 45, 0x0000000000000000
2026/10/03 17:41:16.635, 795 MHz, 5001 MHz, 23.06 W, 43, 0x0000000000000001
2026/10/03 17:41:16.835, 795 MHz, 5001 MHz, 23.06 W, 43, 0x0000000000000001
2026/10/03 17:41:17.035, 795 MHz, 5001 MHz, 23.06 W, 43, 0x0000000000000001
2026/10/03 17:41:17.236, 615 MHz, 5001 MHz, 22.95 W, 43, 0x0000000000000001
2026/10/03 17:41:17.436, 615 MHz, 5001 MHz, 22.95 W, 43, 0x0000000000000001
2026/10/03 17:41:17.636, 510 MHz, 5001 MHz, 22.78 W, 42, 0x0000000000000001
2026/10/03 17:41:17.836, 510 MHz, 5001 MHz, 22.78 W, 42, 0x0000000000000001
2026/10/03 17:41:18.036, 510 MHz, 5001 MHz, 22.78 W, 42, 0x0000000000000001
2026/10/03 17:41:18.236, 405 MHz, 5001 MHz, 22.73 W, 42, 0x0000000000000001
2026/10/03 17:41:18.436, 405 MHz, 5001 MHz, 22.73 W, 42, 0x0000000000000001
2026/10/03 17:41:18.637, 345 MHz, 5001 MHz, 22.72 W, 42, 0x0000000000000001
2026/10/03 17:41:18.837, 345 MHz, 5001 MHz, 22.72 W, 42, 0x0000000000000001
2026/10/03 17:41:19.037, 345 MHz, 5001 MHz, 22.72 W, 42, 0x0000000000000001
2026/10/03 17:41:19.237, 270 MHz, 5001 MHz, 23.01 W, 42, 0x0000000000000001
2026/10/03 17:41:19.437, 270 MHz, 5001 MHz, 23.01 W, 42, 0x0000000000000001
2026/10/03 17:41:19.637, 240 MHz, 5001 MHz, 23.52 W, 42, 0x0000000000000001
2026/10/03 17:41:19.837, 240 MHz, 5001 MHz, 23.52 W, 42, 0x0000000000000001
2026/10/03 17:41:20.037, 240 MHz, 5001 MHz, 23.52 W, 42, 0x0000000000000001
2026/10/03 17:41:20.238, 225 MHz, 5001 MHz, 23.65 W, 42, 0x0000000000000001
2026/10/03 17:41:20.438, 225 MHz, 5001 MHz, 23.65 W, 42, 0x0000000000000001
2026/10/03 17:41:20.638, 375 MHz, 810 MHz, 19.19 W, 41, 0x0000000000000001
2026/10/03 17:41:20.838, 375 MHz, 810 MHz, 19.19 W, 41, 0x0000000000000001
2026/10/03 17:41:21.038, 375 MHz, 810 MHz, 19.19 W, 41, 0x0000000000000001
2026/10/03 17:41:21.238, 375 MHz, 810 MHz, 19.99 W, 41, 0x0000000000000001
2026/10/03 17:41:21.438, 375 MHz, 810 MHz, 19.99 W, 41, 0x0000000000000001
2026/10/03 17:41:21.639, 375 MHz, 810 MHz, 19.75 W, 41, 0x0000000000000001
2026/10/03 17:41:21.839, 375 MHz, 810 MHz, 19.75 W, 41, 0x0000000000000001
2026/10/03 17:41:22.039, 375 MHz, 810 MHz, 19.75 W, 41, 0x0000000000000001
2026/10/03 17:41:22.239, 210 MHz, 810 MHz, 20.22 W, 41, 0x0000000000000001
2026/10/03 17:41:22.440, 210 MHz, 810 MHz, 20.22 W, 41, 0x0000000000000001
2026/10/03 17:41:22.640, 210 MHz, 810 MHz, 19.24 W, 41, 0x0000000000000001
2026/10/03 17:41:22.840, 210 MHz, 810 MHz, 19.24 W, 41, 0x0000000000000001
2026/10/03 17:41:23.041, 210 MHz, 810 MHz, 19.24 W, 41, 0x0000000000000001
2026/10/03 17:41:23.241, 210 MHz, 405 MHz, 12.02 W, 41, 0x0000000000000001
2026/10/03 17:41:23.441, 210 MHz, 405 MHz, 12.02 W, 41, 0x0000000000000001
2026/10/03 17:41:23.641, 210 MHz, 405 MHz, 12.72 W, 41, 0x0000000000000001
2026/10/03 17:41:23.842, 210 MHz, 405 MHz, 12.72 W, 41, 0x0000000000000001
2026/10/03 17:41:24.042, 210 MHz, 405 MHz, 12.72 W, 41, 0x0000000000000001
2026/10/03 17:41:24.242, 210 MHz, 405 MHz, 12.07 W, 41, 0x0000000000000001
2026/10/03 17:41:24.442, 210 MHz, 405 MHz, 12.07 W, 41, 0x0000000000000001
2026/10/03 17:41:24.643, 210 MHz, 405 MHz, 12.14 W, 41, 0x0000000000000001
2026/10/03 17:41:24.843, 210 MHz, 405 MHz, 12.14 W, 41, 0x0000000000000001
2026/10/03 17:41:25.043, 210 MHz, 405 MHz, 12.14 W, 41, 0x0000000000000001
2026/10/03 17:41:25.244, 210 MHz, 405 MHz, 12.17 W, 40, 0x0000000000000001
2026/10/03 17:41:25.444, 210 MHz, 405 MHz, 12.17 W, 40, 0x0000000000000001
2026/10/03 17:41:25.644, 210 MHz, 405 MHz, 12.87 W, 40, 0x0000000000000001
2026/10/03 17:41:25.844, 210 MHz, 405 MHz, 12.87 W, 40, 0x0000000000000001
2026/10/03 17:41:26.045, 210 MHz, 405 MHz, 12.87 W, 40, 0x0000000000000001
2026/10/03 17:41:26.245, 210 MHz, 405 MHz, 12.06 W, 40, 0x0000000000000001
2026/10/03 17:41:26.445, 210 MHz, 405 MHz, 12.06 W, 40, 0x0000000000000001
2026/10/03 17:41:26.645, 210 MHz, 405 MHz, 12.05 W, 40, 0x0000000000000001
2026/10/03 17:41:26.846, 210 MHz, 405 MHz, 12.05 W, 40, 0x0000000000000001
2026/10/03 17:41:27.046, 210 MHz, 405 MHz, 12.05 W, 40, 0x0000000000000001
2026/10/03 17:41:27.246, 210 MHz, 405 MHz, 11.96 W, 40, 0x0000000000000001
2026/10/03 17:41:27.446, 210 MHz, 405 MHz, 11.96 W, 40, 0x0000000000000001
2026/10/03 17:41:27.647, 210 MHz, 405 MHz, 12.05 W, 40, 0x0000000000000001
2026/10/03 17:41:27.847, 210 MHz, 405 MHz, 12.05 W, 40, 0x0000000000000001
2026/10/03 17:41:28.047, 210 MHz, 405 MHz, 12.05 W, 40, 0x0000000000000001
2026/10/03 17:41:28.247, 210 MHz, 405 MHz, 12.05 W, 40, 0x0000000000000001
2026/10/03 17:41:28.448, 210 MHz, 405 MHz, 12.05 W, 40, 0x0000000000000001
2026/10/03 17:41:28.648, 210 MHz, 405 MHz, 12.01 W, 40, 0x0000000000000001
2026/10/03 17:41:28.848, 210 MHz, 405 MHz, 12.01 W, 40, 0x0000000000000001
2026/10/03 17:41:29.048, 210 MHz, 405 MHz, 12.01 W, 40, 0x0000000000000001
2026/10/03 17:41:29.248, 210 MHz, 405 MHz, 12.05 W, 40, 0x0000000000000001
2026/10/03 17:41:29.448, 210 MHz, 405 MHz, 12.05 W, 40, 0x0000000000000001
2026/10/03 17:41:29.649, 210 MHz, 405 MHz, 12.03 W, 40, 0x0000000000000001
2026/10/03 17:41:29.849, 210 MHz, 405 MHz, 12.03 W, 40, 0x0000000000000001
2026/10/03 17:41:30.049, 210 MHz, 405 MHz, 12.03 W, 40, 0x0000000000000001
2026/10/03 17:41:30.249, 210 MHz, 405 MHz, 11.99 W, 40, 0x0000000000000001
2026/10/03 17:41:30.449, 210 MHz, 405 MHz, 11.99 W, 40, 0x0000000000000001
2026/10/03 17:41:30.649, 210 MHz, 405 MHz, 12.61 W, 40, 0x0000000000000001
2026/10/03 17:41:30.849, 210 MHz, 405 MHz, 12.61 W, 40, 0x0000000000000001
2026/10/03 17:41:31.050, 210 MHz, 405 MHz, 12.61 W, 40, 0x0000000000000001
2026/10/03 17:41:31.250, 210 MHz, 405 MHz, 11.84 W, 40, 0x0000000000000001
2026/10/03 17:41:31.450, 210 MHz, 405 MHz, 11.84 W, 40, 0x0000000000000001
2026/10/03 17:41:31.650, 210 MHz, 405 MHz, 11.85 W, 40, 0x0000000000000001
2026/10/03 17:41:31.850, 210 MHz, 405 MHz, 11.85 W, 40, 0x0000000000000001
2026/10/03 17:41:32.050, 210 MHz, 405 MHz, 11.85 W, 40, 0x0000000000000001
2026/10/03 17:41:32.251, 210 MHz, 405 MHz, 11.86 W, 39, 0x0000000000000001
2026/10/03 17:41:32.451, 210 MHz, 405 MHz, 11.86 W, 39, 0x0000000000000001
2026/10/03 17:41:32.651, 210 MHz, 405 MHz, 11.94 W, 39, 0x0000000000000001
2026/10/03 17:41:32.851, 210 MHz, 405 MHz, 11.94 W, 39, 0x0000000000000001
2026/10/03 17:41:33.051, 210 MHz, 405 MHz, 11.94 W, 39, 0x0000000000000001
2026/10/03 17:41:33.251, 210 MHz, 405 MHz, 11.94 W, 39, 0x0000000000000001
2026/10/03 17:41:33.452, 210 MHz, 405 MHz, 11.94 W, 39, 0x0000000000000001
2026/10/03 17:41:33.652, 210 MHz, 405 MHz, 11.95 W, 39, 0x0000000000000001
2026/10/03 17:41:33.852, 210 MHz, 405 MHz, 11.95 W, 39, 0x0000000000000001
2026/10/03 17:41:34.052, 210 MHz, 405 MHz, 11.95 W, 39, 0x0000000000000001
2026/10/03 17:41:34.253, 210 MHz, 405 MHz, 11.94 W, 39, 0x0000000000000001
2026/10/03 17:41:34.453, 210 MHz, 405 MHz, 11.94 W, 39, 0x0000000000000001
2026/10/03 17:41:34.653, 210 MHz, 405 MHz, 11.80 W, 39, 0x0000000000000001
2026/10/03 17:41:34.853, 210 MHz, 405 MHz, 11.80 W, 39, 0x0000000000000001
2026/10/03 17:41:35.053, 210 MHz, 405 MHz, 11.80 W, 39, 0x0000000000000001
2026/10/03 17:41:35.253, 210 MHz, 405 MHz, 11.92 W, 39, 0x0000000000000001
2026/10/03 17:41:35.454, 210 MHz, 405 MHz, 11.92 W, 39, 0x0000000000000001
2026/10/03 17:41:35.654, 2520 MHz, 10501 MHz, 12.02 W, 40, 0x0000000000000000
2026/10/03 17:41:35.854, 2520 MHz, 10501 MHz, 12.02 W, 40, 0x0000000000000000
2026/10/03 17:41:36.054, 2520 MHz, 10501 MHz, 12.02 W, 40, 0x0000000000000000
2026/10/03 17:41:36.254, 2745 MHz, 10251 MHz, 106.68 W, 45, 0x0000000000000000
2026/10/03 17:41:36.454, 2745 MHz, 10251 MHz, 106.68 W, 45, 0x0000000000000000
2026/10/03 17:41:36.654, 2730 MHz, 10251 MHz, 147.57 W, 51, 0x0000000000000000
2026/10/03 17:41:36.855, 2730 MHz, 10251 MHz, 147.57 W, 51, 0x0000000000000000
2026/10/03 17:41:37.055, 2730 MHz, 10251 MHz, 147.57 W, 51, 0x0000000000000000
2026/10/03 17:41:37.255, 2730 MHz, 10251 MHz, 172.71 W, 56, 0x0000000000000000
2026/10/03 17:41:37.455, 2730 MHz, 10251 MHz, 172.71 W, 56, 0x0000000000000000
2026/10/03 17:41:37.655, 2715 MHz, 10251 MHz, 212.14 W, 63, 0x0000000000000004
2026/10/03 17:41:37.855, 2715 MHz, 10251 MHz, 212.14 W, 63, 0x0000000000000004
2026/10/03 17:41:38.055, 2715 MHz, 10251 MHz, 212.14 W, 63, 0x0000000000000004
2026/10/03 17:41:38.255, 2745 MHz, 10501 MHz, 46.22 W, 46, 0x0000000000000000
2026/10/03 17:41:38.456, 2745 MHz, 10501 MHz, 46.22 W, 46, 0x0000000000000000
2026/10/03 17:41:38.656, 2745 MHz, 10501 MHz, 46.02 W, 44, 0x0000000000000000
2026/10/03 17:41:38.856, 2745 MHz, 10501 MHz, 46.02 W, 44, 0x0000000000000000
2026/10/03 17:41:39.056, 2745 MHz, 10501 MHz, 46.02 W, 44, 0x0000000000000000
2026/10/03 17:41:39.257, 2745 MHz, 10501 MHz, 45.75 W, 44, 0x0000000000000000
2026/10/03 17:41:39.457, 2745 MHz, 10501 MHz, 45.75 W, 44, 0x0000000000000000
2026/10/03 17:41:39.657, 720 MHz, 5001 MHz, 26.01 W, 43, 0x0000000000000001
2026/10/03 17:41:39.858, 720 MHz, 5001 MHz, 26.01 W, 43, 0x0000000000000001
2026/10/03 17:41:40.058, 720 MHz, 5001 MHz, 26.01 W, 43, 0x0000000000000001
2026/10/03 17:41:40.258, 570 MHz, 5001 MHz, 22.73 W, 42, 0x0000000000000001
2026/10/03 17:41:40.459, 570 MHz, 5001 MHz, 22.73 W, 42, 0x0000000000000001
2026/10/03 17:41:40.659, 480 MHz, 5001 MHz, 22.80 W, 42, 0x0000000000000001
2026/10/03 17:41:40.860, 480 MHz, 5001 MHz, 22.80 W, 42, 0x0000000000000001
2026/10/03 17:41:41.060, 480 MHz, 5001 MHz, 22.80 W, 42, 0x0000000000000001
2026/10/03 17:41:41.260, 375 MHz, 5001 MHz, 22.62 W, 42, 0x0000000000000001
2026/10/03 17:41:41.460, 375 MHz, 5001 MHz, 22.62 W, 42, 0x0000000000000001
2026/10/03 17:41:41.660, 315 MHz, 5001 MHz, 22.55 W, 42, 0x0000000000000001
2026/10/03 17:41:41.860, 315 MHz, 5001 MHz, 22.55 W, 42, 0x0000000000000001
2026/10/03 17:41:42.061, 315 MHz, 5001 MHz, 22.55 W, 42, 0x0000000000000001
2026/10/03 17:41:42.261, 255 MHz, 5001 MHz, 22.61 W, 42, 0x0000000000000001
2026/10/03 17:41:42.461, 255 MHz, 5001 MHz, 22.61 W, 42, 0x0000000000000001
2026/10/03 17:41:42.661, 225 MHz, 5001 MHz, 22.56 W, 42, 0x0000000000000001
2026/10/03 17:41:42.861, 225 MHz, 5001 MHz, 22.56 W, 42, 0x0000000000000001
2026/10/03 17:41:43.062, 225 MHz, 5001 MHz, 22.56 W, 42, 0x0000000000000001
2026/10/03 17:41:43.262, 210 MHz, 810 MHz, 22.51 W, 41, 0x0000000000000001
2026/10/03 17:41:43.462, 210 MHz, 810 MHz, 22.51 W, 41, 0x0000000000000001
2026/10/03 17:41:43.662, 210 MHz, 810 MHz, 18.68 W, 41, 0x0000000000000001
2026/10/03 17:41:43.862, 210 MHz, 810 MHz, 18.68 W, 41, 0x0000000000000001
2026/10/03 17:41:44.063, 210 MHz, 810 MHz, 18.68 W, 41, 0x0000000000000001
2026/10/03 17:41:44.263, 210 MHz, 810 MHz, 19.48 W, 41, 0x0000000000000001
2026/10/03 17:41:44.463, 210 MHz, 810 MHz, 19.48 W, 41, 0x0000000000000001
2026/10/03 17:41:44.663, 2520 MHz, 10501 MHz, 38.83 W, 43, 0x0000000000000001
2026/10/03 17:41:44.863, 2520 MHz, 10501 MHz, 38.83 W, 43, 0x0000000000000001
2026/10/03 17:41:45.064, 2520 MHz, 10501 MHz, 38.83 W, 43, 0x0000000000000001
2026/10/03 17:41:45.264, 2520 MHz, 10501 MHz, 35.99 W, 43, 0x0000000000000001
2026/10/03 17:41:45.464, 2520 MHz, 10501 MHz, 35.99 W, 43, 0x0000000000000001
2026/10/03 17:41:45.664, 2520 MHz, 10501 MHz, 35.99 W, 43, 0x0000000000000001
2026/10/03 17:41:45.864, 2520 MHz, 10501 MHz, 35.99 W, 43, 0x0000000000000001
2026/10/03 17:41:46.064, 2520 MHz, 10501 MHz, 35.99 W, 43, 0x0000000000000001
2026/10/03 17:41:46.264, 645 MHz, 810 MHz, 36.09 W, 43, 0x0000000000000001
2026/10/03 17:41:46.465, 645 MHz, 810 MHz, 36.09 W, 43, 0x0000000000000001
2026/10/03 17:41:46.665, 540 MHz, 810 MHz, 19.36 W, 42, 0x0000000000000001
2026/10/03 17:41:46.865, 540 MHz, 810 MHz, 19.36 W, 42, 0x0000000000000001
2026/10/03 17:41:47.066, 540 MHz, 810 MHz, 19.36 W, 42, 0x0000000000000001
2026/10/03 17:41:47.266, 420 MHz, 810 MHz, 19.92 W, 42, 0x0000000000000001
2026/10/03 17:41:47.466, 420 MHz, 810 MHz, 19.92 W, 42, 0x0000000000000001
2026/10/03 17:41:47.666, 360 MHz, 810 MHz, 19.46 W, 42, 0x0000000000000001
2026/10/03 17:41:47.866, 360 MHz, 810 MHz, 19.46 W, 42, 0x0000000000000001
2026/10/03 17:41:48.066, 360 MHz, 810 MHz, 19.46 W, 42, 0x0000000000000001
2026/10/03 17:41:48.267, 285 MHz, 405 MHz, 12.15 W, 42, 0x0000000000000001
2026/10/03 17:41:48.467, 285 MHz, 405 MHz, 12.15 W, 42, 0x0000000000000001
2026/10/03 17:41:48.667, 255 MHz, 405 MHz, 12.28 W, 42, 0x0000000000000001
2026/10/03 17:41:48.867, 255 MHz, 405 MHz, 12.28 W, 42, 0x0000000000000001
2026/10/03 17:41:49.067, 255 MHz, 405 MHz, 12.28 W, 42, 0x0000000000000001
2026/10/03 17:41:49.267, 210 MHz, 405 MHz, 11.90 W, 41, 0x0000000000000001
2026/10/03 17:41:49.467, 210 MHz, 405 MHz, 11.90 W, 41, 0x0000000000000001
2026/10/03 17:41:49.668, 210 MHz, 405 MHz, 12.78 W, 42, 0x0000000000000001
2026/10/03 17:41:49.868, 210 MHz, 405 MHz, 12.78 W, 42, 0x0000000000000001
2026/10/03 17:41:50.068, 210 MHz, 405 MHz, 12.78 W, 42, 0x0000000000000001
2026/10/03 17:41:50.268, 210 MHz, 405 MHz, 12.58 W, 41, 0x0000000000000001
2026/10/03 17:41:50.468, 210 MHz, 405 MHz, 12.58 W, 41, 0x0000000000000001
2026/10/03 17:41:50.669, 210 MHz, 405 MHz, 12.23 W, 41, 0x0000000000000001
2026/10/03 17:41:50.869, 210 MHz, 405 MHz, 12.23 W, 41, 0x0000000000000001
2026/10/03 17:41:51.069, 210 MHz, 405 MHz, 12.23 W, 41, 0x0000000000000001
2026/10/03 17:41:51.270, 210 MHz, 405 MHz, 12.07 W, 41, 0x0000000000000001
2026/10/03 17:41:51.470, 210 MHz, 405 MHz, 12.07 W, 41, 0x0000000000000001
2026/10/03 17:41:51.670, 210 MHz, 405 MHz, 12.18 W, 41, 0x0000000000000001
2026/10/03 17:41:51.870, 210 MHz, 405 MHz, 12.18 W, 41, 0x0000000000000001
2026/10/03 17:41:52.070, 210 MHz, 405 MHz, 12.18 W, 41, 0x0000000000000001
2026/10/03 17:41:52.271, 210 MHz, 405 MHz, 12.54 W, 41, 0x0000000000000001
2026/10/03 17:41:52.471, 210 MHz, 405 MHz, 12.54 W, 41, 0x0000000000000001
2026/10/03 17:41:52.671, 210 MHz, 405 MHz, 12.00 W, 41, 0x0000000000000001
2026/10/03 17:41:52.871, 210 MHz, 405 MHz, 12.00 W, 41, 0x0000000000000001
2026/10/03 17:41:53.071, 210 MHz, 405 MHz, 12.00 W, 41, 0x0000000000000001
2026/10/03 17:41:53.272, 210 MHz, 405 MHz, 11.90 W, 41, 0x0000000000000001
2026/10/03 17:41:53.472, 210 MHz, 405 MHz, 11.90 W, 41, 0x0000000000000001
2026/10/03 17:41:53.672, 210 MHz, 405 MHz, 12.05 W, 41, 0x0000000000000001
2026/10/03 17:41:53.873, 210 MHz, 405 MHz, 12.05 W, 41, 0x0000000000000001
2026/10/03 17:41:54.073, 210 MHz, 405 MHz, 12.05 W, 41, 0x0000000000000001
2026/10/03 17:41:54.273, 210 MHz, 405 MHz, 11.96 W, 41, 0x0000000000000001
2026/10/03 17:41:54.473, 210 MHz, 405 MHz, 11.96 W, 41, 0x0000000000000001
2026/10/03 17:41:54.674, 210 MHz, 405 MHz, 11.99 W, 41, 0x0000000000000001
2026/10/03 17:41:54.874, 210 MHz, 405 MHz, 11.99 W, 41, 0x0000000000000001
2026/10/03 17:41:55.074, 210 MHz, 405 MHz, 11.99 W, 41, 0x0000000000000001
2026/10/03 17:41:55.274, 210 MHz, 405 MHz, 11.89 W, 41, 0x0000000000000001
2026/10/03 17:41:55.475, 210 MHz, 405 MHz, 11.89 W, 41, 0x0000000000000001
2026/10/03 17:41:55.675, 210 MHz, 405 MHz, 12.07 W, 41, 0x0000000000000001
2026/10/03 17:41:55.875, 210 MHz, 405 MHz, 12.07 W, 41, 0x0000000000000001
2026/10/03 17:41:56.075, 210 MHz, 405 MHz, 12.07 W, 41, 0x0000000000000001
2026/10/03 17:41:56.275, 210 MHz, 405 MHz, 12.76 W, 42, 0x0000000000000001
2026/10/03 17:41:56.475, 210 MHz, 405 MHz, 12.76 W, 42, 0x0000000000000001
2026/10/03 17:41:56.675, 210 MHz, 405 MHz, 12.80 W, 42, 0x0000000000000001
2026/10/03 17:41:56.875, 210 MHz, 405 MHz, 12.80 W, 42, 0x0000000000000001
2026/10/03 17:41:57.076, 210 MHz, 405 MHz, 12.80 W, 42, 0x0000000000000001
2026/10/03 17:41:57.276, 210 MHz, 405 MHz, 12.67 W, 42, 0x0000000000000001
2026/10/03 17:41:57.476, 210 MHz, 405 MHz, 12.67 W, 42, 0x0000000000000001
2026/10/03 17:41:57.677, 210 MHz, 405 MHz, 11.99 W, 42, 0x0000000000000001
2026/10/03 17:41:57.877, 210 MHz, 405 MHz, 11.99 W, 42, 0x0000000000000001
2026/10/03 17:41:58.077, 210 MHz, 405 MHz, 11.99 W, 42, 0x0000000000000001
2026/10/03 17:41:58.277, 210 MHz, 405 MHz, 12.09 W, 42, 0x0000000000000001
2026/10/03 17:41:58.477, 210 MHz, 405 MHz, 12.09 W, 42, 0x0000000000000001
2026/10/03 17:41:58.677, 210 MHz, 405 MHz, 12.10 W, 42, 0x0000000000000001
2026/10/03 17:41:58.877, 210 MHz, 405 MHz, 12.10 W, 42, 0x0000000000000001
2026/10/03 17:41:59.077, 2520 MHz, 10251 MHz, 38.31 W, 45, 0x0000000000000001
2026/10/03 17:41:59.278, 2520 MHz, 10251 MHz, 38.31 W, 45, 0x0000000000000000
2026/10/03 17:41:59.478, 2520 MHz, 10251 MHz, 38.31 W, 45, 0x0000000000000000
2026/10/03 17:41:59.678, 2745 MHz, 10251 MHz, 136.90 W, 51, 0x0000000000000000
2026/10/03 17:41:59.878, 2745 MHz, 10251 MHz, 136.90 W, 51, 0x0000000000000000
2026/10/03 17:42:00.078, 2745 MHz, 10251 MHz, 133.62 W, 51, 0x0000000000000000
2026/10/03 17:42:00.278, 2745 MHz, 10251 MHz, 133.62 W, 51, 0x0000000000000000
2026/10/03 17:42:00.478, 2745 MHz, 10251 MHz, 133.62 W, 51, 0x0000000000000000
2026/10/03 17:42:00.679, 2730 MHz, 10251 MHz, 145.06 W, 54, 0x0000000000000000
2026/10/03 17:42:00.879, 2730 MHz, 10251 MHz, 145.06 W, 54, 0x0000000000000000
2026/10/03 17:42:01.079, 2730 MHz, 10251 MHz, 155.51 W, 57, 0x0000000000000000
2026/10/03 17:42:01.279, 2730 MHz, 10251 MHz, 155.51 W, 57, 0x0000000000000000
2026/10/03 17:42:01.479, 2730 MHz, 10251 MHz, 155.51 W, 57, 0x0000000000000000
2026/10/03 17:42:01.679, 2730 MHz, 10251 MHz, 146.81 W, 55, 0x0000000000000000
2026/10/03 17:42:01.879, 2730 MHz, 10251 MHz, 146.81 W, 55, 0x0000000000000000
2026/10/03 17:42:02.079, 2730 MHz, 10251 MHz, 142.75 W, 55, 0x0000000000000000
2026/10/03 17:42:02.279, 2730 MHz, 10251 MHz, 142.75 W, 55, 0x0000000000000000
2026/10/03 17:42:02.480, 2730 MHz, 10251 MHz, 142.75 W, 55, 0x0000000000000000
2026/10/03 17:42:02.680, 2715 MHz, 10251 MHz, 198.01 W, 64, 0x0000000000000000
2026/10/03 17:42:02.880, 2715 MHz, 10251 MHz, 198.01 W, 64, 0x0000000000000000
2026/10/03 17:42:03.080, 2715 MHz, 10251 MHz, 174.87 W, 62, 0x0000000000000000
2026/10/03 17:42:03.280, 2715 MHz, 10251 MHz, 174.87 W, 62, 0x0000000000000000
2026/10/03 17:42:03.480, 2715 MHz, 10251 MHz, 174.87 W, 62, 0x0000000000000000
2026/10/03 17:42:03.680, 2715 MHz, 10251 MHz, 180.41 W, 61, 0x0000000000000000
2026/10/03 17:42:03.880, 2715 MHz, 10251 MHz, 180.41 W, 61, 0x0000000000000000
2026/10/03 17:42:04.081, 2640 MHz, 10251 MHz, 224.47 W, 69, 0x0000000000000004
2026/10/03 17:42:04.281, 2640 MHz, 10251 MHz, 224.47 W, 69, 0x0000000000000004
2026/10/03 17:42:04.481, 2640 MHz, 10251 MHz, 224.47 W, 69, 0x0000000000000004
2026/10/03 17:42:04.681, 2655 MHz, 10251 MHz, 217.54 W, 70, 0x0000000000000004
2026/10/03 17:42:04.881, 2655 MHz, 10251 MHz, 217.54 W, 70, 0x0000000000000004
2026/10/03 17:42:05.081, 2670 MHz, 10251 MHz, 220.09 W, 71, 0x0000000000000004
2026/10/03 17:42:05.281, 2670 MHz, 10251 MHz, 220.09 W, 71, 0x0000000000000004
2026/10/03 17:42:05.481, 2670 MHz, 10251 MHz, 220.09 W, 71, 0x0000000000000004
2026/10/03 17:42:05.681, 2700 MHz, 10251 MHz, 196.57 W, 67, 0x0000000000000000
2026/10/03 17:42:05.882, 2700 MHz, 10251 MHz, 196.57 W, 67, 0x0000000000000000
2026/10/03 17:42:06.082, 2730 MHz, 10501 MHz, 47.18 W, 51, 0x0000000000000000
2026/10/03 17:42:06.282, 2730 MHz, 10501 MHz, 47.18 W, 51, 0x0000000000000000
2026/10/03 17:42:06.482, 2730 MHz, 10501 MHz, 47.18 W, 51, 0x0000000000000000
2026/10/03 17:42:06.682, 2730 MHz, 10501 MHz, 47.13 W, 50, 0x0000000000000000
2026/10/03 17:42:06.883, 2730 MHz, 10501 MHz, 47.13 W, 50, 0x0000000000000000
2026/10/03 17:42:07.083, 2730 MHz, 10501 MHz, 46.96 W, 49, 0x0000000000000000
2026/10/03 17:42:07.283, 2730 MHz, 10501 MHz, 46.96 W, 49, 0x0000000000000000
2026/10/03 17:42:07.483, 2730 MHz, 10501 MHz, 46.96 W, 49, 0x0000000000000000
2026/10/03 17:42:07.683, 660 MHz, 5001 MHz, 26.28 W, 48, 0x0000000000000001
2026/10/03 17:42:07.883, 660 MHz, 5001 MHz, 26.28 W, 48, 0x0000000000000001
2026/10/03 17:42:08.084, 510 MHz, 5001 MHz, 23.12 W, 47, 0x0000000000000001
2026/10/03 17:42:08.284, 510 MHz, 5001 MHz, 23.12 W, 47, 0x0000000000000001
2026/10/03 17:42:08.484, 510 MHz, 5001 MHz, 23.12 W, 47, 0x0000000000000001
2026/10/03 17:42:08.684, 435 MHz, 5001 MHz, 23.14 W, 46, 0x0000000000000001
2026/10/03 17:42:08.884, 435 MHz, 5001 MHz, 23.14 W, 46, 0x0000000000000001
2026/10/03 17:42:09.084, 330 MHz, 5001 MHz, 22.95 W, 46, 0x0000000000000001
2026/10/03 17:42:09.285, 330 MHz, 5001 MHz, 22.95 W, 46, 0x0000000000000001
2026/10/03 17:42:09.485, 330 MHz, 5001 MHz, 22.95 W, 46, 0x0000000000000001
2026/10/03 17:42:09.685, 285 MHz, 5001 MHz, 22.94 W, 46, 0x0000000000000001
2026/10/03 17:42:09.885, 285 MHz, 5001 MHz, 22.94 W, 46, 0x0000000000000001
2026/10/03 17:42:10.085, 225 MHz, 5001 MHz, 22.83 W, 46, 0x0000000000000001
2026/10/03 17:42:10.286, 225 MHz, 5001 MHz, 22.83 W, 46, 0x0000000000000001
2026/10/03 17:42:10.486, 225 MHz, 5001 MHz, 22.83 W, 46, 0x0000000000000001
2026/10/03 17:42:10.686, 210 MHz, 5001 MHz, 22.81 W, 45, 0x0000000000000001
2026/10/03 17:42:10.886, 210 MHz, 5001 MHz, 22.81 W, 45, 0x0000000000000001
2026/10/03 17:42:11.086, 210 MHz, 5001 MHz, 22.80 W, 45, 0x0000000000000001
2026/10/03 17:42:11.286, 210 MHz, 5001 MHz, 22.80 W, 45, 0x0000000000000001
2026/10/03 17:42:11.486, 210 MHz, 5001 MHz, 22.80 W, 45, 0x0000000000000001
2026/10/03 17:42:11.687, 210 MHz, 5001 MHz, 22.78 W, 45, 0x0000000000000001
2026/10/03 17:42:11.888, 210 MHz, 5001 MHz, 22.78 W, 45, 0x0000000000000001
2026/10/03 17:42:12.088, 210 MHz, 810 MHz, 19.52 W, 45, 0x0000000000000001
2026/10/03 17:42:12.288, 210 MHz, 810 MHz, 19.52 W, 45, 0x0000000000000001
2026/10/03 17:42:12.488, 210 MHz, 810 MHz, 19.52 W, 45, 0x0000000000000001
2026/10/03 17:42:12.688, 210 MHz, 810 MHz, 19.80 W, 45, 0x0000000000000001
2026/10/03 17:42:12.889, 210 MHz, 810 MHz, 19.80 W, 45, 0x0000000000000001
2026/10/03 17:42:13.089, 210 MHz, 810 MHz, 19.96 W, 44, 0x0000000000000001
2026/10/03 17:42:13.289, 210 MHz, 810 MHz, 19.96 W, 44, 0x0000000000000001
2026/10/03 17:42:13.489, 210 MHz, 810 MHz, 19.96 W, 44, 0x0000000000000001
2026/10/03 17:42:13.690, 210 MHz, 810 MHz, 19.80 W, 44, 0x0000000000000001
2026/10/03 17:42:13.890, 210 MHz, 810 MHz, 19.80 W, 44, 0x0000000000000001
2026/10/03 17:42:14.090, 210 MHz, 405 MHz, 12.22 W, 44, 0x0000000000000001
2026/10/03 17:42:14.290, 210 MHz, 405 MHz, 12.22 W, 44, 0x0000000000000001
2026/10/03 17:42:14.491, 210 MHz, 405 MHz, 12.22 W, 44, 0x0000000000000001
2026/10/03 17:42:14.691, 210 MHz, 405 MHz, 12.35 W, 44, 0x0000000000000001
2026/10/03 17:42:14.891, 210 MHz, 405 MHz, 12.35 W, 44, 0x0000000000000001
2026/10/03 17:42:15.092, 210 MHz, 405 MHz, 12.24 W, 44, 0x0000000000000001
2026/10/03 17:42:15.292, 210 MHz, 405 MHz, 12.24 W, 44, 0x0000000000000001
2026/10/03 17:42:15.492, 210 MHz, 405 MHz, 12.24 W, 44, 0x0000000000000001
2026/10/03 17:42:15.692, 210 MHz, 405 MHz, 12.24 W, 43, 0x0000000000000001
2026/10/03 17:42:15.892, 210 MHz, 405 MHz, 12.24 W, 43, 0x0000000000000001
2026/10/03 17:42:16.093, 210 MHz, 405 MHz, 12.13 W, 43, 0x0000000000000001
2026/10/03 17:42:16.293, 210 MHz, 405 MHz, 12.13 W, 43, 0x0000000000000001
2026/10/03 17:42:16.493, 210 MHz, 405 MHz, 12.13 W, 43, 0x0000000000000001
2026/10/03 17:42:16.693, 210 MHz, 405 MHz, 12.27 W, 43, 0x0000000000000001
2026/10/03 17:42:16.894, 210 MHz, 405 MHz, 12.27 W, 43, 0x0000000000000001
2026/10/03 17:42:17.094, 210 MHz, 405 MHz, 12.23 W, 43, 0x0000000000000001
2026/10/03 17:42:17.294, 210 MHz, 405 MHz, 12.23 W, 43, 0x0000000000000001
2026/10/03 17:42:17.494, 210 MHz, 405 MHz, 12.23 W, 43, 0x0000000000000001
2026/10/03 17:42:17.694, 210 MHz, 405 MHz, 12.18 W, 43, 0x0000000000000001
2026/10/03 17:42:17.895, 210 MHz, 405 MHz, 12.18 W, 43, 0x0000000000000001
2026/10/03 17:42:18.095, 210 MHz, 405 MHz, 12.18 W, 43, 0x0000000000000001
2026/10/03 17:42:18.295, 210 MHz, 405 MHz, 12.18 W, 43, 0x0000000000000001
2026/10/03 17:42:18.495, 210 MHz, 405 MHz, 12.18 W, 43, 0x0000000000000001
2026/10/03 17:42:18.695, 210 MHz, 405 MHz, 12.20 W, 43, 0x0000000000000001
2026/10/03 17:42:18.895, 210 MHz, 405 MHz, 12.20 W, 43, 0x0000000000000001
2026/10/03 17:42:19.096, 210 MHz, 405 MHz, 12.14 W, 43, 0x0000000000000001
2026/10/03 17:42:19.296, 210 MHz, 405 MHz, 12.14 W, 43, 0x0000000000000001
2026/10/03 17:42:19.496, 210 MHz, 405 MHz, 12.14 W, 43, 0x0000000000000001
2026/10/03 17:42:19.696, 210 MHz, 405 MHz, 12.23 W, 43, 0x0000000000000001
2026/10/03 17:42:19.897, 210 MHz, 405 MHz, 12.23 W, 43, 0x0000000000000001
2026/10/03 17:42:20.097, 210 MHz, 405 MHz, 12.27 W, 42, 0x0000000000000001
2026/10/03 17:42:20.297, 210 MHz, 405 MHz, 12.27 W, 42, 0x0000000000000001
2026/10/03 17:42:20.497, 210 MHz, 405 MHz, 12.27 W, 42, 0x0000000000000001
2026/10/03 17:42:20.697, 210 MHz, 405 MHz, 12.18 W, 42, 0x0000000000000001
2026/10/03 17:42:20.897, 210 MHz, 405 MHz, 12.18 W, 42, 0x0000000000000001
2026/10/03 17:42:21.098, 210 MHz, 405 MHz, 12.14 W, 42, 0x0000000000000001
2026/10/03 17:42:21.298, 210 MHz, 405 MHz, 12.14 W, 42, 0x0000000000000001
2026/10/03 17:42:21.498, 210 MHz, 405 MHz, 12.14 W, 42, 0x0000000000000001
2026/10/03 17:42:21.698, 210 MHz, 405 MHz, 12.30 W, 42, 0x0000000000000001
2026/10/03 17:42:21.898, 210 MHz, 405 MHz, 12.30 W, 42, 0x0000000000000001
2026/10/03 17:42:22.098, 210 MHz, 405 MHz, 12.20 W, 42, 0x0000000000000001
2026/10/03 17:42:22.299, 210 MHz, 405 MHz, 12.20 W, 42, 0x0000000000000001
2026/10/03 17:42:22.499, 210 MHz, 405 MHz, 12.20 W, 42, 0x0000000000000001
2026/10/03 17:42:22.699, 210 MHz, 405 MHz, 12.72 W, 42, 0x0000000000000001
2026/10/03 17:42:22.899, 210 MHz, 405 MHz, 12.72 W, 42, 0x0000000000000001
2026/10/03 17:42:23.099, 210 MHz, 405 MHz, 12.12 W, 42, 0x0000000000000001
2026/10/03 17:42:23.299, 210 MHz, 405 MHz, 12.12 W, 42, 0x0000000000000001
2026/10/03 17:42:23.499, 210 MHz, 405 MHz, 12.12 W, 42, 0x0000000000000001
2026/10/03 17:42:23.700, 210 MHz, 405 MHz, 12.11 W, 42, 0x0000000000000001
2026/10/03 17:42:23.900, 210 MHz, 405 MHz, 12.11 W, 42, 0x0000000000000001
2026/10/03 17:42:24.100, 210 MHz, 405 MHz, 12.14 W, 42, 0x0000000000000001
2026/10/03 17:42:24.300, 210 MHz, 405 MHz, 12.14 W, 42, 0x0000000000000001
2026/10/03 17:42:24.500, 210 MHz, 405 MHz, 12.14 W, 42, 0x0000000000000001
2026/10/03 17:42:24.700, 210 MHz, 405 MHz, 12.73 W, 42, 0x0000000000000001
2026/10/03 17:42:24.901, 210 MHz, 405 MHz, 12.73 W, 42, 0x0000000000000001
2026/10/03 17:42:25.101, 210 MHz, 405 MHz, 12.13 W, 42, 0x0000000000000001
2026/10/03 17:42:25.301, 210 MHz, 405 MHz, 12.13 W, 42, 0x0000000000000001
2026/10/03 17:42:25.501, 210 MHz, 405 MHz, 12.13 W, 42, 0x0000000000000001
2026/10/03 17:42:25.701, 210 MHz, 405 MHz, 12.15 W, 41, 0x0000000000000001
2026/10/03 17:42:25.901, 210 MHz, 405 MHz, 12.15 W, 41, 0x0000000000000001
2026/10/03 17:42:26.102, 210 MHz, 405 MHz, 12.25 W, 41, 0x0000000000000001
2026/10/03 17:42:26.302, 210 MHz, 405 MHz, 12.25 W, 41, 0x0000000000000001
2026/10/03 17:42:26.502, 210 MHz, 405 MHz, 12.25 W, 41, 0x0000000000000001
2026/10/03 17:42:26.702, 210 MHz, 405 MHz, 12.08 W, 41, 0x0000000000000001
2026/10/03 17:42:26.902, 210 MHz, 405 MHz, 12.08 W, 41, 0x0000000000000001
2026/10/03 17:42:27.103, 2745 MHz, 10251 MHz, 104.54 W, 47, 0x0000000000000000
2026/10/03 17:42:27.303, 2745 MHz, 10251 MHz, 104.54 W, 47, 0x0000000000000000
2026/10/03 17:42:27.503, 2745 MHz, 10251 MHz, 104.54 W, 47, 0x0000000000000000
2026/10/03 17:42:27.703, 2730 MHz, 10251 MHz, 152.30 W, 58, 0x0000000000000000
2026/10/03 17:42:27.903, 2730 MHz, 10251 MHz, 152.30 W, 58, 0x0000000000000000
2026/10/03 17:42:28.104, 2595 MHz, 10251 MHz, 176.14 W, 64, 0x0000000000000000
2026/10/03 17:42:28.304, 2595 MHz, 10251 MHz, 176.14 W, 64, 0x0000000000000000
2026/10/03 17:42:28.504, 2595 MHz, 10251 MHz, 176.14 W, 64, 0x0000000000000000
2026/10/03 17:42:28.704, 2700 MHz, 10251 MHz, 198.05 W, 65, 0x0000000000000004
2026/10/03 17:42:28.904, 2700 MHz, 10251 MHz, 198.05 W, 65, 0x0000000000000004
2026/10/03 17:42:29.104, 2730 MHz, 10251 MHz, 48.71 W, 50, 0x0000000000000000
2026/10/03 17:42:29.304, 2730 MHz, 10251 MHz, 48.71 W, 50, 0x0000000000000000
2026/10/03 17:42:29.505, 2730 MHz, 10251 MHz, 48.71 W, 50, 0x0000000000000000
2026/10/03 17:42:29.705, 2730 MHz, 10501 MHz, 46.47 W, 46, 0x0000000000000000
2026/10/03 17:42:29.905, 2730 MHz, 10501 MHz, 46.47 W, 46, 0x0000000000000000
2026/10/03 17:42:30.105, 2730 MHz, 10501 MHz, 46.11 W, 45, 0x0000000000000000
2026/10/03 17:42:30.305, 2730 MHz, 10501 MHz, 46.11 W, 45, 0x0000000000000000
2026/10/03 17:42:30.505, 2730 MHz, 10501 MHz, 46.11 W, 45, 0x0000000000000000
2026/10/03 17:42:30.705, 2745 MHz, 10501 MHz, 46.21 W, 45, 0x0000000000000000
2026/10/03 17:42:30.906, 2745 MHz, 10501 MHz, 46.21 W, 45, 0x0000000000000000
2026/10/03 17:42:31.106, 615 MHz, 5001 MHz, 22.95 W, 43, 0x0000000000000001
2026/10/03 17:42:31.307, 615 MHz, 5001 MHz, 22.95 W, 43, 0x0000000000000001
2026/10/03 17:42:31.507, 615 MHz, 5001 MHz, 22.95 W, 43, 0x0000000000000001
2026/10/03 17:42:31.707, 525 MHz, 5001 MHz, 22.90 W, 43, 0x0000000000000001
2026/10/03 17:42:31.908, 525 MHz, 5001 MHz, 22.90 W, 43, 0x0000000000000001
2026/10/03 17:42:32.108, 405 MHz, 5001 MHz, 22.68 W, 43, 0x0000000000000001
2026/10/03 17:42:32.308, 405 MHz, 5001 MHz, 22.68 W, 43, 0x0000000000000001
2026/10/03 17:42:32.508, 405 MHz, 5001 MHz, 22.68 W, 43, 0x0000000000000001
2026/10/03 17:42:32.709, 345 MHz, 5001 MHz, 22.76 W, 42, 0x0000000000000001
2026/10/03 17:42:32.909, 345 MHz, 5001 MHz, 22.76 W, 42, 0x0000000000000001
2026/10/03 17:42:33.109, 270 MHz, 5001 MHz, 22.63 W, 42, 0x0000000000000001
2026/10/03 17:42:33.309, 270 MHz, 5001 MHz, 22.63 W, 42, 0x0000000000000001
2026/10/03 17:42:33.509, 270 MHz, 5001 MHz, 22.63 W, 42, 0x0000000000000001
2026/10/03 17:42:33.710, 240 MHz, 810 MHz, 19.54 W, 42, 0x0000000000000001
2026/10/03 17:42:33.910, 240 MHz, 810 MHz, 19.54 W, 42, 0x0000000000000001
2026/10/03 17:42:34.110, 210 MHz, 810 MHz, 18.65 W, 42, 0x0000000000000001
2026/10/03 17:42:34.310, 210 MHz, 810 MHz, 18.65 W, 42, 0x0000000000000001
2026/10/03 17:42:34.510, 210 MHz, 810 MHz, 18.65 W, 42, 0x0000000000000001
2026/10/03 17:42:34.711, 210 MHz, 810 MHz, 19.02 W, 42, 0x0000000000000001
2026/10/03 17:42:34.911, 210 MHz, 810 MHz, 19.02 W, 42, 0x0000000000000001
2026/10/03 17:42:35.111, 210 MHz, 810 MHz, 18.93 W, 42, 0x0000000000000001
2026/10/03 17:42:35.311, 210 MHz, 810 MHz, 18.93 W, 42, 0x0000000000000001
2026/10/03 17:42:35.512, 210 MHz, 810 MHz, 18.93 W, 42, 0x0000000000000001
2026/10/03 17:42:35.712, 210 MHz, 405 MHz, 12.05 W, 41, 0x0000000000000001
2026/10/03 17:42:35.913, 210 MHz, 405 MHz, 12.05 W, 41, 0x0000000000000001
2026/10/03 17:42:36.113, 210 MHz, 405 MHz, 11.75 W, 41, 0x0000000000000001
2026/10/03 17:42:36.313, 210 MHz, 405 MHz, 11.75 W, 41, 0x0000000000000001
2026/10/03 17:42:36.513, 210 MHz, 405 MHz, 11.75 W, 41, 0x0000000000000001
2026/10/03 17:42:36.714, 210 MHz, 405 MHz, 11.99 W, 41, 0x0000000000000001
2026/10/03 17:42:36.914, 210 MHz, 405 MHz, 11.99 W, 41, 0x0000000000000001
2026/10/03 17:42:37.114, 210 MHz, 405 MHz, 11.92 W, 41, 0x0000000000000001
2026/10/03 17:42:37.314, 210 MHz, 405 MHz, 11.92 W, 41, 0x0000000000000001
2026/10/03 17:42:37.514, 210 MHz, 405 MHz, 11.92 W, 41, 0x0000000000000001
2026/10/03 17:42:37.714, 210 MHz, 405 MHz, 12.04 W, 41, 0x0000000000000001
2026/10/03 17:42:37.914, 210 MHz, 405 MHz, 12.04 W, 41, 0x0000000000000001
2026/10/03 17:42:38.114, 210 MHz, 405 MHz, 12.06 W, 41, 0x0000000000000001
2026/10/03 17:42:38.315, 210 MHz, 405 MHz, 12.06 W, 41, 0x0000000000000001
2026/10/03 17:42:38.515, 210 MHz, 405 MHz, 12.06 W, 41, 0x0000000000000001
2026/10/03 17:42:38.715, 210 MHz, 405 MHz, 12.03 W, 41, 0x0000000000000001
2026/10/03 17:42:38.915, 210 MHz, 405 MHz, 12.03 W, 41, 0x0000000000000001
2026/10/03 17:42:39.115, 210 MHz, 405 MHz, 12.06 W, 41, 0x0000000000000001
2026/10/03 17:42:39.315, 210 MHz, 405 MHz, 12.06 W, 41, 0x0000000000000001
2026/10/03 17:42:39.515, 210 MHz, 405 MHz, 12.06 W, 41, 0x0000000000000001
2026/10/03 17:42:39.716, 210 MHz, 405 MHz, 11.98 W, 41, 0x0000000000000001
2026/10/03 17:42:39.916, 210 MHz, 405 MHz, 11.98 W, 41, 0x0000000000000001
2026/10/03 17:42:40.116, 210 MHz, 405 MHz, 11.96 W, 41, 0x0000000000000001
2026/10/03 17:42:40.316, 210 MHz, 405 MHz, 11.96 W, 41, 0x0000000000000001
2026/10/03 17:42:40.516, 210 MHz, 405 MHz, 11.96 W, 41, 0x0000000000000001
2026/10/03 17:42:40.716, 210 MHz, 405 MHz, 11.86 W, 40, 0x0000000000000001
2026/10/03 17:42:40.916, 210 MHz, 405 MHz, 11.86 W, 40, 0x0000000000000001
2026/10/03 17:42:41.116, 210 MHz, 405 MHz, 11.86 W, 40, 0x0000000000000001
2026/10/03 17:42:41.317, 210 MHz, 405 MHz, 11.86 W, 40, 0x0000000000000001
2026/10/03 17:42:41.517, 210 MHz, 405 MHz, 11.86 W, 40, 0x0000000000000001
2026/10/03 17:42:41.717, 210 MHz, 405 MHz, 11.97 W, 40, 0x0000000000000001
2026/10/03 17:42:41.917, 210 MHz, 405 MHz, 11.97 W, 40, 0x0000000000000001
2026/10/03 17:42:42.117, 210 MHz, 405 MHz, 11.78 W, 40, 0x0000000000000001
2026/10/03 17:42:42.317, 210 MHz, 405 MHz, 11.78 W, 40, 0x0000000000000001
2026/10/03 17:42:42.517, 210 MHz, 405 MHz, 11.78 W, 40, 0x0000000000000001
2026/10/03 17:42:42.718, 210 MHz, 405 MHz, 12.08 W, 40, 0x0000000000000001
2026/10/03 17:42:42.918, 210 MHz, 405 MHz, 12.08 W, 40, 0x0000000000000001
2026/10/03 17:42:43.118, 210 MHz, 405 MHz, 12.04 W, 40, 0x0000000000000001
2026/10/03 17:42:43.318, 210 MHz, 405 MHz, 12.04 W, 40, 0x0000000000000001
2026/10/03 17:42:43.518, 210 MHz, 405 MHz, 12.04 W, 40, 0x0000000000000001
2026/10/03 17:42:43.719, 210 MHz, 405 MHz, 11.93 W, 40, 0x0000000000000001
2026/10/03 17:42:43.919, 210 MHz, 405 MHz, 11.93 W, 40, 0x0000000000000001
2026/10/03 17:42:44.119, 210 MHz, 405 MHz, 12.00 W, 40, 0x0000000000000001
2026/10/03 17:42:44.319, 210 MHz, 405 MHz, 12.00 W, 40, 0x0000000000000001
2026/10/03 17:42:44.519, 210 MHz, 405 MHz, 12.00 W, 40, 0x0000000000000001
2026/10/03 17:42:44.720, 210 MHz, 405 MHz, 12.66 W, 40, 0x0000000000000001
2026/10/03 17:42:44.920, 210 MHz, 405 MHz, 12.66 W, 40, 0x0000000000000001
2026/10/03 17:42:45.120, 210 MHz, 405 MHz, 11.93 W, 40, 0x0000000000000001
2026/10/03 17:42:45.320, 210 MHz, 405 MHz, 11.93 W, 40, 0x0000000000000001
2026/10/03 17:42:45.520, 210 MHz, 405 MHz, 11.93 W, 40, 0x0000000000000001
2026/10/03 17:42:45.720, 210 MHz, 405 MHz, 12.02 W, 40, 0x0000000000000001
2026/10/03 17:42:45.920, 210 MHz, 405 MHz, 12.02 W, 40, 0x0000000000000001
2026/10/03 17:42:46.121, 210 MHz, 405 MHz, 12.01 W, 40, 0x0000000000000001
2026/10/03 17:42:46.321, 210 MHz, 405 MHz, 12.01 W, 40, 0x0000000000000001
2026/10/03 17:42:46.521, 210 MHz, 405 MHz, 12.01 W, 40, 0x0000000000000001
2026/10/03 17:42:46.721, 210 MHz, 405 MHz, 11.81 W, 40, 0x0000000000000001
2026/10/03 17:42:46.921, 210 MHz, 405 MHz, 11.81 W, 40, 0x0000000000000001
2026/10/03 17:42:47.121, 210 MHz, 405 MHz, 11.86 W, 40, 0x0000000000000001
2026/10/03 17:42:47.321, 210 MHz, 405 MHz, 11.86 W, 40, 0x0000000000000001
2026/10/03 17:42:47.522, 210 MHz, 405 MHz, 11.86 W, 40, 0x0000000000000001
2026/10/03 17:42:47.722, 210 MHz, 405 MHz, 11.86 W, 40, 0x0000000000000001
2026/10/03 17:42:47.922, 210 MHz, 405 MHz, 11.86 W, 40, 0x0000000000000001
2026/10/03 17:42:48.123, 210 MHz, 405 MHz, 11.85 W, 40, 0x0000000000000001
2026/10/03 17:42:48.323, 210 MHz, 405 MHz, 11.85 W, 40, 0x0000000000000001
2026/10/03 17:42:48.523, 210 MHz, 405 MHz, 11.85 W, 40, 0x0000000000000001
2026/10/03 17:42:48.723, 210 MHz, 405 MHz, 11.83 W, 39, 0x0000000000000001
2026/10/03 17:42:48.923, 210 MHz, 405 MHz, 11.83 W, 39, 0x0000000000000001
2026/10/03 17:42:49.124, 210 MHz, 405 MHz, 12.01 W, 40, 0x0000000000000001
2026/10/03 17:42:49.324, 210 MHz, 405 MHz, 12.01 W, 40, 0x0000000000000001
2026/10/03 17:42:49.524, 210 MHz, 405 MHz, 12.01 W, 40, 0x0000000000000001
2026/10/03 17:42:49.724, 210 MHz, 405 MHz, 11.99 W, 40, 0x0000000000000001
2026/10/03 17:42:49.924, 210 MHz, 405 MHz, 11.99 W, 40, 0x0000000000000001
2026/10/03 17:42:50.124, 2520 MHz, 10251 MHz, 38.06 W, 40, 0x0000000000000000
2026/10/03 17:42:50.324, 2520 MHz, 10251 MHz, 38.06 W, 40, 0x0000000000000000
2026/10/03 17:42:50.524, 2520 MHz, 10251 MHz, 38.06 W, 40, 0x0000000000000000
2026/10/03 17:42:50.725, 2745 MHz, 10251 MHz, 131.34 W, 47, 0x0000000000000000
2026/10/03 17:42:50.925, 2745 MHz, 10251 MHz, 131.34 W, 47, 0x0000000000000000
2026/10/03 17:42:51.125, 2730 MHz, 10251 MHz, 142.25 W, 57, 0x0000000000000000
2026/10/03 17:42:51.325, 2730 MHz, 10251 MHz, 142.25 W, 57, 0x0000000000000000
2026/10/03 17:42:51.525, 2730 MHz, 10251 MHz, 142.25 W, 57, 0x0000000000000000
2026/10/03 17:42:51.725, 2625 MHz, 10251 MHz, 162.79 W, 61, 0x0000000000000000
2026/10/03 17:42:51.925, 2625 MHz, 10251 MHz, 162.79 W, 61, 0x0000000000000000
2026/10/03 17:42:52.125, 2715 MHz, 10251 MHz, 188.18 W, 56, 0x0000000000000000
2026/10/03 17:42:52.325, 2715 MHz, 10251 MHz, 188.18 W, 56, 0x0000000000000000
2026/10/03 17:42:52.526, 2715 MHz, 10251 MHz, 188.18 W, 56, 0x0000000000000000
2026/10/03 17:42:52.726, 2745 MHz, 10501 MHz, 46.38 W, 45, 0x0000000000000000
2026/10/03 17:42:52.926, 2745 MHz, 10501 MHz, 46.38 W, 45, 0x0000000000000000
2026/10/03 17:42:53.126, 2745 MHz, 10501 MHz, 52.40 W, 45, 0x0000000000000000
2026/10/03 17:42:53.326, 2745 MHz, 10501 MHz, 52.40 W, 45, 0x0000000000000000
2026/10/03 17:42:53.526, 2745 MHz, 10501 MHz, 52.40 W, 45, 0x0000000000000000
2026/10/03 17:42:53.726, 2745 MHz, 10501 MHz, 50.41 W, 45, 0x0000000000000000
2026/10/03 17:42:53.927, 2745 MHz, 10501 MHz, 50.41 W, 45, 0x0000000000000000
2026/10/03 17:42:54.127, 855 MHz, 5001 MHz, 23.51 W, 43, 0x0000000000000001
2026/10/03 17:42:54.327, 855 MHz, 5001 MHz, 23.51 W, 43, 0x0000000000000001
2026/10/03 17:42:54.527, 855 MHz, 5001 MHz, 23.51 W, 43, 0x0000000000000001
2026/10/03 17:42:54.727, 720 MHz, 5001 MHz, 22.84 W, 42, 0x0000000000000001
2026/10/03 17:42:54.927, 720 MHz, 5001 MHz, 22.84 W, 42, 0x0000000000000001
2026/10/03 17:42:55.127, 585 MHz, 5001 MHz, 23.88 W, 42, 0x0000000000000001
2026/10/03 17:42:55.328, 585 MHz, 5001 MHz, 23.88 W, 42, 0x0000000000000001
2026/10/03 17:42:55.528, 585 MHz, 5001 MHz, 23.88 W, 42, 0x0000000000000001
2026/10/03 17:42:55.728, 510 MHz, 5001 MHz, 23.65 W, 42, 0x0000000000000001
2026/10/03 17:42:55.928, 510 MHz, 5001 MHz, 23.65 W, 42, 0x0000000000000001
2026/10/03 17:42:56.129, 420 MHz, 5001 MHz, 23.65 W, 42, 0x0000000000000001
2026/10/03 17:42:56.329, 420 MHz, 5001 MHz, 23.65 W, 42, 0x0000000000000001
2026/10/03 17:42:56.529, 420 MHz, 5001 MHz, 23.65 W, 42, 0x0000000000000001
2026/10/03 17:42:56.729, 360 MHz, 5001 MHz, 28.53 W, 42, 0x0000000000000001
2026/10/03 17:42:56.929, 360 MHz, 5001 MHz, 28.53 W, 42, 0x0000000000000001
2026/10/03 17:42:57.129, 495 MHz, 5001 MHz, 22.58 W, 42, 0x0000000000000001
2026/10/03 17:42:57.329, 495 MHz, 5001 MHz, 22.58 W, 42, 0x0000000000000001
2026/10/03 17:42:57.530, 495 MHz, 5001 MHz, 22.58 W, 42, 0x0000000000000001
2026/10/03 17:42:57.730, 495 MHz, 810 MHz, 19.44 W, 42, 0x0000000000000001
2026/10/03 17:42:57.930, 495 MHz, 810 MHz, 19.44 W, 42, 0x0000000000000001
2026/10/03 17:42:58.130, 495 MHz, 810 MHz, 18.92 W, 42, 0x0000000000000001
2026/10/03 17:42:58.330, 495 MHz, 810 MHz, 18.92 W, 42, 0x0000000000000001
2026/10/03 17:42:58.531, 495 MHz, 810 MHz, 18.92 W, 42, 0x0000000000000001
2026/10/03 17:42:58.731, 495 MHz, 810 MHz, 19.63 W, 42, 0x0000000000000001
2026/10/03 17:42:58.931, 495 MHz, 810 MHz, 19.63 W, 42, 0x0000000000000001
2026/10/03 17:42:59.131, 210 MHz, 810 MHz, 19.05 W, 42, 0x0000000000000001
2026/10/03 17:42:59.331, 210 MHz, 810 MHz, 19.05 W, 42, 0x0000000000000001
2026/10/03 17:42:59.531, 210 MHz, 810 MHz, 19.05 W, 42, 0x0000000000000001
2026/10/03 17:42:59.731, 210 MHz, 405 MHz, 11.85 W, 41, 0x0000000000000001
2026/10/03 17:42:59.932, 210 MHz, 405 MHz, 11.85 W, 41, 0x0000000000000001
2026/10/03 17:43:00.132, 210 MHz, 405 MHz, 11.83 W, 41, 0x0000000000000001
2026/10/03 17:43:00.332, 210 MHz, 405 MHz, 11.83 W, 41, 0x0000000000000001
2026/10/03 17:43:00.532, 210 MHz, 405 MHz, 11.83 W, 41, 0x0000000000000001
2026/10/03 17:43:00.732, 210 MHz, 405 MHz, 11.86 W, 41, 0x0000000000000001
2026/10/03 17:43:00.932, 210 MHz, 405 MHz, 11.86 W, 41, 0x0000000000000001
2026/10/03 17:43:01.132, 210 MHz, 405 MHz, 11.91 W, 41, 0x0000000000000001
2026/10/03 17:43:01.333, 210 MHz, 405 MHz, 11.91 W, 41, 0x0000000000000001
2026/10/03 17:43:01.533, 210 MHz, 405 MHz, 11.91 W, 41, 0x0000000000000001
2026/10/03 17:43:01.733, 210 MHz, 405 MHz, 11.84 W, 41, 0x0000000000000001
2026/10/03 17:43:01.933, 210 MHz, 405 MHz, 11.84 W, 41, 0x0000000000000001
2026/10/03 17:43:02.133, 210 MHz, 405 MHz, 12.09 W, 41, 0x0000000000000001
2026/10/03 17:43:02.333, 210 MHz, 405 MHz, 12.09 W, 41, 0x0000000000000001
2026/10/03 17:43:02.533, 210 MHz, 405 MHz, 12.09 W, 41, 0x0000000000000001
2026/10/03 17:43:02.734, 210 MHz, 405 MHz, 11.96 W, 41, 0x0000000000000001
2026/10/03 17:43:02.934, 210 MHz, 405 MHz, 11.96 W, 41, 0x0000000000000001
2026/10/03 17:43:03.134, 210 MHz, 405 MHz, 11.94 W, 41, 0x0000000000000001
2026/10/03 17:43:03.334, 210 MHz, 405 MHz, 11.94 W, 41, 0x0000000000000001
2026/10/03 17:43:03.535, 210 MHz, 405 MHz, 11.94 W, 41, 0x0000000000000001
2026/10/03 17:43:03.735, 210 MHz, 405 MHz, 11.93 W, 41, 0x0000000000000001
2026/10/03 17:43:03.935, 210 MHz, 405 MHz, 11.93 W, 41, 0x0000000000000001
2026/10/03 17:43:04.135, 210 MHz, 405 MHz, 11.87 W, 41, 0x0000000000000001
2026/10/03 17:43:04.336, 210 MHz, 405 MHz, 11.87 W, 41, 0x0000000000000001
2026/10/03 17:43:04.536, 210 MHz, 405 MHz, 11.87 W, 41, 0x0000000000000001
2026/10/03 17:43:04.736, 210 MHz, 405 MHz, 11.90 W, 41, 0x0000000000000001
2026/10/03 17:43:04.936, 210 MHz, 405 MHz, 11.90 W, 41, 0x0000000000000001
2026/10/03 17:43:05.136, 210 MHz, 405 MHz, 12.05 W, 41, 0x0000000000000001
2026/10/03 17:43:05.336, 210 MHz, 405 MHz, 12.05 W, 41, 0x0000000000000001
2026/10/03 17:43:05.536, 210 MHz, 405 MHz, 12.05 W, 41, 0x0000000000000001
2026/10/03 17:43:05.737, 210 MHz, 405 MHz, 11.79 W, 41, 0x0000000000000001
2026/10/03 17:43:05.937, 210 MHz, 405 MHz, 11.79 W, 41, 0x0000000000000001
2026/10/03 17:43:06.137, 210 MHz, 405 MHz, 11.87 W, 41, 0x0000000000000001
2026/10/03 17:43:06.337, 210 MHz, 405 MHz, 11.87 W, 41, 0x0000000000000001
2026/10/03 17:43:06.537, 210 MHz, 405 MHz, 11.87 W, 41, 0x0000000000000001
2026/10/03 17:43:06.737, 210 MHz, 405 MHz, 11.78 W, 41, 0x0000000000000001
2026/10/03 17:43:06.938, 210 MHz, 405 MHz, 11.78 W, 41, 0x0000000000000001
2026/10/03 17:43:07.138, 210 MHz, 405 MHz, 11.91 W, 41, 0x0000000000000001
2026/10/03 17:43:07.338, 210 MHz, 405 MHz, 11.91 W, 41, 0x0000000000000001
2026/10/03 17:43:07.538, 210 MHz, 405 MHz, 11.91 W, 41, 0x0000000000000001
2026/10/03 17:43:07.738, 210 MHz, 405 MHz, 11.82 W, 41, 0x0000000000000001
2026/10/03 17:43:07.938, 210 MHz, 405 MHz, 11.82 W, 41, 0x0000000000000001
2026/10/03 17:43:08.139, 210 MHz, 405 MHz, 12.07 W, 41, 0x0000000000000001
2026/10/03 17:43:08.339, 210 MHz, 405 MHz, 12.07 W, 41, 0x0000000000000001
2026/10/03 17:43:08.539, 210 MHz, 405 MHz, 12.07 W, 41, 0x0000000000000001
2026/10/03 17:43:08.739, 210 MHz, 405 MHz, 11.89 W, 41, 0x0000000000000001
2026/10/03 17:43:08.939, 210 MHz, 405 MHz, 11.89 W, 41, 0x0000000000000001
2026/10/03 17:43:09.140, 210 MHz, 405 MHz, 11.90 W, 41, 0x0000000000000001
2026/10/03 17:43:09.340, 210 MHz, 405 MHz, 11.90 W, 41, 0x0000000000000001
2026/10/03 17:43:09.540, 210 MHz, 405 MHz, 11.90 W, 41, 0x0000000000000001
2026/10/03 17:43:09.740, 210 MHz, 405 MHz, 11.93 W, 41, 0x0000000000000001
2026/10/03 17:43:09.940, 210 MHz, 405 MHz, 11.93 W, 41, 0x0000000000000001
2026/10/03 17:43:10.141, 210 MHz, 405 MHz, 11.91 W, 41, 0x0000000000000001
2026/10/03 17:43:10.341, 210 MHz, 405 MHz, 11.91 W, 41, 0x0000000000000001
2026/10/03 17:43:10.541, 210 MHz, 405 MHz, 11.91 W, 41, 0x0000000000000001
2026/10/03 17:43:10.742, 210 MHz, 405 MHz, 11.98 W, 41, 0x0000000000000001
2026/10/03 17:43:10.942, 210 MHz, 405 MHz, 11.98 W, 41, 0x0000000000000001
2026/10/03 17:43:11.142, 210 MHz, 405 MHz, 12.22 W, 41, 0x0000000000000001
2026/10/03 17:43:11.342, 210 MHz, 405 MHz, 12.22 W, 41, 0x0000000000000001
2026/10/03 17:43:11.543, 210 MHz, 405 MHz, 12.22 W, 41, 0x0000000000000001
2026/10/03 17:43:11.743, 210 MHz, 405 MHz, 11.96 W, 41, 0x0000000000000001
2026/10/03 17:43:11.943, 210 MHz, 405 MHz, 11.96 W, 41, 0x0000000000000001
2026/10/03 17:43:12.144, 210 MHz, 405 MHz, 12.00 W, 41, 0x0000000000000001
2026/10/03 17:43:12.344, 210 MHz, 405 MHz, 12.00 W, 41, 0x0000000000000001
2026/10/03 17:43:12.544, 210 MHz, 405 MHz, 12.00 W, 41, 0x0000000000000001
2026/10/03 17:43:12.744, 210 MHz, 405 MHz, 13.15 W, 42, 0x0000000000000001
2026/10/03 17:43:12.944, 210 MHz, 405 MHz, 13.15 W, 42, 0x0000000000000001
2026/10/03 17:43:13.144, 360 MHz, 405 MHz, 12.18 W, 41, 0x0000000000000001
2026/10/03 17:43:13.344, 360 MHz, 405 MHz, 12.18 W, 41, 0x0000000000000001
2026/10/03 17:43:13.545, 360 MHz, 405 MHz, 12.18 W, 41, 0x0000000000000001
2026/10/03 17:43:13.745, 2520 MHz, 10251 MHz, 93.21 W, 46, 0x0000000000000000
2026/10/03 17:43:13.945, 2520 MHz, 10251 MHz, 93.21 W, 46, 0x0000000000000000
2026/10/03 17:43:14.145, 2730 MHz, 10251 MHz, 130.74 W, 51, 0x0000000000000000
2026/10/03 17:43:14.345, 2730 MHz, 10251 MHz, 130.74 W, 51, 0x0000000000000000
2026/10/03 17:43:14.545, 2730 MHz, 10251 MHz, 130.74 W, 51, 0x0000000000000000
2026/10/03 17:43:14.745, 2730 MHz, 10251 MHz, 134.83 W, 52, 0x0000000000000000
2026/10/03 17:43:14.945, 2730 MHz, 10251 MHz, 134.83 W, 52, 0x0000000000000000
2026/10/03 17:43:15.145, 2730 MHz, 10251 MHz, 160.95 W, 55, 0x0000000000000000
2026/10/03 17:43:15.346, 2730 MHz, 10251 MHz, 160.95 W, 55, 0x0000000000000000
2026/10/03 17:43:15.546, 2730 MHz, 10251 MHz, 160.95 W, 55, 0x0000000000000000
2026/10/03 17:43:15.746, 2730 MHz, 10251 MHz, 161.24 W, 57, 0x0000000000000000
2026/10/03 17:43:15.946, 2730 MHz, 10251 MHz, 161.24 W, 57, 0x0000000000000000
2026/10/03 17:43:16.146, 2715 MHz, 10251 MHz, 151.91 W, 55, 0x0000000000000000
2026/10/03 17:43:16.346, 2715 MHz, 10251 MHz, 151.91 W, 55, 0x0000000000000000
2026/10/03 17:43:16.546, 2715 MHz, 10251 MHz, 151.91 W, 55, 0x0000000000000000
2026/10/03 17:43:16.746, 2670 MHz, 10251 MHz, 208.60 W, 64, 0x0000000000000004
2026/10/03 17:43:16.946, 2670 MHz, 10251 MHz, 208.60 W, 64, 0x0000000000000004
2026/10/03 17:43:17.147, 2715 MHz, 10251 MHz, 208.60 W, 68, 0x0000000000000000
2026/10/03 17:43:17.347, 2715 MHz, 10251 MHz, 208.60 W, 68, 0x0000000000000000
2026/10/03 17:43:17.547, 2715 MHz, 10251 MHz, 208.60 W, 68, 0x0000000000000000
2026/10/03 17:43:17.747, 2625 MHz, 10251 MHz, 182.16 W, 69, 0x0000000000000000
2026/10/03 17:43:17.947, 2625 MHz, 10251 MHz, 182.16 W, 69, 0x0000000000000000
2026/10/03 17:43:18.147, 2610 MHz, 10251 MHz, 219.37 W, 70, 0x0000000000000004
2026/10/03 17:43:18.347, 2610 MHz, 10251 MHz, 219.37 W, 70, 0x0000000000000004
2026/10/03 17:43:18.547, 2610 MHz, 10251 MHz, 219.37 W, 70, 0x0000000000000004
2026/10/03 17:43:18.747, 2595 MHz, 10251 MHz, 219.56 W, 71, 0x0000000000000004
2026/10/03 17:43:18.948, 2595 MHz, 10251 MHz, 219.56 W, 71, 0x0000000000000004
2026/10/03 17:43:19.148, 2700 MHz, 10251 MHz, 202.44 W, 68, 0x0000000000000000
2026/10/03 17:43:19.348, 2700 MHz, 10251 MHz, 202.44 W, 68, 0x0000000000000000
2026/10/03 17:43:19.548, 2700 MHz, 10251 MHz, 202.44 W, 68, 0x0000000000000000
2026/10/03 17:43:19.749, 2730 MHz, 10501 MHz, 47.25 W, 51, 0x0000000000000000
2026/10/03 17:43:19.949, 2730 MHz, 10501 MHz, 47.25 W, 51, 0x0000000000000000
2026/10/03 17:43:20.149, 2730 MHz, 10501 MHz, 47.60 W, 49, 0x0000000000000000
2026/10/03 17:43:20.349, 2730 MHz, 10501 MHz, 47.60 W, 49, 0x0000000000000000
2026/10/03 17:43:20.549, 2730 MHz, 10501 MHz, 47.60 W, 49, 0x0000000000000000
2026/10/03 17:43:20.750, 2730 MHz, 10501 MHz, 46.60 W, 49, 0x0000000000000000
2026/10/03 17:43:20.950, 2730 MHz, 10501 MHz, 46.60 W, 49, 0x0000000000000000
2026/10/03 17:43:21.150, 795 MHz, 5001 MHz, 23.28 W, 47, 0x0000000000000001
2026/10/03 17:43:21.350, 795 MHz, 5001 MHz, 23.28 W, 47, 0x0000000000000001
2026/10/03 17:43:21.551, 795 MHz, 5001 MHz, 23.28 W, 47, 0x0000000000000001
2026/10/03 17:43:21.751, 660 MHz, 5001 MHz, 23.07 W, 46, 0x0000000000000001
2026/10/03 17:43:21.951, 660 MHz, 5001 MHz, 23.07 W, 46, 0x0000000000000001
2026/10/03 17:43:22.151, 525 MHz, 5001 MHz, 22.98 W, 46, 0x0000000000000001
2026/10/03 17:43:22.351, 525 MHz, 5001 MHz, 22.98 W, 46, 0x0000000000000001
2026/10/03 17:43:22.552, 525 MHz, 5001 MHz, 22.98 W, 46, 0x0000000000000001
2026/10/03 17:43:22.752, 435 MHz, 5001 MHz, 22.93 W, 46, 0x0000000000000001
2026/10/03 17:43:22.952, 435 MHz, 5001 MHz, 22.93 W, 46, 0x0000000000000001
2026/10/03 17:43:23.153, 345 MHz, 5001 MHz, 23.22 W, 45, 0x0000000000000001
2026/10/03 17:43:23.353, 345 MHz, 5001 MHz, 23.22 W, 45, 0x0000000000000001
2026/10/03 17:43:23.553, 345 MHz, 5001 MHz, 23.22 W, 45, 0x0000000000000001
2026/10/03 17:43:23.754, 300 MHz, 5001 MHz, 22.79 W, 45, 0x0000000000000001
2026/10/03 17:43:23.954, 300 MHz, 5001 MHz, 22.79 W, 45, 0x0000000000000001
2026/10/03 17:43:24.154, 240 MHz, 5001 MHz, 22.87 W, 45, 0x0000000000000001
2026/10/03 17:43:24.354, 240 MHz, 5001 MHz, 22.87 W, 45, 0x0000000000000001
2026/10/03 17:43:24.554, 240 MHz, 5001 MHz, 22.87 W, 45, 0x0000000000000001
2026/10/03 17:43:24.755, 210 MHz, 5001 MHz, 22.81 W, 45, 0x0000000000000001
2026/10/03 17:43:24.955, 210 MHz, 5001 MHz, 22.81 W, 45, 0x0000000000000001
2026/10/03 17:43:25.155, 210 MHz, 810 MHz, 22.74 W, 45, 0x0000000000000001
2026/10/03 17:43:25.355, 210 MHz, 810 MHz, 22.74 W, 45, 0x0000000000000001
2026/10/03 17:43:25.556, 210 MHz, 810 MHz, 22.74 W, 45, 0x0000000000000001
2026/10/03 17:43:25.756, 210 MHz, 810 MHz, 19.49 W, 45, 0x0000000000000001
2026/10/03 17:43:25.956, 210 MHz, 810 MHz, 19.49 W, 45, 0x0000000000000001
2026/10/03 17:43:26.157, 210 MHz, 810 MHz, 19.99 W, 44, 0x0000000000000001
2026/10/03 17:43:26.357, 210 MHz, 810 MHz, 19.99 W, 44, 0x0000000000000001
2026/10/03 17:43:26.557, 210 MHz, 810 MHz, 19.99 W, 44, 0x0000000000000001
2026/10/03 17:43:26.758, 210 MHz, 810 MHz, 19.58 W, 44, 0x0000000000000001
2026/10/03 17:43:26.958, 210 MHz, 810 MHz, 19.58 W, 44, 0x0000000000000001
2026/10/03 17:43:27.158, 210 MHz, 405 MHz, 12.15 W, 44, 0x0000000000000001
2026/10/03 17:43:27.358, 210 MHz, 405 MHz, 12.15 W, 44, 0x0000000000000001
2026/10/03 17:43:27.559, 210 MHz, 405 MHz, 12.15 W, 44, 0x0000000000000001
2026/10/03 17:43:27.759, 210 MHz, 405 MHz, 12.22 W, 44, 0x0000000000000001
2026/10/03 17:43:27.959, 210 MHz, 405 MHz, 12.22 W, 44, 0x0000000000000001
2026/10/03 17:43:28.160, 210 MHz, 405 MHz, 12.01 W, 44, 0x0000000000000001
2026/10/03 17:43:28.360, 210 MHz, 405 MHz, 12.01 W, 44, 0x0000000000000001
2026/10/03 17:43:28.560, 210 MHz, 405 MHz, 12.01 W, 44, 0x0000000000000001
2026/10/03 17:43:28.760, 210 MHz, 405 MHz, 12.14 W, 43, 0x0000000000000001
2026/10/03 17:43:28.961, 210 MHz, 405 MHz, 12.14 W, 43, 0x0000000000000001
2026/10/03 17:43:29.161, 210 MHz, 405 MHz, 12.27 W, 43, 0x0000000000000001
2026/10/03 17:43:29.361, 210 MHz, 405 MHz, 12.27 W, 43, 0x0000000000000001
2026/10/03 17:43:29.562, 210 MHz, 405 MHz, 12.27 W, 43, 0x0000000000000001
2026/10/03 17:43:29.762, 210 MHz, 405 MHz, 12.19 W, 43, 0x0000000000000001
2026/10/03 17:43:29.962, 210 MHz, 405 MHz, 12.19 W, 43, 0x0000000000000001
2026/10/03 17:43:30.162, 210 MHz, 405 MHz, 12.10 W, 43, 0x0000000000000001
2026/10/03 17:43:30.362, 210 MHz, 405 MHz, 12.10 W, 43, 0x0000000000000001
2026/10/03 17:43:30.563, 210 MHz, 405 MHz, 12.10 W, 43, 0x0000000000000001
2026/10/03 17:43:30.763, 210 MHz, 405 MHz, 12.15 W, 43, 0x0000000000000001
2026/10/03 17:43:30.963, 210 MHz, 405 MHz, 12.15 W, 43, 0x0000000000000001
2026/10/03 17:43:31.164, 210 MHz, 405 MHz, 12.10 W, 43, 0x0000000000000001
2026/10/03 17:43:31.364, 210 MHz, 405 MHz, 12.10 W, 43, 0x0000000000000001
2026/10/03 17:43:31.564, 210 MHz, 405 MHz, 12.10 W, 43, 0x0000000000000001
2026/10/03 17:43:31.765, 210 MHz, 405 MHz, 12.22 W, 43, 0x0000000000000001
2026/10/03 17:43:31.965, 210 MHz, 405 MHz, 12.22 W, 43, 0x0000000000000001
2026/10/03 17:43:32.165, 210 MHz, 405 MHz, 12.13 W, 43, 0x0000000000000001
2026/10/03 17:43:32.365, 210 MHz, 405 MHz, 12.13 W, 43, 0x0000000000000001
2026/10/03 17:43:32.565, 210 MHz, 405 MHz, 12.13 W, 43, 0x0000000000000001
2026/10/03 17:43:32.766, 210 MHz, 405 MHz, 12.51 W, 43, 0x0000000000000001
2026/10/03 17:43:32.966, 210 MHz, 405 MHz, 12.51 W, 43, 0x0000000000000001
2026/10/03 17:43:33.166, 210 MHz, 405 MHz, 12.14 W, 42, 0x0000000000000001
2026/10/03 17:43:33.367, 210 MHz, 405 MHz, 12.14 W, 42, 0x0000000000000001
2026/10/03 17:43:33.567, 210 MHz, 405 MHz, 12.14 W, 42, 0x0000000000000001
2026/10/03 17:43:33.767, 210 MHz, 405 MHz, 12.24 W, 42, 0x0000000000000001
2026/10/03 17:43:33.967, 210 MHz, 405 MHz, 12.24 W, 42, 0x0000000000000001
2026/10/03 17:43:34.167, 210 MHz, 405 MHz, 12.08 W, 42, 0x0000000000000001
2026/10/03 17:43:34.367, 210 MHz, 405 MHz, 12.08 W, 42, 0x0000000000000001
2026/10/03 17:43:34.567, 210 MHz, 405 MHz, 12.08 W, 42, 0x0000000000000001
2026/10/03 17:43:34.768, 330 MHz, 405 MHz, 12.27 W, 42, 0x0000000000000001
2026/10/03 17:43:34.968, 330 MHz, 405 MHz, 12.27 W, 42, 0x0000000000000001
2026/10/03 17:43:35.168, 330 MHz, 405 MHz, 12.19 W, 42, 0x0000000000000001
2026/10/03 17:43:35.368, 330 MHz, 405 MHz, 12.19 W, 42, 0x0000000000000001
2026/10/03 17:43:35.568, 330 MHz, 405 MHz, 12.19 W, 42, 0x0000000000000001
2026/10/03 17:43:35.769, 330 MHz, 405 MHz, 12.60 W, 42, 0x0000000000000001
2026/10/03 17:43:35.969, 330 MHz, 405 MHz, 12.60 W, 42, 0x0000000000000001
2026/10/03 17:43:36.169, 330 MHz, 405 MHz, 12.28 W, 42, 0x0000000000000001
2026/10/03 17:43:36.369, 330 MHz, 405 MHz, 12.28 W, 42, 0x0000000000000001
2026/10/03 17:43:36.569, 330 MHz, 405 MHz, 12.28 W, 42, 0x0000000000000001
2026/10/03 17:43:36.770, 210 MHz, 405 MHz, 12.18 W, 42, 0x0000000000000001
2026/10/03 17:43:36.970, 210 MHz, 405 MHz, 12.18 W, 42, 0x0000000000000001
2026/10/03 17:43:37.170, 210 MHz, 405 MHz, 12.12 W, 42, 0x0000000000000001
2026/10/03 17:43:37.370, 210 MHz, 405 MHz, 12.12 W, 42, 0x0000000000000001
2026/10/03 17:43:37.570, 210 MHz, 405 MHz, 12.12 W, 42, 0x0000000000000001
2026/10/03 17:43:37.770, 210 MHz, 405 MHz, 12.15 W, 42, 0x0000000000000001
2026/10/03 17:43:37.971, 210 MHz, 405 MHz, 12.15 W, 42, 0x0000000000000001
2026/10/03 17:43:38.171, 210 MHz, 405 MHz, 11.92 W, 41, 0x0000000000000001
2026/10/03 17:43:38.371, 210 MHz, 405 MHz, 11.92 W, 41, 0x0000000000000001
2026/10/03 17:43:38.571, 210 MHz, 405 MHz, 11.92 W, 41, 0x0000000000000001
2026/10/03 17:43:38.772, 210 MHz, 405 MHz, 12.40 W, 41, 0x0000000000000001
2026/10/03 17:43:38.972, 210 MHz, 405 MHz, 12.40 W, 41, 0x0000000000000001
2026/10/03 17:43:39.172, 210 MHz, 405 MHz, 12.11 W, 41, 0x0000000000000001
2026/10/03 17:43:39.372, 210 MHz, 405 MHz, 12.11 W, 41, 0x0000000000000001
2026/10/03 17:43:39.573, 210 MHz, 405 MHz, 12.11 W, 41, 0x0000000000000001
2026/10/03 17:43:39.773, 210 MHz, 405 MHz, 12.24 W, 41, 0x0000000000000001
2026/10/03 17:43:39.973, 210 MHz, 405 MHz, 12.24 W, 41, 0x0000000000000001
2026/10/03 17:43:40.173, 210 MHz, 405 MHz, 12.12 W, 41, 0x0000000000000001
2026/10/03 17:43:40.373, 210 MHz, 405 MHz, 12.12 W, 41, 0x0000000000000001
2026/10/03 17:43:40.574, 210 MHz, 405 MHz, 12.12 W, 41, 0x0000000000000001
2026/10/03 17:43:40.774, 2520 MHz, 10251 MHz, 105.96 W, 45, 0x0000000000000000
2026/10/03 17:43:40.974, 2520 MHz, 10251 MHz, 105.96 W, 45, 0x0000000000000000
2026/10/03 17:43:41.174, 2730 MHz, 10251 MHz, 149.61 W, 52, 0x0000000000000000
2026/10/03 17:43:41.374, 2730 MHz, 10251 MHz, 149.61 W, 52, 0x0000000000000000
2026/10/03 17:43:41.574, 2730 MHz, 10251 MHz, 149.61 W, 52, 0x0000000000000000
2026/10/03 17:43:41.775, 2715 MHz, 10251 MHz, 178.76 W, 58, 0x0000000000000000
2026/10/03 17:43:41.975, 2715 MHz, 10251 MHz, 178.76 W, 58, 0x0000000000000000
2026/10/03 17:43:42.175, 2685 MHz, 10251 MHz, 223.44 W, 65, 0x0000000000000004
2026/10/03 17:43:42.375, 2685 MHz, 10251 MHz, 223.44 W, 65, 0x0000000000000004
2026/10/03 17:43:42.575, 2685 MHz, 10251 MHz, 223.44 W, 65, 0x0000000000000004
2026/10/03 17:43:42.776, 2730 MHz, 10501 MHz, 46.79 W, 48, 0x0000000000000000
2026/10/03 17:43:42.976, 2730 MHz, 10501 MHz, 46.79 W, 48, 0x0000000000000000
2026/10/03 17:43:43.176, 2730 MHz, 10501 MHz, 46.02 W, 46, 0x0000000000000000
2026/10/03 17:43:43.377, 2730 MHz, 10501 MHz, 46.02 W, 46, 0x0000000000000000
2026/10/03 17:43:43.577, 2730 MHz, 10501 MHz, 46.02 W, 46, 0x0000000000000000
2026/10/03 17:43:43.777, 2730 MHz, 10501 MHz, 46.06 W, 45, 0x0000000000000000
2026/10/03 17:43:43.977, 2730 MHz, 10501 MHz, 46.06 W, 45, 0x0000000000000000
2026/10/03 17:43:44.177, 2520 MHz, 10501 MHz, 37.21 W, 44, 0x0000000000000000
2026/10/03 17:43:44.377, 2520 MHz, 10501 MHz, 37.21 W, 44, 0x0000000000000000
2026/10/03 17:43:44.578, 2520 MHz, 10501 MHz, 37.21 W, 44, 0x0000000000000000
2026/10/03 17:43:44.778, 765 MHz, 5001 MHz, 23.44 W, 43, 0x0000000000000001
2026/10/03 17:43:44.978, 765 MHz, 5001 MHz, 23.44 W, 43, 0x0000000000000001
2026/10/03 17:43:45.179, 600 MHz, 5001 MHz, 22.85 W, 43, 0x0000000000000001
2026/10/03 17:43:45.379, 600 MHz, 5001 MHz, 22.85 W, 43, 0x0000000000000001
2026/10/03 17:43:45.579, 600 MHz, 5001 MHz, 22.85 W, 43, 0x0000000000000001
2026/10/03 17:43:45.779, 495 MHz, 5001 MHz, 22.83 W, 42, 0x0000000000000001
2026/10/03 17:43:45.980, 495 MHz, 5001 MHz, 22.83 W, 42, 0x0000000000000001
2026/10/03 17:43:46.180, 390 MHz, 5001 MHz, 22.75 W, 42, 0x0000000000000001
2026/10/03 17:43:46.380, 390 MHz, 5001 MHz, 22.75 W, 42, 0x0000000000000001
2026/10/03 17:43:46.580, 390 MHz, 5001 MHz, 22.75 W, 42, 0x0000000000000001
2026/10/03 17:43:46.781, 330 MHz, 5001 MHz, 22.83 W, 42, 0x0000000000000001
2026/10/03 17:43:46.981, 330 MHz, 5001 MHz, 22.83 W, 42, 0x0000000000000001
2026/10/03 17:43:47.181, 255 MHz, 810 MHz, 18.85 W, 42, 0x0000000000000001
2026/10/03 17:43:47.382, 255 MHz, 810 MHz, 18.85 W, 42, 0x0000000000000001
2026/10/03 17:43:47.582, 255 MHz, 810 MHz, 18.85 W, 42, 0x0000000000000001
2026/10/03 17:43:47.782, 225 MHz, 810 MHz, 19.87 W, 42, 0x0000000000000001
2026/10/03 17:43:47.982, 225 MHz, 810 MHz, 19.87 W, 42, 0x0000000000000001
2026/10/03 17:43:48.182, 210 MHz, 810 MHz, 19.15 W, 42, 0x0000000000000001
2026/10/03 17:43:48.383, 210 MHz, 810 MHz, 19.15 W, 42, 0x0000000000000001
2026/10/03 17:43:48.583, 210 MHz, 810 MHz, 19.15 W, 42, 0x0000000000000001
2026/10/03 17:43:48.783, 210 MHz, 405 MHz, 12.09 W, 41, 0x0000000000000001
2026/10/03 17:43:48.983, 210 MHz, 405 MHz, 12.09 W, 41, 0x0000000000000001
2026/10/03 17:43:49.183, 210 MHz, 405 MHz, 12.15 W, 41, 0x0000000000000001
2026/10/03 17:43:49.384, 210 MHz, 405 MHz, 12.15 W, 41, 0x0000000000000001
2026/10/03 17:43:49.584, 210 MHz, 405 MHz, 12.15 W, 41, 0x0000000000000001
2026/10/03 17:43:49.784, 210 MHz, 405 MHz, 13.08 W, 41, 0x0000000000000001
2026/10/03 17:43:49.984, 210 MHz, 405 MHz, 13.08 W, 41, 0x0000000000000001
2026/10/03 17:43:50.184, 2520 MHz, 10501 MHz, 39.76 W, 42, 0x0000000000000001
2026/10/03 17:43:50.385, 2520 MHz, 10501 MHz, 39.76 W, 42, 0x0000000000000001
2026/10/03 17:43:50.585, 2520 MHz, 10501 MHz, 39.76 W, 42, 0x0000000000000001
2026/10/03 17:43:50.785, 2520 MHz, 10501 MHz, 36.73 W, 42, 0x0000000000000001
2026/10/03 17:43:50.985, 2520 MHz, 10501 MHz, 36.73 W, 42, 0x0000000000000001
2026/10/03 17:43:51.186, 2520 MHz, 10501 MHz, 35.97 W, 42, 0x0000000000000001
2026/10/03 17:43:51.386, 2520 MHz, 10501 MHz, 35.97 W, 42, 0x0000000000000001
2026/10/03 17:43:51.586, 2520 MHz, 10501 MHz, 35.97 W, 42, 0x0000000000000001
2026/10/03 17:43:51.786, 2520 MHz, 10501 MHz, 36.00 W, 42, 0x0000000000000001
2026/10/03 17:43:51.987, 2520 MHz, 10501 MHz, 36.00 W, 42, 0x0000000000000001
2026/10/03 17:43:52.187, 555 MHz, 5001 MHz, 22.79 W, 41, 0x0000000000000001
2026/10/03 17:43:52.387, 555 MHz, 5001 MHz, 22.79 W, 41, 0x0000000000000001
2026/10/03 17:43:52.588, 555 MHz, 5001 MHz, 22.79 W, 41, 0x0000000000000001
2026/10/03 17:43:52.788, 465 MHz, 5001 MHz, 22.76 W, 41, 0x0000000000000001
2026/10/03 17:43:52.988, 465 MHz, 5001 MHz, 22.76 W, 41, 0x0000000000000001
2026/10/03 17:43:53.188, 360 MHz, 5001 MHz, 22.57 W, 41, 0x0000000000000001
2026/10/03 17:43:53.388, 360 MHz, 5001 MHz, 22.57 W, 41, 0x0000000000000001
2026/10/03 17:43:53.588, 360 MHz, 5001 MHz, 22.57 W, 41, 0x0000000000000001
2026/10/03 17:43:53.789, 315 MHz, 5001 MHz, 23.00 W, 41, 0x0000000000000001
2026/10/03 17:43:53.989, 315 MHz, 5001 MHz, 23.00 W, 41, 0x0000000000000001
2026/10/03 17:43:54.189, 255 MHz, 810 MHz, 19.02 W, 41, 0x0000000000000001
2026/10/03 17:43:54.389, 255 MHz, 810 MHz, 19.02 W, 41, 0x0000000000000001
2026/10/03 17:43:54.589, 255 MHz, 810 MHz, 19.02 W, 41, 0x0000000000000001
2026/10/03 17:43:54.789, 225 MHz, 810 MHz, 19.25 W, 41, 0x0000000000000001
2026/10/03 17:43:54.989, 225 MHz, 810 MHz, 19.25 W, 41, 0x0000000000000001
2026/10/03 17:43:55.190, 240 MHz, 810 MHz, 19.12 W, 41, 0x0000000000000001
2026/10/03 17:43:55.390, 240 MHz, 810 MHz, 19.12 W, 41, 0x0000000000000001
2026/10/03 17:43:55.590, 240 MHz, 810 MHz, 19.12 W, 41, 0x0000000000000001
2026/10/03 17:43:55.790, 240 MHz, 810 MHz, 20.01 W, 41, 0x0000000000000001
2026/10/03 17:43:55.990, 240 MHz, 810 MHz, 20.01 W, 41, 0x0000000000000001
2026/10/03 17:43:56.190, 240 MHz, 405 MHz, 12.43 W, 40, 0x0000000000000001
2026/10/03 17:43:56.390, 240 MHz, 405 MHz, 12.43 W, 40, 0x0000000000000001
2026/10/03 17:43:56.591, 240 MHz, 405 MHz, 12.43 W, 40, 0x0000000000000001
2026/10/03 17:43:56.791, 240 MHz, 405 MHz, 14.27 W, 40, 0x0000000000000001
2026/10/03 17:43:56.991, 240 MHz, 405 MHz, 14.27 W, 40, 0x0000000000000001
2026/10/03 17:43:57.191, 255 MHz, 405 MHz, 13.16 W, 40, 0x0000000000000001
2026/10/03 17:43:57.391, 255 MHz, 405 MHz, 13.16 W, 40, 0x0000000000000001
2026/10/03 17:43:57.591, 255 MHz, 405 MHz, 13.16 W, 40, 0x0000000000000001
2026/10/03 17:43:57.791, 255 MHz, 405 MHz, 12.44 W, 40, 0x0000000000000001
2026/10/03 17:43:57.992, 255 MHz, 405 MHz, 12.44 W, 40, 0x0000000000000001
2026/10/03 17:43:58.192, 255 MHz, 405 MHz, 12.33 W, 40, 0x0000000000000001
2026/10/03 17:43:58.392, 255 MHz, 405 MHz, 12.33 W, 40, 0x0000000000000001
2026/10/03 17:43:58.592, 255 MHz, 405 MHz, 12.33 W, 40, 0x0000000000000001
2026/10/03 17:43:58.792, 210 MHz, 405 MHz, 12.52 W, 40, 0x0000000000000001
2026/10/03 17:43:58.993, 210 MHz, 405 MHz, 12.52 W, 40, 0x0000000000000001
2026/10/03 17:43:59.193, 210 MHz, 405 MHz, 12.23 W, 40, 0x0000000000000001
2026/10/03 17:43:59.393, 210 MHz, 405 MHz, 12.23 W, 40, 0x0000000000000001
2026/10/03 17:43:59.594, 210 MHz, 405 MHz, 12.23 W, 40, 0x0000000000000001
2026/10/03 17:43:59.794, 210 MHz, 405 MHz, 12.35 W, 40, 0x0000000000000001
2026/10/03 17:43:59.994, 210 MHz, 405 MHz, 12.35 W, 40, 0x0000000000000001
2026/10/03 17:44:00.194, 210 MHz, 405 MHz, 12.10 W, 40, 0x0000000000000001
2026/10/03 17:44:00.394, 210 MHz, 405 MHz, 12.10 W, 40, 0x0000000000000001
2026/10/03 17:44:00.594, 210 MHz, 405 MHz, 12.10 W, 40, 0x0000000000000001
2026/10/03 17:44:00.794, 210 MHz, 405 MHz, 12.14 W, 40, 0x0000000000000001
2026/10/03 17:44:00.995, 210 MHz, 405 MHz, 12.14 W, 40, 0x0000000000000001
2026/10/03 17:44:01.195, 210 MHz, 405 MHz, 12.28 W, 40, 0x0000000000000001
2026/10/03 17:44:01.395, 210 MHz, 405 MHz, 12.28 W, 40, 0x0000000000000001
2026/10/03 17:44:01.596, 210 MHz, 405 MHz, 12.28 W, 40, 0x0000000000000001
2026/10/03 17:44:01.796, 210 MHz, 405 MHz, 12.12 W, 40, 0x0000000000000001
2026/10/03 17:44:01.996, 210 MHz, 405 MHz, 12.12 W, 40, 0x0000000000000001
2026/10/03 17:44:02.196, 210 MHz, 405 MHz, 11.91 W, 39, 0x0000000000000001
2026/10/03 17:44:02.396, 210 MHz, 405 MHz, 11.91 W, 39, 0x0000000000000001
2026/10/03 17:44:02.596, 210 MHz, 405 MHz, 12.09 W, 39, 0x0000000000000001
2026/10/03 17:44:02.797, 210 MHz, 405 MHz, 12.09 W, 39, 0x0000000000000001
2026/10/03 17:44:02.997, 210 MHz, 405 MHz, 12.09 W, 39, 0x0000000000000001
2026/10/03 17:44:03.197, 285 MHz, 405 MHz, 12.09 W, 39, 0x0000000000000001
2026/10/03 17:44:03.397, 285 MHz, 405 MHz, 12.09 W, 39, 0x0000000000000001
2026/10/03 17:44:03.597, 2520 MHz, 10251 MHz, 35.98 W, 40, 0x0000000000000000
2026/10/03 17:44:03.798, 2520 MHz, 10251 MHz, 35.98 W, 40, 0x0000000000000000
2026/10/03 17:44:03.998, 2520 MHz, 10251 MHz, 35.98 W, 40, 0x0000000000000000
2026/10/03 17:44:04.198, 2745 MHz, 10251 MHz, 154.46 W, 49, 0x0000000000000000
2026/10/03 17:44:04.398, 2745 MHz, 10251 MHz, 154.46 W, 49, 0x0000000000000000
2026/10/03 17:44:04.598, 2730 MHz, 10251 MHz, 189.65 W, 56, 0x0000000000000000
2026/10/03 17:44:04.798, 2730 MHz, 10251 MHz, 189.65 W, 56, 0x0000000000000000
2026/10/03 17:44:04.998, 2730 MHz, 10251 MHz, 189.65 W, 56, 0x0000000000000000
2026/10/03 17:44:05.198, 2715 MHz, 10251 MHz, 211.61 W, 63, 0x0000000000000004
2026/10/03 17:44:05.399, 2715 MHz, 10251 MHz, 211.61 W, 63, 0x0000000000000004
2026/10/03 17:44:05.599, 2730 MHz, 10251 MHz, 48.72 W, 49, 0x0000000000000000
2026/10/03 17:44:05.799, 2730 MHz, 10251 MHz, 48.72 W, 49, 0x0000000000000000
2026/10/03 17:44:05.999, 2730 MHz, 10251 MHz, 48.72 W, 49, 0x0000000000000000
2026/10/03 17:44:06.199, 2730 MHz, 10501 MHz, 45.71 W, 45, 0x0000000000000000
2026/10/03 17:44:06.399, 2730 MHz, 10501 MHz, 45.71 W, 45, 0x0000000000000000
2026/10/03 17:44:06.599, 2730 MHz, 10501 MHz, 45.40 W, 44, 0x0000000000000000
2026/10/03 17:44:06.800, 2730 MHz, 10501 MHz, 45.40 W, 44, 0x0000000000000000
2026/10/03 17:44:07.000, 2730 MHz, 10501 MHz, 45.40 W, 44, 0x0000000000000000
2026/10/03 17:44:07.200, 2730 MHz, 10501 MHz, 45.34 W, 44, 0x0000000000000000
2026/10/03 17:44:07.400, 2730 MHz, 10501 MHz, 45.34 W, 44, 0x0000000000000000
2026/10/03 17:44:07.600, 645 MHz, 5001 MHz, 22.88 W, 42, 0x0000000000000001
2026/10/03 17:44:07.800, 645 MHz, 5001 MHz, 22.88 W, 42, 0x0000000000000001
2026/10/03 17:44:08.000, 645 MHz, 5001 MHz, 22.88 W, 42, 0x0000000000000001
2026/10/03 17:44:08.200, 540 MHz, 5001 MHz, 22.64 W, 42, 0x0000000000000001
2026/10/03 17:44:08.401, 540 MHz, 5001 MHz, 22.64 W, 42, 0x0000000000000001
2026/10/03 17:44:08.601, 465 MHz, 5001 MHz, 23.75 W, 42, 0x0000000000000001
2026/10/03 17:44:08.801, 465 MHz, 5001 MHz, 23.75 W, 42, 0x0000000000000001
2026/10/03 17:44:09.001, 465 MHz, 5001 MHz, 23.75 W, 42, 0x0000000000000001
2026/10/03 17:44:09.201, 375 MHz, 5001 MHz, 22.64 W, 42, 0x0000000000000001
2026/10/03 17:44:09.401, 375 MHz, 5001 MHz, 22.64 W, 42, 0x0000000000000001
2026/10/03 17:44:09.601, 300 MHz, 5001 MHz, 23.38 W, 41, 0x0000000000000001
2026/10/03 17:44:09.802, 300 MHz, 5001 MHz, 23.38 W, 41, 0x0000000000000001
2026/10/03 17:44:10.002, 300 MHz, 5001 MHz, 23.38 W, 41, 0x0000000000000001
2026/10/03 17:44:10.202, 285 MHz, 5001 MHz, 23.27 W, 42, 0x0000000000000001
2026/10/03 17:44:10.402, 285 MHz, 5001 MHz, 23.27 W, 42, 0x0000000000000001
2026/10/03 17:44:10.602, 240 MHz, 5001 MHz, 22.59 W, 41, 0x0000000000000001
2026/10/03 17:44:10.802, 240 MHz, 5001 MHz, 22.59 W, 41, 0x0000000000000001
2026/10/03 17:44:11.002, 240 MHz, 5001 MHz, 22.59 W, 41, 0x0000000000000001
2026/10/03 17:44:11.202, 210 MHz, 5001 MHz, 22.45 W, 41, 0x0000000000000001
2026/10/03 17:44:11.403, 210 MHz, 5001 MHz, 22.45 W, 41, 0x0000000000000001
2026/10/03 17:44:11.603, 210 MHz, 810 MHz, 19.32 W, 41, 0x0000000000000001
2026/10/03 17:44:11.803, 210 MHz, 810 MHz, 19.32 W, 41, 0x0000000000000001
2026/10/03 17:44:12.003, 210 MHz, 810 MHz, 19.32 W, 41, 0x0000000000000001
2026/10/03 17:44:12.203, 210 MHz, 810 MHz, 18.65 W, 41, 0x0000000000000001
2026/10/03 17:44:12.403, 210 MHz, 810 MHz, 18.65 W, 41, 0x0000000000000001
2026/10/03 17:44:12.603, 210 MHz, 810 MHz, 19.11 W, 41, 0x0000000000000001
2026/10/03 17:44:12.803, 210 MHz, 810 MHz, 19.11 W, 41, 0x0000000000000001
2026/10/03 17:44:13.003, 210 MHz, 810 MHz, 19.11 W, 41, 0x0000000000000001
2026/10/03 17:44:13.204, 210 MHz, 405 MHz, 12.92 W, 41, 0x0000000000000001
2026/10/03 17:44:13.404, 210 MHz, 405 MHz, 12.92 W, 41, 0x0000000000000001
2026/10/03 17:44:13.604, 210 MHz, 405 MHz, 12.16 W, 41, 0x0000000000000001
2026/10/03 17:44:13.804, 210 MHz, 405 MHz, 12.16 W, 41, 0x0000000000000001
2026/10/03 17:44:14.004, 210 MHz, 405 MHz, 12.16 W, 41, 0x0000000000000001
2026/10/03 17:44:14.204, 390 MHz, 405 MHz, 12.61 W, 41, 0x0000000000000001
2026/10/03 17:44:14.404, 390 MHz, 405 MHz, 12.61 W, 41, 0x0000000000000001
2026/10/03 17:44:14.604, 390 MHz, 405 MHz, 15.02 W, 41, 0x0000000000000001
2026/10/03 17:44:14.805, 390 MHz, 405 MHz, 15.02 W, 41, 0x0000000000000001
2026/10/03 17:44:15.005, 390 MHz, 405 MHz, 15.02 W, 41, 0x0000000000000001
2026/10/03 17:44:15.205, 2520 MHz, 10501 MHz, 38.94 W, 43, 0x0000000000000001
2026/10/03 17:44:15.405, 2520 MHz, 10501 MHz, 38.94 W, 43, 0x0000000000000001
2026/10/03 17:44:15.605, 2520 MHz, 10501 MHz, 39.26 W, 43, 0x0000000000000001
2026/10/03 17:44:15.805, 2520 MHz, 10501 MHz, 39.26 W, 43, 0x0000000000000001
2026/10/03 17:44:16.005, 2520 MHz, 10501 MHz, 39.26 W, 43, 0x0000000000000001
2026/10/03 17:44:16.205, 2520 MHz, 10501 MHz, 35.97 W, 43, 0x0000000000000001
2026/10/03 17:44:16.406, 2520 MHz, 10501 MHz, 35.97 W, 43, 0x0000000000000001
2026/10/03 17:44:16.606, 2520 MHz, 10501 MHz, 39.28 W, 43, 0x0000000000000001
2026/10/03 17:44:16.806, 2520 MHz, 10501 MHz, 39.28 W, 43, 0x0000000000000001
2026/10/03 17:44:17.006, 2520 MHz, 10501 MHz, 39.28 W, 43, 0x0000000000000001
2026/10/03 17:44:17.206, 630 MHz, 810 MHz, 21.90 W, 42, 0x0000000000000001
2026/10/03 17:44:17.406, 630 MHz, 810 MHz, 21.90 W, 42, 0x0000000000000001
2026/10/03 17:44:17.606, 570 MHz, 810 MHz, 21.84 W, 42, 0x0000000000000001
2026/10/03 17:44:17.806, 570 MHz, 810 MHz, 21.84 W, 42, 0x0000000000000001
2026/10/03 17:44:18.007, 570 MHz, 810 MHz, 21.84 W, 42, 0x0000000000000001
2026/10/03 17:44:18.207, 765 MHz, 810 MHz, 21.08 W, 42, 0x0000000000000001
2026/10/03 17:44:18.407, 765 MHz, 810 MHz, 21.08 W, 42, 0x0000000000000001
2026/10/03 17:44:18.607, 765 MHz, 810 MHz, 20.72 W, 42, 0x0000000000000001
2026/10/03 17:44:18.807, 765 MHz, 810 MHz, 20.72 W, 42, 0x0000000000000001
2026/10/03 17:44:19.008, 765 MHz, 810 MHz, 20.72 W, 42, 0x0000000000000001
2026/10/03 17:44:19.208, 765 MHz, 810 MHz, 20.37 W, 42, 0x0000000000000001
2026/10/03 17:44:19.408, 765 MHz, 810 MHz, 20.37 W, 42, 0x0000000000000001
2026/10/03 17:44:19.608, 765 MHz, 810 MHz, 20.09 W, 42, 0x0000000000000001
2026/10/03 17:44:19.809, 765 MHz, 810 MHz, 20.09 W, 42, 0x0000000000000001
2026/10/03 17:44:20.009, 765 MHz, 810 MHz, 20.09 W, 42, 0x0000000000000001
2026/10/03 17:44:20.209, 240 MHz, 405 MHz, 11.96 W, 42, 0x0000000000000001
2026/10/03 17:44:20.410, 240 MHz, 405 MHz, 11.96 W, 42, 0x0000000000000001
2026/10/03 17:44:20.610, 210 MHz, 405 MHz, 12.09 W, 42, 0x0000000000000001
2026/10/03 17:44:20.810, 210 MHz, 405 MHz, 12.09 W, 42, 0x0000000000000001
2026/10/03 17:44:21.010, 210 MHz, 405 MHz, 12.09 W, 42, 0x0000000000000001
2026/10/03 17:44:21.210, 210 MHz, 405 MHz, 13.02 W, 42, 0x0000000000000001
2026/10/03 17:44:21.411, 210 MHz, 405 MHz, 13.02 W, 42, 0x0000000000000001
2026/10/03 17:44:21.611, 240 MHz, 405 MHz, 12.07 W, 42, 0x0000000000000001
2026/10/03 17:44:21.811, 240 MHz, 405 MHz, 12.07 W, 42, 0x0000000000000001
2026/10/03 17:44:22.012, 240 MHz, 405 MHz, 12.07 W, 42, 0x0000000000000001
2026/10/03 17:44:22.212, 240 MHz, 405 MHz, 12.08 W, 42, 0x0000000000000001
2026/10/03 17:44:22.412, 240 MHz, 405 MHz, 12.08 W, 42, 0x0000000000000001
2026/10/03 17:44:22.612, 2520 MHz, 10501 MHz, 40.02 W, 43, 0x0000000000000001
2026/10/03 17:44:22.812, 2520 MHz, 10501 MHz, 40.02 W, 43, 0x0000000000000001
2026/10/03 17:44:23.012, 2520 MHz, 10501 MHz, 40.02 W, 43, 0x0000000000000001
2026/10/03 17:44:23.212, 2520 MHz, 10501 MHz, 38.65 W, 43, 0x0000000000000001
2026/10/03 17:44:23.413, 2520 MHz, 10501 MHz, 38.65 W, 43, 0x0000000000000001
2026/10/03 17:44:23.613, 2520 MHz, 10501 MHz, 38.65 W, 44, 0x0000000000000001
2026/10/03 17:44:23.813, 2520 MHz, 10501 MHz, 38.65 W, 44, 0x0000000000000001
2026/10/03 17:44:24.013, 2520 MHz, 10501 MHz, 38.65 W, 44, 0x0000000000000001
2026/10/03 17:44:24.213, 2520 MHz, 10501 MHz, 37.56 W, 43, 0x0000000000000001
2026/10/03 17:44:24.413, 2520 MHz, 10501 MHz, 37.56 W, 43, 0x0000000000000001
2026/10/03 17:44:24.614, 630 MHz, 5001 MHz, 24.63 W, 43, 0x0000000000000001
2026/10/03 17:44:24.814, 630 MHz, 5001 MHz, 24.63 W, 43, 0x0000000000000001
2026/10/03 17:44:25.014, 630 MHz, 5001 MHz, 24.63 W, 43, 0x0000000000000001
2026/10/03 17:44:25.215, 555 MHz, 5001 MHz, 23.69 W, 42, 0x0000000000000001
2026/10/03 17:44:25.415, 555 MHz, 5001 MHz, 23.69 W, 42, 0x0000000000000001
2026/10/03 17:44:25.615, 480 MHz, 5001 MHz, 23.64 W, 42, 0x0000000000000001
2026/10/03 17:44:25.815, 480 MHz, 5001 MHz, 23.64 W, 42, 0x0000000000000001
2026/10/03 17:44:26.015, 480 MHz, 5001 MHz, 23.64 W, 42, 0x0000000000000001
2026/10/03 17:44:26.215, 390 MHz, 810 MHz, 20.44 W, 42, 0x0000000000000001
2026/10/03 17:44:26.415, 390 MHz, 810 MHz, 20.44 W, 42, 0x0000000000000001
2026/10/03 17:44:26.615, 2520 MHz, 10501 MHz, 37.77 W, 42, 0x0000000000000000
2026/10/03 17:44:26.816, 2520 MHz, 10501 MHz, 37.77 W, 42, 0x0000000000000000
2026/10/03 17:44:27.016, 2520 MHz, 10501 MHz, 37.77 W, 42, 0x0000000000000000
2026/10/03 17:44:27.216, 2745 MHz, 10251 MHz, 131.97 W, 48, 0x0000000000000000
2026/10/03 17:44:27.416, 2745 MHz, 10251 MHz, 131.97 W, 48, 0x0000000000000000
2026/10/03 17:44:27.616, 2730 MHz, 10251 MHz, 131.59 W, 51, 0x0000000000000000
2026/10/03 17:44:27.816, 2730 MHz, 10251 MHz, 131.59 W, 51, 0x0000000000000000
2026/10/03 17:44:28.016, 2730 MHz, 10251 MHz, 131.59 W, 51, 0x0000000000000000
2026/10/03 17:44:28.216, 2730 MHz, 10251 MHz, 131.69 W, 52, 0x0000000000000000
2026/10/03 17:44:28.417, 2730 MHz, 10251 MHz, 131.69 W, 52, 0x0000000000000000
2026/10/03 17:44:28.617, 2730 MHz, 10251 MHz, 157.94 W, 55, 0x0000000000000000
2026/10/03 17:44:28.817, 2730 MHz, 10251 MHz, 157.94 W, 55, 0x0000000000000000
2026/10/03 17:44:29.017, 2730 MHz, 10251 MHz, 157.94 W, 55, 0x0000000000000000
2026/10/03 17:44:29.217, 2730 MHz, 10251 MHz, 153.29 W, 58, 0x0000000000000000
2026/10/03 17:44:29.417, 2730 MHz, 10251 MHz, 153.29 W, 58, 0x0000000000000000
2026/10/03 17:44:29.617, 2730 MHz, 10251 MHz, 146.54 W, 55, 0x0000000000000000
2026/10/03 17:44:29.817, 2730 MHz, 10251 MHz, 146.54 W, 55, 0x0000000000000000
2026/10/03 17:44:30.018, 2730 MHz, 10251 MHz, 146.54 W, 55, 0x0000000000000000
2026/10/03 17:44:30.218, 2715 MHz, 10251 MHz, 199.06 W, 61, 0x0000000000000000
2026/10/03 17:44:30.418, 2715 MHz, 10251 MHz, 199.06 W, 61, 0x0000000000000000
2026/10/03 17:44:30.618, 2715 MHz, 10251 MHz, 195.35 W, 64, 0x0000000000000000
2026/10/03 17:44:30.818, 2715 MHz, 10251 MHz, 195.35 W, 64, 0x0000000000000000
2026/10/03 17:44:31.018, 2715 MHz, 10251 MHz, 195.35 W, 64, 0x0000000000000000
2026/10/03 17:44:31.218, 2715 MHz, 10251 MHz, 177.84 W, 62, 0x0000000000000000
2026/10/03 17:44:31.418, 2715 MHz, 10251 MHz, 177.84 W, 62, 0x0000000000000000
2026/10/03 17:44:31.618, 2625 MHz, 10251 MHz, 197.83 W, 61, 0x0000000000000004
2026/10/03 17:44:31.819, 2625 MHz, 10251 MHz, 197.83 W, 61, 0x0000000000000004
2026/10/03 17:44:32.019, 2625 MHz, 10251 MHz, 197.83 W, 61, 0x0000000000000004
2026/10/03 17:44:32.219, 2685 MHz, 10251 MHz, 216.65 W, 70, 0x0000000000000004
2026/10/03 17:44:32.419, 2685 MHz, 10251 MHz, 216.65 W, 70, 0x0000000000000004
2026/10/03 17:44:32.619, 2670 MHz, 10251 MHz, 214.81 W, 70, 0x0000000000000004
2026/10/03 17:44:32.819, 2670 MHz, 10251 MHz, 214.81 W, 70, 0x0000000000000004
2026/10/03 17:44:33.019, 2670 MHz, 10251 MHz, 214.81 W, 70, 0x0000000000000004
2026/10/03 17:44:33.219, 2700 MHz, 10251 MHz, 219.25 W, 72, 0x0000000000000004
2026/10/03 17:44:33.420, 2700 MHz, 10251 MHz, 219.25 W, 72, 0x0000000000000004
